Date,Latitude,Longitude,Temperature_C
2025-01-01,18.0,80.5,29.682444
2025-01-01,18.0,81.5,28.988733
2025-01-01,18.0,82.5,28.400623
2025-01-01,18.0,83.5,27.761782
2025-01-01,18.0,84.5,
2025-01-01,18.5,80.5,29.257744
2025-01-01,18.5,81.5,28.42902
2025-01-01,18.5,82.5,28.106052
2025-01-01,18.5,83.5,27.578684
2025-01-01,18.5,84.5,27.480503
2025-01-01,19.5,80.5,28.39955
2025-01-01,19.5,81.5,28.341093
2025-01-01,19.5,82.5,27.48966
2025-01-01,19.5,83.5,27.853811
2025-01-01,19.5,84.5,27.383453
2025-01-01,20.5,80.5,27.33023
2025-01-01,20.5,81.5,26.346333
2025-01-01,20.5,82.5,27.618925
2025-01-01,20.5,83.5,27.27146
2025-01-01,20.5,84.5,27.081587
2025-01-01,21.5,80.5,25.321692
2025-01-01,21.5,81.5,25.840456
2025-01-01,21.5,82.5,25.796612
2025-01-01,21.5,83.5,26.561546
2025-01-01,21.5,84.5,26.371384
2025-01-01,22.5,80.5,23.267035
2025-01-01,22.5,81.5,24.378897
2025-01-01,22.5,82.5,24.445892
2025-01-01,22.5,83.5,24.205248
2025-01-01,22.5,84.5,25.161306
2025-01-01,23.5,80.5,22.035053
2025-01-01,23.5,81.5,21.111872
2025-01-01,23.5,82.5,22.498806
2025-01-01,23.5,83.5,22.904165
2025-01-01,23.5,84.5,22.991135
2025-01-01,24.5,80.5,20.225384
2025-01-01,24.5,81.5,19.5345
2025-01-01,24.5,82.5,19.42628
2025-01-01,24.5,83.5,19.108028
2025-01-01,24.5,84.5,18.969683
2025-01-02,18.0,80.5,28.715992
2025-01-02,18.0,81.5,28.030483
2025-01-02,18.0,82.5,27.393988
2025-01-02,18.0,83.5,27.088507
2025-01-02,18.0,84.5,
2025-01-02,18.5,80.5,28.832413
2025-01-02,18.5,81.5,28.033869
2025-01-02,18.5,82.5,27.30187
2025-01-02,18.5,83.5,27.020699
2025-01-02,18.5,84.5,27.078867
2025-01-02,19.5,80.5,28.811249
2025-01-02,19.5,81.5,27.925322
2025-01-02,19.5,82.5,27.46386
2025-01-02,19.5,83.5,27.57221
2025-01-02,19.5,84.5,27.1725
2025-01-02,20.5,80.5,28.174377
2025-01-02,20.5,81.5,28.461592
2025-01-02,20.5,82.5,28.299582
2025-01-02,20.5,83.5,27.883291
2025-01-02,20.5,84.5,27.12283
2025-01-02,21.5,80.5,26.996897
2025-01-02,21.5,81.5,27.73736
2025-01-02,21.5,82.5,28.234562
2025-01-02,21.5,83.5,27.594566
2025-01-02,21.5,84.5,26.814032
2025-01-02,22.5,80.5,25.702724
2025-01-02,22.5,81.5,26.787369
2025-01-02,22.5,82.5,26.60227
2025-01-02,22.5,83.5,25.468315
2025-01-02,22.5,84.5,25.31807
2025-01-02,23.5,80.5,24.473919
2025-01-02,23.5,81.5,22.997204
2025-01-02,23.5,82.5,24.444937
2025-01-02,23.5,83.5,24.431578
2025-01-02,23.5,84.5,23.050497
2025-01-02,24.5,80.5,22.531721
2025-01-02,24.5,81.5,21.439966
2025-01-02,24.5,82.5,20.905926
2025-01-02,24.5,83.5,20.265974
2025-01-02,24.5,84.5,19.951023
2025-01-03,18.0,80.5,29.671492
2025-01-03,18.0,81.5,28.871185
2025-01-03,18.0,82.5,28.156918
2025-01-03,18.0,83.5,27.50075
2025-01-03,18.0,84.5,
2025-01-03,18.5,80.5,29.663591
2025-01-03,18.5,81.5,29.055338
2025-01-03,18.5,82.5,28.288576
2025-01-03,18.5,83.5,27.348396
2025-01-03,18.5,84.5,27.384386
2025-01-03,19.5,80.5,30.289991
2025-01-03,19.5,81.5,29.146238
2025-01-03,19.5,82.5,28.057049
2025-01-03,19.5,83.5,27.936966
2025-01-03,19.5,84.5,27.572374
2025-01-03,20.5,80.5,29.101545
2025-01-03,20.5,81.5,29.47753
2025-01-03,20.5,82.5,28.791788
2025-01-03,20.5,83.5,28.247787
2025-01-03,20.5,84.5,27.44585
2025-01-03,21.5,80.5,27.96987
2025-01-03,21.5,81.5,28.749678
2025-01-03,21.5,82.5,28.736065
2025-01-03,21.5,83.5,27.62981
2025-01-03,21.5,84.5,27.070873
2025-01-03,22.5,80.5,26.665806
2025-01-03,22.5,81.5,27.55895
2025-01-03,22.5,82.5,26.884369
2025-01-03,22.5,83.5,26.131187
2025-01-03,22.5,84.5,26.030941
2025-01-03,23.5,80.5,24.899584
2025-01-03,23.5,81.5,23.27129
2025-01-03,23.5,82.5,24.356134
2025-01-03,23.5,83.5,24.474386
2025-01-03,23.5,84.5,24.053293
2025-01-03,24.5,80.5,22.866505
2025-01-03,24.5,81.5,21.75125
2025-01-03,24.5,82.5,21.518238
2025-01-03,24.5,83.5,20.842587
2025-01-03,24.5,84.5,21.06874
2025-01-04,18.0,80.5,29.704863
2025-01-04,18.0,81.5,28.723814
2025-01-04,18.0,82.5,27.899904
2025-01-04,18.0,83.5,27.43797
2025-01-04,18.0,84.5,
2025-01-04,18.5,80.5,29.569284
2025-01-04,18.5,81.5,28.622036
2025-01-04,18.5,82.5,28.07986
2025-01-04,18.5,83.5,27.305288
2025-01-04,18.5,84.5,27.528439
2025-01-04,19.5,80.5,29.975763
2025-01-04,19.5,81.5,28.757843
2025-01-04,19.5,82.5,27.516119
2025-01-04,19.5,83.5,27.643694
2025-01-04,19.5,84.5,27.443756
2025-01-04,20.5,80.5,29.757433
2025-01-04,20.5,81.5,29.05595
2025-01-04,20.5,82.5,28.221426
2025-01-04,20.5,83.5,28.126844
2025-01-04,20.5,84.5,27.51516
2025-01-04,21.5,80.5,28.37104
2025-01-04,21.5,81.5,28.594778
2025-01-04,21.5,82.5,28.295492
2025-01-04,21.5,83.5,27.977032
2025-01-04,21.5,84.5,27.430857
2025-01-04,22.5,80.5,27.350138
2025-01-04,22.5,81.5,27.028585
2025-01-04,22.5,82.5,27.00446
2025-01-04,22.5,83.5,25.36976
2025-01-04,22.5,84.5,25.840542
2025-01-04,23.5,80.5,25.641207
2025-01-04,23.5,81.5,23.676857
2025-01-04,23.5,82.5,24.61261
2025-01-04,23.5,83.5,24.719006
2025-01-04,23.5,84.5,24.096115
2025-01-04,24.5,80.5,23.190441
2025-01-04,24.5,81.5,21.860888
2025-01-04,24.5,82.5,20.961956
2025-01-04,24.5,83.5,20.126501
2025-01-04,24.5,84.5,20.399559
2025-01-05,18.0,80.5,28.863106
2025-01-05,18.0,81.5,28.224571
2025-01-05,18.0,82.5,27.60593
2025-01-05,18.0,83.5,27.520634
2025-01-05,18.0,84.5,
2025-01-05,18.5,80.5,28.917854
2025-01-05,18.5,81.5,28.089624
2025-01-05,18.5,82.5,27.601519
2025-01-05,18.5,83.5,27.511383
2025-01-05,18.5,84.5,27.726496
2025-01-05,19.5,80.5,29.28799
2025-01-05,19.5,81.5,28.204695
2025-01-05,19.5,82.5,27.622845
2025-01-05,19.5,83.5,27.99083
2025-01-05,19.5,84.5,27.804409
2025-01-05,20.5,80.5,28.68963
2025-01-05,20.5,81.5,28.783318
2025-01-05,20.5,82.5,29.224775
2025-01-05,20.5,83.5,29.053316
2025-01-05,20.5,84.5,27.940931
2025-01-05,21.5,80.5,27.801517
2025-01-05,21.5,81.5,28.760248
2025-01-05,21.5,82.5,28.742273
2025-01-05,21.5,83.5,28.786032
2025-01-05,21.5,84.5,28.172033
2025-01-05,22.5,80.5,26.60136
2025-01-05,22.5,81.5,27.164186
2025-01-05,22.5,82.5,26.896765
2025-01-05,22.5,83.5,26.73225
2025-01-05,22.5,84.5,27.524483
2025-01-05,23.5,80.5,24.543541
2025-01-05,23.5,81.5,22.95899
2025-01-05,23.5,82.5,24.156502
2025-01-05,23.5,83.5,25.389849
2025-01-05,23.5,84.5,26.10947
2025-01-05,24.5,80.5,20.604132
2025-01-05,24.5,81.5,20.219416
2025-01-05,24.5,82.5,21.33195
2025-01-05,24.5,83.5,21.08391
2025-01-05,24.5,84.5,22.33765
2025-01-06,18.0,80.5,28.623508
2025-01-06,18.0,81.5,28.066298
2025-01-06,18.0,82.5,27.76195
2025-01-06,18.0,83.5,27.494678
2025-01-06,18.0,84.5,
2025-01-06,18.5,80.5,28.677998
2025-01-06,18.5,81.5,27.94678
2025-01-06,18.5,82.5,27.577694
2025-01-06,18.5,83.5,27.401857
2025-01-06,18.5,84.5,27.651192
2025-01-06,19.5,80.5,29.008657
2025-01-06,19.5,81.5,28.048466
2025-01-06,19.5,82.5,27.440342
2025-01-06,19.5,83.5,27.882109
2025-01-06,19.5,84.5,27.698189
2025-01-06,20.5,80.5,28.792603
2025-01-06,20.5,81.5,28.44303
2025-01-06,20.5,82.5,28.63759
2025-01-06,20.5,83.5,28.450722
2025-01-06,20.5,84.5,27.803486
2025-01-06,21.5,80.5,28.222448
2025-01-06,21.5,81.5,28.6757
2025-01-06,21.5,82.5,28.904495
2025-01-06,21.5,83.5,28.572254
2025-01-06,21.5,84.5,28.145948
2025-01-06,22.5,80.5,26.833746
2025-01-06,22.5,81.5,27.007814
2025-01-06,22.5,82.5,27.017244
2025-01-06,22.5,83.5,27.362213
2025-01-06,22.5,84.5,27.267076
2025-01-06,23.5,80.5,24.434704
2025-01-06,23.5,81.5,23.304829
2025-01-06,23.5,82.5,24.638702
2025-01-06,23.5,83.5,26.038525
2025-01-06,23.5,84.5,26.7285
2025-01-06,24.5,80.5,21.26126
2025-01-06,24.5,81.5,20.988758
2025-01-06,24.5,82.5,23.28819
2025-01-06,24.5,83.5,23.785013
2025-01-06,24.5,84.5,24.318638
2025-01-07,18.0,80.5,29.283836
2025-01-07,18.0,81.5,28.853148
2025-01-07,18.0,82.5,28.674234
2025-01-07,18.0,83.5,28.596842
2025-01-07,18.0,84.5,
2025-01-07,18.5,80.5,29.098309
2025-01-07,18.5,81.5,28.837177
2025-01-07,18.5,82.5,28.388018
2025-01-07,18.5,83.5,28.372742
2025-01-07,18.5,84.5,28.693714
2025-01-07,19.5,80.5,28.534529
2025-01-07,19.5,81.5,28.629036
2025-01-07,19.5,82.5,28.446115
2025-01-07,19.5,83.5,28.880968
2025-01-07,19.5,84.5,28.802332
2025-01-07,20.5,80.5,27.315474
2025-01-07,20.5,81.5,27.261078
2025-01-07,20.5,82.5,28.561272
2025-01-07,20.5,83.5,28.377695
2025-01-07,20.5,84.5,28.928493
2025-01-07,21.5,80.5,25.353111
2025-01-07,21.5,81.5,26.46722
2025-01-07,21.5,82.5,26.226269
2025-01-07,21.5,83.5,27.254875
2025-01-07,21.5,84.5,28.353964
2025-01-07,22.5,80.5,23.749767
2025-01-07,22.5,81.5,24.98628
2025-01-07,22.5,82.5,24.560877
2025-01-07,22.5,83.5,24.9049
2025-01-07,22.5,84.5,26.086428
2025-01-07,23.5,80.5,22.169632
2025-01-07,23.5,81.5,20.685339
2025-01-07,23.5,82.5,22.058327
2025-01-07,23.5,83.5,22.93803
2025-01-07,23.5,84.5,24.43384
2025-01-07,24.5,80.5,20.05594
2025-01-07,24.5,81.5,18.796614
2025-01-07,24.5,82.5,18.937449
2025-01-07,24.5,83.5,18.700533
2025-01-07,24.5,84.5,20.119574
2025-01-08,18.0,80.5,29.071573
2025-01-08,18.0,81.5,28.987188
2025-01-08,18.0,82.5,28.336382
2025-01-08,18.0,83.5,28.007854
2025-01-08,18.0,84.5,
2025-01-08,18.5,80.5,28.63297
2025-01-08,18.5,81.5,28.409653
2025-01-08,18.5,82.5,27.779634
2025-01-08,18.5,83.5,27.609121
2025-01-08,18.5,84.5,27.59517
2025-01-08,19.5,80.5,27.967995
2025-01-08,19.5,81.5,28.123127
2025-01-08,19.5,82.5,27.300486
2025-01-08,19.5,83.5,27.869911
2025-01-08,19.5,84.5,27.504553
2025-01-08,20.5,80.5,26.519505
2025-01-08,20.5,81.5,26.459263
2025-01-08,20.5,82.5,27.670547
2025-01-08,20.5,83.5,27.469961
2025-01-08,20.5,84.5,27.3801
2025-01-08,21.5,80.5,25.20773
2025-01-08,21.5,81.5,26.149437
2025-01-08,21.5,82.5,26.263763
2025-01-08,21.5,83.5,26.728733
2025-01-08,21.5,84.5,27.109781
2025-01-08,22.5,80.5,24.066778
2025-01-08,22.5,81.5,24.88953
2025-01-08,22.5,82.5,24.884066
2025-01-08,22.5,83.5,24.822578
2025-01-08,22.5,84.5,25.769274
2025-01-08,23.5,80.5,23.363722
2025-01-08,23.5,81.5,22.162739
2025-01-08,23.5,82.5,22.994223
2025-01-08,23.5,83.5,23.580475
2025-01-08,23.5,84.5,23.532967
2025-01-08,24.5,80.5,21.882996
2025-01-08,24.5,81.5,20.288534
2025-01-08,24.5,82.5,19.896896
2025-01-08,24.5,83.5,19.123264
2025-01-08,24.5,84.5,19.508274
2025-01-09,18.0,80.5,28.180786
2025-01-09,18.0,81.5,28.01894
2025-01-09,18.0,82.5,27.33671
2025-01-09,18.0,83.5,26.858551
2025-01-09,18.0,84.5,
2025-01-09,18.5,80.5,28.017454
2025-01-09,18.5,81.5,27.697989
2025-01-09,18.5,82.5,27.362837
2025-01-09,18.5,83.5,27.168966
2025-01-09,18.5,84.5,27.181145
2025-01-09,19.5,80.5,27.957014
2025-01-09,19.5,81.5,28.172928
2025-01-09,19.5,82.5,27.087326
2025-01-09,19.5,83.5,27.110077
2025-01-09,19.5,84.5,26.943373
2025-01-09,20.5,80.5,27.725277
2025-01-09,20.5,81.5,27.199022
2025-01-09,20.5,82.5,27.660967
2025-01-09,20.5,83.5,27.427729
2025-01-09,20.5,84.5,26.778126
2025-01-09,21.5,80.5,26.597105
2025-01-09,21.5,81.5,27.16456
2025-01-09,21.5,82.5,27.064283
2025-01-09,21.5,83.5,26.844545
2025-01-09,21.5,84.5,26.002657
2025-01-09,22.5,80.5,25.470144
2025-01-09,22.5,81.5,26.08134
2025-01-09,22.5,82.5,26.069998
2025-01-09,22.5,83.5,25.044252
2025-01-09,22.5,84.5,24.618866
2025-01-09,23.5,80.5,24.906946
2025-01-09,23.5,81.5,23.778725
2025-01-09,23.5,82.5,24.53877
2025-01-09,23.5,83.5,24.0493
2025-01-09,23.5,84.5,22.761503
2025-01-09,24.5,80.5,23.904572
2025-01-09,24.5,81.5,22.84957
2025-01-09,24.5,82.5,21.313488
2025-01-09,24.5,83.5,20.553822
2025-01-09,24.5,84.5,19.877048
2025-01-10,18.0,80.5,28.36301
2025-01-10,18.0,81.5,27.883625
2025-01-10,18.0,82.5,27.571024
2025-01-10,18.0,83.5,27.055677
2025-01-10,18.0,84.5,
2025-01-10,18.5,80.5,28.33542
2025-01-10,18.5,81.5,28.085363
2025-01-10,18.5,82.5,27.46126
2025-01-10,18.5,83.5,26.916712
2025-01-10,18.5,84.5,26.824244
2025-01-10,19.5,80.5,28.913754
2025-01-10,19.5,81.5,28.110126
2025-01-10,19.5,82.5,27.217285
2025-01-10,19.5,83.5,27.314177
2025-01-10,19.5,84.5,26.96728
2025-01-10,20.5,80.5,28.313423
2025-01-10,20.5,81.5,28.321104
2025-01-10,20.5,82.5,28.576838
2025-01-10,20.5,83.5,28.034983
2025-01-10,20.5,84.5,26.814323
2025-01-10,21.5,80.5,27.520973
2025-01-10,21.5,81.5,28.65504
2025-01-10,21.5,82.5,28.899284
2025-01-10,21.5,83.5,27.778397
2025-01-10,21.5,84.5,26.560518
2025-01-10,22.5,80.5,26.603863
2025-01-10,22.5,81.5,27.579027
2025-01-10,22.5,82.5,27.257177
2025-01-10,22.5,83.5,26.642029
2025-01-10,22.5,84.5,25.306185
2025-01-10,23.5,80.5,25.943632
2025-01-10,23.5,81.5,24.875679
2025-01-10,23.5,82.5,25.567759
2025-01-10,23.5,83.5,25.669931
2025-01-10,23.5,84.5,23.608614
2025-01-10,24.5,80.5,24.422287
2025-01-10,24.5,81.5,24.126608
2025-01-10,24.5,82.5,23.402294
2025-01-10,24.5,83.5,22.800657
2025-01-10,24.5,84.5,22.646055
2025-01-11,18.0,80.5,28.682074
2025-01-11,18.0,81.5,28.48059
2025-01-11,18.0,82.5,27.906021
2025-01-11,18.0,83.5,27.535822
2025-01-11,18.0,84.5,
2025-01-11,18.5,80.5,28.498394
2025-01-11,18.5,81.5,28.141819
2025-01-11,18.5,82.5,27.801285
2025-01-11,18.5,83.5,27.213926
2025-01-11,18.5,84.5,27.29979
2025-01-11,19.5,80.5,28.868208
2025-01-11,19.5,81.5,28.131947
2025-01-11,19.5,82.5,27.203379
2025-01-11,19.5,83.5,27.571835
2025-01-11,19.5,84.5,27.362894
2025-01-11,20.5,80.5,28.493105
2025-01-11,20.5,81.5,28.621477
2025-01-11,20.5,82.5,28.692272
2025-01-11,20.5,83.5,28.436749
2025-01-11,20.5,84.5,27.421846
2025-01-11,21.5,80.5,27.973734
2025-01-11,21.5,81.5,28.918652
2025-01-11,21.5,82.5,29.694248
2025-01-11,21.5,83.5,28.52869
2025-01-11,21.5,84.5,27.052786
2025-01-11,22.5,80.5,27.141064
2025-01-11,22.5,81.5,27.95736
2025-01-11,22.5,82.5,28.187057
2025-01-11,22.5,83.5,27.418756
2025-01-11,22.5,84.5,26.595028
2025-01-11,23.5,80.5,26.652214
2025-01-11,23.5,81.5,26.358252
2025-01-11,23.5,82.5,26.649557
2025-01-11,23.5,83.5,26.91798
2025-01-11,23.5,84.5,25.519224
2025-01-11,24.5,80.5,25.576889
2025-01-11,24.5,81.5,25.419928
2025-01-11,24.5,82.5,25.152433
2025-01-11,24.5,83.5,24.572712
2025-01-11,24.5,84.5,24.31167
2025-01-12,18.0,80.5,28.743351
2025-01-12,18.0,81.5,28.801065
2025-01-12,18.0,82.5,28.254837
2025-01-12,18.0,83.5,28.001417
2025-01-12,18.0,84.5,
2025-01-12,18.5,80.5,28.62397
2025-01-12,18.5,81.5,28.488361
2025-01-12,18.5,82.5,28.192667
2025-01-12,18.5,83.5,27.871897
2025-01-12,18.5,84.5,27.955643
2025-01-12,19.5,80.5,28.546087
2025-01-12,19.5,81.5,28.675758
2025-01-12,19.5,82.5,27.667826
2025-01-12,19.5,83.5,28.019863
2025-01-12,19.5,84.5,27.70207
2025-01-12,20.5,80.5,27.42377
2025-01-12,20.5,81.5,27.716183
2025-01-12,20.5,82.5,28.91568
2025-01-12,20.5,83.5,28.59147
2025-01-12,20.5,84.5,27.823359
2025-01-12,21.5,80.5,25.201845
2025-01-12,21.5,81.5,27.060637
2025-01-12,21.5,82.5,27.872942
2025-01-12,21.5,83.5,28.879631
2025-01-12,21.5,84.5,27.794344
2025-01-12,22.5,80.5,23.581327
2025-01-12,22.5,81.5,25.567093
2025-01-12,22.5,82.5,26.391039
2025-01-12,22.5,83.5,27.233286
2025-01-12,22.5,84.5,27.4484
2025-01-12,23.5,80.5,22.388329
2025-01-12,23.5,81.5,23.260994
2025-01-12,23.5,82.5,24.657782
2025-01-12,23.5,83.5,26.748493
2025-01-12,23.5,84.5,27.2214
2025-01-12,24.5,80.5,21.698408
2025-01-12,24.5,81.5,21.757347
2025-01-12,24.5,82.5,23.769146
2025-01-12,24.5,83.5,25.123281
2025-01-12,24.5,84.5,26.253044
2025-01-13,18.0,80.5,29.388275
2025-01-13,18.0,81.5,29.116713
2025-01-13,18.0,82.5,28.667904
2025-01-13,18.0,83.5,28.386076
2025-01-13,18.0,84.5,
2025-01-13,18.5,80.5,29.050203
2025-01-13,18.5,81.5,28.544579
2025-01-13,18.5,82.5,28.569393
2025-01-13,18.5,83.5,28.560995
2025-01-13,18.5,84.5,28.603548
2025-01-13,19.5,80.5,27.5636
2025-01-13,19.5,81.5,28.448769
2025-01-13,19.5,82.5,27.79815
2025-01-13,19.5,83.5,28.704176
2025-01-13,19.5,84.5,28.789942
2025-01-13,20.5,80.5,25.125427
2025-01-13,20.5,81.5,25.691399
2025-01-13,20.5,82.5,27.738926
2025-01-13,20.5,83.5,27.928709
2025-01-13,20.5,84.5,28.899734
2025-01-13,21.5,80.5,23.19813
2025-01-13,21.5,81.5,24.811394
2025-01-13,21.5,82.5,25.049866
2025-01-13,21.5,83.5,26.85677
2025-01-13,21.5,84.5,27.71003
2025-01-13,22.5,80.5,21.567503
2025-01-13,22.5,81.5,23.042233
2025-01-13,22.5,82.5,23.012646
2025-01-13,22.5,83.5,24.389336
2025-01-13,22.5,84.5,24.563217
2025-01-13,23.5,80.5,21.011171
2025-01-13,23.5,81.5,20.722635
2025-01-13,23.5,82.5,22.418713
2025-01-13,23.5,83.5,23.606413
2025-01-13,23.5,84.5,24.379404
2025-01-13,24.5,80.5,20.540937
2025-01-13,24.5,81.5,19.9373
2025-01-13,24.5,82.5,21.646729
2025-01-13,24.5,83.5,21.847788
2025-01-13,24.5,84.5,23.062536
2025-01-14,18.0,80.5,29.712976
2025-01-14,18.0,81.5,29.692694
2025-01-14,18.0,82.5,28.965614
2025-01-14,18.0,83.5,28.687675
2025-01-14,18.0,84.5,
2025-01-14,18.5,80.5,29.616423
2025-01-14,18.5,81.5,29.127539
2025-01-14,18.5,82.5,28.975672
2025-01-14,18.5,83.5,28.442633
2025-01-14,18.5,84.5,28.362858
2025-01-14,19.5,80.5,28.838888
2025-01-14,19.5,81.5,29.00164
2025-01-14,19.5,82.5,27.9033
2025-01-14,19.5,83.5,28.695322
2025-01-14,19.5,84.5,28.313164
2025-01-14,20.5,80.5,26.956045
2025-01-14,20.5,81.5,27.263279
2025-01-14,20.5,82.5,28.461353
2025-01-14,20.5,83.5,28.547544
2025-01-14,20.5,84.5,28.239304
2025-01-14,21.5,80.5,25.307186
2025-01-14,21.5,81.5,26.13472
2025-01-14,21.5,82.5,26.902195
2025-01-14,21.5,83.5,28.159334
2025-01-14,21.5,84.5,27.42898
2025-01-14,22.5,80.5,23.820936
2025-01-14,22.5,81.5,24.893063
2025-01-14,22.5,82.5,25.224283
2025-01-14,22.5,83.5,25.819464
2025-01-14,22.5,84.5,26.174215
2025-01-14,23.5,80.5,22.058985
2025-01-14,23.5,81.5,21.252695
2025-01-14,23.5,82.5,22.670433
2025-01-14,23.5,83.5,24.041027
2025-01-14,23.5,84.5,24.380806
2025-01-14,24.5,80.5,20.907259
2025-01-14,24.5,81.5,19.993483
2025-01-14,24.5,82.5,20.248085
2025-01-14,24.5,83.5,20.196423
2025-01-14,24.5,84.5,21.16411
2025-01-15,18.0,80.5,28.757189
2025-01-15,18.0,81.5,28.739082
2025-01-15,18.0,82.5,27.958742
2025-01-15,18.0,83.5,27.69651
2025-01-15,18.0,84.5,
2025-01-15,18.5,80.5,28.033003
2025-01-15,18.5,81.5,27.538673
2025-01-15,18.5,82.5,27.965574
2025-01-15,18.5,83.5,27.49947
2025-01-15,18.5,84.5,27.528345
2025-01-15,19.5,80.5,27.5206
2025-01-15,19.5,81.5,27.52702
2025-01-15,19.5,82.5,26.340366
2025-01-15,19.5,83.5,27.62587
2025-01-15,19.5,84.5,27.362972
2025-01-15,20.5,80.5,26.943712
2025-01-15,20.5,81.5,26.599724
2025-01-15,20.5,82.5,27.42102
2025-01-15,20.5,83.5,28.013609
2025-01-15,20.5,84.5,27.43387
2025-01-15,21.5,80.5,26.249422
2025-01-15,21.5,81.5,26.94556
2025-01-15,21.5,82.5,27.120684
2025-01-15,21.5,83.5,27.309832
2025-01-15,21.5,84.5,26.664343
2025-01-15,22.5,80.5,25.635626
2025-01-15,22.5,81.5,25.745975
2025-01-15,22.5,82.5,25.437109
2025-01-15,22.5,83.5,24.738155
2025-01-15,22.5,84.5,24.44317
2025-01-15,23.5,80.5,23.4544
2025-01-15,23.5,81.5,21.816502
2025-01-15,23.5,82.5,22.707445
2025-01-15,23.5,83.5,22.915585
2025-01-15,23.5,84.5,22.379318
2025-01-15,24.5,80.5,20.916721
2025-01-15,24.5,81.5,20.541359
2025-01-15,24.5,82.5,19.296503
2025-01-15,24.5,83.5,18.757301
2025-01-15,24.5,84.5,19.975288
2025-01-16,18.0,80.5,28.654173
2025-01-16,18.0,81.5,28.520376
2025-01-16,18.0,82.5,27.777666
2025-01-16,18.0,83.5,27.540241
2025-01-16,18.0,84.5,
2025-01-16,18.5,80.5,28.553007
2025-01-16,18.5,81.5,27.909552
2025-01-16,18.5,82.5,27.77215
2025-01-16,18.5,83.5,27.530083
2025-01-16,18.5,84.5,27.647259
2025-01-16,19.5,80.5,27.655186
2025-01-16,19.5,81.5,27.873291
2025-01-16,19.5,82.5,27.191797
2025-01-16,19.5,83.5,27.961973
2025-01-16,19.5,84.5,27.683317
2025-01-16,20.5,80.5,26.754414
2025-01-16,20.5,81.5,26.82084
2025-01-16,20.5,82.5,27.800589
2025-01-16,20.5,83.5,27.874458
2025-01-16,20.5,84.5,27.842335
2025-01-16,21.5,80.5,26.360771
2025-01-16,21.5,81.5,26.737362
2025-01-16,21.5,82.5,26.613031
2025-01-16,21.5,83.5,26.821331
2025-01-16,21.5,84.5,27.276443
2025-01-16,22.5,80.5,25.541918
2025-01-16,22.5,81.5,25.623667
2025-01-16,22.5,82.5,25.056486
2025-01-16,22.5,83.5,24.505539
2025-01-16,22.5,84.5,24.32293
2025-01-16,23.5,80.5,23.839703
2025-01-16,23.5,81.5,22.227472
2025-01-16,23.5,82.5,23.550663
2025-01-16,23.5,83.5,23.503742
2025-01-16,23.5,84.5,23.326866
2025-01-16,24.5,80.5,20.693312
2025-01-16,24.5,81.5,20.728497
2025-01-16,24.5,82.5,20.715229
2025-01-16,24.5,83.5,20.017624
2025-01-16,24.5,84.5,20.01459
2025-01-17,18.0,80.5,28.470156
2025-01-17,18.0,81.5,27.9878
2025-01-17,18.0,82.5,27.195179
2025-01-17,18.0,83.5,27.077377
2025-01-17,18.0,84.5,
2025-01-17,18.5,80.5,28.459509
2025-01-17,18.5,81.5,27.69431
2025-01-17,18.5,82.5,27.28719
2025-01-17,18.5,83.5,27.057636
2025-01-17,18.5,84.5,27.177742
2025-01-17,19.5,80.5,27.851578
2025-01-17,19.5,81.5,27.80395
2025-01-17,19.5,82.5,26.764372
2025-01-17,19.5,83.5,27.53248
2025-01-17,19.5,84.5,27.268291
2025-01-17,20.5,80.5,26.54143
2025-01-17,20.5,81.5,26.535028
2025-01-17,20.5,82.5,27.052456
2025-01-17,20.5,83.5,27.31109
2025-01-17,20.5,84.5,27.549244
2025-01-17,21.5,80.5,25.288702
2025-01-17,21.5,81.5,25.595894
2025-01-17,21.5,82.5,25.682316
2025-01-17,21.5,83.5,26.57068
2025-01-17,21.5,84.5,26.90869
2025-01-17,22.5,80.5,23.94482
2025-01-17,22.5,81.5,24.78081
2025-01-17,22.5,82.5,24.321468
2025-01-17,22.5,83.5,24.367023
2025-01-17,22.5,84.5,24.71573
2025-01-17,23.5,80.5,22.65614
2025-01-17,23.5,81.5,22.206127
2025-01-17,23.5,82.5,23.344093
2025-01-17,23.5,83.5,24.096882
2025-01-17,23.5,84.5,24.490318
2025-01-17,24.5,80.5,22.025537
2025-01-17,24.5,81.5,22.225618
2025-01-17,24.5,82.5,21.72765
2025-01-17,24.5,83.5,21.219965
2025-01-17,24.5,84.5,21.305353
2025-01-18,18.0,80.5,28.918436
2025-01-18,18.0,81.5,28.639256
2025-01-18,18.0,82.5,27.79322
2025-01-18,18.0,83.5,27.43257
2025-01-18,18.0,84.5,
2025-01-18,18.5,80.5,28.797396
2025-01-18,18.5,81.5,28.22056
2025-01-18,18.5,82.5,27.760458
2025-01-18,18.5,83.5,27.390049
2025-01-18,18.5,84.5,27.472214
2025-01-18,19.5,80.5,28.514404
2025-01-18,19.5,81.5,28.43325
2025-01-18,19.5,82.5,27.332956
2025-01-18,19.5,83.5,27.92918
2025-01-18,19.5,84.5,27.789293
2025-01-18,20.5,80.5,27.699057
2025-01-18,20.5,81.5,28.14766
2025-01-18,20.5,82.5,28.692513
2025-01-18,20.5,83.5,28.666794
2025-01-18,20.5,84.5,28.123035
2025-01-18,21.5,80.5,27.145945
2025-01-18,21.5,81.5,28.018688
2025-01-18,21.5,82.5,28.61415
2025-01-18,21.5,83.5,28.643105
2025-01-18,21.5,84.5,27.75185
2025-01-18,22.5,80.5,26.583662
2025-01-18,22.5,81.5,27.12293
2025-01-18,22.5,82.5,27.33404
2025-01-18,22.5,83.5,27.529985
2025-01-18,22.5,84.5,27.12494
2025-01-18,23.5,80.5,25.210026
2025-01-18,23.5,81.5,24.65249
2025-01-18,23.5,82.5,25.833364
2025-01-18,23.5,83.5,26.877829
2025-01-18,23.5,84.5,26.861994
2025-01-18,24.5,80.5,22.825506
2025-01-18,24.5,81.5,22.829819
2025-01-18,24.5,82.5,24.695732
2025-01-18,24.5,83.5,24.154352
2025-01-18,24.5,84.5,24.567852
2025-01-19,18.0,80.5,30.247982
2025-01-19,18.0,81.5,29.57263
2025-01-19,18.0,82.5,28.82175
2025-01-19,18.0,83.5,28.674465
2025-01-19,18.0,84.5,
2025-01-19,18.5,80.5,29.788876
2025-01-19,18.5,81.5,29.129591
2025-01-19,18.5,82.5,28.796236
2025-01-19,18.5,83.5,28.56088
2025-01-19,18.5,84.5,28.634077
2025-01-19,19.5,80.5,29.538755
2025-01-19,19.5,81.5,29.30439
2025-01-19,19.5,82.5,28.371851
2025-01-19,19.5,83.5,29.11657
2025-01-19,19.5,84.5,28.953176
2025-01-19,20.5,80.5,28.706526
2025-01-19,20.5,81.5,29.146822
2025-01-19,20.5,82.5,29.888317
2025-01-19,20.5,83.5,29.93096
2025-01-19,20.5,84.5,29.119497
2025-01-19,21.5,80.5,27.908615
2025-01-19,21.5,81.5,29.175076
2025-01-19,21.5,82.5,29.820732
2025-01-19,21.5,83.5,30.073135
2025-01-19,21.5,84.5,28.92989
2025-01-19,22.5,80.5,27.539888
2025-01-19,22.5,81.5,28.20181
2025-01-19,22.5,82.5,28.769745
2025-01-19,22.5,83.5,28.735712
2025-01-19,22.5,84.5,28.251116
2025-01-19,23.5,80.5,26.504963
2025-01-19,23.5,81.5,25.685587
2025-01-19,23.5,82.5,26.933788
2025-01-19,23.5,83.5,27.52445
2025-01-19,23.5,84.5,26.900888
2025-01-19,24.5,80.5,25.41879
2025-01-19,24.5,81.5,24.24245
2025-01-19,24.5,82.5,24.157356
2025-01-19,24.5,83.5,23.784342
2025-01-19,24.5,84.5,24.187777
2025-01-20,18.0,80.5,30.626099
2025-01-20,18.0,81.5,30.109467
2025-01-20,18.0,82.5,29.700039
2025-01-20,18.0,83.5,30.00022
2025-01-20,18.0,84.5,
2025-01-20,18.5,80.5,30.244034
2025-01-20,18.5,81.5,29.854506
2025-01-20,18.5,82.5,29.891628
2025-01-20,18.5,83.5,29.938778
2025-01-20,18.5,84.5,30.164104
2025-01-20,19.5,80.5,29.96923
2025-01-20,19.5,81.5,30.159065
2025-01-20,19.5,82.5,29.63819
2025-01-20,19.5,83.5,30.623251
2025-01-20,19.5,84.5,30.439854
2025-01-20,20.5,80.5,29.325045
2025-01-20,20.5,81.5,29.922987
2025-01-20,20.5,82.5,30.791199
2025-01-20,20.5,83.5,31.05468
2025-01-20,20.5,84.5,30.627323
2025-01-20,21.5,80.5,28.673803
2025-01-20,21.5,81.5,29.654747
2025-01-20,21.5,82.5,30.796196
2025-01-20,21.5,83.5,31.08539
2025-01-20,21.5,84.5,29.690994
2025-01-20,22.5,80.5,28.55198
2025-01-20,22.5,81.5,28.967098
2025-01-20,22.5,82.5,29.625685
2025-01-20,22.5,83.5,29.392189
2025-01-20,22.5,84.5,29.056107
2025-01-20,23.5,80.5,27.803139
2025-01-20,23.5,81.5,27.582497
2025-01-20,23.5,82.5,28.89934
2025-01-20,23.5,83.5,29.148314
2025-01-20,23.5,84.5,27.955368
2025-01-20,24.5,80.5,27.295956
2025-01-20,24.5,81.5,26.841324
2025-01-20,24.5,82.5,25.811523
2025-01-20,24.5,83.5,24.469158
2025-01-20,24.5,84.5,24.461184
2025-01-21,18.0,80.5,31.712725
2025-01-21,18.0,81.5,30.862995
2025-01-21,18.0,82.5,30.277666
2025-01-21,18.0,83.5,30.538996
2025-01-21,18.0,84.5,
2025-01-21,18.5,80.5,31.269054
2025-01-21,18.5,81.5,30.550947
2025-01-21,18.5,82.5,30.473707
2025-01-21,18.5,83.5,30.481586
2025-01-21,18.5,84.5,30.79422
2025-01-21,19.5,80.5,30.896294
2025-01-21,19.5,81.5,30.857899
2025-01-21,19.5,82.5,30.093863
2025-01-21,19.5,83.5,31.348667
2025-01-21,19.5,84.5,31.335398
2025-01-21,20.5,80.5,30.021135
2025-01-21,20.5,81.5,30.851057
2025-01-21,20.5,82.5,31.441679
2025-01-21,20.5,83.5,32.008522
2025-01-21,20.5,84.5,31.636747
2025-01-21,21.5,80.5,29.338818
2025-01-21,21.5,81.5,30.3864
2025-01-21,21.5,82.5,31.32899
2025-01-21,21.5,83.5,31.903208
2025-01-21,21.5,84.5,30.481129
2025-01-21,22.5,80.5,28.808193
2025-01-21,22.5,81.5,29.34483
2025-01-21,22.5,82.5,29.593258
2025-01-21,22.5,83.5,29.977047
2025-01-21,22.5,84.5,29.330727
2025-01-21,23.5,80.5,27.764172
2025-01-21,23.5,81.5,27.395912
2025-01-21,23.5,82.5,28.683983
2025-01-21,23.5,83.5,29.337477
2025-01-21,23.5,84.5,28.159992
2025-01-21,24.5,80.5,27.301018
2025-01-21,24.5,81.5,26.555481
2025-01-21,24.5,82.5,25.763338
2025-01-21,24.5,83.5,24.590675
2025-01-21,24.5,84.5,24.550764
2025-01-22,18.0,80.5,31.550447
2025-01-22,18.0,81.5,31.002708
2025-01-22,18.0,82.5,30.628702
2025-01-22,18.0,83.5,30.817688
2025-01-22,18.0,84.5,
2025-01-22,18.5,80.5,31.70597
2025-01-22,18.5,81.5,31.323822
2025-01-22,18.5,82.5,30.996725
2025-01-22,18.5,83.5,30.924963
2025-01-22,18.5,84.5,31.341152
2025-01-22,19.5,80.5,32.661736
2025-01-22,19.5,81.5,32.02758
2025-01-22,19.5,82.5,31.0948
2025-01-22,19.5,83.5,31.858004
2025-01-22,19.5,84.5,31.82184
2025-01-22,20.5,80.5,32.20216
2025-01-22,20.5,81.5,32.022026
2025-01-22,20.5,82.5,32.372917
2025-01-22,20.5,83.5,32.549694
2025-01-22,20.5,84.5,32.203835
2025-01-22,21.5,80.5,30.814987
2025-01-22,21.5,81.5,31.765184
2025-01-22,21.5,82.5,32.28099
2025-01-22,21.5,83.5,32.47324
2025-01-22,21.5,84.5,31.510996
2025-01-22,22.5,80.5,30.058266
2025-01-22,22.5,81.5,30.633862
2025-01-22,22.5,82.5,30.859655
2025-01-22,22.5,83.5,30.907675
2025-01-22,22.5,84.5,30.77486
2025-01-22,23.5,80.5,28.86519
2025-01-22,23.5,81.5,28.755096
2025-01-22,23.5,82.5,29.718151
2025-01-22,23.5,83.5,30.249636
2025-01-22,23.5,84.5,29.07071
2025-01-22,24.5,80.5,28.281301
2025-01-22,24.5,81.5,27.85097
2025-01-22,24.5,82.5,26.445127
2025-01-22,24.5,83.5,25.022623
2025-01-22,24.5,84.5,24.803616
2025-01-23,18.0,80.5,30.882954
2025-01-23,18.0,81.5,30.321333
2025-01-23,18.0,82.5,30.12793
2025-01-23,18.0,83.5,30.32643
2025-01-23,18.0,84.5,
2025-01-23,18.5,80.5,31.060211
2025-01-23,18.5,81.5,30.698114
2025-01-23,18.5,82.5,30.380432
2025-01-23,18.5,83.5,30.718048
2025-01-23,18.5,84.5,31.237242
2025-01-23,19.5,80.5,31.878878
2025-01-23,19.5,81.5,31.347906
2025-01-23,19.5,82.5,30.966505
2025-01-23,19.5,83.5,31.730402
2025-01-23,19.5,84.5,31.84291
2025-01-23,20.5,80.5,32.030224
2025-01-23,20.5,81.5,32.223755
2025-01-23,20.5,82.5,32.61003
2025-01-23,20.5,83.5,32.76027
2025-01-23,20.5,84.5,32.143204
2025-01-23,21.5,80.5,30.273535
2025-01-23,21.5,81.5,32.491035
2025-01-23,21.5,82.5,33.00415
2025-01-23,21.5,83.5,32.792904
2025-01-23,21.5,84.5,31.837732
2025-01-23,22.5,80.5,29.97924
2025-01-23,22.5,81.5,31.44865
2025-01-23,22.5,82.5,31.653713
2025-01-23,22.5,83.5,31.137283
2025-01-23,22.5,84.5,30.8854
2025-01-23,23.5,80.5,29.278524
2025-01-23,23.5,81.5,29.286446
2025-01-23,23.5,82.5,30.002226
2025-01-23,23.5,83.5,30.096466
2025-01-23,23.5,84.5,28.668997
2025-01-23,24.5,80.5,28.693903
2025-01-23,24.5,81.5,28.067787
2025-01-23,24.5,82.5,26.606201
2025-01-23,24.5,83.5,25.408607
2025-01-23,24.5,84.5,24.475628
2025-01-24,18.0,80.5,31.283833
2025-01-24,18.0,81.5,30.354017
2025-01-24,18.0,82.5,29.965542
2025-01-24,18.0,83.5,29.770107
2025-01-24,18.0,84.5,
2025-01-24,18.5,80.5,31.31664
2025-01-24,18.5,81.5,30.791735
2025-01-24,18.5,82.5,30.109266
2025-01-24,18.5,83.5,29.92464
2025-01-24,18.5,84.5,30.333994
2025-01-24,19.5,80.5,32.154842
2025-01-24,19.5,81.5,31.325466
2025-01-24,19.5,82.5,30.26006
2025-01-24,19.5,83.5,30.686417
2025-01-24,19.5,84.5,30.580248
2025-01-24,20.5,80.5,31.479456
2025-01-24,20.5,81.5,31.268568
2025-01-24,20.5,82.5,31.469248
2025-01-24,20.5,83.5,31.30971
2025-01-24,20.5,84.5,30.564526
2025-01-24,21.5,80.5,30.112432
2025-01-24,21.5,81.5,31.060698
2025-01-24,21.5,82.5,31.258015
2025-01-24,21.5,83.5,31.293724
2025-01-24,21.5,84.5,30.51036
2025-01-24,22.5,80.5,28.415676
2025-01-24,22.5,81.5,29.61874
2025-01-24,22.5,82.5,29.774443
2025-01-24,22.5,83.5,29.95335
2025-01-24,22.5,84.5,29.63915
2025-01-24,23.5,80.5,26.796928
2025-01-24,23.5,81.5,26.280987
2025-01-24,23.5,82.5,27.867245
2025-01-24,23.5,83.5,28.689522
2025-01-24,23.5,84.5,28.00242
2025-01-24,24.5,80.5,25.515097
2025-01-24,24.5,81.5,25.580923
2025-01-24,24.5,82.5,25.013723
2025-01-24,24.5,83.5,24.59659
2025-01-24,24.5,84.5,24.447975
2025-01-25,18.0,80.5,31.609655
2025-01-25,18.0,81.5,30.721737
2025-01-25,18.0,82.5,30.030119
2025-01-25,18.0,83.5,29.646349
2025-01-25,18.0,84.5,
2025-01-25,18.5,80.5,31.654936
2025-01-25,18.5,81.5,30.79395
2025-01-25,18.5,82.5,30.135454
2025-01-25,18.5,83.5,29.741886
2025-01-25,18.5,84.5,29.983377
2025-01-25,19.5,80.5,32.132477
2025-01-25,19.5,81.5,31.191336
2025-01-25,19.5,82.5,30.172028
2025-01-25,19.5,83.5,30.226173
2025-01-25,19.5,84.5,30.113462
2025-01-25,20.5,80.5,31.009789
2025-01-25,20.5,81.5,30.243134
2025-01-25,20.5,82.5,30.282108
2025-01-25,20.5,83.5,29.915812
2025-01-25,20.5,84.5,30.049765
2025-01-25,21.5,80.5,29.444613
2025-01-25,21.5,81.5,29.32487
2025-01-25,21.5,82.5,29.888876
2025-01-25,21.5,83.5,29.590687
2025-01-25,21.5,84.5,29.26111
2025-01-25,22.5,80.5,27.802126
2025-01-25,22.5,81.5,28.006956
2025-01-25,22.5,82.5,28.021793
2025-01-25,22.5,83.5,27.908646
2025-01-25,22.5,84.5,28.254307
2025-01-25,23.5,80.5,26.68654
2025-01-25,23.5,81.5,25.869104
2025-01-25,23.5,82.5,26.73979
2025-01-25,23.5,83.5,27.331982
2025-01-25,23.5,84.5,27.414993
2025-01-25,24.5,80.5,25.928383
2025-01-25,24.5,81.5,25.450228
2025-01-25,24.5,82.5,25.384853
2025-01-25,24.5,83.5,24.933413
2025-01-25,24.5,84.5,24.472992
2025-01-26,18.0,80.5,32.291145
2025-01-26,18.0,81.5,31.113844
2025-01-26,18.0,82.5,30.242498
2025-01-26,18.0,83.5,29.46706
2025-01-26,18.0,84.5,
2025-01-26,18.5,80.5,32.082783
2025-01-26,18.5,81.5,30.83551
2025-01-26,18.5,82.5,30.334295
2025-01-26,18.5,83.5,29.25713
2025-01-26,18.5,84.5,29.12212
2025-01-26,19.5,80.5,32.096382
2025-01-26,19.5,81.5,31.355543
2025-01-26,19.5,82.5,29.745934
2025-01-26,19.5,83.5,29.610735
2025-01-26,19.5,84.5,29.17547
2025-01-26,20.5,80.5,31.006252
2025-01-26,20.5,81.5,29.77352
2025-01-26,20.5,82.5,29.536022
2025-01-26,20.5,83.5,29.086004
2025-01-26,20.5,84.5,29.113857
2025-01-26,21.5,80.5,29.457464
2025-01-26,21.5,81.5,28.662872
2025-01-26,21.5,82.5,29.041021
2025-01-26,21.5,83.5,28.649168
2025-01-26,21.5,84.5,28.343102
2025-01-26,22.5,80.5,27.534325
2025-01-26,22.5,81.5,27.261019
2025-01-26,22.5,82.5,27.211004
2025-01-26,22.5,83.5,26.967863
2025-01-26,22.5,84.5,27.222448
2025-01-26,23.5,80.5,26.588057
2025-01-26,23.5,81.5,25.952229
2025-01-26,23.5,82.5,26.460514
2025-01-26,23.5,83.5,26.584238
2025-01-26,23.5,84.5,26.73595
2025-01-26,24.5,80.5,26.207829
2025-01-26,24.5,81.5,25.969152
2025-01-26,24.5,82.5,25.739313
2025-01-26,24.5,83.5,25.085224
2025-01-26,24.5,84.5,25.045355
2025-01-27,18.0,80.5,32.051826
2025-01-27,18.0,81.5,31.055243
2025-01-27,18.0,82.5,30.267387
2025-01-27,18.0,83.5,29.619125
2025-01-27,18.0,84.5,
2025-01-27,18.5,80.5,32.000664
2025-01-27,18.5,81.5,30.948582
2025-01-27,18.5,82.5,30.337307
2025-01-27,18.5,83.5,29.467276
2025-01-27,18.5,84.5,29.627739
2025-01-27,19.5,80.5,32.244392
2025-01-27,19.5,81.5,31.625078
2025-01-27,19.5,82.5,30.311565
2025-01-27,19.5,83.5,30.122164
2025-01-27,19.5,84.5,29.862934
2025-01-27,20.5,80.5,31.292667
2025-01-27,20.5,81.5,30.31815
2025-01-27,20.5,82.5,30.381754
2025-01-27,20.5,83.5,29.850842
2025-01-27,20.5,84.5,29.979715
2025-01-27,21.5,80.5,30.070621
2025-01-27,21.5,81.5,29.655682
2025-01-27,21.5,82.5,29.854177
2025-01-27,21.5,83.5,29.221308
2025-01-27,21.5,84.5,28.983316
2025-01-27,22.5,80.5,28.170586
2025-01-27,22.5,81.5,28.188002
2025-01-27,22.5,82.5,27.869236
2025-01-27,22.5,83.5,27.513107
2025-01-27,22.5,84.5,27.900444
2025-01-27,23.5,80.5,27.112614
2025-01-27,23.5,81.5,26.21116
2025-01-27,23.5,82.5,26.675379
2025-01-27,23.5,83.5,26.72402
2025-01-27,23.5,84.5,26.748957
2025-01-27,24.5,80.5,26.10778
2025-01-27,24.5,81.5,25.764898
2025-01-27,24.5,82.5,25.322603
2025-01-27,24.5,83.5,23.963154
2025-01-27,24.5,84.5,23.88314
2025-01-28,18.0,80.5,32.058353
2025-01-28,18.0,81.5,31.386024
2025-01-28,18.0,82.5,30.652864
2025-01-28,18.0,83.5,29.8517
2025-01-28,18.0,84.5,
2025-01-28,18.5,80.5,32.30625
2025-01-28,18.5,81.5,31.232977
2025-01-28,18.5,82.5,30.551432
2025-01-28,18.5,83.5,30.000702
2025-01-28,18.5,84.5,30.092077
2025-01-28,19.5,80.5,32.714672
2025-01-28,19.5,81.5,31.610315
2025-01-28,19.5,82.5,30.44917
2025-01-28,19.5,83.5,30.599636
2025-01-28,19.5,84.5,30.470793
2025-01-28,20.5,80.5,31.936617
2025-01-28,20.5,81.5,30.821562
2025-01-28,20.5,82.5,30.748203
2025-01-28,20.5,83.5,30.557722
2025-01-28,20.5,84.5,30.536297
2025-01-28,21.5,80.5,30.9556
2025-01-28,21.5,81.5,30.471226
2025-01-28,21.5,82.5,30.326296
2025-01-28,21.5,83.5,29.967638
2025-01-28,21.5,84.5,29.68814
2025-01-28,22.5,80.5,29.154922
2025-01-28,22.5,81.5,29.09935
2025-01-28,22.5,82.5,28.447294
2025-01-28,22.5,83.5,28.215101
2025-01-28,22.5,84.5,28.37756
2025-01-28,23.5,80.5,28.134974
2025-01-28,23.5,81.5,27.142754
2025-01-28,23.5,82.5,27.385887
2025-01-28,23.5,83.5,27.689362
2025-01-28,23.5,84.5,27.629658
2025-01-28,24.5,80.5,26.808964
2025-01-28,24.5,81.5,26.407597
2025-01-28,24.5,82.5,25.88837
2025-01-28,24.5,83.5,25.213724
2025-01-28,24.5,84.5,25.232075
2025-01-29,18.0,80.5,31.11848
2025-01-29,18.0,81.5,30.362986
2025-01-29,18.0,82.5,29.858215
2025-01-29,18.0,83.5,29.97803
2025-01-29,18.0,84.5,
2025-01-29,18.5,80.5,31.350975
2025-01-29,18.5,81.5,30.421738
2025-01-29,18.5,82.5,30.662895
2025-01-29,18.5,83.5,30.426298
2025-01-29,18.5,84.5,30.948809
2025-01-29,19.5,80.5,32.205242
2025-01-29,19.5,81.5,31.689095
2025-01-29,19.5,82.5,30.92513
2025-01-29,19.5,83.5,31.22455
2025-01-29,19.5,84.5,31.181538
2025-01-29,20.5,80.5,32.291523
2025-01-29,20.5,81.5,31.781164
2025-01-29,20.5,82.5,32.113495
2025-01-29,20.5,83.5,31.83463
2025-01-29,20.5,84.5,31.39743
2025-01-29,21.5,80.5,31.668314
2025-01-29,21.5,81.5,31.982647
2025-01-29,21.5,82.5,32.58517
2025-01-29,21.5,83.5,32.16695
2025-01-29,21.5,84.5,31.215862
2025-01-29,22.5,80.5,30.896114
2025-01-29,22.5,81.5,30.995697
2025-01-29,22.5,82.5,31.152363
2025-01-29,22.5,83.5,30.319458
2025-01-29,22.5,84.5,30.280914
2025-01-29,23.5,80.5,29.856203
2025-01-29,23.5,81.5,28.945438
2025-01-29,23.5,82.5,29.732067
2025-01-29,23.5,83.5,29.78201
2025-01-29,23.5,84.5,29.254753
2025-01-29,24.5,80.5,28.595343
2025-01-29,24.5,81.5,28.26196
2025-01-29,24.5,82.5,28.082176
2025-01-29,24.5,83.5,27.630396
2025-01-29,24.5,84.5,27.236113
2025-01-30,18.0,80.5,30.826677
2025-01-30,18.0,81.5,29.864534
2025-01-30,18.0,82.5,29.606821
2025-01-30,18.0,83.5,29.580425
2025-01-30,18.0,84.5,
2025-01-30,18.5,80.5,30.944927
2025-01-30,18.5,81.5,30.308315
2025-01-30,18.5,82.5,29.706875
2025-01-30,18.5,83.5,29.926493
2025-01-30,18.5,84.5,30.359936
2025-01-30,19.5,80.5,32.17155
2025-01-30,19.5,81.5,31.065243
2025-01-30,19.5,82.5,30.54076
2025-01-30,19.5,83.5,30.815296
2025-01-30,19.5,84.5,30.97094
2025-01-30,20.5,80.5,32.166214
2025-01-30,20.5,81.5,32.25592
2025-01-30,20.5,82.5,32.317917
2025-01-30,20.5,83.5,31.93519
2025-01-30,20.5,84.5,31.235994
2025-01-30,21.5,80.5,31.770168
2025-01-30,21.5,81.5,32.53384
2025-01-30,21.5,82.5,33.24776
2025-01-30,21.5,83.5,32.444508
2025-01-30,21.5,84.5,31.79184
2025-01-30,22.5,80.5,31.385727
2025-01-30,22.5,81.5,31.906582
2025-01-30,22.5,82.5,32.06261
2025-01-30,22.5,83.5,31.465973
2025-01-30,22.5,84.5,31.136997
2025-01-30,23.5,80.5,30.65057
2025-01-30,23.5,81.5,29.713829
2025-01-30,23.5,82.5,30.824118
2025-01-30,23.5,83.5,30.740866
2025-01-30,23.5,84.5,30.236788
2025-01-30,24.5,80.5,29.687557
2025-01-30,24.5,81.5,29.396635
2025-01-30,24.5,82.5,28.93148
2025-01-30,24.5,83.5,28.080114
2025-01-30,24.5,84.5,28.099564
2025-01-31,18.0,80.5,32.54008
2025-01-31,18.0,81.5,31.53352
2025-01-31,18.0,82.5,31.02944
2025-01-31,18.0,83.5,30.858294
2025-01-31,18.0,84.5,
2025-01-31,18.5,80.5,32.76643
2025-01-31,18.5,81.5,31.675966
2025-01-31,18.5,82.5,31.278917
2025-01-31,18.5,83.5,31.244581
2025-01-31,18.5,84.5,31.589468
2025-01-31,19.5,80.5,33.50777
2025-01-31,19.5,81.5,32.649796
2025-01-31,19.5,82.5,31.77658
2025-01-31,19.5,83.5,32.02149
2025-01-31,19.5,84.5,32.202976
2025-01-31,20.5,80.5,33.097923
2025-01-31,20.5,81.5,33.226063
2025-01-31,20.5,82.5,33.711258
2025-01-31,20.5,83.5,33.454403
2025-01-31,20.5,84.5,32.410072
2025-01-31,21.5,80.5,32.29094
2025-01-31,21.5,81.5,33.358673
2025-01-31,21.5,82.5,34.20128
2025-01-31,21.5,83.5,33.927246
2025-01-31,21.5,84.5,33.07798
2025-01-31,22.5,80.5,31.620712
2025-01-31,22.5,81.5,32.300438
2025-01-31,22.5,82.5,32.802692
2025-01-31,22.5,83.5,32.607517
2025-01-31,22.5,84.5,32.48087
2025-01-31,23.5,80.5,31.237072
2025-01-31,23.5,81.5,30.842093
2025-01-31,23.5,82.5,31.897923
2025-01-31,23.5,83.5,32.603844
2025-01-31,23.5,84.5,31.922655
2025-01-31,24.5,80.5,30.975723
2025-01-31,24.5,81.5,30.805626
2025-01-31,24.5,82.5,30.613731
2025-01-31,24.5,83.5,29.824923
2025-01-31,24.5,84.5,29.022509
2025-02-01,18.0,80.5,32.88991
2025-02-01,18.0,81.5,32.088173
2025-02-01,18.0,82.5,31.478447
2025-02-01,18.0,83.5,31.459177
2025-02-01,18.0,84.5,
2025-02-01,18.5,80.5,32.942688
2025-02-01,18.5,81.5,32.161263
2025-02-01,18.5,82.5,31.720032
2025-02-01,18.5,83.5,31.912395
2025-02-01,18.5,84.5,32.238964
2025-02-01,19.5,80.5,33.388676
2025-02-01,19.5,81.5,33.221653
2025-02-01,19.5,82.5,32.364243
2025-02-01,19.5,83.5,32.865807
2025-02-01,19.5,84.5,32.8521
2025-02-01,20.5,80.5,33.17165
2025-02-01,20.5,81.5,33.22226
2025-02-01,20.5,82.5,33.863697
2025-02-01,20.5,83.5,33.553875
2025-02-01,20.5,84.5,32.76517
2025-02-01,21.5,80.5,32.054676
2025-02-01,21.5,81.5,33.564274
2025-02-01,21.5,82.5,33.968678
2025-02-01,21.5,83.5,33.86133
2025-02-01,21.5,84.5,32.64094
2025-02-01,22.5,80.5,31.463316
2025-02-01,22.5,81.5,32.429802
2025-02-01,22.5,82.5,32.63722
2025-02-01,22.5,83.5,32.182476
2025-02-01,22.5,84.5,31.881905
2025-02-01,23.5,80.5,30.938972
2025-02-01,23.5,81.5,30.396124
2025-02-01,23.5,82.5,31.385372
2025-02-01,23.5,83.5,31.63423
2025-02-01,23.5,84.5,31.260414
2025-02-01,24.5,80.5,30.448347
2025-02-01,24.5,81.5,30.013277
2025-02-01,24.5,82.5,29.868654
2025-02-01,24.5,83.5,29.128653
2025-02-01,24.5,84.5,28.899464
2025-02-02,18.0,80.5,33.177418
2025-02-02,18.0,81.5,32.429977
2025-02-02,18.0,82.5,32.081898
2025-02-02,18.0,83.5,32.21505
2025-02-02,18.0,84.5,
2025-02-02,18.5,80.5,33.128407
2025-02-02,18.5,81.5,32.87364
2025-02-02,18.5,82.5,32.552677
2025-02-02,18.5,83.5,32.592262
2025-02-02,18.5,84.5,33.234093
2025-02-02,19.5,80.5,34.088326
2025-02-02,19.5,81.5,33.836845
2025-02-02,19.5,82.5,33.09463
2025-02-02,19.5,83.5,33.664818
2025-02-02,19.5,84.5,33.875908
2025-02-02,20.5,80.5,33.86879
2025-02-02,20.5,81.5,34.096615
2025-02-02,20.5,82.5,34.783554
2025-02-02,20.5,83.5,34.69088
2025-02-02,20.5,84.5,33.981197
2025-02-02,21.5,80.5,32.448776
2025-02-02,21.5,81.5,34.05438
2025-02-02,21.5,82.5,34.43796
2025-02-02,21.5,83.5,34.370613
2025-02-02,21.5,84.5,33.407066
2025-02-02,22.5,80.5,31.43946
2025-02-02,22.5,81.5,32.819992
2025-02-02,22.5,82.5,32.819984
2025-02-02,22.5,83.5,32.67718
2025-02-02,22.5,84.5,32.019157
2025-02-02,23.5,80.5,30.30018
2025-02-02,23.5,81.5,30.02086
2025-02-02,23.5,82.5,31.63095
2025-02-02,23.5,83.5,32.248055
2025-02-02,23.5,84.5,31.588951
2025-02-02,24.5,80.5,29.528122
2025-02-02,24.5,81.5,29.379713
2025-02-02,24.5,82.5,29.775612
2025-02-02,24.5,83.5,29.149084
2025-02-02,24.5,84.5,28.881231
2025-02-03,18.0,80.5,34.6251
2025-02-03,18.0,81.5,34.41051
2025-02-03,18.0,82.5,33.491077
2025-02-03,18.0,83.5,33.110085
2025-02-03,18.0,84.5,
2025-02-03,18.5,80.5,34.649532
2025-02-03,18.5,81.5,34.364243
2025-02-03,18.5,82.5,34.14718
2025-02-03,18.5,83.5,33.497646
2025-02-03,18.5,84.5,33.56714
2025-02-03,19.5,80.5,34.785255
2025-02-03,19.5,81.5,35.447823
2025-02-03,19.5,82.5,33.858532
2025-02-03,19.5,83.5,33.94756
2025-02-03,19.5,84.5,33.465054
2025-02-03,20.5,80.5,34.262264
2025-02-03,20.5,81.5,34.314693
2025-02-03,20.5,82.5,34.94392
2025-02-03,20.5,83.5,34.79704
2025-02-03,20.5,84.5,33.35635
2025-02-03,21.5,80.5,33.0026
2025-02-03,21.5,81.5,33.814194
2025-02-03,21.5,82.5,34.14803
2025-02-03,21.5,83.5,33.922184
2025-02-03,21.5,84.5,32.393284
2025-02-03,22.5,80.5,31.642183
2025-02-03,22.5,81.5,32.321987
2025-02-03,22.5,82.5,32.345158
2025-02-03,22.5,83.5,32.127945
2025-02-03,22.5,84.5,31.636213
2025-02-03,23.5,80.5,29.709293
2025-02-03,23.5,81.5,29.11191
2025-02-03,23.5,82.5,30.757427
2025-02-03,23.5,83.5,31.259308
2025-02-03,23.5,84.5,30.94562
2025-02-03,24.5,80.5,28.042753
2025-02-03,24.5,81.5,28.15233
2025-02-03,24.5,82.5,28.837322
2025-02-03,24.5,83.5,28.324547
2025-02-03,24.5,84.5,28.414593
2025-02-04,18.0,80.5,34.94153
2025-02-04,18.0,81.5,33.857105
2025-02-04,18.0,82.5,32.889244
2025-02-04,18.0,83.5,32.302235
2025-02-04,18.0,84.5,
2025-02-04,18.5,80.5,35.013107
2025-02-04,18.5,81.5,33.842445
2025-02-04,18.5,82.5,33.379242
2025-02-04,18.5,83.5,32.672794
2025-02-04,18.5,84.5,32.82995
2025-02-04,19.5,80.5,35.132954
2025-02-04,19.5,81.5,34.58719
2025-02-04,19.5,82.5,32.886654
2025-02-04,19.5,83.5,33.216434
2025-02-04,19.5,84.5,33.06127
2025-02-04,20.5,80.5,35.060875
2025-02-04,20.5,81.5,35.101677
2025-02-04,20.5,82.5,34.173573
2025-02-04,20.5,83.5,34.148994
2025-02-04,20.5,84.5,33.26
2025-02-04,21.5,80.5,33.78383
2025-02-04,21.5,81.5,34.8687
2025-02-04,21.5,82.5,34.57184
2025-02-04,21.5,83.5,33.744465
2025-02-04,21.5,84.5,32.8711
2025-02-04,22.5,80.5,33.0431
2025-02-04,22.5,81.5,33.40466
2025-02-04,22.5,82.5,33.241344
2025-02-04,22.5,83.5,32.552773
2025-02-04,22.5,84.5,32.312355
2025-02-04,23.5,80.5,31.456554
2025-02-04,23.5,81.5,30.746181
2025-02-04,23.5,82.5,31.646252
2025-02-04,23.5,83.5,31.827946
2025-02-04,23.5,84.5,31.01082
2025-02-04,24.5,80.5,29.718767
2025-02-04,24.5,81.5,29.745638
2025-02-04,24.5,82.5,29.695969
2025-02-04,24.5,83.5,28.978104
2025-02-04,24.5,84.5,28.774769
2025-02-05,18.0,80.5,34.47301
2025-02-05,18.0,81.5,33.795494
2025-02-05,18.0,82.5,32.92735
2025-02-05,18.0,83.5,32.646614
2025-02-05,18.0,84.5,
2025-02-05,18.5,80.5,34.28403
2025-02-05,18.5,81.5,33.49741
2025-02-05,18.5,82.5,33.176743
2025-02-05,18.5,83.5,32.96821
2025-02-05,18.5,84.5,33.195675
2025-02-05,19.5,80.5,34.28321
2025-02-05,19.5,81.5,34.109024
2025-02-05,19.5,82.5,33.30293
2025-02-05,19.5,83.5,33.7079
2025-02-05,19.5,84.5,33.618885
2025-02-05,20.5,80.5,33.91191
2025-02-05,20.5,81.5,33.6332
2025-02-05,20.5,82.5,34.17985
2025-02-05,20.5,83.5,34.01791
2025-02-05,20.5,84.5,33.759087
2025-02-05,21.5,80.5,31.986153
2025-02-05,21.5,81.5,33.3854
2025-02-05,21.5,82.5,34.003983
2025-02-05,21.5,83.5,33.943558
2025-02-05,21.5,84.5,33.704082
2025-02-05,22.5,80.5,30.60042
2025-02-05,22.5,81.5,32.127056
2025-02-05,22.5,82.5,32.173428
2025-02-05,22.5,83.5,32.662636
2025-02-05,22.5,84.5,32.900665
2025-02-05,23.5,80.5,29.322273
2025-02-05,23.5,81.5,29.390116
2025-02-05,23.5,82.5,30.494038
2025-02-05,23.5,83.5,31.355593
2025-02-05,23.5,84.5,32.09439
2025-02-05,24.5,80.5,27.667624
2025-02-05,24.5,81.5,28.14996
2025-02-05,24.5,82.5,29.479084
2025-02-05,24.5,83.5,29.564558
2025-02-05,24.5,84.5,29.792583
2025-02-06,18.0,80.5,33.533928
2025-02-06,18.0,81.5,33.355568
2025-02-06,18.0,82.5,32.740826
2025-02-06,18.0,83.5,32.430893
2025-02-06,18.0,84.5,
2025-02-06,18.5,80.5,33.39292
2025-02-06,18.5,81.5,33.062958
2025-02-06,18.5,82.5,33.212273
2025-02-06,18.5,83.5,32.895008
2025-02-06,18.5,84.5,33.003155
2025-02-06,19.5,80.5,31.885601
2025-02-06,19.5,81.5,33.50615
2025-02-06,19.5,82.5,32.938725
2025-02-06,19.5,83.5,33.180077
2025-02-06,19.5,84.5,33.036022
2025-02-06,20.5,80.5,30.638338
2025-02-06,20.5,81.5,31.414326
2025-02-06,20.5,82.5,33.719646
2025-02-06,20.5,83.5,33.638073
2025-02-06,20.5,84.5,32.97144
2025-02-06,21.5,80.5,28.366291
2025-02-06,21.5,81.5,30.257565
2025-02-06,21.5,82.5,31.014303
2025-02-06,21.5,83.5,32.538593
2025-02-06,21.5,84.5,31.450678
2025-02-06,22.5,80.5,26.601492
2025-02-06,22.5,81.5,28.872362
2025-02-06,22.5,82.5,28.848616
2025-02-06,22.5,83.5,29.853815
2025-02-06,22.5,84.5,30.404781
2025-02-06,23.5,80.5,25.49844
2025-02-06,23.5,81.5,25.709251
2025-02-06,23.5,82.5,27.802599
2025-02-06,23.5,83.5,28.856668
2025-02-06,23.5,84.5,29.185272
2025-02-06,24.5,80.5,25.55864
2025-02-06,24.5,81.5,25.455488
2025-02-06,24.5,82.5,26.4496
2025-02-06,24.5,83.5,26.668535
2025-02-06,24.5,84.5,26.805508
2025-02-07,18.0,80.5,33.261654
2025-02-07,18.0,81.5,32.553493
2025-02-07,18.0,82.5,31.740705
2025-02-07,18.0,83.5,31.320662
2025-02-07,18.0,84.5,
2025-02-07,18.5,80.5,33.005726
2025-02-07,18.5,81.5,32.073994
2025-02-07,18.5,82.5,31.911499
2025-02-07,18.5,83.5,31.426466
2025-02-07,18.5,84.5,31.273123
2025-02-07,19.5,80.5,32.1985
2025-02-07,19.5,81.5,32.37073
2025-02-07,19.5,82.5,31.807201
2025-02-07,19.5,83.5,32.13454
2025-02-07,19.5,84.5,31.558905
2025-02-07,20.5,80.5,30.826416
2025-02-07,20.5,81.5,31.085236
2025-02-07,20.5,82.5,32.150032
2025-02-07,20.5,83.5,31.902979
2025-02-07,20.5,84.5,31.860756
2025-02-07,21.5,80.5,28.754683
2025-02-07,21.5,81.5,30.219767
2025-02-07,21.5,82.5,30.965689
2025-02-07,21.5,83.5,31.529547
2025-02-07,21.5,84.5,31.093838
2025-02-07,22.5,80.5,27.396921
2025-02-07,22.5,81.5,29.00327
2025-02-07,22.5,82.5,29.080265
2025-02-07,22.5,83.5,29.798183
2025-02-07,22.5,84.5,30.543486
2025-02-07,23.5,80.5,26.532778
2025-02-07,23.5,81.5,26.093067
2025-02-07,23.5,82.5,27.286514
2025-02-07,23.5,83.5,28.41618
2025-02-07,23.5,84.5,29.64707
2025-02-07,24.5,80.5,25.667797
2025-02-07,24.5,81.5,25.455688
2025-02-07,24.5,82.5,25.648453
2025-02-07,24.5,83.5,25.73948
2025-02-07,24.5,84.5,26.708382
2025-02-08,18.0,80.5,33.48381
2025-02-08,18.0,81.5,32.56159
2025-02-08,18.0,82.5,31.4326
2025-02-08,18.0,83.5,30.918358
2025-02-08,18.0,84.5,
2025-02-08,18.5,80.5,33.301586
2025-02-08,18.5,81.5,32.12562
2025-02-08,18.5,82.5,31.647146
2025-02-08,18.5,83.5,30.999512
2025-02-08,18.5,84.5,30.989353
2025-02-08,19.5,80.5,33.304688
2025-02-08,19.5,81.5,32.798615
2025-02-08,19.5,82.5,31.840376
2025-02-08,19.5,83.5,31.812653
2025-02-08,19.5,84.5,31.599379
2025-02-08,20.5,80.5,32.118706
2025-02-08,20.5,81.5,32.233387
2025-02-08,20.5,82.5,32.48677
2025-02-08,20.5,83.5,32.18468
2025-02-08,20.5,84.5,31.754444
2025-02-08,21.5,80.5,30.832153
2025-02-08,21.5,81.5,31.645939
2025-02-08,21.5,82.5,31.9249
2025-02-08,21.5,83.5,31.525667
2025-02-08,21.5,84.5,30.99531
2025-02-08,22.5,80.5,29.291515
2025-02-08,22.5,81.5,30.246984
2025-02-08,22.5,82.5,29.961037
2025-02-08,22.5,83.5,29.790598
2025-02-08,22.5,84.5,30.121016
2025-02-08,23.5,80.5,28.06331
2025-02-08,23.5,81.5,27.261398
2025-02-08,23.5,82.5,28.512169
2025-02-08,23.5,83.5,29.099073
2025-02-08,23.5,84.5,29.646996
2025-02-08,24.5,80.5,27.66068
2025-02-08,24.5,81.5,26.908688
2025-02-08,24.5,82.5,26.61313
2025-02-08,24.5,83.5,26.010698
2025-02-08,24.5,84.5,26.418627
2025-02-09,18.0,80.5,32.932762
2025-02-09,18.0,81.5,32.043022
2025-02-09,18.0,82.5,31.173666
2025-02-09,18.0,83.5,30.748434
2025-02-09,18.0,84.5,
2025-02-09,18.5,80.5,32.962692
2025-02-09,18.5,81.5,32.03761
2025-02-09,18.5,82.5,31.644276
2025-02-09,18.5,83.5,31.057415
2025-02-09,18.5,84.5,31.399408
2025-02-09,19.5,80.5,33.752632
2025-02-09,19.5,81.5,32.897873
2025-02-09,19.5,82.5,31.937231
2025-02-09,19.5,83.5,31.924152
2025-02-09,19.5,84.5,31.940672
2025-02-09,20.5,80.5,33.322987
2025-02-09,20.5,81.5,33.523106
2025-02-09,20.5,82.5,33.274387
2025-02-09,20.5,83.5,32.931557
2025-02-09,20.5,84.5,32.137802
2025-02-09,21.5,80.5,32.813484
2025-02-09,21.5,81.5,33.418907
2025-02-09,21.5,82.5,33.7574
2025-02-09,21.5,83.5,32.714397
2025-02-09,21.5,84.5,31.843458
2025-02-09,22.5,80.5,31.667763
2025-02-09,22.5,81.5,32.292835
2025-02-09,22.5,82.5,31.884016
2025-02-09,22.5,83.5,31.326515
2025-02-09,22.5,84.5,31.414978
2025-02-09,23.5,80.5,30.662626
2025-02-09,23.5,81.5,29.911293
2025-02-09,23.5,82.5,30.739983
2025-02-09,23.5,83.5,31.230907
2025-02-09,23.5,84.5,31.077574
2025-02-09,24.5,80.5,29.875675
2025-02-09,24.5,81.5,29.691849
2025-02-09,24.5,82.5,29.215382
2025-02-09,24.5,83.5,28.391737
2025-02-09,24.5,84.5,28.380648
2025-02-10,18.0,80.5,32.627514
2025-02-10,18.0,81.5,32.052155
2025-02-10,18.0,82.5,31.587412
2025-02-10,18.0,83.5,31.451612
2025-02-10,18.0,84.5,
2025-02-10,18.5,80.5,32.860287
2025-02-10,18.5,81.5,32.4634
2025-02-10,18.5,82.5,32.05935
2025-02-10,18.5,83.5,31.973146
2025-02-10,18.5,84.5,32.47075
2025-02-10,19.5,80.5,34.010063
2025-02-10,19.5,81.5,33.28727
2025-02-10,19.5,82.5,32.75312
2025-02-10,19.5,83.5,33.052895
2025-02-10,19.5,84.5,33.2356
2025-02-10,20.5,80.5,33.7726
2025-02-10,20.5,81.5,34.357563
2025-02-10,20.5,82.5,34.59868
2025-02-10,20.5,83.5,34.26655
2025-02-10,20.5,84.5,33.41775
2025-02-10,21.5,80.5,33.09634
2025-02-10,21.5,81.5,34.406776
2025-02-10,21.5,82.5,35.16441
2025-02-10,21.5,83.5,34.497757
2025-02-10,21.5,84.5,33.62013
2025-02-10,22.5,80.5,32.3534
2025-02-10,22.5,81.5,33.320164
2025-02-10,22.5,82.5,33.581566
2025-02-10,22.5,83.5,33.213745
2025-02-10,22.5,84.5,33.363106
2025-02-10,23.5,80.5,31.613829
2025-02-10,23.5,81.5,31.213263
2025-02-10,23.5,82.5,32.117855
2025-02-10,23.5,83.5,32.359913
2025-02-10,23.5,84.5,32.497215
2025-02-10,24.5,80.5,31.031425
2025-02-10,24.5,81.5,30.697973
2025-02-10,24.5,82.5,30.304228
2025-02-10,24.5,83.5,29.837114
2025-02-10,24.5,84.5,29.826382
2025-02-11,18.0,80.5,32.985443
2025-02-11,18.0,81.5,32.188847
2025-02-11,18.0,82.5,31.591324
2025-02-11,18.0,83.5,31.712559
2025-02-11,18.0,84.5,
2025-02-11,18.5,80.5,33.28464
2025-02-11,18.5,81.5,32.25309
2025-02-11,18.5,82.5,31.664335
2025-02-11,18.5,83.5,32.172806
2025-02-11,18.5,84.5,32.74284
2025-02-11,19.5,80.5,33.61805
2025-02-11,19.5,81.5,33.04781
2025-02-11,19.5,82.5,32.73941
2025-02-11,19.5,83.5,33.238213
2025-02-11,19.5,84.5,33.385784
2025-02-11,20.5,80.5,33.73631
2025-02-11,20.5,81.5,34.460743
2025-02-11,20.5,82.5,34.46523
2025-02-11,20.5,83.5,34.515995
2025-02-11,20.5,84.5,33.869614
2025-02-11,21.5,80.5,33.219917
2025-02-11,21.5,81.5,34.6117
2025-02-11,21.5,82.5,35.114708
2025-02-11,21.5,83.5,34.4156
2025-02-11,21.5,84.5,33.74797
2025-02-11,22.5,80.5,32.52494
2025-02-11,22.5,81.5,33.42371
2025-02-11,22.5,82.5,33.33485
2025-02-11,22.5,83.5,33.22114
2025-02-11,22.5,84.5,33.404106
2025-02-11,23.5,80.5,31.897331
2025-02-11,23.5,81.5,31.264866
2025-02-11,23.5,82.5,32.3284
2025-02-11,23.5,83.5,32.527214
2025-02-11,23.5,84.5,32.65061
2025-02-11,24.5,80.5,31.382246
2025-02-11,24.5,81.5,30.835104
2025-02-11,24.5,82.5,30.33045
2025-02-11,24.5,83.5,29.598536
2025-02-11,24.5,84.5,29.642963
2025-02-12,18.0,80.5,33.925293
2025-02-12,18.0,81.5,33.465813
2025-02-12,18.0,82.5,32.98781
2025-02-12,18.0,83.5,32.931408
2025-02-12,18.0,84.5,
2025-02-12,18.5,80.5,34.172565
2025-02-12,18.5,81.5,33.573826
2025-02-12,18.5,82.5,33.09082
2025-02-12,18.5,83.5,33.278557
2025-02-12,18.5,84.5,34.005554
2025-02-12,19.5,80.5,34.264164
2025-02-12,19.5,81.5,34.388573
2025-02-12,19.5,82.5,33.9091
2025-02-12,19.5,83.5,34.378468
2025-02-12,19.5,84.5,34.5148
2025-02-12,20.5,80.5,34.464657
2025-02-12,20.5,81.5,34.697838
2025-02-12,20.5,82.5,35.22404
2025-02-12,20.5,83.5,35.01454
2025-02-12,20.5,84.5,34.59526
2025-02-12,21.5,80.5,33.117954
2025-02-12,21.5,81.5,34.60551
2025-02-12,21.5,82.5,35.148304
2025-02-12,21.5,83.5,35.049755
2025-02-12,21.5,84.5,34.623833
2025-02-12,22.5,80.5,32.34372
2025-02-12,22.5,81.5,33.44064
2025-02-12,22.5,82.5,33.58879
2025-02-12,22.5,83.5,33.55881
2025-02-12,22.5,84.5,33.978134
2025-02-12,23.5,80.5,31.584534
2025-02-12,23.5,81.5,31.35484
2025-02-12,23.5,82.5,32.535168
2025-02-12,23.5,83.5,33.07405
2025-02-12,23.5,84.5,33.32607
2025-02-12,24.5,80.5,31.257668
2025-02-12,24.5,81.5,30.97747
2025-02-12,24.5,82.5,31.388103
2025-02-12,24.5,83.5,31.217386
2025-02-12,24.5,84.5,30.95807
2025-02-13,18.0,80.5,34.0751
2025-02-13,18.0,81.5,33.53177
2025-02-13,18.0,82.5,33.058422
2025-02-13,18.0,83.5,32.92193
2025-02-13,18.0,84.5,
2025-02-13,18.5,80.5,33.782963
2025-02-13,18.5,81.5,33.238586
2025-02-13,18.5,82.5,32.84784
2025-02-13,18.5,83.5,33.106598
2025-02-13,18.5,84.5,33.58967
2025-02-13,19.5,80.5,32.71462
2025-02-13,19.5,81.5,33.487087
2025-02-13,19.5,82.5,32.920692
2025-02-13,19.5,83.5,33.910736
2025-02-13,19.5,84.5,34.03446
2025-02-13,20.5,80.5,31.906134
2025-02-13,20.5,81.5,31.597239
2025-02-13,20.5,82.5,33.449024
2025-02-13,20.5,83.5,33.63913
2025-02-13,20.5,84.5,34.190174
2025-02-13,21.5,80.5,29.662853
2025-02-13,21.5,81.5,31.17872
2025-02-13,21.5,82.5,31.433432
2025-02-13,21.5,83.5,32.719868
2025-02-13,21.5,84.5,33.10689
2025-02-13,22.5,80.5,28.197083
2025-02-13,22.5,81.5,29.771183
2025-02-13,22.5,82.5,30.004335
2025-02-13,22.5,83.5,30.490086
2025-02-13,22.5,84.5,31.377216
2025-02-13,23.5,80.5,27.38054
2025-02-13,23.5,81.5,26.950964
2025-02-13,23.5,82.5,28.796402
2025-02-13,23.5,83.5,29.477678
2025-02-13,23.5,84.5,30.705976
2025-02-13,24.5,80.5,27.477592
2025-02-13,24.5,81.5,26.937037
2025-02-13,24.5,82.5,27.222101
2025-02-13,24.5,83.5,27.055893
2025-02-13,24.5,84.5,27.786205
2025-02-14,18.0,80.5,33.782516
2025-02-14,18.0,81.5,32.987747
2025-02-14,18.0,82.5,32.51909
2025-02-14,18.0,83.5,31.996965
2025-02-14,18.0,84.5,
2025-02-14,18.5,80.5,33.62012
2025-02-14,18.5,81.5,33.01781
2025-02-14,18.5,82.5,32.117172
2025-02-14,18.5,83.5,32.16623
2025-02-14,18.5,84.5,32.107735
2025-02-14,19.5,80.5,32.956604
2025-02-14,19.5,81.5,33.094044
2025-02-14,19.5,82.5,31.844425
2025-02-14,19.5,83.5,32.124477
2025-02-14,19.5,84.5,32.05607
2025-02-14,20.5,80.5,32.6283
2025-02-14,20.5,81.5,31.931656
2025-02-14,20.5,82.5,32.620445
2025-02-14,20.5,83.5,32.600204
2025-02-14,20.5,84.5,32.110725
2025-02-14,21.5,80.5,30.642326
2025-02-14,21.5,81.5,31.801287
2025-02-14,21.5,82.5,31.952885
2025-02-14,21.5,83.5,32.07644
2025-02-14,21.5,84.5,31.783602
2025-02-14,22.5,80.5,29.563154
2025-02-14,22.5,81.5,30.499327
2025-02-14,22.5,82.5,30.399458
2025-02-14,22.5,83.5,30.385445
2025-02-14,22.5,84.5,30.868797
2025-02-14,23.5,80.5,28.644941
2025-02-14,23.5,81.5,27.825676
2025-02-14,23.5,82.5,29.455345
2025-02-14,23.5,83.5,29.99017
2025-02-14,23.5,84.5,30.445839
2025-02-14,24.5,80.5,28.693144
2025-02-14,24.5,81.5,27.709099
2025-02-14,24.5,82.5,27.976591
2025-02-14,24.5,83.5,27.553904
2025-02-14,24.5,84.5,27.651804
2025-02-15,18.0,80.5,33.57299
2025-02-15,18.0,81.5,32.427967
2025-02-15,18.0,82.5,31.611311
2025-02-15,18.0,83.5,31.458223
2025-02-15,18.0,84.5,
2025-02-15,18.5,80.5,33.599197
2025-02-15,18.5,81.5,32.301235
2025-02-15,18.5,82.5,31.540014
2025-02-15,18.5,83.5,31.588451
2025-02-15,18.5,84.5,31.987106
2025-02-15,19.5,80.5,33.76675
2025-02-15,19.5,81.5,33.017887
2025-02-15,19.5,82.5,31.874039
2025-02-15,19.5,83.5,32.265514
2025-02-15,19.5,84.5,32.445217
2025-02-15,20.5,80.5,33.90464
2025-02-15,20.5,81.5,33.423775
2025-02-15,20.5,82.5,33.621567
2025-02-15,20.5,83.5,33.499775
2025-02-15,20.5,84.5,32.893345
2025-02-15,21.5,80.5,32.98044
2025-02-15,21.5,81.5,33.746506
2025-02-15,21.5,82.5,34.19393
2025-02-15,21.5,83.5,33.62829
2025-02-15,21.5,84.5,33.151573
2025-02-15,22.5,80.5,32.04936
2025-02-15,22.5,81.5,32.68305
2025-02-15,22.5,82.5,32.82333
2025-02-15,22.5,83.5,32.154808
2025-02-15,22.5,84.5,32.339012
2025-02-15,23.5,80.5,31.744732
2025-02-15,23.5,81.5,31.179363
2025-02-15,23.5,82.5,32.14602
2025-02-15,23.5,83.5,32.187027
2025-02-15,23.5,84.5,31.594221
2025-02-15,24.5,80.5,32.14526
2025-02-15,24.5,81.5,31.254015
2025-02-15,24.5,82.5,30.330547
2025-02-15,24.5,83.5,29.456118
2025-02-15,24.5,84.5,29.363636
2025-02-16,18.0,80.5,34.11467
2025-02-16,18.0,81.5,33.30291
2025-02-16,18.0,82.5,32.687965
2025-02-16,18.0,83.5,32.52424
2025-02-16,18.0,84.5,
2025-02-16,18.5,80.5,34.60888
2025-02-16,18.5,81.5,33.78415
2025-02-16,18.5,82.5,32.779095
2025-02-16,18.5,83.5,33.138565
2025-02-16,18.5,84.5,33.620415
2025-02-16,19.5,80.5,35.19844
2025-02-16,19.5,81.5,34.553375
2025-02-16,19.5,82.5,33.76677
2025-02-16,19.5,83.5,34.16067
2025-02-16,19.5,84.5,34.306557
2025-02-16,20.5,80.5,35.614258
2025-02-16,20.5,81.5,35.582626
2025-02-16,20.5,82.5,35.48644
2025-02-16,20.5,83.5,35.31304
2025-02-16,20.5,84.5,34.67309
2025-02-16,21.5,80.5,33.91517
2025-02-16,21.5,81.5,35.73748
2025-02-16,21.5,82.5,35.96593
2025-02-16,21.5,83.5,35.46212
2025-02-16,21.5,84.5,34.718815
2025-02-16,22.5,80.5,33.146748
2025-02-16,22.5,81.5,34.607216
2025-02-16,22.5,82.5,34.50634
2025-02-16,22.5,83.5,34.10648
2025-02-16,22.5,84.5,33.57437
2025-02-16,23.5,80.5,32.546482
2025-02-16,23.5,81.5,32.1507
2025-02-16,23.5,82.5,33.589844
2025-02-16,23.5,83.5,33.816868
2025-02-16,23.5,84.5,33.111652
2025-02-16,24.5,80.5,32.12906
2025-02-16,24.5,81.5,31.853146
2025-02-16,24.5,82.5,31.549295
2025-02-16,24.5,83.5,31.196354
2025-02-16,24.5,84.5,31.300776
2025-02-17,18.0,80.5,33.31854
2025-02-17,18.0,81.5,32.638504
2025-02-17,18.0,82.5,32.164036
2025-02-17,18.0,83.5,32.05514
2025-02-17,18.0,84.5,
2025-02-17,18.5,80.5,33.96421
2025-02-17,18.5,81.5,33.29485
2025-02-17,18.5,82.5,32.213898
2025-02-17,18.5,83.5,32.80632
2025-02-17,18.5,84.5,33.4443
2025-02-17,19.5,80.5,34.4715
2025-02-17,19.5,81.5,33.99534
2025-02-17,19.5,82.5,33.50215
2025-02-17,19.5,83.5,33.970806
2025-02-17,19.5,84.5,34.31329
2025-02-17,20.5,80.5,34.587666
2025-02-17,20.5,81.5,34.776127
2025-02-17,20.5,82.5,35.147804
2025-02-17,20.5,83.5,34.925076
2025-02-17,20.5,84.5,34.480793
2025-02-17,21.5,80.5,33.499676
2025-02-17,21.5,81.5,34.8055
2025-02-17,21.5,82.5,35.122562
2025-02-17,21.5,83.5,34.961456
2025-02-17,21.5,84.5,34.95761
2025-02-17,22.5,80.5,32.747707
2025-02-17,22.5,81.5,33.7014
2025-02-17,22.5,82.5,33.722527
2025-02-17,22.5,83.5,33.594765
2025-02-17,22.5,84.5,33.901474
2025-02-17,23.5,80.5,32.023117
2025-02-17,23.5,81.5,31.418684
2025-02-17,23.5,82.5,32.891724
2025-02-17,23.5,83.5,33.556858
2025-02-17,23.5,84.5,33.615715
2025-02-17,24.5,80.5,31.371008
2025-02-17,24.5,81.5,31.338995
2025-02-17,24.5,82.5,31.475931
2025-02-17,24.5,83.5,31.427668
2025-02-17,24.5,84.5,31.470911
2025-02-18,18.0,80.5,33.56132
2025-02-18,18.0,81.5,32.496334
2025-02-18,18.0,82.5,31.911499
2025-02-18,18.0,83.5,31.780464
2025-02-18,18.0,84.5,
2025-02-18,18.5,80.5,33.984318
2025-02-18,18.5,81.5,32.930595
2025-02-18,18.5,82.5,31.927399
2025-02-18,18.5,83.5,32.410988
2025-02-18,18.5,84.5,33.000492
2025-02-18,19.5,80.5,34.56825
2025-02-18,19.5,81.5,34.112194
2025-02-18,19.5,82.5,33.110756
2025-02-18,19.5,83.5,33.53624
2025-02-18,19.5,84.5,33.762497
2025-02-18,20.5,80.5,34.84575
2025-02-18,20.5,81.5,34.155502
2025-02-18,20.5,82.5,34.646744
2025-02-18,20.5,83.5,34.56087
2025-02-18,20.5,84.5,34.104755
2025-02-18,21.5,80.5,33.696156
2025-02-18,21.5,81.5,34.53107
2025-02-18,21.5,82.5,34.75862
2025-02-18,21.5,83.5,34.47455
2025-02-18,21.5,84.5,34.3824
2025-02-18,22.5,80.5,32.509132
2025-02-18,22.5,81.5,33.41222
2025-02-18,22.5,82.5,33.32339
2025-02-18,22.5,83.5,33.257355
2025-02-18,22.5,84.5,33.003315
2025-02-18,23.5,80.5,31.423386
2025-02-18,23.5,81.5,30.836582
2025-02-18,23.5,82.5,32.6728
2025-02-18,23.5,83.5,33.12611
2025-02-18,23.5,84.5,32.58337
2025-02-18,24.5,80.5,30.387259
2025-02-18,24.5,81.5,30.620413
2025-02-18,24.5,82.5,31.377718
2025-02-18,24.5,83.5,31.03875
2025-02-18,24.5,84.5,30.888805
2025-02-19,18.0,80.5,33.698498
2025-02-19,18.0,81.5,32.787685
2025-02-19,18.0,82.5,32.28777
2025-02-19,18.0,83.5,31.845303
2025-02-19,18.0,84.5,
2025-02-19,18.5,80.5,34.233715
2025-02-19,18.5,81.5,33.333347
2025-02-19,18.5,82.5,32.063583
2025-02-19,18.5,83.5,32.274807
2025-02-19,18.5,84.5,32.912003
2025-02-19,19.5,80.5,34.353035
2025-02-19,19.5,81.5,33.847862
2025-02-19,19.5,82.5,32.877705
2025-02-19,19.5,83.5,33.250767
2025-02-19,19.5,84.5,33.488873
2025-02-19,20.5,80.5,34.41052
2025-02-19,20.5,81.5,33.784515
2025-02-19,20.5,82.5,34.604774
2025-02-19,20.5,83.5,34.205727
2025-02-19,20.5,84.5,33.345802
2025-02-19,21.5,80.5,32.38246
2025-02-19,21.5,81.5,33.83935
2025-02-19,21.5,82.5,34.202526
2025-02-19,21.5,83.5,34.42728
2025-02-19,21.5,84.5,33.922462
2025-02-19,22.5,80.5,31.180435
2025-02-19,22.5,81.5,32.678123
2025-02-19,22.5,82.5,33.17738
2025-02-19,22.5,83.5,33.174526
2025-02-19,22.5,84.5,32.358856
2025-02-19,23.5,80.5,30.364824
2025-02-19,23.5,81.5,30.191023
2025-02-19,23.5,82.5,32.129818
2025-02-19,23.5,83.5,32.836872
2025-02-19,23.5,84.5,32.0772
2025-02-19,24.5,80.5,30.331837
2025-02-19,24.5,81.5,30.483505
2025-02-19,24.5,82.5,30.97156
2025-02-19,24.5,83.5,30.723646
2025-02-19,24.5,84.5,30.635798
2025-02-20,18.0,80.5,33.270744
2025-02-20,18.0,81.5,32.427334
2025-02-20,18.0,82.5,32.04152
2025-02-20,18.0,83.5,31.695549
2025-02-20,18.0,84.5,
2025-02-20,18.5,80.5,33.790592
2025-02-20,18.5,81.5,33.211296
2025-02-20,18.5,82.5,32.05998
2025-02-20,18.5,83.5,32.1985
2025-02-20,18.5,84.5,32.496365
2025-02-20,19.5,80.5,34.532085
2025-02-20,19.5,81.5,34.05413
2025-02-20,19.5,82.5,32.75162
2025-02-20,19.5,83.5,32.968864
2025-02-20,19.5,84.5,32.96179
2025-02-20,20.5,80.5,34.941025
2025-02-20,20.5,81.5,34.300564
2025-02-20,20.5,82.5,34.504093
2025-02-20,20.5,83.5,33.975807
2025-02-20,20.5,84.5,32.923973
2025-02-20,21.5,80.5,33.269054
2025-02-20,21.5,81.5,34.556698
2025-02-20,21.5,82.5,34.446747
2025-02-20,21.5,83.5,33.555058
2025-02-20,21.5,84.5,32.128063
2025-02-20,22.5,80.5,32.401257
2025-02-20,22.5,81.5,33.699215
2025-02-20,22.5,82.5,33.04907
2025-02-20,22.5,83.5,32.28963
2025-02-20,22.5,84.5,31.697357
2025-02-20,23.5,80.5,31.331123
2025-02-20,23.5,81.5,30.908901
2025-02-20,23.5,82.5,32.196407
2025-02-20,23.5,83.5,32.101254
2025-02-20,23.5,84.5,30.53862
2025-02-20,24.5,80.5,30.173199
2025-02-20,24.5,81.5,30.189236
2025-02-20,24.5,82.5,30.92966
2025-02-20,24.5,83.5,29.961042
2025-02-20,24.5,84.5,28.654602
2025-02-21,18.0,80.5,33.246956
2025-02-21,18.0,81.5,32.323643
2025-02-21,18.0,82.5,31.757904
2025-02-21,18.0,83.5,31.484737
2025-02-21,18.0,84.5,
2025-02-21,18.5,80.5,33.952587
2025-02-21,18.5,81.5,32.966194
2025-02-21,18.5,82.5,31.920387
2025-02-21,18.5,83.5,31.856216
2025-02-21,18.5,84.5,32.270195
2025-02-21,19.5,80.5,34.876102
2025-02-21,19.5,81.5,33.92662
2025-02-21,19.5,82.5,32.542355
2025-02-21,19.5,83.5,32.877266
2025-02-21,19.5,84.5,32.90296
2025-02-21,20.5,80.5,35.042606
2025-02-21,20.5,81.5,34.244965
2025-02-21,20.5,82.5,34.463497
2025-02-21,20.5,83.5,34.225746
2025-02-21,20.5,84.5,33.07135
2025-02-21,21.5,80.5,33.51902
2025-02-21,21.5,81.5,34.484013
2025-02-21,21.5,82.5,34.565086
2025-02-21,21.5,83.5,34.166294
2025-02-21,21.5,84.5,32.718544
2025-02-21,22.5,80.5,32.576027
2025-02-21,22.5,81.5,33.751526
2025-02-21,22.5,82.5,33.3834
2025-02-21,22.5,83.5,33.10861
2025-02-21,22.5,84.5,32.131645
2025-02-21,23.5,80.5,31.749294
2025-02-21,23.5,81.5,31.56046
2025-02-21,23.5,82.5,32.72585
2025-02-21,23.5,83.5,32.490376
2025-02-21,23.5,84.5,31.232008
2025-02-21,24.5,80.5,31.26236
2025-02-21,24.5,81.5,31.261177
2025-02-21,24.5,82.5,31.148247
2025-02-21,24.5,83.5,30.341784
2025-02-21,24.5,84.5,29.644772
2025-02-22,18.0,80.5,33.540783
2025-02-22,18.0,81.5,32.64615
2025-02-22,18.0,82.5,32.18825
2025-02-22,18.0,83.5,32.0808
2025-02-22,18.0,84.5,
2025-02-22,18.5,80.5,33.952618
2025-02-22,18.5,81.5,33.339268
2025-02-22,18.5,82.5,32.44486
2025-02-22,18.5,83.5,32.531265
2025-02-22,18.5,84.5,32.940643
2025-02-22,19.5,80.5,33.920113
2025-02-22,19.5,81.5,34.137207
2025-02-22,19.5,82.5,33.164864
2025-02-22,19.5,83.5,33.44761
2025-02-22,19.5,84.5,33.491875
2025-02-22,20.5,80.5,33.56655
2025-02-22,20.5,81.5,33.32322
2025-02-22,20.5,82.5,34.859463
2025-02-22,20.5,83.5,34.37035
2025-02-22,20.5,84.5,33.486683
2025-02-22,21.5,80.5,31.310808
2025-02-22,21.5,81.5,33.144287
2025-02-22,21.5,82.5,33.771523
2025-02-22,21.5,83.5,34.32617
2025-02-22,21.5,84.5,32.901337
2025-02-22,22.5,80.5,30.123428
2025-02-22,22.5,81.5,31.990871
2025-02-22,22.5,82.5,32.634907
2025-02-22,22.5,83.5,32.83472
2025-02-22,22.5,84.5,32.166435
2025-02-22,23.5,80.5,28.969212
2025-02-22,23.5,81.5,29.00197
2025-02-22,23.5,82.5,31.430094
2025-02-22,23.5,83.5,31.559778
2025-02-22,23.5,84.5,31.06368
2025-02-22,24.5,80.5,28.837374
2025-02-22,24.5,81.5,28.925053
2025-02-22,24.5,82.5,29.659246
2025-02-22,24.5,83.5,29.723312
2025-02-22,24.5,84.5,29.724665
2025-02-23,18.0,80.5,33.691692
2025-02-23,18.0,81.5,33.293045
2025-02-23,18.0,82.5,32.738102
2025-02-23,18.0,83.5,32.65916
2025-02-23,18.0,84.5,
2025-02-23,18.5,80.5,33.843994
2025-02-23,18.5,81.5,33.210766
2025-02-23,18.5,82.5,32.734737
2025-02-23,18.5,83.5,32.99103
2025-02-23,18.5,84.5,33.370285
2025-02-23,19.5,80.5,33.334534
2025-02-23,19.5,81.5,33.816982
2025-02-23,19.5,82.5,32.907497
2025-02-23,19.5,83.5,33.675156
2025-02-23,19.5,84.5,33.624783
2025-02-23,20.5,80.5,32.94147
2025-02-23,20.5,81.5,32.396427
2025-02-23,20.5,82.5,34.241283
2025-02-23,20.5,83.5,34.174477
2025-02-23,20.5,84.5,33.548462
2025-02-23,21.5,80.5,31.405563
2025-02-23,21.5,81.5,32.218254
2025-02-23,21.5,82.5,32.625298
2025-02-23,21.5,83.5,33.363243
2025-02-23,21.5,84.5,32.17671
2025-02-23,22.5,80.5,30.215397
2025-02-23,22.5,81.5,31.194403
2025-02-23,22.5,82.5,31.16141
2025-02-23,22.5,83.5,31.274052
2025-02-23,22.5,84.5,30.543526
2025-02-23,23.5,80.5,29.03843
2025-02-23,23.5,81.5,28.54696
2025-02-23,23.5,82.5,30.20315
2025-02-23,23.5,83.5,30.19505
2025-02-23,23.5,84.5,29.84352
2025-02-23,24.5,80.5,28.447124
2025-02-23,24.5,81.5,28.038834
2025-02-23,24.5,82.5,28.516552
2025-02-23,24.5,83.5,28.145159
2025-02-23,24.5,84.5,28.500755
2025-02-24,18.0,80.5,33.391792
2025-02-24,18.0,81.5,32.72235
2025-02-24,18.0,82.5,31.818487
2025-02-24,18.0,83.5,31.308313
2025-02-24,18.0,84.5,
2025-02-24,18.5,80.5,33.877377
2025-02-24,18.5,81.5,33.073776
2025-02-24,18.5,82.5,31.848831
2025-02-24,18.5,83.5,31.838861
2025-02-24,18.5,84.5,31.990583
2025-02-24,19.5,80.5,33.905926
2025-02-24,19.5,81.5,33.255558
2025-02-24,19.5,82.5,32.399677
2025-02-24,19.5,83.5,32.735332
2025-02-24,19.5,84.5,32.645138
2025-02-24,20.5,80.5,33.352257
2025-02-24,20.5,81.5,33.088413
2025-02-24,20.5,82.5,33.921097
2025-02-24,20.5,83.5,33.723885
2025-02-24,20.5,84.5,32.695454
2025-02-24,21.5,80.5,31.743444
2025-02-24,21.5,81.5,33.014206
2025-02-24,21.5,82.5,33.102062
2025-02-24,21.5,83.5,33.28263
2025-02-24,21.5,84.5,32.06495
2025-02-24,22.5,80.5,30.563997
2025-02-24,22.5,81.5,31.965734
2025-02-24,22.5,82.5,31.736952
2025-02-24,22.5,83.5,31.839483
2025-02-24,22.5,84.5,30.96373
2025-02-24,23.5,80.5,29.570324
2025-02-24,23.5,81.5,29.110023
2025-02-24,23.5,82.5,30.82822
2025-02-24,23.5,83.5,31.062386
2025-02-24,23.5,84.5,30.595968
2025-02-24,24.5,80.5,29.156757
2025-02-24,24.5,81.5,28.976002
2025-02-24,24.5,82.5,29.187616
2025-02-24,24.5,83.5,28.855755
2025-02-24,24.5,84.5,29.050516
2025-02-25,18.0,80.5,32.907143
2025-02-25,18.0,81.5,32.12726
2025-02-25,18.0,82.5,31.495712
2025-02-25,18.0,83.5,31.848524
2025-02-25,18.0,84.5,
2025-02-25,18.5,80.5,33.199097
2025-02-25,18.5,81.5,32.54392
2025-02-25,18.5,82.5,32.001663
2025-02-25,18.5,83.5,32.517437
2025-02-25,18.5,84.5,32.765396
2025-02-25,19.5,80.5,33.332146
2025-02-25,19.5,81.5,33.43567
2025-02-25,19.5,82.5,32.568913
2025-02-25,19.5,83.5,33.29385
2025-02-25,19.5,84.5,33.34777
2025-02-25,20.5,80.5,33.098328
2025-02-25,20.5,81.5,33.252457
2025-02-25,20.5,82.5,34.615486
2025-02-25,20.5,83.5,34.52651
2025-02-25,20.5,84.5,33.53643
2025-02-25,21.5,80.5,31.802643
2025-02-25,21.5,81.5,32.867348
2025-02-25,21.5,82.5,33.559853
2025-02-25,21.5,83.5,34.219162
2025-02-25,21.5,84.5,32.996483
2025-02-25,22.5,80.5,30.99668
2025-02-25,22.5,81.5,31.914612
2025-02-25,22.5,82.5,31.966211
2025-02-25,22.5,83.5,31.780386
2025-02-25,22.5,84.5,31.924269
2025-02-25,23.5,80.5,29.958494
2025-02-25,23.5,81.5,29.26241
2025-02-25,23.5,82.5,31.006453
2025-02-25,23.5,83.5,31.130745
2025-02-25,23.5,84.5,31.185406
2025-02-25,24.5,80.5,29.86736
2025-02-25,24.5,81.5,29.334064
2025-02-25,24.5,82.5,29.169834
2025-02-25,24.5,83.5,28.964458
2025-02-25,24.5,84.5,28.606234
2025-02-26,18.0,80.5,32.86956
2025-02-26,18.0,81.5,32.147194
2025-02-26,18.0,82.5,31.54035
2025-02-26,18.0,83.5,31.749355
2025-02-26,18.0,84.5,
2025-02-26,18.5,80.5,33.331364
2025-02-26,18.5,81.5,32.7075
2025-02-26,18.5,82.5,32.04473
2025-02-26,18.5,83.5,32.34223
2025-02-26,18.5,84.5,32.680252
2025-02-26,19.5,80.5,33.93186
2025-02-26,19.5,81.5,33.825443
2025-02-26,19.5,82.5,32.78816
2025-02-26,19.5,83.5,33.26144
2025-02-26,19.5,84.5,33.37494
2025-02-26,20.5,80.5,33.94161
2025-02-26,20.5,81.5,33.710995
2025-02-26,20.5,82.5,34.545288
2025-02-26,20.5,83.5,34.236668
2025-02-26,20.5,84.5,33.584164
2025-02-26,21.5,80.5,32.63412
2025-02-26,21.5,81.5,33.2546
2025-02-26,21.5,82.5,33.83555
2025-02-26,21.5,83.5,33.933937
2025-02-26,21.5,84.5,32.886482
2025-02-26,22.5,80.5,31.352299
2025-02-26,22.5,81.5,32.24884
2025-02-26,22.5,82.5,31.937551
2025-02-26,22.5,83.5,31.629599
2025-02-26,22.5,84.5,31.49208
2025-02-26,23.5,80.5,30.56354
2025-02-26,23.5,81.5,29.797323
2025-02-26,23.5,82.5,30.929707
2025-02-26,23.5,83.5,30.872025
2025-02-26,23.5,84.5,30.343107
2025-02-26,24.5,80.5,30.352188
2025-02-26,24.5,81.5,29.885937
2025-02-26,24.5,82.5,29.130632
2025-02-26,24.5,83.5,28.634258
2025-02-26,24.5,84.5,28.064205
2025-02-27,18.0,80.5,32.918205
2025-02-27,18.0,81.5,31.956512
2025-02-27,18.0,82.5,31.44086
2025-02-27,18.0,83.5,31.918957
2025-02-27,18.0,84.5,
2025-02-27,18.5,80.5,33.356075
2025-02-27,18.5,81.5,32.72051
2025-02-27,18.5,82.5,32.167896
2025-02-27,18.5,83.5,32.62863
2025-02-27,18.5,84.5,33.15652
2025-02-27,19.5,80.5,34.286324
2025-02-27,19.5,81.5,34.07621
2025-02-27,19.5,82.5,33.067245
2025-02-27,19.5,83.5,33.69719
2025-02-27,19.5,84.5,33.893726
2025-02-27,20.5,80.5,34.63589
2025-02-27,20.5,81.5,34.556213
2025-02-27,20.5,82.5,35.2961
2025-02-27,20.5,83.5,35.23115
2025-02-27,20.5,84.5,34.21468
2025-02-27,21.5,80.5,33.740158
2025-02-27,21.5,81.5,34.410244
2025-02-27,21.5,82.5,35.45279
2025-02-27,21.5,83.5,35.20295
2025-02-27,21.5,84.5,33.398518
2025-02-27,22.5,80.5,33.17432
2025-02-27,22.5,81.5,33.778202
2025-02-27,22.5,82.5,33.760773
2025-02-27,22.5,83.5,33.25993
2025-02-27,22.5,84.5,32.10648
2025-02-27,23.5,80.5,32.964565
2025-02-27,23.5,81.5,32.194683
2025-02-27,23.5,82.5,32.953503
2025-02-27,23.5,83.5,32.295162
2025-02-27,23.5,84.5,30.721022
2025-02-27,24.5,80.5,32.972435
2025-02-27,24.5,81.5,32.45164
2025-02-27,24.5,82.5,30.931961
2025-02-27,24.5,83.5,29.655155
2025-02-27,24.5,84.5,29.192553
2025-02-28,18.0,80.5,33.23042
2025-02-28,18.0,81.5,32.63889
2025-02-28,18.0,82.5,32.18807
2025-02-28,18.0,83.5,32.771584
2025-02-28,18.0,84.5,
2025-02-28,18.5,80.5,33.973442
2025-02-28,18.5,81.5,33.52073
2025-02-28,18.5,82.5,32.933952
2025-02-28,18.5,83.5,33.64866
2025-02-28,18.5,84.5,34.059017
2025-02-28,19.5,80.5,34.930832
2025-02-28,19.5,81.5,35.039425
2025-02-28,19.5,82.5,34.024223
2025-02-28,19.5,83.5,34.806656
2025-02-28,19.5,84.5,34.95863
2025-02-28,20.5,80.5,35.4988
2025-02-28,20.5,81.5,35.59476
2025-02-28,20.5,82.5,36.36349
2025-02-28,20.5,83.5,36.43034
2025-02-28,20.5,84.5,35.415695
2025-02-28,21.5,80.5,34.468315
2025-02-28,21.5,81.5,35.502937
2025-02-28,21.5,82.5,36.486416
2025-02-28,21.5,83.5,36.352135
2025-02-28,21.5,84.5,34.542294
2025-02-28,22.5,80.5,33.931602
2025-02-28,22.5,81.5,34.683857
2025-02-28,22.5,82.5,34.925392
2025-02-28,22.5,83.5,34.4601
2025-02-28,22.5,84.5,33.351173
2025-02-28,23.5,80.5,32.969578
2025-02-28,23.5,81.5,32.258724
2025-02-28,23.5,82.5,33.311268
2025-02-28,23.5,83.5,33.074562
2025-02-28,23.5,84.5,32.047585
2025-02-28,24.5,80.5,33.0418
2025-02-28,24.5,81.5,32.531887
2025-02-28,24.5,82.5,31.266346
2025-02-28,24.5,83.5,30.211115
2025-02-28,24.5,84.5,30.487347
2025-03-01,18.0,80.5,33.672935
2025-03-01,18.0,81.5,33.28885
2025-03-01,18.0,82.5,32.962715
2025-03-01,18.0,83.5,33.37463
2025-03-01,18.0,84.5,
2025-03-01,18.5,80.5,34.42683
2025-03-01,18.5,81.5,34.10408
2025-03-01,18.5,82.5,33.6667
2025-03-01,18.5,83.5,34.284542
2025-03-01,18.5,84.5,34.935036
2025-03-01,19.5,80.5,35.60172
2025-03-01,19.5,81.5,35.86116
2025-03-01,19.5,82.5,35.058952
2025-03-01,19.5,83.5,35.59351
2025-03-01,19.5,84.5,35.93907
2025-03-01,20.5,80.5,36.359215
2025-03-01,20.5,81.5,36.676003
2025-03-01,20.5,82.5,37.078968
2025-03-01,20.5,83.5,37.14664
2025-03-01,20.5,84.5,36.507065
2025-03-01,21.5,80.5,35.55495
2025-03-01,21.5,81.5,36.85904
2025-03-01,21.5,82.5,37.226585
2025-03-01,21.5,83.5,36.9935
2025-03-01,21.5,84.5,35.82359
2025-03-01,22.5,80.5,35.14623
2025-03-01,22.5,81.5,35.68309
2025-03-01,22.5,82.5,36.165638
2025-03-01,22.5,83.5,35.612507
2025-03-01,22.5,84.5,34.79409
2025-03-01,23.5,80.5,34.31051
2025-03-01,23.5,81.5,33.988045
2025-03-01,23.5,82.5,33.929153
2025-03-01,23.5,83.5,34.95756
2025-03-01,23.5,84.5,34.387238
2025-03-01,24.5,80.5,32.69478
2025-03-01,24.5,81.5,32.829582
2025-03-01,24.5,82.5,33.407978
2025-03-01,24.5,83.5,32.81535
2025-03-01,24.5,84.5,33.290573
2025-03-02,18.0,80.5,34.8489
2025-03-02,18.0,81.5,33.53839
2025-03-02,18.0,82.5,33.32472
2025-03-02,18.0,83.5,33.60127
2025-03-02,18.0,84.5,
2025-03-02,18.5,80.5,35.432446
2025-03-02,18.5,81.5,34.4842
2025-03-02,18.5,82.5,33.74449
2025-03-02,18.5,83.5,34.20598
2025-03-02,18.5,84.5,34.7315
2025-03-02,19.5,80.5,35.655552
2025-03-02,19.5,81.5,35.463806
2025-03-02,19.5,82.5,34.272087
2025-03-02,19.5,83.5,35.232555
2025-03-02,19.5,84.5,35.411575
2025-03-02,20.5,80.5,36.182228
2025-03-02,20.5,81.5,35.75545
2025-03-02,20.5,82.5,35.664894
2025-03-02,20.5,83.5,36.12089
2025-03-02,20.5,84.5,35.991306
2025-03-02,21.5,80.5,34.93942
2025-03-02,21.5,81.5,35.453457
2025-03-02,21.5,82.5,35.81618
2025-03-02,21.5,83.5,35.994675
2025-03-02,21.5,84.5,35.41666
2025-03-02,22.5,80.5,33.994488
2025-03-02,22.5,81.5,34.29893
2025-03-02,22.5,82.5,34.37039
2025-03-02,22.5,83.5,34.428303
2025-03-02,22.5,84.5,34.510006
2025-03-02,23.5,80.5,32.626396
2025-03-02,23.5,81.5,32.443665
2025-03-02,23.5,82.5,32.723766
2025-03-02,23.5,83.5,33.602158
2025-03-02,23.5,84.5,34.096237
2025-03-02,24.5,80.5,31.95884
2025-03-02,24.5,81.5,32.106903
2025-03-02,24.5,82.5,32.58929
2025-03-02,24.5,83.5,32.236904
2025-03-02,24.5,84.5,32.96749
2025-03-03,18.0,80.5,35.553284
2025-03-03,18.0,81.5,34.419273
2025-03-03,18.0,82.5,34.12535
2025-03-03,18.0,83.5,33.531723
2025-03-03,18.0,84.5,
2025-03-03,18.5,80.5,36.166264
2025-03-03,18.5,81.5,35.12211
2025-03-03,18.5,82.5,34.10115
2025-03-03,18.5,83.5,34.176888
2025-03-03,18.5,84.5,34.441105
2025-03-03,19.5,80.5,36.254612
2025-03-03,19.5,81.5,35.93843
2025-03-03,19.5,82.5,34.972492
2025-03-03,19.5,83.5,35.212055
2025-03-03,19.5,84.5,35.149467
2025-03-03,20.5,80.5,36.247707
2025-03-03,20.5,81.5,35.50538
2025-03-03,20.5,82.5,35.700275
2025-03-03,20.5,83.5,35.554565
2025-03-03,20.5,84.5,35.406548
2025-03-03,21.5,80.5,33.988827
2025-03-03,21.5,81.5,34.8687
2025-03-03,21.5,82.5,34.673363
2025-03-03,21.5,83.5,34.871357
2025-03-03,21.5,84.5,34.69054
2025-03-03,22.5,80.5,32.501396
2025-03-03,22.5,81.5,33.5899
2025-03-03,22.5,82.5,33.37916
2025-03-03,22.5,83.5,33.185448
2025-03-03,22.5,84.5,33.78938
2025-03-03,23.5,80.5,31.253723
2025-03-03,23.5,81.5,31.092413
2025-03-03,23.5,82.5,31.769686
2025-03-03,23.5,83.5,32.359867
2025-03-03,23.5,84.5,33.05558
2025-03-03,24.5,80.5,30.621964
2025-03-03,24.5,81.5,30.671097
2025-03-03,24.5,82.5,30.854101
2025-03-03,24.5,83.5,30.84591
2025-03-03,24.5,84.5,31.294449
2025-03-04,18.0,80.5,36.467022
2025-03-04,18.0,81.5,34.96994
2025-03-04,18.0,82.5,34.32676
2025-03-04,18.0,83.5,34.146553
2025-03-04,18.0,84.5,
2025-03-04,18.5,80.5,37.10882
2025-03-04,18.5,81.5,35.544594
2025-03-04,18.5,82.5,34.438972
2025-03-04,18.5,83.5,34.53648
2025-03-04,18.5,84.5,34.662045
2025-03-04,19.5,80.5,36.56234
2025-03-04,19.5,81.5,36.174973
2025-03-04,19.5,82.5,34.862972
2025-03-04,19.5,83.5,35.38378
2025-03-04,19.5,84.5,35.403004
2025-03-04,20.5,80.5,36.460526
2025-03-04,20.5,81.5,36.129074
2025-03-04,20.5,82.5,35.8363
2025-03-04,20.5,83.5,36.344337
2025-03-04,20.5,84.5,36.01351
2025-03-04,21.5,80.5,34.61082
2025-03-04,21.5,81.5,35.778656
2025-03-04,21.5,82.5,35.636425
2025-03-04,21.5,83.5,36.02947
2025-03-04,21.5,84.5,35.811817
2025-03-04,22.5,80.5,33.436325
2025-03-04,22.5,81.5,34.435066
2025-03-04,22.5,82.5,34.45202
2025-03-04,22.5,83.5,34.531967
2025-03-04,22.5,84.5,34.89055
2025-03-04,23.5,80.5,32.327404
2025-03-04,23.5,81.5,32.20689
2025-03-04,23.5,82.5,33.206688
2025-03-04,23.5,83.5,33.60139
2025-03-04,23.5,84.5,33.611748
2025-03-04,24.5,80.5,31.946793
2025-03-04,24.5,81.5,31.724564
2025-03-04,24.5,82.5,32.333492
2025-03-04,24.5,83.5,31.91344
2025-03-04,24.5,84.5,31.857798
2025-03-05,18.0,80.5,35.01984
2025-03-05,18.0,81.5,34.15349
2025-03-05,18.0,82.5,34.10717
2025-03-05,18.0,83.5,33.479015
2025-03-05,18.0,84.5,
2025-03-05,18.5,80.5,34.85067
2025-03-05,18.5,81.5,34.411697
2025-03-05,18.5,82.5,33.768867
2025-03-05,18.5,83.5,34.250072
2025-03-05,18.5,84.5,34.225304
2025-03-05,19.5,80.5,34.073402
2025-03-05,19.5,81.5,34.594982
2025-03-05,19.5,82.5,33.95701
2025-03-05,19.5,83.5,34.52303
2025-03-05,19.5,84.5,34.608086
2025-03-05,20.5,80.5,33.053783
2025-03-05,20.5,81.5,32.96413
2025-03-05,20.5,82.5,34.06576
2025-03-05,20.5,83.5,34.413532
2025-03-05,20.5,84.5,34.729286
2025-03-05,21.5,80.5,30.942049
2025-03-05,21.5,81.5,32.539005
2025-03-05,21.5,82.5,32.252068
2025-03-05,21.5,83.5,33.28991
2025-03-05,21.5,84.5,34.23188
2025-03-05,22.5,80.5,29.310434
2025-03-05,22.5,81.5,30.653744
2025-03-05,22.5,82.5,30.4569
2025-03-05,22.5,83.5,30.724567
2025-03-05,22.5,84.5,31.739534
2025-03-05,23.5,80.5,28.324348
2025-03-05,23.5,81.5,27.884623
2025-03-05,23.5,82.5,28.906149
2025-03-05,23.5,83.5,29.575037
2025-03-05,23.5,84.5,30.593172
2025-03-05,24.5,80.5,27.70818
2025-03-05,24.5,81.5,27.28884
2025-03-05,24.5,82.5,27.878433
2025-03-05,24.5,83.5,27.427872
2025-03-05,24.5,84.5,28.510687
2025-03-06,18.0,80.5,34.301247
2025-03-06,18.0,81.5,33.685062
2025-03-06,18.0,82.5,33.060116
2025-03-06,18.0,83.5,32.67574
2025-03-06,18.0,84.5,
2025-03-06,18.5,80.5,34.071075
2025-03-06,18.5,81.5,33.70996
2025-03-06,18.5,82.5,32.470207
2025-03-06,18.5,83.5,33.003544
2025-03-06,18.5,84.5,32.878017
2025-03-06,19.5,80.5,33.10474
2025-03-06,19.5,81.5,33.465996
2025-03-06,19.5,82.5,32.682724
2025-03-06,19.5,83.5,33.31441
2025-03-06,19.5,84.5,33.45798
2025-03-06,20.5,80.5,32.876125
2025-03-06,20.5,81.5,32.26915
2025-03-06,20.5,82.5,33.485195
2025-03-06,20.5,83.5,33.61135
2025-03-06,20.5,84.5,33.532387
2025-03-06,21.5,80.5,31.419128
2025-03-06,21.5,81.5,32.083492
2025-03-06,21.5,82.5,31.50582
2025-03-06,21.5,83.5,32.504345
2025-03-06,21.5,84.5,33.007004
2025-03-06,22.5,80.5,30.001535
2025-03-06,22.5,81.5,30.789616
2025-03-06,22.5,82.5,30.951614
2025-03-06,22.5,83.5,30.85729
2025-03-06,22.5,84.5,31.361721
2025-03-06,23.5,80.5,29.434614
2025-03-06,23.5,81.5,28.719103
2025-03-06,23.5,82.5,29.655605
2025-03-06,23.5,83.5,29.84286
2025-03-06,23.5,84.5,30.297825
2025-03-06,24.5,80.5,29.532063
2025-03-06,24.5,81.5,29.0376
2025-03-06,24.5,82.5,28.685274
2025-03-06,24.5,83.5,27.75343
2025-03-06,24.5,84.5,27.83967
2025-03-07,18.0,80.5,34.43755
2025-03-07,18.0,81.5,33.44403
2025-03-07,18.0,82.5,32.486362
2025-03-07,18.0,83.5,32.171337
2025-03-07,18.0,84.5,
2025-03-07,18.5,80.5,34.465275
2025-03-07,18.5,81.5,33.41983
2025-03-07,18.5,82.5,32.907078
2025-03-07,18.5,83.5,32.981976
2025-03-07,18.5,84.5,33.11628
2025-03-07,19.5,80.5,34.78969
2025-03-07,19.5,81.5,34.778027
2025-03-07,19.5,82.5,33.487408
2025-03-07,19.5,83.5,33.480415
2025-03-07,19.5,84.5,33.45319
2025-03-07,20.5,80.5,34.97803
2025-03-07,20.5,81.5,34.30675
2025-03-07,20.5,82.5,34.404957
2025-03-07,20.5,83.5,34.44627
2025-03-07,20.5,84.5,33.66883
2025-03-07,21.5,80.5,33.709484
2025-03-07,21.5,81.5,34.28266
2025-03-07,21.5,82.5,33.78284
2025-03-07,21.5,83.5,33.70645
2025-03-07,21.5,84.5,33.526176
2025-03-07,22.5,80.5,32.528282
2025-03-07,22.5,81.5,33.236927
2025-03-07,22.5,82.5,32.861683
2025-03-07,22.5,83.5,31.990112
2025-03-07,22.5,84.5,32.33955
2025-03-07,23.5,80.5,31.762886
2025-03-07,23.5,81.5,31.017443
2025-03-07,23.5,82.5,31.635378
2025-03-07,23.5,83.5,31.32959
2025-03-07,23.5,84.5,31.131504
2025-03-07,24.5,80.5,31.996141
2025-03-07,24.5,81.5,31.224243
2025-03-07,24.5,82.5,30.21239
2025-03-07,24.5,83.5,29.331484
2025-03-07,24.5,84.5,29.032122
2025-03-08,18.0,80.5,35.168583
2025-03-08,18.0,81.5,33.93074
2025-03-08,18.0,82.5,33.165775
2025-03-08,18.0,83.5,32.694355
2025-03-08,18.0,84.5,
2025-03-08,18.5,80.5,35.70581
2025-03-08,18.5,81.5,34.30143
2025-03-08,18.5,82.5,33.213585
2025-03-08,18.5,83.5,33.246967
2025-03-08,18.5,84.5,33.710976
2025-03-08,19.5,80.5,36.181423
2025-03-08,19.5,81.5,35.277752
2025-03-08,19.5,82.5,33.89972
2025-03-08,19.5,83.5,34.088146
2025-03-08,19.5,84.5,34.304024
2025-03-08,20.5,80.5,36.29973
2025-03-08,20.5,81.5,35.61445
2025-03-08,20.5,82.5,35.29059
2025-03-08,20.5,83.5,35.387276
2025-03-08,20.5,84.5,34.79321
2025-03-08,21.5,80.5,35.085155
2025-03-08,21.5,81.5,35.673107
2025-03-08,21.5,82.5,35.2312
2025-03-08,21.5,83.5,34.75632
2025-03-08,21.5,84.5,34.727436
2025-03-08,22.5,80.5,33.912476
2025-03-08,22.5,81.5,34.69616
2025-03-08,22.5,82.5,34.34264
2025-03-08,22.5,83.5,33.774315
2025-03-08,22.5,84.5,33.893467
2025-03-08,23.5,80.5,33.129074
2025-03-08,23.5,81.5,32.689598
2025-03-08,23.5,82.5,33.207245
2025-03-08,23.5,83.5,33.193954
2025-03-08,23.5,84.5,33.26337
2025-03-08,24.5,80.5,32.7548
2025-03-08,24.5,81.5,32.45955
2025-03-08,24.5,82.5,32.115337
2025-03-08,24.5,83.5,31.423903
2025-03-08,24.5,84.5,31.314058
2025-03-09,18.0,80.5,34.138634
2025-03-09,18.0,81.5,32.76538
2025-03-09,18.0,82.5,32.31066
2025-03-09,18.0,83.5,32.09137
2025-03-09,18.0,84.5,
2025-03-09,18.5,80.5,34.658943
2025-03-09,18.5,81.5,33.591545
2025-03-09,18.5,82.5,32.549385
2025-03-09,18.5,83.5,32.76319
2025-03-09,18.5,84.5,33.23852
2025-03-09,19.5,80.5,36.033276
2025-03-09,19.5,81.5,34.617504
2025-03-09,19.5,82.5,33.624733
2025-03-09,19.5,83.5,33.844856
2025-03-09,19.5,84.5,34.094807
2025-03-09,20.5,80.5,36.125435
2025-03-09,20.5,81.5,35.50265
2025-03-09,20.5,82.5,35.320312
2025-03-09,20.5,83.5,35.48159
2025-03-09,20.5,84.5,34.587097
2025-03-09,21.5,80.5,35.23875
2025-03-09,21.5,81.5,35.911465
2025-03-09,21.5,82.5,35.48823
2025-03-09,21.5,83.5,35.0694
2025-03-09,21.5,84.5,35.182182
2025-03-09,22.5,80.5,34.242287
2025-03-09,22.5,81.5,34.784958
2025-03-09,22.5,82.5,34.617516
2025-03-09,22.5,83.5,34.26699
2025-03-09,22.5,84.5,34.455727
2025-03-09,23.5,80.5,33.65497
2025-03-09,23.5,81.5,33.012924
2025-03-09,23.5,82.5,33.44386
2025-03-09,23.5,83.5,33.62263
2025-03-09,23.5,84.5,33.692863
2025-03-09,24.5,80.5,33.047764
2025-03-09,24.5,81.5,33.017967
2025-03-09,24.5,82.5,32.858932
2025-03-09,24.5,83.5,32.112972
2025-03-09,24.5,84.5,31.890518
2025-03-10,18.0,80.5,33.761276
2025-03-10,18.0,81.5,32.794178
2025-03-10,18.0,82.5,32.230885
2025-03-10,18.0,83.5,32.089935
2025-03-10,18.0,84.5,
2025-03-10,18.5,80.5,34.112392
2025-03-10,18.5,81.5,33.584347
2025-03-10,18.5,82.5,32.526196
2025-03-10,18.5,83.5,32.75274
2025-03-10,18.5,84.5,33.228184
2025-03-10,19.5,80.5,35.66845
2025-03-10,19.5,81.5,34.565968
2025-03-10,19.5,82.5,33.6295
2025-03-10,19.5,83.5,33.745228
2025-03-10,19.5,84.5,34.054295
2025-03-10,20.5,80.5,36.28696
2025-03-10,20.5,81.5,35.506115
2025-03-10,20.5,82.5,35.350872
2025-03-10,20.5,83.5,35.169727
2025-03-10,20.5,84.5,34.280766
2025-03-10,21.5,80.5,35.541176
2025-03-10,21.5,81.5,35.991013
2025-03-10,21.5,82.5,35.604717
2025-03-10,21.5,83.5,35.090775
2025-03-10,21.5,84.5,35.256927
2025-03-10,22.5,80.5,34.779636
2025-03-10,22.5,81.5,34.99376
2025-03-10,22.5,82.5,35.0465
2025-03-10,22.5,83.5,34.284416
2025-03-10,22.5,84.5,34.77785
2025-03-10,23.5,80.5,34.448658
2025-03-10,23.5,81.5,33.606617
2025-03-10,23.5,82.5,33.91933
2025-03-10,23.5,83.5,33.624462
2025-03-10,23.5,84.5,33.792442
2025-03-10,24.5,80.5,34.249916
2025-03-10,24.5,81.5,33.77182
2025-03-10,24.5,82.5,32.970177
2025-03-10,24.5,83.5,32.12986
2025-03-10,24.5,84.5,32.27017
2025-03-11,18.0,80.5,34.59541
2025-03-11,18.0,81.5,33.455204
2025-03-11,18.0,82.5,32.805347
2025-03-11,18.0,83.5,32.67759
2025-03-11,18.0,84.5,
2025-03-11,18.5,80.5,34.95073
2025-03-11,18.5,81.5,34.378494
2025-03-11,18.5,82.5,33.249897
2025-03-11,18.5,83.5,33.484818
2025-03-11,18.5,84.5,33.915684
2025-03-11,19.5,80.5,36.18036
2025-03-11,19.5,81.5,35.350582
2025-03-11,19.5,82.5,34.483677
2025-03-11,19.5,83.5,34.65123
2025-03-11,19.5,84.5,34.949005
2025-03-11,20.5,80.5,36.32647
2025-03-11,20.5,81.5,36.35766
2025-03-11,20.5,82.5,36.19024
2025-03-11,20.5,83.5,36.13957
2025-03-11,20.5,84.5,35.483994
2025-03-11,21.5,80.5,35.618835
2025-03-11,21.5,81.5,36.384712
2025-03-11,21.5,82.5,36.52061
2025-03-11,21.5,83.5,35.820312
2025-03-11,21.5,84.5,36.009552
2025-03-11,22.5,80.5,35.47179
2025-03-11,22.5,81.5,35.641815
2025-03-11,22.5,82.5,35.49389
2025-03-11,22.5,83.5,34.887695
2025-03-11,22.5,84.5,35.68995
2025-03-11,23.5,80.5,35.795425
2025-03-11,23.5,81.5,35.086914
2025-03-11,23.5,82.5,35.145824
2025-03-11,23.5,83.5,34.692017
2025-03-11,23.5,84.5,34.726074
2025-03-11,24.5,80.5,35.89791
2025-03-11,24.5,81.5,35.12499
2025-03-11,24.5,82.5,34.530113
2025-03-11,24.5,83.5,33.492516
2025-03-11,24.5,84.5,33.09582
2025-03-12,18.0,80.5,36.38126
2025-03-12,18.0,81.5,35.232876
2025-03-12,18.0,82.5,34.228752
2025-03-12,18.0,83.5,33.57119
2025-03-12,18.0,84.5,
2025-03-12,18.5,80.5,36.852226
2025-03-12,18.5,81.5,35.783634
2025-03-12,18.5,82.5,34.539803
2025-03-12,18.5,83.5,34.354618
2025-03-12,18.5,84.5,34.92077
2025-03-12,19.5,80.5,38.336514
2025-03-12,19.5,81.5,37.064713
2025-03-12,19.5,82.5,35.43629
2025-03-12,19.5,83.5,35.34711
2025-03-12,19.5,84.5,35.54582
2025-03-12,20.5,80.5,38.85736
2025-03-12,20.5,81.5,38.01638
2025-03-12,20.5,82.5,37.32954
2025-03-12,20.5,83.5,36.951927
2025-03-12,20.5,84.5,36.082855
2025-03-12,21.5,80.5,38.012714
2025-03-12,21.5,81.5,38.273376
2025-03-12,21.5,82.5,38.253487
2025-03-12,21.5,83.5,37.102722
2025-03-12,21.5,84.5,37.22548
2025-03-12,22.5,80.5,37.63349
2025-03-12,22.5,81.5,37.722363
2025-03-12,22.5,82.5,37.720505
2025-03-12,22.5,83.5,37.044685
2025-03-12,22.5,84.5,37.6174
2025-03-12,23.5,80.5,37.577114
2025-03-12,23.5,81.5,37.273098
2025-03-12,23.5,82.5,37.2983
2025-03-12,23.5,83.5,37.10236
2025-03-12,23.5,84.5,36.962048
2025-03-12,24.5,80.5,37.96169
2025-03-12,24.5,81.5,37.318268
2025-03-12,24.5,82.5,36.70575
2025-03-12,24.5,83.5,35.743713
2025-03-12,24.5,84.5,35.359943
2025-03-13,18.0,80.5,37.16817
2025-03-13,18.0,81.5,36.247993
2025-03-13,18.0,82.5,35.360294
2025-03-13,18.0,83.5,34.65022
2025-03-13,18.0,84.5,
2025-03-13,18.5,80.5,37.898067
2025-03-13,18.5,81.5,36.566216
2025-03-13,18.5,82.5,35.453377
2025-03-13,18.5,83.5,35.395267
2025-03-13,18.5,84.5,36.000534
2025-03-13,19.5,80.5,39.179363
2025-03-13,19.5,81.5,38.211243
2025-03-13,19.5,82.5,36.680447
2025-03-13,19.5,83.5,36.64572
2025-03-13,19.5,84.5,36.89169
2025-03-13,20.5,80.5,39.677486
2025-03-13,20.5,81.5,39.074768
2025-03-13,20.5,82.5,38.71576
2025-03-13,20.5,83.5,38.35351
2025-03-13,20.5,84.5,37.37393
2025-03-13,21.5,80.5,38.92028
2025-03-13,21.5,81.5,39.419888
2025-03-13,21.5,82.5,39.34088
2025-03-13,21.5,83.5,38.32338
2025-03-13,21.5,84.5,38.675335
2025-03-13,22.5,80.5,38.294327
2025-03-13,22.5,81.5,38.582447
2025-03-13,22.5,82.5,38.66731
2025-03-13,22.5,83.5,38.062866
2025-03-13,22.5,84.5,38.728596
2025-03-13,23.5,80.5,38.18361
2025-03-13,23.5,81.5,37.56866
2025-03-13,23.5,82.5,37.691086
2025-03-13,23.5,83.5,37.644688
2025-03-13,23.5,84.5,38.372383
2025-03-13,24.5,80.5,38.33794
2025-03-13,24.5,81.5,37.58993
2025-03-13,24.5,82.5,37.152077
2025-03-13,24.5,83.5,36.31334
2025-03-13,24.5,84.5,36.090347
2025-03-14,18.0,80.5,37.094536
2025-03-14,18.0,81.5,35.74105
2025-03-14,18.0,82.5,34.715984
2025-03-14,18.0,83.5,34.076836
2025-03-14,18.0,84.5,
2025-03-14,18.5,80.5,37.752914
2025-03-14,18.5,81.5,36.23638
2025-03-14,18.5,82.5,35.062035
2025-03-14,18.5,83.5,34.988316
2025-03-14,18.5,84.5,35.629673
2025-03-14,19.5,80.5,39.088207
2025-03-14,19.5,81.5,37.930386
2025-03-14,19.5,82.5,36.730324
2025-03-14,19.5,83.5,36.555504
2025-03-14,19.5,84.5,36.869408
2025-03-14,20.5,80.5,39.573933
2025-03-14,20.5,81.5,39.2986
2025-03-14,20.5,82.5,38.86239
2025-03-14,20.5,83.5,38.751
2025-03-14,20.5,84.5,37.72221
2025-03-14,21.5,80.5,38.881283
2025-03-14,21.5,81.5,39.673
2025-03-14,21.5,82.5,39.55331
2025-03-14,21.5,83.5,38.94001
2025-03-14,21.5,84.5,39.353443
2025-03-14,22.5,80.5,38.04637
2025-03-14,22.5,81.5,38.496006
2025-03-14,22.5,82.5,39.07826
2025-03-14,22.5,83.5,38.56823
2025-03-14,22.5,84.5,39.123222
2025-03-14,23.5,80.5,38.34985
2025-03-14,23.5,81.5,37.88444
2025-03-14,23.5,82.5,38.09837
2025-03-14,23.5,83.5,38.24105
2025-03-14,23.5,84.5,38.7086
2025-03-14,24.5,80.5,38.145203
2025-03-14,24.5,81.5,38.01929
2025-03-14,24.5,82.5,37.341232
2025-03-14,24.5,83.5,36.723587
2025-03-14,24.5,84.5,36.66429
2025-03-15,18.0,80.5,36.42131
2025-03-15,18.0,81.5,35.114845
2025-03-15,18.0,82.5,34.20561
2025-03-15,18.0,83.5,34.02063
2025-03-15,18.0,84.5,
2025-03-15,18.5,80.5,37.208828
2025-03-15,18.5,81.5,35.95684
2025-03-15,18.5,82.5,34.58906
2025-03-15,18.5,83.5,35.18264
2025-03-15,18.5,84.5,35.885082
2025-03-15,19.5,80.5,38.95444
2025-03-15,19.5,81.5,37.6045
2025-03-15,19.5,82.5,36.783016
2025-03-15,19.5,83.5,36.671
2025-03-15,19.5,84.5,37.187977
2025-03-15,20.5,80.5,39.734413
2025-03-15,20.5,81.5,39.731
2025-03-15,20.5,82.5,39.257423
2025-03-15,20.5,83.5,39.123425
2025-03-15,20.5,84.5,37.84419
2025-03-15,21.5,80.5,39.323524
2025-03-15,21.5,81.5,40.470947
2025-03-15,21.5,82.5,40.234756
2025-03-15,21.5,83.5,39.601337
2025-03-15,21.5,84.5,39.864357
2025-03-15,22.5,80.5,38.49737
2025-03-15,22.5,81.5,39.400265
2025-03-15,22.5,82.5,40.018456
2025-03-15,22.5,83.5,39.548756
2025-03-15,22.5,84.5,39.718494
2025-03-15,23.5,80.5,38.669827
2025-03-15,23.5,81.5,38.468536
2025-03-15,23.5,82.5,39.010418
2025-03-15,23.5,83.5,39.312332
2025-03-15,23.5,84.5,39.280617
2025-03-15,24.5,80.5,38.77113
2025-03-15,24.5,81.5,38.574066
2025-03-15,24.5,82.5,38.347607
2025-03-15,24.5,83.5,37.789406
2025-03-15,24.5,84.5,37.407272
2025-03-16,18.0,80.5,37.089302
2025-03-16,18.0,81.5,35.65353
2025-03-16,18.0,82.5,34.700005
2025-03-16,18.0,83.5,34.04453
2025-03-16,18.0,84.5,
2025-03-16,18.5,80.5,37.67005
2025-03-16,18.5,81.5,36.370544
2025-03-16,18.5,82.5,34.931404
2025-03-16,18.5,83.5,34.8112
2025-03-16,18.5,84.5,35.507645
2025-03-16,19.5,80.5,38.81991
2025-03-16,19.5,81.5,37.91844
2025-03-16,19.5,82.5,36.452206
2025-03-16,19.5,83.5,36.105404
2025-03-16,19.5,84.5,36.49522
2025-03-16,20.5,80.5,39.178734
2025-03-16,20.5,81.5,38.65194
2025-03-16,20.5,82.5,38.42977
2025-03-16,20.5,83.5,37.52911
2025-03-16,20.5,84.5,36.68483
2025-03-16,21.5,80.5,37.720066
2025-03-16,21.5,81.5,38.999947
2025-03-16,21.5,82.5,38.851635
2025-03-16,21.5,83.5,38.182964
2025-03-16,21.5,84.5,38.620354
2025-03-16,22.5,80.5,36.622066
2025-03-16,22.5,81.5,38.281143
2025-03-16,22.5,82.5,38.39466
2025-03-16,22.5,83.5,38.021572
2025-03-16,22.5,84.5,37.950867
2025-03-16,23.5,80.5,36.180946
2025-03-16,23.5,81.5,35.712574
2025-03-16,23.5,82.5,36.66679
2025-03-16,23.5,83.5,36.805206
2025-03-16,23.5,84.5,37.036007
2025-03-16,24.5,80.5,36.04764
2025-03-16,24.5,81.5,36.199356
2025-03-16,24.5,82.5,35.31725
2025-03-16,24.5,83.5,35.044456
2025-03-16,24.5,84.5,35.524853
2025-03-17,18.0,80.5,36.920044
2025-03-17,18.0,81.5,35.513893
2025-03-17,18.0,82.5,34.57068
2025-03-17,18.0,83.5,33.78237
2025-03-17,18.0,84.5,
2025-03-17,18.5,80.5,37.308376
2025-03-17,18.5,81.5,36.232094
2025-03-17,18.5,82.5,34.770382
2025-03-17,18.5,83.5,34.614838
2025-03-17,18.5,84.5,35.17965
2025-03-17,19.5,80.5,38.1454
2025-03-17,19.5,81.5,37.460594
2025-03-17,19.5,82.5,36.03273
2025-03-17,19.5,83.5,35.71076
2025-03-17,19.5,84.5,35.94321
2025-03-17,20.5,80.5,38.289406
2025-03-17,20.5,81.5,36.666412
2025-03-17,20.5,82.5,37.196095
2025-03-17,20.5,83.5,36.44705
2025-03-17,20.5,84.5,36.31643
2025-03-17,21.5,80.5,36.076366
2025-03-17,21.5,81.5,36.624462
2025-03-17,21.5,82.5,36.649048
2025-03-17,21.5,83.5,36.48905
2025-03-17,21.5,84.5,37.19909
2025-03-17,22.5,80.5,34.344482
2025-03-17,22.5,81.5,35.82563
2025-03-17,22.5,82.5,35.936684
2025-03-17,22.5,83.5,35.780613
2025-03-17,22.5,84.5,36.56461
2025-03-17,23.5,80.5,33.917557
2025-03-17,23.5,81.5,33.874847
2025-03-17,23.5,82.5,34.65082
2025-03-17,23.5,83.5,34.73476
2025-03-17,23.5,84.5,35.670837
2025-03-17,24.5,80.5,33.632393
2025-03-17,24.5,81.5,34.338856
2025-03-17,24.5,82.5,34.438
2025-03-17,24.5,83.5,34.6572
2025-03-17,24.5,84.5,34.647236
2025-03-18,18.0,80.5,36.69572
2025-03-18,18.0,81.5,35.441875
2025-03-18,18.0,82.5,34.270836
2025-03-18,18.0,83.5,33.41612
2025-03-18,18.0,84.5,
2025-03-18,18.5,80.5,37.31385
2025-03-18,18.5,81.5,35.951004
2025-03-18,18.5,82.5,34.68585
2025-03-18,18.5,83.5,34.40561
2025-03-18,18.5,84.5,34.567955
2025-03-18,19.5,80.5,38.31895
2025-03-18,19.5,81.5,37.364616
2025-03-18,19.5,82.5,36.042507
2025-03-18,19.5,83.5,35.450466
2025-03-18,19.5,84.5,35.51951
2025-03-18,20.5,80.5,38.02894
2025-03-18,20.5,81.5,36.88505
2025-03-18,20.5,82.5,37.18913
2025-03-18,20.5,83.5,36.226624
2025-03-18,20.5,84.5,36.044884
2025-03-18,21.5,80.5,36.49651
2025-03-18,21.5,81.5,36.364635
2025-03-18,21.5,82.5,36.433247
2025-03-18,21.5,83.5,36.11466
2025-03-18,21.5,84.5,36.397118
2025-03-18,22.5,80.5,34.41344
2025-03-18,22.5,81.5,35.446377
2025-03-18,22.5,82.5,35.18505
2025-03-18,22.5,83.5,35.181694
2025-03-18,22.5,84.5,36.02542
2025-03-18,23.5,80.5,33.459553
2025-03-18,23.5,81.5,33.03883
2025-03-18,23.5,82.5,33.89082
2025-03-18,23.5,83.5,33.958553
2025-03-18,23.5,84.5,34.72061
2025-03-18,24.5,80.5,33.117516
2025-03-18,24.5,81.5,33.251823
2025-03-18,24.5,82.5,33.498913
2025-03-18,24.5,83.5,33.18362
2025-03-18,24.5,84.5,33.26059
2025-03-19,18.0,80.5,36.13179
2025-03-19,18.0,81.5,35.032425
2025-03-19,18.0,82.5,34.16246
2025-03-19,18.0,83.5,33.402985
2025-03-19,18.0,84.5,
2025-03-19,18.5,80.5,36.729088
2025-03-19,18.5,81.5,35.60476
2025-03-19,18.5,82.5,34.403057
2025-03-19,18.5,83.5,34.44376
2025-03-19,18.5,84.5,34.82372
2025-03-19,19.5,80.5,38.0761
2025-03-19,19.5,81.5,37.27626
2025-03-19,19.5,82.5,36.012146
2025-03-19,19.5,83.5,35.868412
2025-03-19,19.5,84.5,36.0957
2025-03-19,20.5,80.5,37.80823
2025-03-19,20.5,81.5,37.153816
2025-03-19,20.5,82.5,37.91529
2025-03-19,20.5,83.5,37.11402
2025-03-19,20.5,84.5,36.591904
2025-03-19,21.5,80.5,37.130707
2025-03-19,21.5,81.5,37.427334
2025-03-19,21.5,82.5,37.62361
2025-03-19,21.5,83.5,37.37256
2025-03-19,21.5,84.5,37.573963
2025-03-19,22.5,80.5,35.79244
2025-03-19,22.5,81.5,36.61611
2025-03-19,22.5,82.5,36.82345
2025-03-19,22.5,83.5,36.592342
2025-03-19,22.5,84.5,37.260567
2025-03-19,23.5,80.5,35.32009
2025-03-19,23.5,81.5,34.811832
2025-03-19,23.5,82.5,35.34104
2025-03-19,23.5,83.5,35.60098
2025-03-19,23.5,84.5,36.019455
2025-03-19,24.5,80.5,34.94347
2025-03-19,24.5,81.5,35.212
2025-03-19,24.5,82.5,34.904152
2025-03-19,24.5,83.5,34.53119
2025-03-19,24.5,84.5,34.280502
2025-03-20,18.0,80.5,35.926212
2025-03-20,18.0,81.5,35.02744
2025-03-20,18.0,82.5,34.056503
2025-03-20,18.0,83.5,33.642147
2025-03-20,18.0,84.5,
2025-03-20,18.5,80.5,36.163002
2025-03-20,18.5,81.5,35.314625
2025-03-20,18.5,82.5,34.293163
2025-03-20,18.5,83.5,34.50511
2025-03-20,18.5,84.5,34.881363
2025-03-20,19.5,80.5,37.606613
2025-03-20,19.5,81.5,36.97264
2025-03-20,19.5,82.5,35.410675
2025-03-20,19.5,83.5,35.66188
2025-03-20,19.5,84.5,35.97117
2025-03-20,20.5,80.5,37.496304
2025-03-20,20.5,81.5,36.65735
2025-03-20,20.5,82.5,37.503906
2025-03-20,20.5,83.5,36.97773
2025-03-20,20.5,84.5,36.47468
2025-03-20,21.5,80.5,36.945133
2025-03-20,21.5,81.5,36.963943
2025-03-20,21.5,82.5,36.525623
2025-03-20,21.5,83.5,36.538807
2025-03-20,21.5,84.5,36.80508
2025-03-20,22.5,80.5,35.499622
2025-03-20,22.5,81.5,35.79148
2025-03-20,22.5,82.5,35.142143
2025-03-20,22.5,83.5,34.5892
2025-03-20,22.5,84.5,35.119904
2025-03-20,23.5,80.5,34.61028
2025-03-20,23.5,81.5,32.83474
2025-03-20,23.5,82.5,33.288826
2025-03-20,23.5,83.5,33.00925
2025-03-20,23.5,84.5,32.901268
2025-03-20,24.5,80.5,34.115993
2025-03-20,24.5,81.5,33.750347
2025-03-20,24.5,82.5,32.08613
2025-03-20,24.5,83.5,31.883678
2025-03-20,24.5,84.5,31.274164
2025-03-21,18.0,80.5,35.608932
2025-03-21,18.0,81.5,34.64239
2025-03-21,18.0,82.5,33.311523
2025-03-21,18.0,83.5,32.73794
2025-03-21,18.0,84.5,
2025-03-21,18.5,80.5,35.657818
2025-03-21,18.5,81.5,34.519043
2025-03-21,18.5,82.5,33.693985
2025-03-21,18.5,83.5,33.417896
2025-03-21,18.5,84.5,33.587223
2025-03-21,19.5,80.5,36.118397
2025-03-21,19.5,81.5,36.203796
2025-03-21,19.5,82.5,34.035027
2025-03-21,19.5,83.5,34.251762
2025-03-21,19.5,84.5,34.545483
2025-03-21,20.5,80.5,35.580784
2025-03-21,20.5,81.5,34.05455
2025-03-21,20.5,82.5,34.80755
2025-03-21,20.5,83.5,34.376015
2025-03-21,20.5,84.5,34.847115
2025-03-21,21.5,80.5,34.42986
2025-03-21,21.5,81.5,33.872734
2025-03-21,21.5,82.5,32.67109
2025-03-21,21.5,83.5,32.643307
2025-03-21,21.5,84.5,33.55951
2025-03-21,22.5,80.5,32.53351
2025-03-21,22.5,81.5,32.873245
2025-03-21,22.5,82.5,31.155502
2025-03-21,22.5,83.5,29.527637
2025-03-21,22.5,84.5,29.767332
2025-03-21,23.5,80.5,32.452896
2025-03-21,23.5,81.5,31.09661
2025-03-21,23.5,82.5,31.512018
2025-03-21,23.5,83.5,29.708176
2025-03-21,23.5,84.5,28.582863
2025-03-21,24.5,80.5,33.71701
2025-03-21,24.5,81.5,32.089333
2025-03-21,24.5,82.5,30.347145
2025-03-21,24.5,83.5,28.815653
2025-03-21,24.5,84.5,26.961273
2025-03-22,18.0,80.5,34.454292
2025-03-22,18.0,81.5,33.65402
2025-03-22,18.0,82.5,32.302605
2025-03-22,18.0,83.5,31.022755
2025-03-22,18.0,84.5,
2025-03-22,18.5,80.5,34.688828
2025-03-22,18.5,81.5,33.30914
2025-03-22,18.5,82.5,32.692924
2025-03-22,18.5,83.5,31.613253
2025-03-22,18.5,84.5,30.903221
2025-03-22,19.5,80.5,35.292076
2025-03-22,19.5,81.5,35.13695
2025-03-22,19.5,82.5,32.957462
2025-03-22,19.5,83.5,32.182434
2025-03-22,19.5,84.5,31.359793
2025-03-22,20.5,80.5,35.522877
2025-03-22,20.5,81.5,33.44478
2025-03-22,20.5,82.5,34.27346
2025-03-22,20.5,83.5,32.64798
2025-03-22,20.5,84.5,30.731184
2025-03-22,21.5,80.5,35.403225
2025-03-22,21.5,81.5,33.833317
2025-03-22,21.5,82.5,33.404827
2025-03-22,21.5,83.5,32.259235
2025-03-22,21.5,84.5,31.486382
2025-03-22,22.5,80.5,33.940903
2025-03-22,22.5,81.5,33.207706
2025-03-22,22.5,82.5,32.49472
2025-03-22,22.5,83.5,31.305706
2025-03-22,22.5,84.5,30.594917
2025-03-22,23.5,80.5,33.761326
2025-03-22,23.5,81.5,33.07287
2025-03-22,23.5,82.5,32.876995
2025-03-22,23.5,83.5,32.10142
2025-03-22,23.5,84.5,31.314796
2025-03-22,24.5,80.5,34.532616
2025-03-22,24.5,81.5,33.7312
2025-03-22,24.5,82.5,33.0965
2025-03-22,24.5,83.5,32.10258
2025-03-22,24.5,84.5,30.77591
2025-03-23,18.0,80.5,34.59383
2025-03-23,18.0,81.5,33.918716
2025-03-23,18.0,82.5,32.312695
2025-03-23,18.0,83.5,31.295538
2025-03-23,18.0,84.5,
2025-03-23,18.5,80.5,35.004864
2025-03-23,18.5,81.5,33.475662
2025-03-23,18.5,82.5,32.337746
2025-03-23,18.5,83.5,31.739937
2025-03-23,18.5,84.5,31.161608
2025-03-23,19.5,80.5,35.84652
2025-03-23,19.5,81.5,34.889854
2025-03-23,19.5,82.5,32.419807
2025-03-23,19.5,83.5,32.47557
2025-03-23,19.5,84.5,31.944817
2025-03-23,20.5,80.5,36.123035
2025-03-23,20.5,81.5,33.652348
2025-03-23,20.5,82.5,34.118042
2025-03-23,20.5,83.5,33.41831
2025-03-23,20.5,84.5,31.91478
2025-03-23,21.5,80.5,35.95002
2025-03-23,21.5,81.5,34.542725
2025-03-23,21.5,82.5,33.842285
2025-03-23,21.5,83.5,32.91813
2025-03-23,21.5,84.5,32.760048
2025-03-23,22.5,80.5,34.749386
2025-03-23,22.5,81.5,33.804573
2025-03-23,22.5,82.5,32.82323
2025-03-23,22.5,83.5,31.824974
2025-03-23,22.5,84.5,31.107569
2025-03-23,23.5,80.5,34.19504
2025-03-23,23.5,81.5,33.32035
2025-03-23,23.5,82.5,33.186466
2025-03-23,23.5,83.5,32.261257
2025-03-23,23.5,84.5,30.533228
2025-03-23,24.5,80.5,34.32259
2025-03-23,24.5,81.5,33.87466
2025-03-23,24.5,82.5,33.044174
2025-03-23,24.5,83.5,31.940752
2025-03-23,24.5,84.5,30.647795
2025-03-24,18.0,80.5,34.64244
2025-03-24,18.0,81.5,33.969673
2025-03-24,18.0,82.5,32.463524
2025-03-24,18.0,83.5,31.966845
2025-03-24,18.0,84.5,
2025-03-24,18.5,80.5,35.223198
2025-03-24,18.5,81.5,33.952267
2025-03-24,18.5,82.5,32.68127
2025-03-24,18.5,83.5,32.736847
2025-03-24,18.5,84.5,32.621216
2025-03-24,19.5,80.5,35.9994
2025-03-24,19.5,81.5,35.410854
2025-03-24,19.5,82.5,33.497036
2025-03-24,19.5,83.5,33.73432
2025-03-24,19.5,84.5,33.658527
2025-03-24,20.5,80.5,36.429874
2025-03-24,20.5,81.5,34.659966
2025-03-24,20.5,82.5,35.329544
2025-03-24,20.5,83.5,34.90401
2025-03-24,20.5,84.5,34.261528
2025-03-24,21.5,80.5,35.570824
2025-03-24,21.5,81.5,35.036835
2025-03-24,21.5,82.5,34.768898
2025-03-24,21.5,83.5,34.892452
2025-03-24,21.5,84.5,35.5301
2025-03-24,22.5,80.5,34.58033
2025-03-24,22.5,81.5,34.442783
2025-03-24,22.5,82.5,34.2768
2025-03-24,22.5,83.5,33.80341
2025-03-24,22.5,84.5,33.783756
2025-03-24,23.5,80.5,34.51652
2025-03-24,23.5,81.5,33.78509
2025-03-24,23.5,82.5,33.789627
2025-03-24,23.5,83.5,33.48257
2025-03-24,23.5,84.5,32.89267
2025-03-24,24.5,80.5,34.989117
2025-03-24,24.5,81.5,34.56661
2025-03-24,24.5,82.5,33.869884
2025-03-24,24.5,83.5,33.329994
2025-03-24,24.5,84.5,32.51354
2025-03-25,18.0,80.5,35.246162
2025-03-25,18.0,81.5,34.41132
2025-03-25,18.0,82.5,33.460033
2025-03-25,18.0,83.5,33.24955
2025-03-25,18.0,84.5,
2025-03-25,18.5,80.5,36.067513
2025-03-25,18.5,81.5,34.628098
2025-03-25,18.5,82.5,34.235485
2025-03-25,18.5,83.5,34.37341
2025-03-25,18.5,84.5,34.285522
2025-03-25,19.5,80.5,37.112877
2025-03-25,19.5,81.5,37.002186
2025-03-25,19.5,82.5,35.37413
2025-03-25,19.5,83.5,35.44602
2025-03-25,19.5,84.5,35.422066
2025-03-25,20.5,80.5,37.881245
2025-03-25,20.5,81.5,36.48729
2025-03-25,20.5,82.5,37.51741
2025-03-25,20.5,83.5,37.03898
2025-03-25,20.5,84.5,35.891514
2025-03-25,21.5,80.5,36.947186
2025-03-25,21.5,81.5,37.009842
2025-03-25,21.5,82.5,37.213512
2025-03-25,21.5,83.5,37.029594
2025-03-25,21.5,84.5,36.140217
2025-03-25,22.5,80.5,36.19107
2025-03-25,22.5,81.5,36.410812
2025-03-25,22.5,82.5,36.145252
2025-03-25,22.5,83.5,35.5666
2025-03-25,22.5,84.5,34.360744
2025-03-25,23.5,80.5,35.989307
2025-03-25,23.5,81.5,35.197124
2025-03-25,23.5,82.5,35.68254
2025-03-25,23.5,83.5,34.51891
2025-03-25,23.5,84.5,32.75065
2025-03-25,24.5,80.5,36.59316
2025-03-25,24.5,81.5,35.940636
2025-03-25,24.5,82.5,34.773136
2025-03-25,24.5,83.5,33.939953
2025-03-25,24.5,84.5,33.12574
2025-03-26,18.0,80.5,35.949757
2025-03-26,18.0,81.5,34.99936
2025-03-26,18.0,82.5,34.06588
2025-03-26,18.0,83.5,33.766754
2025-03-26,18.0,84.5,
2025-03-26,18.5,80.5,36.788994
2025-03-26,18.5,81.5,35.17959
2025-03-26,18.5,82.5,34.589943
2025-03-26,18.5,83.5,34.70054
2025-03-26,18.5,84.5,34.922752
2025-03-26,19.5,80.5,38.090824
2025-03-26,19.5,81.5,37.287285
2025-03-26,19.5,82.5,35.8492
2025-03-26,19.5,83.5,35.929386
2025-03-26,19.5,84.5,35.983135
2025-03-26,20.5,80.5,38.70419
2025-03-26,20.5,81.5,37.982468
2025-03-26,20.5,82.5,38.46309
2025-03-26,20.5,83.5,38.043373
2025-03-26,20.5,84.5,36.791878
2025-03-26,21.5,80.5,38.499348
2025-03-26,21.5,81.5,38.71516
2025-03-26,21.5,82.5,38.87249
2025-03-26,21.5,83.5,38.28253
2025-03-26,21.5,84.5,37.43984
2025-03-26,22.5,80.5,38.076454
2025-03-26,22.5,81.5,38.373062
2025-03-26,22.5,82.5,37.991783
2025-03-26,22.5,83.5,37.503113
2025-03-26,22.5,84.5,36.561855
2025-03-26,23.5,80.5,38.285156
2025-03-26,23.5,81.5,37.57019
2025-03-26,23.5,82.5,37.897217
2025-03-26,23.5,83.5,37.282745
2025-03-26,23.5,84.5,35.437656
2025-03-26,24.5,80.5,38.90173
2025-03-26,24.5,81.5,38.411892
2025-03-26,24.5,82.5,37.311497
2025-03-26,24.5,83.5,36.752396
2025-03-26,24.5,84.5,35.561573
2025-03-27,18.0,80.5,37.13847
2025-03-27,18.0,81.5,36.033234
2025-03-27,18.0,82.5,35.005817
2025-03-27,18.0,83.5,35.006737
2025-03-27,18.0,84.5,
2025-03-27,18.5,80.5,38.013584
2025-03-27,18.5,81.5,36.477108
2025-03-27,18.5,82.5,35.666225
2025-03-27,18.5,83.5,35.88524
2025-03-27,18.5,84.5,36.106255
2025-03-27,19.5,80.5,39.178898
2025-03-27,19.5,81.5,38.694004
2025-03-27,19.5,82.5,36.960697
2025-03-27,19.5,83.5,37.100906
2025-03-27,19.5,84.5,37.25381
2025-03-27,20.5,80.5,39.88618
2025-03-27,20.5,81.5,39.150524
2025-03-27,20.5,82.5,39.645718
2025-03-27,20.5,83.5,39.101612
2025-03-27,20.5,84.5,37.940426
2025-03-27,21.5,80.5,39.24967
2025-03-27,21.5,81.5,39.7203
2025-03-27,21.5,82.5,39.77832
2025-03-27,21.5,83.5,39.361023
2025-03-27,21.5,84.5,38.547306
2025-03-27,22.5,80.5,38.837852
2025-03-27,22.5,81.5,39.519497
2025-03-27,22.5,82.5,39.224518
2025-03-27,22.5,83.5,38.79133
2025-03-27,22.5,84.5,37.899055
2025-03-27,23.5,80.5,38.58416
2025-03-27,23.5,81.5,38.364765
2025-03-27,23.5,82.5,39.29668
2025-03-27,23.5,83.5,38.40917
2025-03-27,23.5,84.5,37.153492
2025-03-27,24.5,80.5,39.40522
2025-03-27,24.5,81.5,39.212246
2025-03-27,24.5,82.5,38.610817
2025-03-27,24.5,83.5,38.12457
2025-03-27,24.5,84.5,37.239372
2025-03-28,18.0,80.5,37.98075
2025-03-28,18.0,81.5,36.54697
2025-03-28,18.0,82.5,35.31228
2025-03-28,18.0,83.5,35.22596
2025-03-28,18.0,84.5,
2025-03-28,18.5,80.5,38.545376
2025-03-28,18.5,81.5,36.890926
2025-03-28,18.5,82.5,36.147243
2025-03-28,18.5,83.5,36.31683
2025-03-28,18.5,84.5,36.87975
2025-03-28,19.5,80.5,39.654957
2025-03-28,19.5,81.5,39.24792
2025-03-28,19.5,82.5,37.774643
2025-03-28,19.5,83.5,37.91368
2025-03-28,19.5,84.5,38.17153
2025-03-28,20.5,80.5,40.205673
2025-03-28,20.5,81.5,39.436676
2025-03-28,20.5,82.5,39.854584
2025-03-28,20.5,83.5,39.58065
2025-03-28,20.5,84.5,39.190685
2025-03-28,21.5,80.5,38.58408
2025-03-28,21.5,81.5,39.677547
2025-03-28,21.5,82.5,39.821205
2025-03-28,21.5,83.5,39.728325
2025-03-28,21.5,84.5,39.44423
2025-03-28,22.5,80.5,37.58631
2025-03-28,22.5,81.5,38.988365
2025-03-28,22.5,82.5,38.691624
2025-03-28,22.5,83.5,38.80698
2025-03-28,22.5,84.5,38.64207
2025-03-28,23.5,80.5,36.953663
2025-03-28,23.5,81.5,37.06238
2025-03-28,23.5,82.5,38.14738
2025-03-28,23.5,83.5,37.827866
2025-03-28,23.5,84.5,38.34539
2025-03-28,24.5,80.5,37.064198
2025-03-28,24.5,81.5,37.715015
2025-03-28,24.5,82.5,38.071133
2025-03-28,24.5,83.5,37.624294
2025-03-28,24.5,84.5,37.339302
2025-03-29,18.0,80.5,38.14716
2025-03-29,18.0,81.5,37.185104
2025-03-29,18.0,82.5,35.895386
2025-03-29,18.0,83.5,35.865543
2025-03-29,18.0,84.5,
2025-03-29,18.5,80.5,38.469124
2025-03-29,18.5,81.5,37.379356
2025-03-29,18.5,82.5,36.634857
2025-03-29,18.5,83.5,36.85014
2025-03-29,18.5,84.5,36.71163
2025-03-29,19.5,80.5,38.788467
2025-03-29,19.5,81.5,39.20188
2025-03-29,19.5,82.5,37.78267
2025-03-29,19.5,83.5,37.95462
2025-03-29,19.5,84.5,37.86618
2025-03-29,20.5,80.5,38.756832
2025-03-29,20.5,81.5,37.996033
2025-03-29,20.5,82.5,39.159702
2025-03-29,20.5,83.5,38.61503
2025-03-29,20.5,84.5,38.438137
2025-03-29,21.5,80.5,37.03179
2025-03-29,21.5,81.5,37.613365
2025-03-29,21.5,82.5,37.54605
2025-03-29,21.5,83.5,38.1304
2025-03-29,21.5,84.5,38.32253
2025-03-29,22.5,80.5,35.402336
2025-03-29,22.5,81.5,36.6512
2025-03-29,22.5,82.5,36.183533
2025-03-29,22.5,83.5,36.706978
2025-03-29,22.5,84.5,36.825787
2025-03-29,23.5,80.5,34.64344
2025-03-29,23.5,81.5,34.19928
2025-03-29,23.5,82.5,35.36389
2025-03-29,23.5,83.5,35.721863
2025-03-29,23.5,84.5,36.784122
2025-03-29,24.5,80.5,34.52429
2025-03-29,24.5,81.5,34.718876
2025-03-29,24.5,82.5,35.771114
2025-03-29,24.5,83.5,35.644867
2025-03-29,24.5,84.5,36.063873
2025-03-30,18.0,80.5,37.08089
2025-03-30,18.0,81.5,35.836338
2025-03-30,18.0,82.5,34.901928
2025-03-30,18.0,83.5,34.70417
2025-03-30,18.0,84.5,
2025-03-30,18.5,80.5,38.06
2025-03-30,18.5,81.5,36.422035
2025-03-30,18.5,82.5,35.72925
2025-03-30,18.5,83.5,35.61908
2025-03-30,18.5,84.5,35.769196
2025-03-30,19.5,80.5,39.29805
2025-03-30,19.5,81.5,39.034184
2025-03-30,19.5,82.5,37.246502
2025-03-30,19.5,83.5,37.024178
2025-03-30,19.5,84.5,36.9337
2025-03-30,20.5,80.5,39.47232
2025-03-30,20.5,81.5,38.665665
2025-03-30,20.5,82.5,39.225857
2025-03-30,20.5,83.5,38.466866
2025-03-30,20.5,84.5,37.58499
2025-03-30,21.5,80.5,38.085598
2025-03-30,21.5,81.5,38.45801
2025-03-30,21.5,82.5,38.565586
2025-03-30,21.5,83.5,38.37433
2025-03-30,21.5,84.5,37.7433
2025-03-30,22.5,80.5,36.476376
2025-03-30,22.5,81.5,37.608543
2025-03-30,22.5,82.5,37.148823
2025-03-30,22.5,83.5,37.26174
2025-03-30,22.5,84.5,37.09347
2025-03-30,23.5,80.5,35.712696
2025-03-30,23.5,81.5,35.230232
2025-03-30,23.5,82.5,36.119694
2025-03-30,23.5,83.5,36.248013
2025-03-30,23.5,84.5,36.83971
2025-03-30,24.5,80.5,35.614555
2025-03-30,24.5,81.5,35.64802
2025-03-30,24.5,82.5,35.82244
2025-03-30,24.5,83.5,35.340378
2025-03-30,24.5,84.5,35.062737
2025-03-31,18.0,80.5,35.942745
2025-03-31,18.0,81.5,34.87383
2025-03-31,18.0,82.5,34.109802
2025-03-31,18.0,83.5,34.278378
2025-03-31,18.0,84.5,
2025-03-31,18.5,80.5,37.1458
2025-03-31,18.5,81.5,35.775387
2025-03-31,18.5,82.5,35.219864
2025-03-31,18.5,83.5,35.542027
2025-03-31,18.5,84.5,35.817997
2025-03-31,19.5,80.5,38.713417
2025-03-31,19.5,81.5,38.28297
2025-03-31,19.5,82.5,37.03984
2025-03-31,19.5,83.5,37.170246
2025-03-31,19.5,84.5,37.323727
2025-03-31,20.5,80.5,38.94255
2025-03-31,20.5,81.5,38.564884
2025-03-31,20.5,82.5,39.24035
2025-03-31,20.5,83.5,38.81584
2025-03-31,20.5,84.5,38.10578
2025-03-31,21.5,80.5,38.134903
2025-03-31,21.5,81.5,38.295
2025-03-31,21.5,82.5,38.631382
2025-03-31,21.5,83.5,38.711784
2025-03-31,21.5,84.5,38.461353
2025-03-31,22.5,80.5,36.940662
2025-03-31,22.5,81.5,37.56703
2025-03-31,22.5,82.5,37.19044
2025-03-31,22.5,83.5,37.423794
2025-03-31,22.5,84.5,37.520805
2025-03-31,23.5,80.5,36.550396
2025-03-31,23.5,81.5,36.056503
2025-03-31,23.5,82.5,36.700783
2025-03-31,23.5,83.5,36.859913
2025-03-31,23.5,84.5,37.176353
2025-03-31,24.5,80.5,36.538338
2025-03-31,24.5,81.5,36.753956
2025-03-31,24.5,82.5,37.010086
2025-03-31,24.5,83.5,36.5845
2025-03-31,24.5,84.5,36.07132
2025-04-01,18.0,80.5,35.85845
2025-04-01,18.0,81.5,34.7509
2025-04-01,18.0,82.5,33.906704
2025-04-01,18.0,83.5,34.213566
2025-04-01,18.0,84.5,
2025-04-01,18.5,80.5,36.53385
2025-04-01,18.5,81.5,35.534657
2025-04-01,18.5,82.5,34.957035
2025-04-01,18.5,83.5,35.309517
2025-04-01,18.5,84.5,35.43209
2025-04-01,19.5,80.5,36.579407
2025-04-01,19.5,81.5,37.223343
2025-04-01,19.5,82.5,36.093487
2025-04-01,19.5,83.5,36.627632
2025-04-01,19.5,84.5,36.71587
2025-04-01,20.5,80.5,36.619125
2025-04-01,20.5,81.5,36.00495
2025-04-01,20.5,82.5,38.13643
2025-04-01,20.5,83.5,37.98444
2025-04-01,20.5,84.5,37.529846
2025-04-01,21.5,80.5,34.78554
2025-04-01,21.5,81.5,35.864716
2025-04-01,21.5,82.5,36.909386
2025-04-01,21.5,83.5,37.86588
2025-04-01,21.5,84.5,37.905003
2025-04-01,22.5,80.5,34.159504
2025-04-01,22.5,81.5,35.313843
2025-04-01,22.5,82.5,36.156094
2025-04-01,22.5,83.5,36.55366
2025-04-01,22.5,84.5,36.72386
2025-04-01,23.5,80.5,35.37877
2025-04-01,23.5,81.5,35.085636
2025-04-01,23.5,82.5,36.10797
2025-04-01,23.5,83.5,36.23626
2025-04-01,23.5,84.5,36.660828
2025-04-01,24.5,80.5,36.65908
2025-04-01,24.5,81.5,36.732365
2025-04-01,24.5,82.5,37.30305
2025-04-01,24.5,83.5,37.23153
2025-04-01,24.5,84.5,36.957787
2025-04-02,18.0,80.5,34.82115
2025-04-02,18.0,81.5,34.158974
2025-04-02,18.0,82.5,33.479122
2025-04-02,18.0,83.5,33.932545
2025-04-02,18.0,84.5,
2025-04-02,18.5,80.5,35.319237
2025-04-02,18.5,81.5,34.64289
2025-04-02,18.5,82.5,34.476177
2025-04-02,18.5,83.5,34.90694
2025-04-02,18.5,84.5,35.03072
2025-04-02,19.5,80.5,35.240887
2025-04-02,19.5,81.5,36.816082
2025-04-02,19.5,82.5,35.56788
2025-04-02,19.5,83.5,36.199085
2025-04-02,19.5,84.5,36.14132
2025-04-02,20.5,80.5,35.422104
2025-04-02,20.5,81.5,34.915382
2025-04-02,20.5,82.5,37.928078
2025-04-02,20.5,83.5,37.61265
2025-04-02,20.5,84.5,36.85126
2025-04-02,21.5,80.5,33.25153
2025-04-02,21.5,81.5,34.548157
2025-04-02,21.5,82.5,35.340656
2025-04-02,21.5,83.5,37.498615
2025-04-02,21.5,84.5,37.3766
2025-04-02,22.5,80.5,32.660004
2025-04-02,22.5,81.5,33.613255
2025-04-02,22.5,82.5,34.582497
2025-04-02,22.5,83.5,35.51336
2025-04-02,22.5,84.5,36.325264
2025-04-02,23.5,80.5,32.715572
2025-04-02,23.5,81.5,32.007607
2025-04-02,23.5,82.5,33.47519
2025-04-02,23.5,83.5,34.276657
2025-04-02,23.5,84.5,35.526733
2025-04-02,24.5,80.5,34.24343
2025-04-02,24.5,81.5,33.687294
2025-04-02,24.5,82.5,34.233887
2025-04-02,24.5,83.5,34.846252
2025-04-02,24.5,84.5,34.83017
2025-04-03,18.0,80.5,35.890957
2025-04-03,18.0,81.5,35.173935
2025-04-03,18.0,82.5,34.18651
2025-04-03,18.0,83.5,34.575092
2025-04-03,18.0,84.5,
2025-04-03,18.5,80.5,35.695312
2025-04-03,18.5,81.5,34.98967
2025-04-03,18.5,82.5,35.306396
2025-04-03,18.5,83.5,35.221474
2025-04-03,18.5,84.5,35.28384
2025-04-03,19.5,80.5,34.223763
2025-04-03,19.5,81.5,36.28264
2025-04-03,19.5,82.5,35.42633
2025-04-03,19.5,83.5,36.2356
2025-04-03,19.5,84.5,36.17325
2025-04-03,20.5,80.5,34.392662
2025-04-03,20.5,81.5,34.003937
2025-04-03,20.5,82.5,37.500374
2025-04-03,20.5,83.5,37.586494
2025-04-03,20.5,84.5,36.781002
2025-04-03,21.5,80.5,32.38462
2025-04-03,21.5,81.5,33.844254
2025-04-03,21.5,82.5,35.580063
2025-04-03,21.5,83.5,37.641514
2025-04-03,21.5,84.5,37.32209
2025-04-03,22.5,80.5,32.330418
2025-04-03,22.5,81.5,33.140858
2025-04-03,22.5,82.5,34.86152
2025-04-03,22.5,83.5,35.493843
2025-04-03,22.5,84.5,35.727097
2025-04-03,23.5,80.5,33.325222
2025-04-03,23.5,81.5,33.140144
2025-04-03,23.5,82.5,33.9317
2025-04-03,23.5,83.5,34.668415
2025-04-03,23.5,84.5,35.860798
2025-04-03,24.5,80.5,34.87491
2025-04-03,24.5,81.5,34.82064
2025-04-03,24.5,82.5,35.04471
2025-04-03,24.5,83.5,35.85273
2025-04-03,24.5,84.5,36.118355
2025-04-04,18.0,80.5,35.106506
2025-04-04,18.0,81.5,34.604633
2025-04-04,18.0,82.5,33.334267
2025-04-04,18.0,83.5,34.050697
2025-04-04,18.0,84.5,
2025-04-04,18.5,80.5,35.45061
2025-04-04,18.5,81.5,34.222874
2025-04-04,18.5,82.5,34.48416
2025-04-04,18.5,83.5,34.396793
2025-04-04,18.5,84.5,34.22584
2025-04-04,19.5,80.5,35.49263
2025-04-04,19.5,81.5,36.24812
2025-04-04,19.5,82.5,33.869167
2025-04-04,19.5,83.5,34.694405
2025-04-04,19.5,84.5,34.653786
2025-04-04,20.5,80.5,36.56681
2025-04-04,20.5,81.5,34.68716
2025-04-04,20.5,82.5,36.048073
2025-04-04,20.5,83.5,36.189404
2025-04-04,20.5,84.5,35.51127
2025-04-04,21.5,80.5,36.182095
2025-04-04,21.5,81.5,35.14221
2025-04-04,21.5,82.5,35.382664
2025-04-04,21.5,83.5,36.263725
2025-04-04,21.5,84.5,35.60571
2025-04-04,22.5,80.5,36.347
2025-04-04,22.5,81.5,35.148186
2025-04-04,22.5,82.5,34.919323
2025-04-04,22.5,83.5,34.390762
2025-04-04,22.5,84.5,34.227226
2025-04-04,23.5,80.5,36.417873
2025-04-04,23.5,81.5,35.91323
2025-04-04,23.5,82.5,35.268044
2025-04-04,23.5,83.5,34.898987
2025-04-04,23.5,84.5,35.130787
2025-04-04,24.5,80.5,37.769676
2025-04-04,24.5,81.5,37.303143
2025-04-04,24.5,82.5,36.929253
2025-04-04,24.5,83.5,36.73743
2025-04-04,24.5,84.5,36.02856
2025-04-05,18.0,80.5,36.648743
2025-04-05,18.0,81.5,35.970562
2025-04-05,18.0,82.5,35.15159
2025-04-05,18.0,83.5,35.645718
2025-04-05,18.0,84.5,
2025-04-05,18.5,80.5,37.476162
2025-04-05,18.5,81.5,36.49665
2025-04-05,18.5,82.5,36.271053
2025-04-05,18.5,83.5,36.499237
2025-04-05,18.5,84.5,36.79056
2025-04-05,19.5,80.5,38.6275
2025-04-05,19.5,81.5,38.754204
2025-04-05,19.5,82.5,36.99301
2025-04-05,19.5,83.5,37.663498
2025-04-05,19.5,84.5,37.868107
2025-04-05,20.5,80.5,39.574165
2025-04-05,20.5,81.5,38.811024
2025-04-05,20.5,82.5,39.792988
2025-04-05,20.5,83.5,39.8244
2025-04-05,20.5,84.5,38.751797
2025-04-05,21.5,80.5,38.840775
2025-04-05,21.5,81.5,39.054752
2025-04-05,21.5,82.5,39.454647
2025-04-05,21.5,83.5,40.04805
2025-04-05,21.5,84.5,39.37154
2025-04-05,22.5,80.5,39.021175
2025-04-05,22.5,81.5,38.89823
2025-04-05,22.5,82.5,38.59195
2025-04-05,22.5,83.5,38.49823
2025-04-05,22.5,84.5,38.133923
2025-04-05,23.5,80.5,39.11871
2025-04-05,23.5,81.5,38.587452
2025-04-05,23.5,82.5,38.681416
2025-04-05,23.5,83.5,38.458626
2025-04-05,23.5,84.5,38.528053
2025-04-05,24.5,80.5,39.620617
2025-04-05,24.5,81.5,39.350853
2025-04-05,24.5,82.5,39.517338
2025-04-05,24.5,83.5,39.287506
2025-04-05,24.5,84.5,38.84253
2025-04-06,18.0,80.5,37.536858
2025-04-06,18.0,81.5,36.612457
2025-04-06,18.0,82.5,35.511436
2025-04-06,18.0,83.5,35.618042
2025-04-06,18.0,84.5,
2025-04-06,18.5,80.5,38.518654
2025-04-06,18.5,81.5,37.056248
2025-04-06,18.5,82.5,36.677696
2025-04-06,18.5,83.5,36.57223
2025-04-06,18.5,84.5,36.875725
2025-04-06,19.5,80.5,39.998844
2025-04-06,19.5,81.5,39.685745
2025-04-06,19.5,82.5,37.80041
2025-04-06,19.5,83.5,37.996178
2025-04-06,19.5,84.5,38.27827
2025-04-06,20.5,80.5,40.87942
2025-04-06,20.5,81.5,40.10988
2025-04-06,20.5,82.5,40.54642
2025-04-06,20.5,83.5,40.161034
2025-04-06,20.5,84.5,38.96634
2025-04-06,21.5,80.5,40.186684
2025-04-06,21.5,81.5,40.1159
2025-04-06,21.5,82.5,40.372646
2025-04-06,21.5,83.5,40.320198
2025-04-06,21.5,84.5,39.93685
2025-04-06,22.5,80.5,39.52865
2025-04-06,22.5,81.5,39.67295
2025-04-06,22.5,82.5,39.10633
2025-04-06,22.5,83.5,39.248997
2025-04-06,22.5,84.5,39.119453
2025-04-06,23.5,80.5,39.28955
2025-04-06,23.5,81.5,38.81519
2025-04-06,23.5,82.5,39.075127
2025-04-06,23.5,83.5,39.041225
2025-04-06,23.5,84.5,39.287895
2025-04-06,24.5,80.5,39.536716
2025-04-06,24.5,81.5,39.49765
2025-04-06,24.5,82.5,40.016308
2025-04-06,24.5,83.5,39.829445
2025-04-06,24.5,84.5,39.280754
2025-04-07,18.0,80.5,37.530544
2025-04-07,18.0,81.5,36.264015
2025-04-07,18.0,82.5,35.021526
2025-04-07,18.0,83.5,35.27422
2025-04-07,18.0,84.5,
2025-04-07,18.5,80.5,38.437386
2025-04-07,18.5,81.5,36.742733
2025-04-07,18.5,82.5,36.374943
2025-04-07,18.5,83.5,36.23394
2025-04-07,18.5,84.5,36.18955
2025-04-07,19.5,80.5,40.15162
2025-04-07,19.5,81.5,39.49977
2025-04-07,19.5,82.5,37.810272
2025-04-07,19.5,83.5,37.66782
2025-04-07,19.5,84.5,37.62038
2025-04-07,20.5,80.5,41.300766
2025-04-07,20.5,81.5,40.76346
2025-04-07,20.5,82.5,41.00743
2025-04-07,20.5,83.5,40.349518
2025-04-07,20.5,84.5,38.136265
2025-04-07,21.5,80.5,41.178402
2025-04-07,21.5,81.5,40.910484
2025-04-07,21.5,82.5,41.218586
2025-04-07,21.5,83.5,40.676754
2025-04-07,21.5,84.5,39.073895
2025-04-07,22.5,80.5,40.818905
2025-04-07,22.5,81.5,40.64976
2025-04-07,22.5,82.5,39.946808
2025-04-07,22.5,83.5,39.43549
2025-04-07,22.5,84.5,38.22937
2025-04-07,23.5,80.5,40.500725
2025-04-07,23.5,81.5,39.644634
2025-04-07,23.5,82.5,39.826424
2025-04-07,23.5,83.5,39.7141
2025-04-07,23.5,84.5,38.09148
2025-04-07,24.5,80.5,40.797546
2025-04-07,24.5,81.5,40.40444
2025-04-07,24.5,82.5,40.194553
2025-04-07,24.5,83.5,39.681698
2025-04-07,24.5,84.5,38.176117
2025-04-08,18.0,80.5,36.97111
2025-04-08,18.0,81.5,35.664318
2025-04-08,18.0,82.5,34.455444
2025-04-08,18.0,83.5,34.63785
2025-04-08,18.0,84.5,
2025-04-08,18.5,80.5,37.725105
2025-04-08,18.5,81.5,35.98649
2025-04-08,18.5,82.5,35.75085
2025-04-08,18.5,83.5,35.786865
2025-04-08,18.5,84.5,35.62867
2025-04-08,19.5,80.5,39.119545
2025-04-08,19.5,81.5,38.511337
2025-04-08,19.5,82.5,37.009773
2025-04-08,19.5,83.5,36.816963
2025-04-08,19.5,84.5,36.904236
2025-04-08,20.5,80.5,40.43763
2025-04-08,20.5,81.5,39.54902
2025-04-08,20.5,82.5,39.81398
2025-04-08,20.5,83.5,39.541653
2025-04-08,20.5,84.5,37.400074
2025-04-08,21.5,80.5,40.237804
2025-04-08,21.5,81.5,40.318886
2025-04-08,21.5,82.5,40.702377
2025-04-08,21.5,83.5,39.949234
2025-04-08,21.5,84.5,37.91127
2025-04-08,22.5,80.5,40.441883
2025-04-08,22.5,81.5,39.908432
2025-04-08,22.5,82.5,39.304043
2025-04-08,22.5,83.5,38.528713
2025-04-08,22.5,84.5,37.135765
2025-04-08,23.5,80.5,40.192924
2025-04-08,23.5,81.5,39.061436
2025-04-08,23.5,82.5,39.137287
2025-04-08,23.5,83.5,38.309628
2025-04-08,23.5,84.5,36.399292
2025-04-08,24.5,80.5,40.764523
2025-04-08,24.5,81.5,39.922726
2025-04-08,24.5,82.5,38.917553
2025-04-08,24.5,83.5,38.31184
2025-04-08,24.5,84.5,37.030224
2025-04-09,18.0,80.5,37.22232
2025-04-09,18.0,81.5,35.862865
2025-04-09,18.0,82.5,34.413876
2025-04-09,18.0,83.5,34.31451
2025-04-09,18.0,84.5,
2025-04-09,18.5,80.5,37.941757
2025-04-09,18.5,81.5,36.05396
2025-04-09,18.5,82.5,35.57846
2025-04-09,18.5,83.5,35.106655
2025-04-09,18.5,84.5,34.8931
2025-04-09,19.5,80.5,38.69091
2025-04-09,19.5,81.5,38.202545
2025-04-09,19.5,82.5,36.17919
2025-04-09,19.5,83.5,36.2057
2025-04-09,19.5,84.5,36.31452
2025-04-09,20.5,80.5,39.595566
2025-04-09,20.5,81.5,38.63782
2025-04-09,20.5,82.5,39.165092
2025-04-09,20.5,83.5,38.702156
2025-04-09,20.5,84.5,36.754013
2025-04-09,21.5,80.5,39.341225
2025-04-09,21.5,81.5,38.90985
2025-04-09,21.5,82.5,39.366604
2025-04-09,21.5,83.5,39.08145
2025-04-09,21.5,84.5,37.49605
2025-04-09,22.5,80.5,39.29774
2025-04-09,22.5,81.5,38.57044
2025-04-09,22.5,82.5,38.487038
2025-04-09,22.5,83.5,37.99156
2025-04-09,22.5,84.5,36.537
2025-04-09,23.5,80.5,39.312286
2025-04-09,23.5,81.5,38.27967
2025-04-09,23.5,82.5,38.646587
2025-04-09,23.5,83.5,38.052483
2025-04-09,23.5,84.5,36.03359
2025-04-09,24.5,80.5,40.22716
2025-04-09,24.5,81.5,39.61585
2025-04-09,24.5,82.5,38.590935
2025-04-09,24.5,83.5,37.87135
2025-04-09,24.5,84.5,35.86741
2025-04-10,18.0,80.5,37.684204
2025-04-10,18.0,81.5,36.13211
2025-04-10,18.0,82.5,34.72828
2025-04-10,18.0,83.5,34.55376
2025-04-10,18.0,84.5,
2025-04-10,18.5,80.5,38.296818
2025-04-10,18.5,81.5,36.3486
2025-04-10,18.5,82.5,35.815746
2025-04-10,18.5,83.5,35.381523
2025-04-10,18.5,84.5,35.39714
2025-04-10,19.5,80.5,39.505264
2025-04-10,19.5,81.5,39.017117
2025-04-10,19.5,82.5,36.489258
2025-04-10,19.5,83.5,36.70533
2025-04-10,19.5,84.5,36.71403
2025-04-10,20.5,80.5,40.727413
2025-04-10,20.5,81.5,39.444603
2025-04-10,20.5,82.5,39.702274
2025-04-10,20.5,83.5,39.329487
2025-04-10,20.5,84.5,37.240417
2025-04-10,21.5,80.5,40.14151
2025-04-10,21.5,81.5,39.74048
2025-04-10,21.5,82.5,39.812874
2025-04-10,21.5,83.5,38.93784
2025-04-10,21.5,84.5,37.27778
2025-04-10,22.5,80.5,39.771732
2025-04-10,22.5,81.5,39.103672
2025-04-10,22.5,82.5,37.929
2025-04-10,22.5,83.5,37.41563
2025-04-10,22.5,84.5,35.622246
2025-04-10,23.5,80.5,38.864273
2025-04-10,23.5,81.5,37.221016
2025-04-10,23.5,82.5,37.02853
2025-04-10,23.5,83.5,36.180946
2025-04-10,23.5,84.5,34.272335
2025-04-10,24.5,80.5,37.601944
2025-04-10,24.5,81.5,36.834316
2025-04-10,24.5,82.5,35.71565
2025-04-10,24.5,83.5,34.37796
2025-04-10,24.5,84.5,33.928844
2025-04-11,18.0,80.5,37.51806
2025-04-11,18.0,81.5,36.26998
2025-04-11,18.0,82.5,34.75195
2025-04-11,18.0,83.5,34.37716
2025-04-11,18.0,84.5,
2025-04-11,18.5,80.5,38.22116
2025-04-11,18.5,81.5,36.5652
2025-04-11,18.5,82.5,35.88912
2025-04-11,18.5,83.5,35.1873
2025-04-11,18.5,84.5,35.106125
2025-04-11,19.5,80.5,39.90265
2025-04-11,19.5,81.5,39.208744
2025-04-11,19.5,82.5,36.96093
2025-04-11,19.5,83.5,36.6376
2025-04-11,19.5,84.5,36.537937
2025-04-11,20.5,80.5,40.93901
2025-04-11,20.5,81.5,39.598457
2025-04-11,20.5,82.5,39.948017
2025-04-11,20.5,83.5,39.06583
2025-04-11,20.5,84.5,36.776245
2025-04-11,21.5,80.5,40.16979
2025-04-11,21.5,81.5,39.584137
2025-04-11,21.5,82.5,39.457363
2025-04-11,21.5,83.5,38.560886
2025-04-11,21.5,84.5,37.695984
2025-04-11,22.5,80.5,39.4355
2025-04-11,22.5,81.5,39.231915
2025-04-11,22.5,82.5,37.992954
2025-04-11,22.5,83.5,36.82778
2025-04-11,22.5,84.5,35.797916
2025-04-11,23.5,80.5,38.90754
2025-04-11,23.5,81.5,37.444782
2025-04-11,23.5,82.5,37.333508
2025-04-11,23.5,83.5,36.327656
2025-04-11,23.5,84.5,35.016087
2025-04-11,24.5,80.5,38.4904
2025-04-11,24.5,81.5,37.81562
2025-04-11,24.5,82.5,36.443573
2025-04-11,24.5,83.5,35.28536
2025-04-11,24.5,84.5,34.233322
2025-04-12,18.0,80.5,39.29024
2025-04-12,18.0,81.5,37.97557
2025-04-12,18.0,82.5,36.277668
2025-04-12,18.0,83.5,36.121933
2025-04-12,18.0,84.5,
2025-04-12,18.5,80.5,39.262856
2025-04-12,18.5,81.5,37.808464
2025-04-12,18.5,82.5,37.338726
2025-04-12,18.5,83.5,36.760326
2025-04-12,18.5,84.5,36.6991
2025-04-12,19.5,80.5,39.59535
2025-04-12,19.5,81.5,40.101936
2025-04-12,19.5,82.5,37.85878
2025-04-12,19.5,83.5,37.887024
2025-04-12,19.5,84.5,37.853065
2025-04-12,20.5,80.5,40.15848
2025-04-12,20.5,81.5,39.423748
2025-04-12,20.5,82.5,40.636612
2025-04-12,20.5,83.5,40.00301
2025-04-12,20.5,84.5,38.23289
2025-04-12,21.5,80.5,38.61136
2025-04-12,21.5,81.5,39.350468
2025-04-12,21.5,82.5,39.587902
2025-04-12,21.5,83.5,39.94016
2025-04-12,21.5,84.5,38.841988
2025-04-12,22.5,80.5,38.183437
2025-04-12,22.5,81.5,39.01886
2025-04-12,22.5,82.5,38.592823
2025-04-12,22.5,83.5,38.323082
2025-04-12,22.5,84.5,37.58712
2025-04-12,23.5,80.5,37.92975
2025-04-12,23.5,81.5,37.04698
2025-04-12,23.5,82.5,37.941948
2025-04-12,23.5,83.5,37.834156
2025-04-12,23.5,84.5,36.545513
2025-04-12,24.5,80.5,37.980312
2025-04-12,24.5,81.5,37.78105
2025-04-12,24.5,82.5,37.51067
2025-04-12,24.5,83.5,36.68889
2025-04-12,24.5,84.5,35.7941
2025-04-13,18.0,80.5,38.15663
2025-04-13,18.0,81.5,36.37391
2025-04-13,18.0,82.5,35.059353
2025-04-13,18.0,83.5,35.108288
2025-04-13,18.0,84.5,
2025-04-13,18.5,80.5,38.72076
2025-04-13,18.5,81.5,37.080696
2025-04-13,18.5,82.5,36.354725
2025-04-13,18.5,83.5,36.044746
2025-04-13,18.5,84.5,35.79051
2025-04-13,19.5,80.5,39.76278
2025-04-13,19.5,81.5,39.476765
2025-04-13,19.5,82.5,37.269783
2025-04-13,19.5,83.5,37.238537
2025-04-13,19.5,84.5,37.307457
2025-04-13,20.5,80.5,40.08379
2025-04-13,20.5,81.5,38.891014
2025-04-13,20.5,82.5,39.612522
2025-04-13,20.5,83.5,39.11027
2025-04-13,20.5,84.5,37.62547
2025-04-13,21.5,80.5,38.414642
2025-04-13,21.5,81.5,38.29619
2025-04-13,21.5,82.5,38.23986
2025-04-13,21.5,83.5,38.453926
2025-04-13,21.5,84.5,37.59869
2025-04-13,22.5,80.5,36.815113
2025-04-13,22.5,81.5,37.566
2025-04-13,22.5,82.5,36.548927
2025-04-13,22.5,83.5,35.938484
2025-04-13,22.5,84.5,35.201385
2025-04-13,23.5,80.5,35.623623
2025-04-13,23.5,81.5,34.636665
2025-04-13,23.5,82.5,35.57351
2025-04-13,23.5,83.5,34.59861
2025-04-13,23.5,84.5,33.78904
2025-04-13,24.5,80.5,35.839966
2025-04-13,24.5,81.5,35.5326
2025-04-13,24.5,82.5,33.82031
2025-04-13,24.5,83.5,32.90163
2025-04-13,24.5,84.5,32.613506
2025-04-14,18.0,80.5,37.057434
2025-04-14,18.0,81.5,35.802372
2025-04-14,18.0,82.5,34.52602
2025-04-14,18.0,83.5,34.69708
2025-04-14,18.0,84.5,
2025-04-14,18.5,80.5,37.81968
2025-04-14,18.5,81.5,36.720737
2025-04-14,18.5,82.5,35.88046
2025-04-14,18.5,83.5,35.82745
2025-04-14,18.5,84.5,35.58464
2025-04-14,19.5,80.5,38.98416
2025-04-14,19.5,81.5,39.344166
2025-04-14,19.5,82.5,37.224686
2025-04-14,19.5,83.5,37.069447
2025-04-14,19.5,84.5,36.97125
2025-04-14,20.5,80.5,39.67195
2025-04-14,20.5,81.5,38.591347
2025-04-14,20.5,82.5,40.02319
2025-04-14,20.5,83.5,39.178257
2025-04-14,20.5,84.5,37.241962
2025-04-14,21.5,80.5,38.308933
2025-04-14,21.5,81.5,38.556602
2025-04-14,21.5,82.5,38.299084
2025-04-14,21.5,83.5,38.216362
2025-04-14,21.5,84.5,37.0685
2025-04-14,22.5,80.5,37.49778
2025-04-14,22.5,81.5,38.102272
2025-04-14,22.5,82.5,37.060658
2025-04-14,22.5,83.5,36.791058
2025-04-14,22.5,84.5,35.333656
2025-04-14,23.5,80.5,36.834095
2025-04-14,23.5,81.5,35.328274
2025-04-14,23.5,82.5,36.264065
2025-04-14,23.5,83.5,35.7345
2025-04-14,23.5,84.5,34.649307
2025-04-14,24.5,80.5,36.93572
2025-04-14,24.5,81.5,36.587715
2025-04-14,24.5,82.5,35.41172
2025-04-14,24.5,83.5,34.977707
2025-04-14,24.5,84.5,34.8194
2025-04-15,18.0,80.5,37.28368
2025-04-15,18.0,81.5,35.408024
2025-04-15,18.0,82.5,33.9471
2025-04-15,18.0,83.5,33.746365
2025-04-15,18.0,84.5,
2025-04-15,18.5,80.5,38.22954
2025-04-15,18.5,81.5,36.077854
2025-04-15,18.5,82.5,35.163807
2025-04-15,18.5,83.5,34.79614
2025-04-15,18.5,84.5,34.508537
2025-04-15,19.5,80.5,39.729458
2025-04-15,19.5,81.5,38.954655
2025-04-15,19.5,82.5,36.19596
2025-04-15,19.5,83.5,36.11287
2025-04-15,19.5,84.5,35.890503
2025-04-15,20.5,80.5,40.01299
2025-04-15,20.5,81.5,38.362465
2025-04-15,20.5,82.5,38.71895
2025-04-15,20.5,83.5,38.180992
2025-04-15,20.5,84.5,36.35767
2025-04-15,21.5,80.5,38.99743
2025-04-15,21.5,81.5,38.392838
2025-04-15,21.5,82.5,38.13053
2025-04-15,21.5,83.5,37.803207
2025-04-15,21.5,84.5,36.425617
2025-04-15,22.5,80.5,38.055058
2025-04-15,22.5,81.5,38.35633
2025-04-15,22.5,82.5,36.859035
2025-04-15,22.5,83.5,35.893105
2025-04-15,22.5,84.5,34.142036
2025-04-15,23.5,80.5,37.274487
2025-04-15,23.5,81.5,36.16439
2025-04-15,23.5,82.5,36.694588
2025-04-15,23.5,83.5,35.527344
2025-04-15,23.5,84.5,33.889317
2025-04-15,24.5,80.5,37.176453
2025-04-15,24.5,81.5,37.01853
2025-04-15,24.5,82.5,36.176
2025-04-15,24.5,83.5,35.237183
2025-04-15,24.5,84.5,34.48966
2025-04-16,18.0,80.5,36.24091
2025-04-16,18.0,81.5,34.653763
2025-04-16,18.0,82.5,33.611134
2025-04-16,18.0,83.5,33.690197
2025-04-16,18.0,84.5,
2025-04-16,18.5,80.5,37.429985
2025-04-16,18.5,81.5,35.845287
2025-04-16,18.5,82.5,34.820717
2025-04-16,18.5,83.5,34.62441
2025-04-16,18.5,84.5,34.43602
2025-04-16,19.5,80.5,38.819023
2025-04-16,19.5,81.5,38.33347
2025-04-16,19.5,82.5,35.627018
2025-04-16,19.5,83.5,35.507614
2025-04-16,19.5,84.5,35.386337
2025-04-16,20.5,80.5,39.226746
2025-04-16,20.5,81.5,36.6103
2025-04-16,20.5,82.5,37.310448
2025-04-16,20.5,83.5,36.609085
2025-04-16,20.5,84.5,35.88192
2025-04-16,21.5,80.5,38.72851
2025-04-16,21.5,81.5,36.824966
2025-04-16,21.5,82.5,36.68964
2025-04-16,21.5,83.5,36.372437
2025-04-16,21.5,84.5,36.478703
2025-04-16,22.5,80.5,38.078667
2025-04-16,22.5,81.5,36.862465
2025-04-16,22.5,82.5,35.853287
2025-04-16,22.5,83.5,35.20546
2025-04-16,22.5,84.5,35.37466
2025-04-16,23.5,80.5,37.87267
2025-04-16,23.5,81.5,37.03333
2025-04-16,23.5,82.5,36.060772
2025-04-16,23.5,83.5,35.342243
2025-04-16,23.5,84.5,35.722893
2025-04-16,24.5,80.5,38.32579
2025-04-16,24.5,81.5,38.1369
2025-04-16,24.5,82.5,37.43359
2025-04-16,24.5,83.5,36.75609
2025-04-16,24.5,84.5,35.705116
2025-04-17,18.0,80.5,36.670235
2025-04-17,18.0,81.5,35.37928
2025-04-17,18.0,82.5,34.31628
2025-04-17,18.0,83.5,34.088886
2025-04-17,18.0,84.5,
2025-04-17,18.5,80.5,37.82512
2025-04-17,18.5,81.5,36.345135
2025-04-17,18.5,82.5,35.22207
2025-04-17,18.5,83.5,35.10655
2025-04-17,18.5,84.5,35.102478
2025-04-17,19.5,80.5,38.958992
2025-04-17,19.5,81.5,38.50584
2025-04-17,19.5,82.5,35.991116
2025-04-17,19.5,83.5,36.024548
2025-04-17,19.5,84.5,36.04573
2025-04-17,20.5,80.5,39.784245
2025-04-17,20.5,81.5,37.494553
2025-04-17,20.5,82.5,38.38399
2025-04-17,20.5,83.5,37.754856
2025-04-17,20.5,84.5,36.66591
2025-04-17,21.5,80.5,39.22511
2025-04-17,21.5,81.5,37.739468
2025-04-17,21.5,82.5,38.159477
2025-04-17,21.5,83.5,37.886093
2025-04-17,21.5,84.5,37.701973
2025-04-17,22.5,80.5,38.94057
2025-04-17,22.5,81.5,38.04645
2025-04-17,22.5,82.5,37.746582
2025-04-17,22.5,83.5,37.078686
2025-04-17,22.5,84.5,37.155647
2025-04-17,23.5,80.5,39.223995
2025-04-17,23.5,81.5,38.46527
2025-04-17,23.5,82.5,37.86572
2025-04-17,23.5,83.5,37.185955
2025-04-17,23.5,84.5,37.221127
2025-04-17,24.5,80.5,40.0091
2025-04-17,24.5,81.5,39.761387
2025-04-17,24.5,82.5,38.749905
2025-04-17,24.5,83.5,38.026928
2025-04-17,24.5,84.5,36.593224
2025-04-18,18.0,80.5,37.263012
2025-04-18,18.0,81.5,35.663383
2025-04-18,18.0,82.5,34.892315
2025-04-18,18.0,83.5,34.08405
2025-04-18,18.0,84.5,
2025-04-18,18.5,80.5,38.306084
2025-04-18,18.5,81.5,36.71225
2025-04-18,18.5,82.5,35.77538
2025-04-18,18.5,83.5,35.255928
2025-04-18,18.5,84.5,35.124584
2025-04-18,19.5,80.5,40.053715
2025-04-18,19.5,81.5,39.39538
2025-04-18,19.5,82.5,36.896996
2025-04-18,19.5,83.5,36.54121
2025-04-18,19.5,84.5,36.37206
2025-04-18,20.5,80.5,41.245255
2025-04-18,20.5,81.5,38.46732
2025-04-18,20.5,82.5,38.8924
2025-04-18,20.5,83.5,37.755676
2025-04-18,20.5,84.5,36.729473
2025-04-18,21.5,80.5,41.167706
2025-04-18,21.5,81.5,39.271584
2025-04-18,21.5,82.5,39.263245
2025-04-18,21.5,83.5,37.728104
2025-04-18,21.5,84.5,37.522293
2025-04-18,22.5,80.5,41.26487
2025-04-18,22.5,81.5,39.65062
2025-04-18,22.5,82.5,38.524292
2025-04-18,22.5,83.5,36.62904
2025-04-18,22.5,84.5,36.8419
2025-04-18,23.5,80.5,41.18647
2025-04-18,23.5,81.5,39.886875
2025-04-18,23.5,82.5,38.13089
2025-04-18,23.5,83.5,36.63084
2025-04-18,23.5,84.5,34.999844
2025-04-18,24.5,80.5,41.019188
2025-04-18,24.5,81.5,40.032837
2025-04-18,24.5,82.5,37.61366
2025-04-18,24.5,83.5,35.87058
2025-04-18,24.5,84.5,33.5532
2025-04-19,18.0,80.5,38.300243
2025-04-19,18.0,81.5,37.05039
2025-04-19,18.0,82.5,35.612286
2025-04-19,18.0,83.5,34.729412
2025-04-19,18.0,84.5,
2025-04-19,18.5,80.5,39.12738
2025-04-19,18.5,81.5,37.420773
2025-04-19,18.5,82.5,36.140644
2025-04-19,18.5,83.5,35.647015
2025-04-19,18.5,84.5,35.58242
2025-04-19,19.5,80.5,40.717087
2025-04-19,19.5,81.5,40.043728
2025-04-19,19.5,82.5,37.076035
2025-04-19,19.5,83.5,37.023552
2025-04-19,19.5,84.5,36.94056
2025-04-19,20.5,80.5,41.448452
2025-04-19,20.5,81.5,38.847866
2025-04-19,20.5,82.5,39.174667
2025-04-19,20.5,83.5,38.529472
2025-04-19,20.5,84.5,37.32265
2025-04-19,21.5,80.5,40.94818
2025-04-19,21.5,81.5,39.708595
2025-04-19,21.5,82.5,39.180065
2025-04-19,21.5,83.5,38.575924
2025-04-19,21.5,84.5,38.822456
2025-04-19,22.5,80.5,40.81823
2025-04-19,22.5,81.5,39.818996
2025-04-19,22.5,82.5,38.712284
2025-04-19,22.5,83.5,37.37516
2025-04-19,22.5,84.5,37.231754
2025-04-19,23.5,80.5,40.178425
2025-04-19,23.5,81.5,38.674465
2025-04-19,23.5,82.5,38.041283
2025-04-19,23.5,83.5,37.036087
2025-04-19,23.5,84.5,36.52292
2025-04-19,24.5,80.5,40.198658
2025-04-19,24.5,81.5,39.39688
2025-04-19,24.5,82.5,37.563557
2025-04-19,24.5,83.5,36.07646
2025-04-19,24.5,84.5,35.179207
2025-04-20,18.0,80.5,39.217583
2025-04-20,18.0,81.5,37.517307
2025-04-20,18.0,82.5,36.11304
2025-04-20,18.0,83.5,35.346294
2025-04-20,18.0,84.5,
2025-04-20,18.5,80.5,40.092857
2025-04-20,18.5,81.5,38.178013
2025-04-20,18.5,82.5,36.820377
2025-04-20,18.5,83.5,36.324013
2025-04-20,18.5,84.5,36.390015
2025-04-20,19.5,80.5,41.352463
2025-04-20,19.5,81.5,40.62354
2025-04-20,19.5,82.5,37.969467
2025-04-20,19.5,83.5,37.781555
2025-04-20,19.5,84.5,37.78386
2025-04-20,20.5,80.5,42.382538
2025-04-20,20.5,81.5,40.20332
2025-04-20,20.5,82.5,40.704075
2025-04-20,20.5,83.5,40.120728
2025-04-20,20.5,84.5,38.463104
2025-04-20,21.5,80.5,41.514606
2025-04-20,21.5,81.5,41.03634
2025-04-20,21.5,82.5,40.941315
2025-04-20,21.5,83.5,40.693256
2025-04-20,21.5,84.5,40.603806
2025-04-20,22.5,80.5,41.0875
2025-04-20,22.5,81.5,41.12889
2025-04-20,22.5,82.5,40.60961
2025-04-20,22.5,83.5,40.102844
2025-04-20,22.5,84.5,40.067966
2025-04-20,23.5,80.5,41.07302
2025-04-20,23.5,81.5,40.670918
2025-04-20,23.5,82.5,40.48993
2025-04-20,23.5,83.5,40.279358
2025-04-20,23.5,84.5,40.037907
2025-04-20,24.5,80.5,41.54966
2025-04-20,24.5,81.5,41.34912
2025-04-20,24.5,82.5,40.81617
2025-04-20,24.5,83.5,40.129997
2025-04-20,24.5,84.5,39.032894
2025-04-21,18.0,80.5,39.061855
2025-04-21,18.0,81.5,37.421593
2025-04-21,18.0,82.5,36.020386
2025-04-21,18.0,83.5,35.042587
2025-04-21,18.0,84.5,
2025-04-21,18.5,80.5,40.209347
2025-04-21,18.5,81.5,38.26341
2025-04-21,18.5,82.5,36.65101
2025-04-21,18.5,83.5,36.355785
2025-04-21,18.5,84.5,36.42781
2025-04-21,19.5,80.5,41.88463
2025-04-21,19.5,81.5,40.77547
2025-04-21,19.5,82.5,38.45559
2025-04-21,19.5,83.5,37.91203
2025-04-21,19.5,84.5,38.081997
2025-04-21,20.5,80.5,43.01757
2025-04-21,20.5,81.5,41.27397
2025-04-21,20.5,82.5,41.598232
2025-04-21,20.5,83.5,40.51789
2025-04-21,20.5,84.5,38.82413
2025-04-21,21.5,80.5,42.388054
2025-04-21,21.5,81.5,42.187916
2025-04-21,21.5,82.5,42.12543
2025-04-21,21.5,83.5,41.36947
2025-04-21,21.5,84.5,40.913986
2025-04-21,22.5,80.5,42.004463
2025-04-21,22.5,81.5,42.312515
2025-04-21,22.5,82.5,41.99066
2025-04-21,22.5,83.5,41.41716
2025-04-21,22.5,84.5,41.41492
2025-04-21,23.5,80.5,42.28029
2025-04-21,23.5,81.5,42.049305
2025-04-21,23.5,82.5,42.066574
2025-04-21,23.5,83.5,42.04132
2025-04-21,23.5,84.5,41.53376
2025-04-21,24.5,80.5,43.00899
2025-04-21,24.5,81.5,42.874763
2025-04-21,24.5,82.5,42.72775
2025-04-21,24.5,83.5,41.81302
2025-04-21,24.5,84.5,40.6109
2025-04-22,18.0,80.5,39.549202
2025-04-22,18.0,81.5,37.86546
2025-04-22,18.0,82.5,36.44797
2025-04-22,18.0,83.5,35.82856
2025-04-22,18.0,84.5,
2025-04-22,18.5,80.5,40.720276
2025-04-22,18.5,81.5,38.75832
2025-04-22,18.5,82.5,37.407307
2025-04-22,18.5,83.5,37.07793
2025-04-22,18.5,84.5,37.1127
2025-04-22,19.5,80.5,42.602554
2025-04-22,19.5,81.5,41.63817
2025-04-22,19.5,82.5,39.4688
2025-04-22,19.5,83.5,38.93868
2025-04-22,19.5,84.5,38.89409
2025-04-22,20.5,80.5,43.710037
2025-04-22,20.5,81.5,42.649986
2025-04-22,20.5,82.5,42.7265
2025-04-22,20.5,83.5,41.77618
2025-04-22,20.5,84.5,39.708176
2025-04-22,21.5,80.5,43.158707
2025-04-22,21.5,81.5,43.439705
2025-04-22,21.5,82.5,43.495365
2025-04-22,21.5,83.5,42.56983
2025-04-22,21.5,84.5,41.814327
2025-04-22,22.5,80.5,42.436493
2025-04-22,22.5,81.5,42.965454
2025-04-22,22.5,82.5,42.77972
2025-04-22,22.5,83.5,42.658394
2025-04-22,22.5,84.5,42.051918
2025-04-22,23.5,80.5,42.284626
2025-04-22,23.5,81.5,41.985428
2025-04-22,23.5,82.5,42.509296
2025-04-22,23.5,83.5,42.55587
2025-04-22,23.5,84.5,42.292175
2025-04-22,24.5,80.5,42.628998
2025-04-22,24.5,81.5,42.724075
2025-04-22,24.5,82.5,43.036125
2025-04-22,24.5,83.5,42.346077
2025-04-22,24.5,84.5,41.65187
2025-04-23,18.0,80.5,39.627075
2025-04-23,18.0,81.5,37.75395
2025-04-23,18.0,82.5,36.32615
2025-04-23,18.0,83.5,35.73676
2025-04-23,18.0,84.5,
2025-04-23,18.5,80.5,40.753826
2025-04-23,18.5,81.5,38.5559
2025-04-23,18.5,82.5,37.423626
2025-04-23,18.5,83.5,36.90082
2025-04-23,18.5,84.5,37.056435
2025-04-23,19.5,80.5,42.715694
2025-04-23,19.5,81.5,41.65822
2025-04-23,19.5,82.5,39.395832
2025-04-23,19.5,83.5,38.773876
2025-04-23,19.5,84.5,38.808903
2025-04-23,20.5,80.5,43.688015
2025-04-23,20.5,81.5,42.52064
2025-04-23,20.5,82.5,42.378788
2025-04-23,20.5,83.5,41.55046
2025-04-23,20.5,84.5,39.863773
2025-04-23,21.5,80.5,42.767
2025-04-23,21.5,81.5,42.92959
2025-04-23,21.5,82.5,43.056343
2025-04-23,21.5,83.5,42.19687
2025-04-23,21.5,84.5,41.83038
2025-04-23,22.5,80.5,42.11099
2025-04-23,22.5,81.5,42.683414
2025-04-23,22.5,82.5,42.049652
2025-04-23,22.5,83.5,41.99871
2025-04-23,22.5,84.5,41.71739
2025-04-23,23.5,80.5,42.044537
2025-04-23,23.5,81.5,41.584156
2025-04-23,23.5,82.5,41.78152
2025-04-23,23.5,83.5,41.967068
2025-04-23,23.5,84.5,42.42505
2025-04-23,24.5,80.5,42.094852
2025-04-23,24.5,81.5,42.103756
2025-04-23,24.5,82.5,42.459576
2025-04-23,24.5,83.5,42.183285
2025-04-23,24.5,84.5,41.874382
2025-04-24,18.0,80.5,39.78344
2025-04-24,18.0,81.5,38.112957
2025-04-24,18.0,82.5,36.33099
2025-04-24,18.0,83.5,35.817844
2025-04-24,18.0,84.5,
2025-04-24,18.5,80.5,40.767994
2025-04-24,18.5,81.5,38.534737
2025-04-24,18.5,82.5,37.662754
2025-04-24,18.5,83.5,37.11924
2025-04-24,18.5,84.5,37.186382
2025-04-24,19.5,80.5,42.46808
2025-04-24,19.5,81.5,41.737473
2025-04-24,19.5,82.5,39.582756
2025-04-24,19.5,83.5,39.00543
2025-04-24,19.5,84.5,39.00301
2025-04-24,20.5,80.5,43.407337
2025-04-24,20.5,81.5,42.41643
2025-04-24,20.5,82.5,42.468773
2025-04-24,20.5,83.5,41.61873
2025-04-24,20.5,84.5,39.948532
2025-04-24,21.5,80.5,42.563087
2025-04-24,21.5,81.5,42.59321
2025-04-24,21.5,82.5,42.82401
2025-04-24,21.5,83.5,42.24386
2025-04-24,21.5,84.5,41.619877
2025-04-24,22.5,80.5,41.959644
2025-04-24,22.5,81.5,42.342148
2025-04-24,22.5,82.5,41.760765
2025-04-24,22.5,83.5,41.94405
2025-04-24,22.5,84.5,41.66041
2025-04-24,23.5,80.5,41.94149
2025-04-24,23.5,81.5,41.586586
2025-04-24,23.5,82.5,41.90503
2025-04-24,23.5,83.5,42.05778
2025-04-24,23.5,84.5,41.79864
2025-04-24,24.5,80.5,42.412384
2025-04-24,24.5,81.5,42.324406
2025-04-24,24.5,82.5,42.55859
2025-04-24,24.5,83.5,41.91474
2025-04-24,24.5,84.5,41.143177
2025-04-25,18.0,80.5,38.85075
2025-04-25,18.0,81.5,37.38408
2025-04-25,18.0,82.5,35.90369
2025-04-25,18.0,83.5,35.82231
2025-04-25,18.0,84.5,
2025-04-25,18.5,80.5,39.95089
2025-04-25,18.5,81.5,38.061363
2025-04-25,18.5,82.5,37.305897
2025-04-25,18.5,83.5,37.174324
2025-04-25,18.5,84.5,37.314274
2025-04-25,19.5,80.5,41.641605
2025-04-25,19.5,81.5,41.34246
2025-04-25,19.5,82.5,39.448875
2025-04-25,19.5,83.5,39.05895
2025-04-25,19.5,84.5,39.021843
2025-04-25,20.5,80.5,43.115852
2025-04-25,20.5,81.5,42.305958
2025-04-25,20.5,82.5,42.850388
2025-04-25,20.5,83.5,41.93971
2025-04-25,20.5,84.5,40.049557
2025-04-25,21.5,80.5,42.380817
2025-04-25,21.5,81.5,42.74151
2025-04-25,21.5,82.5,43.253654
2025-04-25,21.5,83.5,42.66449
2025-04-25,21.5,84.5,41.488018
2025-04-25,22.5,80.5,42.08519
2025-04-25,22.5,81.5,42.57867
2025-04-25,22.5,82.5,42.290806
2025-04-25,22.5,83.5,42.3953
2025-04-25,22.5,84.5,41.83676
2025-04-25,23.5,80.5,42.295418
2025-04-25,23.5,81.5,42.042072
2025-04-25,23.5,82.5,42.573715
2025-04-25,23.5,83.5,42.68407
2025-04-25,23.5,84.5,42.096024
2025-04-25,24.5,80.5,43.184967
2025-04-25,24.5,81.5,43.11337
2025-04-25,24.5,82.5,43.37177
2025-04-25,24.5,83.5,42.55984
2025-04-25,24.5,84.5,41.551155
2025-04-26,18.0,80.5,38.196037
2025-04-26,18.0,81.5,36.664135
2025-04-26,18.0,82.5,35.45904
2025-04-26,18.0,83.5,35.514297
2025-04-26,18.0,84.5,
2025-04-26,18.5,80.5,38.89757
2025-04-26,18.5,81.5,37.20897
2025-04-26,18.5,82.5,36.889786
2025-04-26,18.5,83.5,36.792553
2025-04-26,18.5,84.5,36.99973
2025-04-26,19.5,80.5,40.05798
2025-04-26,19.5,81.5,40.507732
2025-04-26,19.5,82.5,38.76652
2025-04-26,19.5,83.5,38.706745
2025-04-26,19.5,84.5,38.65999
2025-04-26,20.5,80.5,41.489136
2025-04-26,20.5,81.5,39.954758
2025-04-26,20.5,82.5,41.297977
2025-04-26,20.5,83.5,40.769985
2025-04-26,20.5,84.5,39.676933
2025-04-26,21.5,80.5,40.193066
2025-04-26,21.5,81.5,40.26176
2025-04-26,21.5,82.5,40.94563
2025-04-26,21.5,83.5,41.587505
2025-04-26,21.5,84.5,41.080826
2025-04-26,22.5,80.5,39.754528
2025-04-26,22.5,81.5,39.659096
2025-04-26,22.5,82.5,39.99062
2025-04-26,22.5,83.5,40.954185
2025-04-26,22.5,84.5,41.564365
2025-04-26,23.5,80.5,40.0378
2025-04-26,23.5,81.5,40.558823
2025-04-26,23.5,82.5,40.67008
2025-04-26,23.5,83.5,41.22156
2025-04-26,23.5,84.5,42.084488
2025-04-26,24.5,80.5,42.032593
2025-04-26,24.5,81.5,42.065594
2025-04-26,24.5,82.5,42.802326
2025-04-26,24.5,83.5,42.71412
2025-04-26,24.5,84.5,41.53693
2025-04-27,18.0,80.5,35.820244
2025-04-27,18.0,81.5,35.32723
2025-04-27,18.0,82.5,34.059853
2025-04-27,18.0,83.5,34.929394
2025-04-27,18.0,84.5,
2025-04-27,18.5,80.5,35.932716
2025-04-27,18.5,81.5,34.789574
2025-04-27,18.5,82.5,35.118122
2025-04-27,18.5,83.5,35.487473
2025-04-27,18.5,84.5,35.462967
2025-04-27,19.5,80.5,36.08928
2025-04-27,19.5,81.5,37.542282
2025-04-27,19.5,82.5,35.20218
2025-04-27,19.5,83.5,36.146267
2025-04-27,19.5,84.5,36.17059
2025-04-27,20.5,80.5,37.64956
2025-04-27,20.5,81.5,35.554806
2025-04-27,20.5,82.5,37.93148
2025-04-27,20.5,83.5,37.8995
2025-04-27,20.5,84.5,36.421017
2025-04-27,21.5,80.5,37.52407
2025-04-27,21.5,81.5,36.564255
2025-04-27,21.5,82.5,36.617577
2025-04-27,21.5,83.5,37.85516
2025-04-27,21.5,84.5,36.9338
2025-04-27,22.5,80.5,37.922108
2025-04-27,22.5,81.5,36.84256
2025-04-27,22.5,82.5,36.055298
2025-04-27,22.5,83.5,35.51799
2025-04-27,22.5,84.5,34.984932
2025-04-27,23.5,80.5,37.70438
2025-04-27,23.5,81.5,37.572803
2025-04-27,23.5,82.5,37.665897
2025-04-27,23.5,83.5,37.170948
2025-04-27,23.5,84.5,36.06131
2025-04-27,24.5,80.5,39.347466
2025-04-27,24.5,81.5,39.3032
2025-04-27,24.5,82.5,39.249264
2025-04-27,24.5,83.5,37.82575
2025-04-27,24.5,84.5,35.780228
2025-04-28,18.0,80.5,37.77467
2025-04-28,18.0,81.5,36.81308
2025-04-28,18.0,82.5,35.065857
2025-04-28,18.0,83.5,35.48493
2025-04-28,18.0,84.5,
2025-04-28,18.5,80.5,38.455616
2025-04-28,18.5,81.5,36.733643
2025-04-28,18.5,82.5,36.44556
2025-04-28,18.5,83.5,36.193752
2025-04-28,18.5,84.5,36.15443
2025-04-28,19.5,80.5,39.401306
2025-04-28,19.5,81.5,39.96186
2025-04-28,19.5,82.5,37.041523
2025-04-28,19.5,83.5,37.341057
2025-04-28,19.5,84.5,37.40101
2025-04-28,20.5,80.5,39.812126
2025-04-28,20.5,81.5,38.036064
2025-04-28,20.5,82.5,38.985764
2025-04-28,20.5,83.5,38.534084
2025-04-28,20.5,84.5,37.908672
2025-04-28,21.5,80.5,39.01312
2025-04-28,21.5,81.5,37.858513
2025-04-28,21.5,82.5,37.62908
2025-04-28,21.5,83.5,38.301476
2025-04-28,21.5,84.5,37.96908
2025-04-28,22.5,80.5,38.31928
2025-04-28,22.5,81.5,37.567226
2025-04-28,22.5,82.5,36.669777
2025-04-28,22.5,83.5,35.655178
2025-04-28,22.5,84.5,35.120926
2025-04-28,23.5,80.5,38.099895
2025-04-28,23.5,81.5,36.870358
2025-04-28,23.5,82.5,36.893044
2025-04-28,23.5,83.5,35.985706
2025-04-28,23.5,84.5,34.431103
2025-04-28,24.5,80.5,39.367897
2025-04-28,24.5,81.5,37.902668
2025-04-28,24.5,82.5,35.806118
2025-04-28,24.5,83.5,34.112724
2025-04-28,24.5,84.5,32.610672
2025-04-29,18.0,80.5,38.627926
2025-04-29,18.0,81.5,37.186783
2025-04-29,18.0,82.5,35.428967
2025-04-29,18.0,83.5,35.29891
2025-04-29,18.0,84.5,
2025-04-29,18.5,80.5,39.44369
2025-04-29,18.5,81.5,37.17592
2025-04-29,18.5,82.5,36.786808
2025-04-29,18.5,83.5,35.99576
2025-04-29,18.5,84.5,35.502148
2025-04-29,19.5,80.5,39.66383
2025-04-29,19.5,81.5,40.188293
2025-04-29,19.5,82.5,37.14677
2025-04-29,19.5,83.5,37.008278
2025-04-29,19.5,84.5,36.487103
2025-04-29,20.5,80.5,40.13018
2025-04-29,20.5,81.5,38.356274
2025-04-29,20.5,82.5,39.099304
2025-04-29,20.5,83.5,38.3327
2025-04-29,20.5,84.5,36.791046
2025-04-29,21.5,80.5,39.59115
2025-04-29,21.5,81.5,38.49847
2025-04-29,21.5,82.5,38.206406
2025-04-29,21.5,83.5,38.45261
2025-04-29,21.5,84.5,37.0434
2025-04-29,22.5,80.5,39.69464
2025-04-29,22.5,81.5,38.585884
2025-04-29,22.5,82.5,37.52914
2025-04-29,22.5,83.5,36.173733
2025-04-29,22.5,84.5,34.989025
2025-04-29,23.5,80.5,39.116043
2025-04-29,23.5,81.5,37.77997
2025-04-29,23.5,82.5,37.638557
2025-04-29,23.5,83.5,35.88059
2025-04-29,23.5,84.5,33.763927
2025-04-29,24.5,80.5,39.56791
2025-04-29,24.5,81.5,38.330822
2025-04-29,24.5,82.5,35.924725
2025-04-29,24.5,83.5,33.990612
2025-04-29,24.5,84.5,32.84136
2025-04-30,18.0,80.5,38.740993
2025-04-30,18.0,81.5,36.028988
2025-04-30,18.0,82.5,32.741337
2025-04-30,18.0,83.5,32.1997
2025-04-30,18.0,84.5,
2025-04-30,18.5,80.5,39.464375
2025-04-30,18.5,81.5,35.38128
2025-04-30,18.5,82.5,34.373055
2025-04-30,18.5,83.5,32.39677
2025-04-30,18.5,84.5,32.078777
2025-04-30,19.5,80.5,39.09789
2025-04-30,19.5,81.5,38.30685
2025-04-30,19.5,82.5,33.715485
2025-04-30,19.5,83.5,32.881607
2025-04-30,19.5,84.5,32.64925
2025-04-30,20.5,80.5,38.966423
2025-04-30,20.5,81.5,35.99327
2025-04-30,20.5,82.5,35.127632
2025-04-30,20.5,83.5,34.38399
2025-04-30,20.5,84.5,33.622353
2025-04-30,21.5,80.5,39.102127
2025-04-30,21.5,81.5,35.433575
2025-04-30,21.5,82.5,35.373173
2025-04-30,21.5,83.5,34.772324
2025-04-30,21.5,84.5,33.73543
2025-04-30,22.5,80.5,38.420425
2025-04-30,22.5,81.5,35.399014
2025-04-30,22.5,82.5,34.361324
2025-04-30,22.5,83.5,33.602634
2025-04-30,22.5,84.5,33.511803
2025-04-30,23.5,80.5,38.179348
2025-04-30,23.5,81.5,36.79402
2025-04-30,23.5,82.5,35.38915
2025-04-30,23.5,83.5,34.630966
2025-04-30,23.5,84.5,34.40023
2025-04-30,24.5,80.5,38.60563
2025-04-30,24.5,81.5,37.3014
2025-04-30,24.5,82.5,36.203876
2025-04-30,24.5,83.5,35.072277
2025-04-30,24.5,84.5,34.17886
2025-05-01,18.0,80.5,37.984707
2025-05-01,18.0,81.5,36.153866
2025-05-01,18.0,82.5,34.096184
2025-05-01,18.0,83.5,33.99874
2025-05-01,18.0,84.5,
2025-05-01,18.5,80.5,38.612755
2025-05-01,18.5,81.5,36.1045
2025-05-01,18.5,82.5,35.609795
2025-05-01,18.5,83.5,34.923264
2025-05-01,18.5,84.5,34.525337
2025-05-01,19.5,80.5,39.41824
2025-05-01,19.5,81.5,39.343758
2025-05-01,19.5,82.5,36.25306
2025-05-01,19.5,83.5,35.923923
2025-05-01,19.5,84.5,35.629574
2025-05-01,20.5,80.5,39.899727
2025-05-01,20.5,81.5,38.4378
2025-05-01,20.5,82.5,38.606995
2025-05-01,20.5,83.5,38.015224
2025-05-01,20.5,84.5,36.485336
2025-05-01,21.5,80.5,38.77619
2025-05-01,21.5,81.5,38.482075
2025-05-01,21.5,82.5,38.498764
2025-05-01,21.5,83.5,38.208904
2025-05-01,21.5,84.5,37.479897
2025-05-01,22.5,80.5,38.647438
2025-05-01,22.5,81.5,38.270226
2025-05-01,22.5,82.5,37.470215
2025-05-01,22.5,83.5,36.40849
2025-05-01,22.5,84.5,36.712967
2025-05-01,23.5,80.5,39.234756
2025-05-01,23.5,81.5,37.89359
2025-05-01,23.5,82.5,37.77151
2025-05-01,23.5,83.5,36.743317
2025-05-01,23.5,84.5,36.30845
2025-05-01,24.5,80.5,39.864388
2025-05-01,24.5,81.5,38.780605
2025-05-01,24.5,82.5,36.96007
2025-05-01,24.5,83.5,35.91435
2025-05-01,24.5,84.5,34.951004
2025-05-02,18.0,80.5,38.168915
2025-05-02,18.0,81.5,36.075195
2025-05-02,18.0,82.5,33.79864
2025-05-02,18.0,83.5,33.390133
2025-05-02,18.0,84.5,
2025-05-02,18.5,80.5,38.75099
2025-05-02,18.5,81.5,35.940403
2025-05-02,18.5,82.5,35.04956
2025-05-02,18.5,83.5,34.132305
2025-05-02,18.5,84.5,33.8611
2025-05-02,19.5,80.5,39.363323
2025-05-02,19.5,81.5,38.867653
2025-05-02,19.5,82.5,35.662178
2025-05-02,19.5,83.5,35.25129
2025-05-02,19.5,84.5,35.15214
2025-05-02,20.5,80.5,39.721046
2025-05-02,20.5,81.5,37.843212
2025-05-02,20.5,82.5,38.27899
2025-05-02,20.5,83.5,37.612396
2025-05-02,20.5,84.5,36.09292
2025-05-02,21.5,80.5,39.39005
2025-05-02,21.5,81.5,38.095295
2025-05-02,21.5,82.5,37.916786
2025-05-02,21.5,83.5,37.49086
2025-05-02,21.5,84.5,37.072876
2025-05-02,22.5,80.5,38.55345
2025-05-02,22.5,81.5,37.65828
2025-05-02,22.5,82.5,36.717743
2025-05-02,22.5,83.5,36.21549
2025-05-02,22.5,84.5,36.135696
2025-05-02,23.5,80.5,38.510838
2025-05-02,23.5,81.5,37.335396
2025-05-02,23.5,82.5,37.15
2025-05-02,23.5,83.5,36.68356
2025-05-02,23.5,84.5,36.45214
2025-05-02,24.5,80.5,38.514267
2025-05-02,24.5,81.5,37.999176
2025-05-02,24.5,82.5,37.31267
2025-05-02,24.5,83.5,36.321087
2025-05-02,24.5,84.5,35.423283
2025-05-03,18.0,80.5,39.451797
2025-05-03,18.0,81.5,37.666912
2025-05-03,18.0,82.5,35.55889
2025-05-03,18.0,83.5,35.281765
2025-05-03,18.0,84.5,
2025-05-03,18.5,80.5,39.870743
2025-05-03,18.5,81.5,37.572235
2025-05-03,18.5,82.5,36.909
2025-05-03,18.5,83.5,36.16088
2025-05-03,18.5,84.5,36.055614
2025-05-03,19.5,80.5,40.5802
2025-05-03,19.5,81.5,40.514824
2025-05-03,19.5,82.5,37.676476
2025-05-03,19.5,83.5,37.458553
2025-05-03,19.5,84.5,37.458908
2025-05-03,20.5,80.5,40.846672
2025-05-03,20.5,81.5,39.234013
2025-05-03,20.5,82.5,39.9716
2025-05-03,20.5,83.5,39.28314
2025-05-03,20.5,84.5,38.055584
2025-05-03,21.5,80.5,39.883286
2025-05-03,21.5,81.5,39.189983
2025-05-03,21.5,82.5,39.124107
2025-05-03,21.5,83.5,39.418003
2025-05-03,21.5,84.5,39.31654
2025-05-03,22.5,80.5,39.402115
2025-05-03,22.5,81.5,39.156307
2025-05-03,22.5,82.5,38.255016
2025-05-03,22.5,83.5,37.742317
2025-05-03,22.5,84.5,37.984573
2025-05-03,23.5,80.5,39.344406
2025-05-03,23.5,81.5,38.590504
2025-05-03,23.5,82.5,38.7906
2025-05-03,23.5,83.5,38.379406
2025-05-03,23.5,84.5,39.02064
2025-05-03,24.5,80.5,40.561054
2025-05-03,24.5,81.5,39.77502
2025-05-03,24.5,82.5,38.96535
2025-05-03,24.5,83.5,38.106987
2025-05-03,24.5,84.5,37.290295
2025-05-04,18.0,80.5,35.967766
2025-05-04,18.0,81.5,34.00341
2025-05-04,18.0,82.5,32.05773
2025-05-04,18.0,83.5,32.567917
2025-05-04,18.0,84.5,
2025-05-04,18.5,80.5,35.958122
2025-05-04,18.5,81.5,34.022667
2025-05-04,18.5,82.5,33.626167
2025-05-04,18.5,83.5,33.04474
2025-05-04,18.5,84.5,33.11077
2025-05-04,19.5,80.5,37.652348
2025-05-04,19.5,81.5,37.040985
2025-05-04,19.5,82.5,34.274467
2025-05-04,19.5,83.5,34.26613
2025-05-04,19.5,84.5,34.784016
2025-05-04,20.5,80.5,38.337498
2025-05-04,20.5,81.5,36.431335
2025-05-04,20.5,82.5,37.12817
2025-05-04,20.5,83.5,36.60979
2025-05-04,20.5,84.5,35.41764
2025-05-04,21.5,80.5,38.24941
2025-05-04,21.5,81.5,36.741234
2025-05-04,21.5,82.5,36.637367
2025-05-04,21.5,83.5,37.111687
2025-05-04,21.5,84.5,37.016556
2025-05-04,22.5,80.5,37.721035
2025-05-04,22.5,81.5,36.797092
2025-05-04,22.5,82.5,36.25553
2025-05-04,22.5,83.5,35.450684
2025-05-04,22.5,84.5,35.844074
2025-05-04,23.5,80.5,38.051147
2025-05-04,23.5,81.5,37.217472
2025-05-04,23.5,82.5,36.83692
2025-05-04,23.5,83.5,36.640144
2025-05-04,23.5,84.5,37.101112
2025-05-04,24.5,80.5,39.745907
2025-05-04,24.5,81.5,38.653122
2025-05-04,24.5,82.5,37.871906
2025-05-04,24.5,83.5,37.440655
2025-05-04,24.5,84.5,36.55633
2025-05-05,18.0,80.5,37.89506
2025-05-05,18.0,81.5,36.383595
2025-05-05,18.0,82.5,34.98998
2025-05-05,18.0,83.5,35.06441
2025-05-05,18.0,84.5,
2025-05-05,18.5,80.5,38.17435
2025-05-05,18.5,81.5,36.339706
2025-05-05,18.5,82.5,35.91807
2025-05-05,18.5,83.5,35.856133
2025-05-05,18.5,84.5,35.923042
2025-05-05,19.5,80.5,38.518623
2025-05-05,19.5,81.5,38.66553
2025-05-05,19.5,82.5,36.746803
2025-05-05,19.5,83.5,37.028606
2025-05-05,19.5,84.5,37.202187
2025-05-05,20.5,80.5,39.29142
2025-05-05,20.5,81.5,37.358612
2025-05-05,20.5,82.5,38.84985
2025-05-05,20.5,83.5,38.43096
2025-05-05,20.5,84.5,37.679626
2025-05-05,21.5,80.5,38.01562
2025-05-05,21.5,81.5,37.738075
2025-05-05,21.5,82.5,37.48044
2025-05-05,21.5,83.5,38.112747
2025-05-05,21.5,84.5,38.81918
2025-05-05,22.5,80.5,37.141537
2025-05-05,22.5,81.5,37.267162
2025-05-05,22.5,82.5,36.71555
2025-05-05,22.5,83.5,36.58578
2025-05-05,22.5,84.5,37.007763
2025-05-05,23.5,80.5,37.4223
2025-05-05,23.5,81.5,36.75208
2025-05-05,23.5,82.5,36.8171
2025-05-05,23.5,83.5,36.322365
2025-05-05,23.5,84.5,37.430927
2025-05-05,24.5,80.5,38.38267
2025-05-05,24.5,81.5,37.87699
2025-05-05,24.5,82.5,37.345608
2025-05-05,24.5,83.5,37.03346
2025-05-05,24.5,84.5,36.771557
2025-05-06,18.0,80.5,36.683178
2025-05-06,18.0,81.5,35.33996
2025-05-06,18.0,82.5,34.707714
2025-05-06,18.0,83.5,35.4179
2025-05-06,18.0,84.5,
2025-05-06,18.5,80.5,36.926952
2025-05-06,18.5,81.5,36.00043
2025-05-06,18.5,82.5,35.415863
2025-05-06,18.5,83.5,36.155
2025-05-06,18.5,84.5,36.19142
2025-05-06,19.5,80.5,37.9138
2025-05-06,19.5,81.5,38.609474
2025-05-06,19.5,82.5,36.92211
2025-05-06,19.5,83.5,37.356945
2025-05-06,19.5,84.5,37.39978
2025-05-06,20.5,80.5,39.09646
2025-05-06,20.5,81.5,37.77323
2025-05-06,20.5,82.5,39.30173
2025-05-06,20.5,83.5,38.95656
2025-05-06,20.5,84.5,37.90033
2025-05-06,21.5,80.5,38.15296
2025-05-06,21.5,81.5,38.421806
2025-05-06,21.5,82.5,38.086105
2025-05-06,21.5,83.5,38.658432
2025-05-06,21.5,84.5,38.91563
2025-05-06,22.5,80.5,37.006004
2025-05-06,22.5,81.5,37.861507
2025-05-06,22.5,82.5,37.0874
2025-05-06,22.5,83.5,36.310722
2025-05-06,22.5,84.5,36.74849
2025-05-06,23.5,80.5,37.256634
2025-05-06,23.5,81.5,36.77753
2025-05-06,23.5,82.5,36.935455
2025-05-06,23.5,83.5,36.626144
2025-05-06,23.5,84.5,36.832165
2025-05-06,24.5,80.5,37.7861
2025-05-06,24.5,81.5,37.763786
2025-05-06,24.5,82.5,36.143135
2025-05-06,24.5,83.5,35.619778
2025-05-06,24.5,84.5,35.187847
2025-05-07,18.0,80.5,37.366673
2025-05-07,18.0,81.5,35.974037
2025-05-07,18.0,82.5,34.60974
2025-05-07,18.0,83.5,35.030975
2025-05-07,18.0,84.5,
2025-05-07,18.5,80.5,37.25609
2025-05-07,18.5,81.5,35.95515
2025-05-07,18.5,82.5,35.792267
2025-05-07,18.5,83.5,36.138493
2025-05-07,18.5,84.5,36.615807
2025-05-07,19.5,80.5,38.175896
2025-05-07,19.5,81.5,38.953068
2025-05-07,19.5,82.5,37.123173
2025-05-07,19.5,83.5,37.507122
2025-05-07,19.5,84.5,37.982807
2025-05-07,20.5,80.5,39.583725
2025-05-07,20.5,81.5,38.280907
2025-05-07,20.5,82.5,40.090675
2025-05-07,20.5,83.5,39.733067
2025-05-07,20.5,84.5,38.522762
2025-05-07,21.5,80.5,37.8204
2025-05-07,21.5,81.5,39.103806
2025-05-07,21.5,82.5,39.198147
2025-05-07,21.5,83.5,39.7878
2025-05-07,21.5,84.5,39.894814
2025-05-07,22.5,80.5,36.719845
2025-05-07,22.5,81.5,38.648857
2025-05-07,22.5,82.5,38.51991
2025-05-07,22.5,83.5,38.31272
2025-05-07,22.5,84.5,38.64882
2025-05-07,23.5,80.5,37.543076
2025-05-07,23.5,81.5,37.862186
2025-05-07,23.5,82.5,38.46026
2025-05-07,23.5,83.5,38.515907
2025-05-07,23.5,84.5,38.85168
2025-05-07,24.5,80.5,39.222706
2025-05-07,24.5,81.5,39.38024
2025-05-07,24.5,82.5,38.40181
2025-05-07,24.5,83.5,37.91905
2025-05-07,24.5,84.5,37.18201
2025-05-08,18.0,80.5,37.369324
2025-05-08,18.0,81.5,36.069084
2025-05-08,18.0,82.5,34.63262
2025-05-08,18.0,83.5,34.98531
2025-05-08,18.0,84.5,
2025-05-08,18.5,80.5,37.181183
2025-05-08,18.5,81.5,35.660442
2025-05-08,18.5,82.5,35.850735
2025-05-08,18.5,83.5,35.91077
2025-05-08,18.5,84.5,36.185112
2025-05-08,19.5,80.5,37.949165
2025-05-08,19.5,81.5,38.599472
2025-05-08,19.5,82.5,36.197998
2025-05-08,19.5,83.5,36.72465
2025-05-08,19.5,84.5,37.185963
2025-05-08,20.5,80.5,39.05301
2025-05-08,20.5,81.5,37.511974
2025-05-08,20.5,82.5,39.542953
2025-05-08,20.5,83.5,39.404633
2025-05-08,20.5,84.5,38.11213
2025-05-08,21.5,80.5,37.182655
2025-05-08,21.5,81.5,38.264843
2025-05-08,21.5,82.5,38.66929
2025-05-08,21.5,83.5,39.84936
2025-05-08,21.5,84.5,39.51286
2025-05-08,22.5,80.5,36.586014
2025-05-08,22.5,81.5,38.150764
2025-05-08,22.5,82.5,38.219814
2025-05-08,22.5,83.5,38.40422
2025-05-08,22.5,84.5,38.818905
2025-05-08,23.5,80.5,37.11437
2025-05-08,23.5,81.5,37.594097
2025-05-08,23.5,82.5,37.83314
2025-05-08,23.5,83.5,38.40466
2025-05-08,23.5,84.5,39.28315
2025-05-08,24.5,80.5,38.036354
2025-05-08,24.5,81.5,38.337296
2025-05-08,24.5,82.5,38.95329
2025-05-08,24.5,83.5,38.778294
2025-05-08,24.5,84.5,38.57954
2025-05-09,18.0,80.5,37.690468
2025-05-09,18.0,81.5,36.528656
2025-05-09,18.0,82.5,35.239853
2025-05-09,18.0,83.5,35.487827
2025-05-09,18.0,84.5,
2025-05-09,18.5,80.5,38.00464
2025-05-09,18.5,81.5,36.39681
2025-05-09,18.5,82.5,36.35803
2025-05-09,18.5,83.5,36.61174
2025-05-09,18.5,84.5,36.80045
2025-05-09,19.5,80.5,38.67057
2025-05-09,19.5,81.5,39.36334
2025-05-09,19.5,82.5,37.165867
2025-05-09,19.5,83.5,37.494812
2025-05-09,19.5,84.5,37.882145
2025-05-09,20.5,80.5,39.519833
2025-05-09,20.5,81.5,38.192673
2025-05-09,20.5,82.5,40.20294
2025-05-09,20.5,83.5,39.763325
2025-05-09,20.5,84.5,38.70104
2025-05-09,21.5,80.5,38.32428
2025-05-09,21.5,81.5,38.955322
2025-05-09,21.5,82.5,39.14778
2025-05-09,21.5,83.5,40.013695
2025-05-09,21.5,84.5,39.549484
2025-05-09,22.5,80.5,37.48981
2025-05-09,22.5,81.5,38.887268
2025-05-09,22.5,82.5,38.717297
2025-05-09,22.5,83.5,38.697483
2025-05-09,22.5,84.5,38.571007
2025-05-09,23.5,80.5,38.104706
2025-05-09,23.5,81.5,38.385193
2025-05-09,23.5,82.5,38.870174
2025-05-09,23.5,83.5,39.073887
2025-05-09,23.5,84.5,38.653835
2025-05-09,24.5,80.5,39.295013
2025-05-09,24.5,81.5,39.5286
2025-05-09,24.5,82.5,39.979034
2025-05-09,24.5,83.5,39.18435
2025-05-09,24.5,84.5,38.69731
2025-05-10,18.0,80.5,38.131588
2025-05-10,18.0,81.5,37.148293
2025-05-10,18.0,82.5,35.842052
2025-05-10,18.0,83.5,36.14493
2025-05-10,18.0,84.5,
2025-05-10,18.5,80.5,38.291973
2025-05-10,18.5,81.5,36.692093
2025-05-10,18.5,82.5,36.761585
2025-05-10,18.5,83.5,37.412193
2025-05-10,18.5,84.5,37.477444
2025-05-10,19.5,80.5,38.80355
2025-05-10,19.5,81.5,39.665627
2025-05-10,19.5,82.5,37.7919
2025-05-10,19.5,83.5,38.45241
2025-05-10,19.5,84.5,38.694004
2025-05-10,20.5,80.5,39.517014
2025-05-10,20.5,81.5,38.730354
2025-05-10,20.5,82.5,41.144
2025-05-10,20.5,83.5,41.00597
2025-05-10,20.5,84.5,39.85079
2025-05-10,21.5,80.5,37.864105
2025-05-10,21.5,81.5,39.548233
2025-05-10,21.5,82.5,39.992435
2025-05-10,21.5,83.5,41.21887
2025-05-10,21.5,84.5,40.543346
2025-05-10,22.5,80.5,37.670906
2025-05-10,22.5,81.5,39.445377
2025-05-10,22.5,82.5,39.505848
2025-05-10,22.5,83.5,39.691162
2025-05-10,22.5,84.5,39.673813
2025-05-10,23.5,80.5,38.618725
2025-05-10,23.5,81.5,38.784313
2025-05-10,23.5,82.5,39.6101
2025-05-10,23.5,83.5,39.569008
2025-05-10,23.5,84.5,39.988125
2025-05-10,24.5,80.5,39.904984
2025-05-10,24.5,81.5,39.961697
2025-05-10,24.5,82.5,40.481384
2025-05-10,24.5,83.5,39.7896
2025-05-10,24.5,84.5,39.39604
2025-05-11,18.0,80.5,38.674915
2025-05-11,18.0,81.5,37.692368
2025-05-11,18.0,82.5,36.243572
2025-05-11,18.0,83.5,36.383026
2025-05-11,18.0,84.5,
2025-05-11,18.5,80.5,38.73211
2025-05-11,18.5,81.5,37.124603
2025-05-11,18.5,82.5,37.307095
2025-05-11,18.5,83.5,37.483406
2025-05-11,18.5,84.5,37.66376
2025-05-11,19.5,80.5,39.05811
2025-05-11,19.5,81.5,40.237553
2025-05-11,19.5,82.5,38.14844
2025-05-11,19.5,83.5,38.624786
2025-05-11,19.5,84.5,38.802517
2025-05-11,20.5,80.5,39.95586
2025-05-11,20.5,81.5,39.506687
2025-05-11,20.5,82.5,41.668365
2025-05-11,20.5,83.5,41.39362
2025-05-11,20.5,84.5,40.121296
2025-05-11,21.5,80.5,38.54057
2025-05-11,21.5,81.5,40.03654
2025-05-11,21.5,82.5,40.795986
2025-05-11,21.5,83.5,41.552395
2025-05-11,21.5,84.5,40.48063
2025-05-11,22.5,80.5,38.307484
2025-05-11,22.5,81.5,39.93126
2025-05-11,22.5,82.5,40.21413
2025-05-11,22.5,83.5,40.19685
2025-05-11,22.5,84.5,39.81598
2025-05-11,23.5,80.5,39.02988
2025-05-11,23.5,81.5,39.269306
2025-05-11,23.5,82.5,40.16225
2025-05-11,23.5,83.5,40.200737
2025-05-11,23.5,84.5,40.281994
2025-05-11,24.5,80.5,40.73086
2025-05-11,24.5,81.5,40.742016
2025-05-11,24.5,82.5,40.944786
2025-05-11,24.5,83.5,40.535404
2025-05-11,24.5,84.5,39.81917
2025-05-12,18.0,80.5,38.704933
2025-05-12,18.0,81.5,37.832977
2025-05-12,18.0,82.5,35.95597
2025-05-12,18.0,83.5,36.640625
2025-05-12,18.0,84.5,
2025-05-12,18.5,80.5,38.389507
2025-05-12,18.5,81.5,36.921844
2025-05-12,18.5,82.5,37.026073
2025-05-12,18.5,83.5,37.657883
2025-05-12,18.5,84.5,37.850426
2025-05-12,19.5,80.5,37.84838
2025-05-12,19.5,81.5,39.265797
2025-05-12,19.5,82.5,38.098248
2025-05-12,19.5,83.5,38.775505
2025-05-12,19.5,84.5,38.89759
2025-05-12,20.5,80.5,39.28984
2025-05-12,20.5,81.5,38.591183
2025-05-12,20.5,82.5,41.26752
2025-05-12,20.5,83.5,41.13288
2025-05-12,20.5,84.5,39.68035
2025-05-12,21.5,80.5,37.901714
2025-05-12,21.5,81.5,39.147125
2025-05-12,21.5,82.5,40.373276
2025-05-12,21.5,83.5,41.205658
2025-05-12,21.5,84.5,40.830925
2025-05-12,22.5,80.5,37.71117
2025-05-12,22.5,81.5,39.171272
2025-05-12,22.5,82.5,39.704803
2025-05-12,22.5,83.5,39.801502
2025-05-12,22.5,84.5,39.49933
2025-05-12,23.5,80.5,38.51513
2025-05-12,23.5,81.5,38.770283
2025-05-12,23.5,82.5,39.51164
2025-05-12,23.5,83.5,39.910896
2025-05-12,23.5,84.5,40.421776
2025-05-12,24.5,80.5,39.90666
2025-05-12,24.5,81.5,40.10952
2025-05-12,24.5,82.5,40.491238
2025-05-12,24.5,83.5,39.923996
2025-05-12,24.5,84.5,39.756958
2025-05-13,18.0,80.5,38.22483
2025-05-13,18.0,81.5,37.551064
2025-05-13,18.0,82.5,35.72975
2025-05-13,18.0,83.5,36.00048
2025-05-13,18.0,84.5,
2025-05-13,18.5,80.5,38.354412
2025-05-13,18.5,81.5,36.51381
2025-05-13,18.5,82.5,36.84379
2025-05-13,18.5,83.5,36.892403
2025-05-13,18.5,84.5,36.709816
2025-05-13,19.5,80.5,38.282253
2025-05-13,19.5,81.5,39.424416
2025-05-13,19.5,82.5,38.04222
2025-05-13,19.5,83.5,37.978374
2025-05-13,19.5,84.5,37.972633
2025-05-13,20.5,80.5,39.678898
2025-05-13,20.5,81.5,39.30977
2025-05-13,20.5,82.5,41.059128
2025-05-13,20.5,83.5,40.55464
2025-05-13,20.5,84.5,38.961147
2025-05-13,21.5,80.5,38.699814
2025-05-13,21.5,81.5,39.82103
2025-05-13,21.5,82.5,40.681957
2025-05-13,21.5,83.5,41.006104
2025-05-13,21.5,84.5,40.174
2025-05-13,22.5,80.5,38.368122
2025-05-13,22.5,81.5,39.85715
2025-05-13,22.5,82.5,40.26391
2025-05-13,22.5,83.5,40.00638
2025-05-13,22.5,84.5,40.016033
2025-05-13,23.5,80.5,39.379234
2025-05-13,23.5,81.5,40.01441
2025-05-13,23.5,82.5,40.253223
2025-05-13,23.5,83.5,40.764893
2025-05-13,23.5,84.5,40.79055
2025-05-13,24.5,80.5,41.15547
2025-05-13,24.5,81.5,41.3783
2025-05-13,24.5,82.5,41.373085
2025-05-13,24.5,83.5,40.611973
2025-05-13,24.5,84.5,39.38118
2025-05-14,18.0,80.5,36.658447
2025-05-14,18.0,81.5,35.94059
2025-05-14,18.0,82.5,34.763893
2025-05-14,18.0,83.5,35.483738
2025-05-14,18.0,84.5,
2025-05-14,18.5,80.5,36.351334
2025-05-14,18.5,81.5,34.94789
2025-05-14,18.5,82.5,35.240112
2025-05-14,18.5,83.5,36.42985
2025-05-14,18.5,84.5,36.21788
2025-05-14,19.5,80.5,36.998917
2025-05-14,19.5,81.5,37.98893
2025-05-14,19.5,82.5,36.13122
2025-05-14,19.5,83.5,37.117714
2025-05-14,19.5,84.5,37.149708
2025-05-14,20.5,80.5,38.794395
2025-05-14,20.5,81.5,37.8002
2025-05-14,20.5,82.5,39.89363
2025-05-14,20.5,83.5,39.640785
2025-05-14,20.5,84.5,37.94151
2025-05-14,21.5,80.5,39.126385
2025-05-14,21.5,81.5,39.350388
2025-05-14,21.5,82.5,39.601402
2025-05-14,21.5,83.5,40.591427
2025-05-14,21.5,84.5,39.671143
2025-05-14,22.5,80.5,39.47018
2025-05-14,22.5,81.5,39.756447
2025-05-14,22.5,82.5,39.78598
2025-05-14,22.5,83.5,39.518112
2025-05-14,22.5,84.5,39.381313
2025-05-14,23.5,80.5,40.037548
2025-05-14,23.5,81.5,40.45389
2025-05-14,23.5,82.5,40.06424
2025-05-14,23.5,83.5,40.41251
2025-05-14,23.5,84.5,40.745255
2025-05-14,24.5,80.5,41.626183
2025-05-14,24.5,81.5,41.615223
2025-05-14,24.5,82.5,41.998386
2025-05-14,24.5,83.5,41.39891
2025-05-14,24.5,84.5,40.510082
2025-05-15,18.0,80.5,36.912006
2025-05-15,18.0,81.5,36.889954
2025-05-15,18.0,82.5,35.4372
2025-05-15,18.0,83.5,36.045715
2025-05-15,18.0,84.5,
2025-05-15,18.5,80.5,36.92003
2025-05-15,18.5,81.5,35.818836
2025-05-15,18.5,82.5,36.486794
2025-05-15,18.5,83.5,37.072685
2025-05-15,18.5,84.5,36.893547
2025-05-15,19.5,80.5,37.40158
2025-05-15,19.5,81.5,38.65646
2025-05-15,19.5,82.5,37.826897
2025-05-15,19.5,83.5,38.187035
2025-05-15,19.5,84.5,38.227566
2025-05-15,20.5,80.5,38.872116
2025-05-15,20.5,81.5,39.103237
2025-05-15,20.5,82.5,41.244495
2025-05-15,20.5,83.5,40.751217
2025-05-15,20.5,84.5,39.105488
2025-05-15,21.5,80.5,38.486053
2025-05-15,21.5,81.5,39.896126
2025-05-15,21.5,82.5,40.815662
2025-05-15,21.5,83.5,41.478424
2025-05-15,21.5,84.5,40.481644
2025-05-15,22.5,80.5,38.47257
2025-05-15,22.5,81.5,40.1311
2025-05-15,22.5,82.5,40.51662
2025-05-15,22.5,83.5,40.487907
2025-05-15,22.5,84.5,40.282364
2025-05-15,23.5,80.5,40.03913
2025-05-15,23.5,81.5,40.6609
2025-05-15,23.5,82.5,40.837162
2025-05-15,23.5,83.5,41.34249
2025-05-15,23.5,84.5,41.459442
2025-05-15,24.5,80.5,41.677544
2025-05-15,24.5,81.5,41.809563
2025-05-15,24.5,82.5,42.240417
2025-05-15,24.5,83.5,41.39734
2025-05-15,24.5,84.5,40.432323
2025-05-16,18.0,80.5,35.1739
2025-05-16,18.0,81.5,35.209724
2025-05-16,18.0,82.5,34.384315
2025-05-16,18.0,83.5,35.03369
2025-05-16,18.0,84.5,
2025-05-16,18.5,80.5,36.242176
2025-05-16,18.5,81.5,35.055054
2025-05-16,18.5,82.5,35.43244
2025-05-16,18.5,83.5,36.08834
2025-05-16,18.5,84.5,36.35088
2025-05-16,19.5,80.5,37.196434
2025-05-16,19.5,81.5,38.286686
2025-05-16,19.5,82.5,36.90232
2025-05-16,19.5,83.5,37.380306
2025-05-16,19.5,84.5,37.424347
2025-05-16,20.5,80.5,39.121387
2025-05-16,20.5,81.5,38.4765
2025-05-16,20.5,82.5,40.31583
2025-05-16,20.5,83.5,39.89384
2025-05-16,20.5,84.5,38.192142
2025-05-16,21.5,80.5,38.547688
2025-05-16,21.5,81.5,39.495872
2025-05-16,21.5,82.5,39.832626
2025-05-16,21.5,83.5,40.803703
2025-05-16,21.5,84.5,40.024395
2025-05-16,22.5,80.5,39.251305
2025-05-16,22.5,81.5,40.0245
2025-05-16,22.5,82.5,40.447536
2025-05-16,22.5,83.5,39.983837
2025-05-16,22.5,84.5,39.631447
2025-05-16,23.5,80.5,41.1151
2025-05-16,23.5,81.5,41.351997
2025-05-16,23.5,82.5,41.04987
2025-05-16,23.5,83.5,40.942036
2025-05-16,23.5,84.5,40.807945
2025-05-16,24.5,80.5,42.993862
2025-05-16,24.5,81.5,42.92356
2025-05-16,24.5,82.5,42.089725
2025-05-16,24.5,83.5,40.900192
2025-05-16,24.5,84.5,39.77993
2025-05-17,18.0,80.5,35.225082
2025-05-17,18.0,81.5,34.523045
2025-05-17,18.0,82.5,34.311993
2025-05-17,18.0,83.5,35.048855
2025-05-17,18.0,84.5,
2025-05-17,18.5,80.5,35.667324
2025-05-17,18.5,81.5,35.028175
2025-05-17,18.5,82.5,34.806324
2025-05-17,18.5,83.5,35.996353
2025-05-17,18.5,84.5,36.013214
2025-05-17,19.5,80.5,36.94997
2025-05-17,19.5,81.5,37.85971
2025-05-17,19.5,82.5,36.035324
2025-05-17,19.5,83.5,36.79329
2025-05-17,19.5,84.5,36.84446
2025-05-17,20.5,80.5,39.018143
2025-05-17,20.5,81.5,37.277195
2025-05-17,20.5,82.5,39.329594
2025-05-17,20.5,83.5,39.086437
2025-05-17,20.5,84.5,37.689888
2025-05-17,21.5,80.5,38.67717
2025-05-17,21.5,81.5,39.06856
2025-05-17,21.5,82.5,39.523705
2025-05-17,21.5,83.5,39.664093
2025-05-17,21.5,84.5,38.769424
2025-05-17,22.5,80.5,39.83219
2025-05-17,22.5,81.5,39.44349
2025-05-17,22.5,82.5,39.709538
2025-05-17,22.5,83.5,39.053036
2025-05-17,22.5,84.5,38.444702
2025-05-17,23.5,80.5,41.346863
2025-05-17,23.5,81.5,41.23902
2025-05-17,23.5,82.5,39.877197
2025-05-17,23.5,83.5,39.41445
2025-05-17,23.5,84.5,39.146526
2025-05-17,24.5,80.5,42.69114
2025-05-17,24.5,81.5,42.164543
2025-05-17,24.5,82.5,41.14286
2025-05-17,24.5,83.5,39.822468
2025-05-17,24.5,84.5,38.721527
2025-05-18,18.0,80.5,36.47831
2025-05-18,18.0,81.5,35.705414
2025-05-18,18.0,82.5,34.556484
2025-05-18,18.0,83.5,34.75544
2025-05-18,18.0,84.5,
2025-05-18,18.5,80.5,37.097694
2025-05-18,18.5,81.5,35.355198
2025-05-18,18.5,82.5,35.252308
2025-05-18,18.5,83.5,35.58125
2025-05-18,18.5,84.5,35.661594
2025-05-18,19.5,80.5,37.8106
2025-05-18,19.5,81.5,38.095078
2025-05-18,19.5,82.5,36.28317
2025-05-18,19.5,83.5,36.739803
2025-05-18,19.5,84.5,36.71541
2025-05-18,20.5,80.5,39.32848
2025-05-18,20.5,81.5,37.322876
2025-05-18,20.5,82.5,39.0958
2025-05-18,20.5,83.5,38.9049
2025-05-18,20.5,84.5,37.671467
2025-05-18,21.5,80.5,39.239872
2025-05-18,21.5,81.5,38.76723
2025-05-18,21.5,82.5,38.88486
2025-05-18,21.5,83.5,39.117943
2025-05-18,21.5,84.5,38.237534
2025-05-18,22.5,80.5,39.418793
2025-05-18,22.5,81.5,39.05032
2025-05-18,22.5,82.5,38.950836
2025-05-18,22.5,83.5,37.88721
2025-05-18,22.5,84.5,37.34205
2025-05-18,23.5,80.5,39.89518
2025-05-18,23.5,81.5,39.565258
2025-05-18,23.5,82.5,39.081978
2025-05-18,23.5,83.5,38.328083
2025-05-18,23.5,84.5,37.634323
2025-05-18,24.5,80.5,41.463253
2025-05-18,24.5,81.5,40.825348
2025-05-18,24.5,82.5,39.695988
2025-05-18,24.5,83.5,38.001896
2025-05-18,24.5,84.5,36.53533
2025-05-19,18.0,80.5,34.815456
2025-05-19,18.0,81.5,34.550255
2025-05-19,18.0,82.5,34.03512
2025-05-19,18.0,83.5,34.351936
2025-05-19,18.0,84.5,
2025-05-19,18.5,80.5,36.18006
2025-05-19,18.5,81.5,34.795753
2025-05-19,18.5,82.5,34.974598
2025-05-19,18.5,83.5,35.46494
2025-05-19,18.5,84.5,35.866924
2025-05-19,19.5,80.5,37.75532
2025-05-19,19.5,81.5,37.81522
2025-05-19,19.5,82.5,36.41799
2025-05-19,19.5,83.5,36.84919
2025-05-19,19.5,84.5,37.371117
2025-05-19,20.5,80.5,39.288647
2025-05-19,20.5,81.5,38.225018
2025-05-19,20.5,82.5,39.79544
2025-05-19,20.5,83.5,39.39588
2025-05-19,20.5,84.5,38.200027
2025-05-19,21.5,80.5,39.668213
2025-05-19,21.5,81.5,39.4538
2025-05-19,21.5,82.5,39.55303
2025-05-19,21.5,83.5,39.566402
2025-05-19,21.5,84.5,39.01063
2025-05-19,22.5,80.5,39.731182
2025-05-19,22.5,81.5,39.67347
2025-05-19,22.5,82.5,39.232876
2025-05-19,22.5,83.5,38.092205
2025-05-19,22.5,84.5,37.23811
2025-05-19,23.5,80.5,40.55376
2025-05-19,23.5,81.5,39.860687
2025-05-19,23.5,82.5,39.09801
2025-05-19,23.5,83.5,38.237984
2025-05-19,23.5,84.5,37.095875
2025-05-19,24.5,80.5,41.765785
2025-05-19,24.5,81.5,40.651745
2025-05-19,24.5,82.5,38.79608
2025-05-19,24.5,83.5,36.885845
2025-05-19,24.5,84.5,35.607353
2025-05-20,18.0,80.5,34.280994
2025-05-20,18.0,81.5,33.021656
2025-05-20,18.0,82.5,32.143814
2025-05-20,18.0,83.5,33.185
2025-05-20,18.0,84.5,
2025-05-20,18.5,80.5,35.220737
2025-05-20,18.5,81.5,33.871853
2025-05-20,18.5,82.5,33.452564
2025-05-20,18.5,83.5,34.588528
2025-05-20,18.5,84.5,35.366814
2025-05-20,19.5,80.5,38.188435
2025-05-20,19.5,81.5,37.341896
2025-05-20,19.5,82.5,35.798233
2025-05-20,19.5,83.5,36.354767
2025-05-20,19.5,84.5,37.143986
2025-05-20,20.5,80.5,40.11685
2025-05-20,20.5,81.5,38.49524
2025-05-20,20.5,82.5,39.282593
2025-05-20,20.5,83.5,39.423565
2025-05-20,20.5,84.5,38.361443
2025-05-20,21.5,80.5,39.854286
2025-05-20,21.5,81.5,39.70972
2025-05-20,21.5,82.5,39.75321
2025-05-20,21.5,83.5,39.835663
2025-05-20,21.5,84.5,39.538124
2025-05-20,22.5,80.5,39.45389
2025-05-20,22.5,81.5,39.873627
2025-05-20,22.5,82.5,39.575714
2025-05-20,22.5,83.5,38.623684
2025-05-20,22.5,84.5,37.68524
2025-05-20,23.5,80.5,40.3855
2025-05-20,23.5,81.5,40.392418
2025-05-20,23.5,82.5,39.578217
2025-05-20,23.5,83.5,38.964905
2025-05-20,23.5,84.5,38.332497
2025-05-20,24.5,80.5,41.93332
2025-05-20,24.5,81.5,41.06616
2025-05-20,24.5,82.5,40.113327
2025-05-20,24.5,83.5,38.708775
2025-05-20,24.5,84.5,37.962666
2025-05-21,18.0,80.5,32.074265
2025-05-21,18.0,81.5,31.9661
2025-05-21,18.0,82.5,31.0452
2025-05-21,18.0,83.5,32.276943
2025-05-21,18.0,84.5,
2025-05-21,18.5,80.5,32.510193
2025-05-21,18.5,81.5,32.354748
2025-05-21,18.5,82.5,32.074722
2025-05-21,18.5,83.5,33.508774
2025-05-21,18.5,84.5,34.244507
2025-05-21,19.5,80.5,35.668434
2025-05-21,19.5,81.5,35.61473
2025-05-21,19.5,82.5,34.425728
2025-05-21,19.5,83.5,35.35616
2025-05-21,19.5,84.5,36.069008
2025-05-21,20.5,80.5,37.92178
2025-05-21,20.5,81.5,37.151993
2025-05-21,20.5,82.5,38.002686
2025-05-21,20.5,83.5,38.20927
2025-05-21,20.5,84.5,37.366802
2025-05-21,21.5,80.5,38.877205
2025-05-21,21.5,81.5,39.016815
2025-05-21,21.5,82.5,39.04717
2025-05-21,21.5,83.5,38.618664
2025-05-21,21.5,84.5,38.62085
2025-05-21,22.5,80.5,39.508514
2025-05-21,22.5,81.5,39.397655
2025-05-21,22.5,82.5,38.98463
2025-05-21,22.5,83.5,38.108593
2025-05-21,22.5,84.5,37.511723
2025-05-21,23.5,80.5,40.17856
2025-05-21,23.5,81.5,39.62984
2025-05-21,23.5,82.5,38.821823
2025-05-21,23.5,83.5,38.09134
2025-05-21,23.5,84.5,37.687653
2025-05-21,24.5,80.5,41.263355
2025-05-21,24.5,81.5,40.25742
2025-05-21,24.5,82.5,39.04395
2025-05-21,24.5,83.5,37.65803
2025-05-21,24.5,84.5,36.645405
2025-05-22,18.0,80.5,31.920418
2025-05-22,18.0,81.5,31.99807
2025-05-22,18.0,82.5,31.369959
2025-05-22,18.0,83.5,31.751635
2025-05-22,18.0,84.5,
2025-05-22,18.5,80.5,31.738787
2025-05-22,18.5,81.5,31.006306
2025-05-22,18.5,82.5,31.461685
2025-05-22,18.5,83.5,32.838158
2025-05-22,18.5,84.5,33.188248
2025-05-22,19.5,80.5,31.226341
2025-05-22,19.5,81.5,33.087875
2025-05-22,19.5,82.5,32.821644
2025-05-22,19.5,83.5,34.178123
2025-05-22,19.5,84.5,34.503128
2025-05-22,20.5,80.5,33.09201
2025-05-22,20.5,81.5,32.72227
2025-05-22,20.5,82.5,35.88442
2025-05-22,20.5,83.5,36.072475
2025-05-22,20.5,84.5,35.839542
2025-05-22,21.5,80.5,34.026524
2025-05-22,21.5,81.5,34.08519
2025-05-22,21.5,82.5,34.679512
2025-05-22,21.5,83.5,35.368095
2025-05-22,21.5,84.5,35.79428
2025-05-22,22.5,80.5,34.355015
2025-05-22,22.5,81.5,34.01141
2025-05-22,22.5,82.5,34.14022
2025-05-22,22.5,83.5,33.735855
2025-05-22,22.5,84.5,33.674767
2025-05-22,23.5,80.5,35.257324
2025-05-22,23.5,81.5,34.236473
2025-05-22,23.5,82.5,33.950596
2025-05-22,23.5,83.5,33.751472
2025-05-22,23.5,84.5,34.026707
2025-05-22,24.5,80.5,36.418583
2025-05-22,24.5,81.5,35.455345
2025-05-22,24.5,82.5,34.330715
2025-05-22,24.5,83.5,33.505253
2025-05-22,24.5,84.5,33.618942
2025-05-23,18.0,80.5,32.566837
2025-05-23,18.0,81.5,32.519222
2025-05-23,18.0,82.5,31.071093
2025-05-23,18.0,83.5,31.872738
2025-05-23,18.0,84.5,
2025-05-23,18.5,80.5,31.785234
2025-05-23,18.5,81.5,30.70152
2025-05-23,18.5,82.5,31.262896
2025-05-23,18.5,83.5,32.600967
2025-05-23,18.5,84.5,32.647804
2025-05-23,19.5,80.5,31.216984
2025-05-23,19.5,81.5,32.60978
2025-05-23,19.5,82.5,31.710564
2025-05-23,19.5,83.5,33.535748
2025-05-23,19.5,84.5,33.781994
2025-05-23,20.5,80.5,33.705734
2025-05-23,20.5,81.5,32.478653
2025-05-23,20.5,82.5,35.115124
2025-05-23,20.5,83.5,35.6303
2025-05-23,20.5,84.5,34.97972
2025-05-23,21.5,80.5,34.453903
2025-05-23,21.5,81.5,34.31324
2025-05-23,21.5,82.5,35.248177
2025-05-23,21.5,83.5,35.748962
2025-05-23,21.5,84.5,35.621788
2025-05-23,22.5,80.5,35.687336
2025-05-23,22.5,81.5,34.91613
2025-05-23,22.5,82.5,35.010773
2025-05-23,22.5,83.5,34.491642
2025-05-23,22.5,84.5,34.525852
2025-05-23,23.5,80.5,37.196884
2025-05-23,23.5,81.5,36.988823
2025-05-23,23.5,82.5,35.980602
2025-05-23,23.5,83.5,35.433163
2025-05-23,23.5,84.5,35.453167
2025-05-23,24.5,80.5,38.815758
2025-05-23,24.5,81.5,38.229607
2025-05-23,24.5,82.5,37.68347
2025-05-23,24.5,83.5,36.813164
2025-05-23,24.5,84.5,35.88265
2025-05-24,18.0,80.5,33.708107
2025-05-24,18.0,81.5,33.769794
2025-05-24,18.0,82.5,32.326115
2025-05-24,18.0,83.5,32.81885
2025-05-24,18.0,84.5,
2025-05-24,18.5,80.5,32.634567
2025-05-24,18.5,81.5,31.878727
2025-05-24,18.5,82.5,32.632988
2025-05-24,18.5,83.5,33.759747
2025-05-24,18.5,84.5,33.40179
2025-05-24,19.5,80.5,31.626265
2025-05-24,19.5,81.5,33.94944
2025-05-24,19.5,82.5,32.75025
2025-05-24,19.5,83.5,34.403034
2025-05-24,19.5,84.5,34.21536
2025-05-24,20.5,80.5,32.77391
2025-05-24,20.5,81.5,31.881615
2025-05-24,20.5,82.5,35.625034
2025-05-24,20.5,83.5,35.827637
2025-05-24,20.5,84.5,35.12057
2025-05-24,21.5,80.5,32.72547
2025-05-24,21.5,81.5,32.634434
2025-05-24,21.5,82.5,33.171974
2025-05-24,21.5,83.5,35.313545
2025-05-24,21.5,84.5,35.324875
2025-05-24,22.5,80.5,32.99371
2025-05-24,22.5,81.5,32.316185
2025-05-24,22.5,82.5,32.38994
2025-05-24,22.5,83.5,32.786476
2025-05-24,22.5,84.5,33.523678
2025-05-24,23.5,80.5,34.337696
2025-05-24,23.5,81.5,33.779385
2025-05-24,23.5,82.5,32.64818
2025-05-24,23.5,83.5,33.24107
2025-05-24,23.5,84.5,34.18986
2025-05-24,24.5,80.5,36.36871
2025-05-24,24.5,81.5,35.269196
2025-05-24,24.5,82.5,34.620575
2025-05-24,24.5,83.5,34.95185
2025-05-24,24.5,84.5,34.27531
2025-05-25,18.0,80.5,33.48214
2025-05-25,18.0,81.5,33.07812
2025-05-25,18.0,82.5,31.706148
2025-05-25,18.0,83.5,31.909317
2025-05-25,18.0,84.5,
2025-05-25,18.5,80.5,33.2017
2025-05-25,18.5,81.5,32.183304
2025-05-25,18.5,82.5,32.366547
2025-05-25,18.5,83.5,33.193913
2025-05-25,18.5,84.5,33.063637
2025-05-25,19.5,80.5,32.873405
2025-05-25,19.5,81.5,34.698082
2025-05-25,19.5,82.5,33.225616
2025-05-25,19.5,83.5,34.1791
2025-05-25,19.5,84.5,33.936844
2025-05-25,20.5,80.5,34.34974
2025-05-25,20.5,81.5,33.450974
2025-05-25,20.5,82.5,35.657722
2025-05-25,20.5,83.5,35.641113
2025-05-25,20.5,84.5,34.73568
2025-05-25,21.5,80.5,34.138443
2025-05-25,21.5,81.5,34.3682
2025-05-25,21.5,82.5,34.202526
2025-05-25,21.5,83.5,35.190144
2025-05-25,21.5,84.5,35.93273
2025-05-25,22.5,80.5,34.242218
2025-05-25,22.5,81.5,34.371925
2025-05-25,22.5,82.5,33.851948
2025-05-25,22.5,83.5,33.442963
2025-05-25,22.5,84.5,33.351494
2025-05-25,23.5,80.5,35.279453
2025-05-25,23.5,81.5,34.883717
2025-05-25,23.5,82.5,34.437656
2025-05-25,23.5,83.5,33.60662
2025-05-25,23.5,84.5,34.2225
2025-05-25,24.5,80.5,36.998886
2025-05-25,24.5,81.5,36.39727
2025-05-25,24.5,82.5,35.61751
2025-05-25,24.5,83.5,34.79948
2025-05-25,24.5,84.5,34.002464
2025-05-26,18.0,80.5,31.341572
2025-05-26,18.0,81.5,31.831707
2025-05-26,18.0,82.5,31.170063
2025-05-26,18.0,83.5,32.24527
2025-05-26,18.0,84.5,
2025-05-26,18.5,80.5,32.47151
2025-05-26,18.5,81.5,32.07128
2025-05-26,18.5,82.5,32.35509
2025-05-26,18.5,83.5,33.498913
2025-05-26,18.5,84.5,33.378914
2025-05-26,19.5,80.5,33.636383
2025-05-26,19.5,81.5,34.906933
2025-05-26,19.5,82.5,33.886707
2025-05-26,19.5,83.5,34.633297
2025-05-26,19.5,84.5,34.44818
2025-05-26,20.5,80.5,35.646564
2025-05-26,20.5,81.5,35.104103
2025-05-26,20.5,82.5,36.519035
2025-05-26,20.5,83.5,36.37842
2025-05-26,20.5,84.5,35.174686
2025-05-26,21.5,80.5,36.064327
2025-05-26,21.5,81.5,36.24663
2025-05-26,21.5,82.5,36.013977
2025-05-26,21.5,83.5,36.093353
2025-05-26,21.5,84.5,35.204296
2025-05-26,22.5,80.5,36.6176
2025-05-26,22.5,81.5,36.396614
2025-05-26,22.5,82.5,35.77037
2025-05-26,22.5,83.5,34.641354
2025-05-26,22.5,84.5,33.327503
2025-05-26,23.5,80.5,37.695488
2025-05-26,23.5,81.5,36.94175
2025-05-26,23.5,82.5,36.085674
2025-05-26,23.5,83.5,34.951878
2025-05-26,23.5,84.5,34.32967
2025-05-26,24.5,80.5,39.125984
2025-05-26,24.5,81.5,38.275116
2025-05-26,24.5,82.5,36.929688
2025-05-26,24.5,83.5,36.01522
2025-05-26,24.5,84.5,35.039913
2025-05-27,18.0,80.5,33.295242
2025-05-27,18.0,81.5,34.23458
2025-05-27,18.0,82.5,32.760746
2025-05-27,18.0,83.5,32.68996
2025-05-27,18.0,84.5,
2025-05-27,18.5,80.5,33.65255
2025-05-27,18.5,81.5,32.95757
2025-05-27,18.5,82.5,33.53567
2025-05-27,18.5,83.5,33.148052
2025-05-27,18.5,84.5,32.675323
2025-05-27,19.5,80.5,34.476788
2025-05-27,19.5,81.5,35.55455
2025-05-27,19.5,82.5,33.533363
2025-05-27,19.5,83.5,34.102833
2025-05-27,19.5,84.5,33.629784
2025-05-27,20.5,80.5,36.049145
2025-05-27,20.5,81.5,34.518566
2025-05-27,20.5,82.5,36.14117
2025-05-27,20.5,83.5,35.441338
2025-05-27,20.5,84.5,33.716957
2025-05-27,21.5,80.5,37.37876
2025-05-27,21.5,81.5,36.124012
2025-05-27,21.5,82.5,35.510674
2025-05-27,21.5,83.5,35.127953
2025-05-27,21.5,84.5,34.076508
2025-05-27,22.5,80.5,37.575428
2025-05-27,22.5,81.5,36.375893
2025-05-27,22.5,82.5,35.39611
2025-05-27,22.5,83.5,34.42186
2025-05-27,22.5,84.5,33.06803
2025-05-27,23.5,80.5,38.031097
2025-05-27,23.5,81.5,36.860744
2025-05-27,23.5,82.5,35.894196
2025-05-27,23.5,83.5,34.90187
2025-05-27,23.5,84.5,34.32338
2025-05-27,24.5,80.5,39.344696
2025-05-27,24.5,81.5,38.20626
2025-05-27,24.5,82.5,37.181713
2025-05-27,24.5,83.5,36.377586
2025-05-27,24.5,84.5,35.695183
2025-05-28,18.0,80.5,30.734682
2025-05-28,18.0,81.5,30.735487
2025-05-28,18.0,82.5,29.302689
2025-05-28,18.0,83.5,29.71942
2025-05-28,18.0,84.5,
2025-05-28,18.5,80.5,30.18676
2025-05-28,18.5,81.5,28.809816
2025-05-28,18.5,82.5,29.541727
2025-05-28,18.5,83.5,30.426474
2025-05-28,18.5,84.5,30.284904
2025-05-28,19.5,80.5,29.82646
2025-05-28,19.5,81.5,30.804443
2025-05-28,19.5,82.5,30.34932
2025-05-28,19.5,83.5,31.58536
2025-05-28,19.5,84.5,31.44086
2025-05-28,20.5,80.5,33.136467
2025-05-28,20.5,81.5,31.935429
2025-05-28,20.5,82.5,33.45662
2025-05-28,20.5,83.5,33.638187
2025-05-28,20.5,84.5,32.502705
2025-05-28,21.5,80.5,34.731453
2025-05-28,21.5,81.5,34.681557
2025-05-28,21.5,82.5,34.517353
2025-05-28,21.5,83.5,34.17749
2025-05-28,21.5,84.5,33.590073
2025-05-28,22.5,80.5,36.421307
2025-05-28,22.5,81.5,35.3403
2025-05-28,22.5,82.5,35.011463
2025-05-28,22.5,83.5,34.22981
2025-05-28,22.5,84.5,33.390343
2025-05-28,23.5,80.5,38.00142
2025-05-28,23.5,81.5,37.743774
2025-05-28,23.5,82.5,36.45712
2025-05-28,23.5,83.5,35.422184
2025-05-28,23.5,84.5,35.30515
2025-05-28,24.5,80.5,39.956158
2025-05-28,24.5,81.5,39.421143
2025-05-28,24.5,82.5,38.187786
2025-05-28,24.5,83.5,37.555553
2025-05-28,24.5,84.5,37.21469
2025-05-29,18.0,80.5,32.185734
2025-05-29,18.0,81.5,32.483315
2025-05-29,18.0,82.5,30.798218
2025-05-29,18.0,83.5,30.879118
2025-05-29,18.0,84.5,
2025-05-29,18.5,80.5,32.308533
2025-05-29,18.5,81.5,30.72685
2025-05-29,18.5,82.5,30.755127
2025-05-29,18.5,83.5,31.547033
2025-05-29,18.5,84.5,31.672876
2025-05-29,19.5,80.5,32.96984
2025-05-29,19.5,81.5,32.798294
2025-05-29,19.5,82.5,31.685326
2025-05-29,19.5,83.5,32.793106
2025-05-29,19.5,84.5,32.8869
2025-05-29,20.5,80.5,35.63716
2025-05-29,20.5,81.5,33.90522
2025-05-29,20.5,82.5,34.80068
2025-05-29,20.5,83.5,34.921764
2025-05-29,20.5,84.5,33.89631
2025-05-29,21.5,80.5,36.69013
2025-05-29,21.5,81.5,35.92345
2025-05-29,21.5,82.5,35.532654
2025-05-29,21.5,83.5,35.425724
2025-05-29,21.5,84.5,34.69362
2025-05-29,22.5,80.5,37.222454
2025-05-29,22.5,81.5,36.30164
2025-05-29,22.5,82.5,35.671307
2025-05-29,22.5,83.5,34.709248
2025-05-29,22.5,84.5,33.46534
2025-05-29,23.5,80.5,38.26429
2025-05-29,23.5,81.5,37.871605
2025-05-29,23.5,82.5,36.85087
2025-05-29,23.5,83.5,35.264057
2025-05-29,23.5,84.5,34.000618
2025-05-29,24.5,80.5,39.85597
2025-05-29,24.5,81.5,39.128365
2025-05-29,24.5,82.5,38.318066
2025-05-29,24.5,83.5,37.15445
2025-05-29,24.5,84.5,36.392933
2025-05-30,18.0,80.5,34.335094
2025-05-30,18.0,81.5,34.877785
2025-05-30,18.0,82.5,33.4389
2025-05-30,18.0,83.5,33.673782
2025-05-30,18.0,84.5,
2025-05-30,18.5,80.5,33.720444
2025-05-30,18.5,81.5,32.571365
2025-05-30,18.5,82.5,33.24647
2025-05-30,18.5,83.5,34.090714
2025-05-30,18.5,84.5,34.30076
2025-05-30,19.5,80.5,33.19161
2025-05-30,19.5,81.5,34.659492
2025-05-30,19.5,82.5,33.601357
2025-05-30,19.5,83.5,35.18054
2025-05-30,19.5,84.5,35.276695
2025-05-30,20.5,80.5,35.11933
2025-05-30,20.5,81.5,33.78621
2025-05-30,20.5,82.5,36.01464
2025-05-30,20.5,83.5,36.328175
2025-05-30,20.5,84.5,36.115444
2025-05-30,21.5,80.5,35.197605
2025-05-30,21.5,81.5,36.00588
2025-05-30,21.5,82.5,35.919827
2025-05-30,21.5,83.5,36.497425
2025-05-30,21.5,84.5,36.66957
2025-05-30,22.5,80.5,36.062595
2025-05-30,22.5,81.5,36.305298
2025-05-30,22.5,82.5,36.231693
2025-05-30,22.5,83.5,35.74363
2025-05-30,22.5,84.5,35.22994
2025-05-30,23.5,80.5,37.48887
2025-05-30,23.5,81.5,37.922363
2025-05-30,23.5,82.5,37.370678
2025-05-30,23.5,83.5,36.281067
2025-05-30,23.5,84.5,35.967773
2025-05-30,24.5,80.5,40.043404
2025-05-30,24.5,81.5,39.96719
2025-05-30,24.5,82.5,38.931713
2025-05-30,24.5,83.5,38.261005
2025-05-30,24.5,84.5,37.655792
2025-05-31,18.0,80.5,34.259487
2025-05-31,18.0,81.5,34.335793
2025-05-31,18.0,82.5,32.374527
2025-05-31,18.0,83.5,32.68809
2025-05-31,18.0,84.5,
2025-05-31,18.5,80.5,34.171722
2025-05-31,18.5,81.5,32.115685
2025-05-31,18.5,82.5,32.355946
2025-05-31,18.5,83.5,32.800865
2025-05-31,18.5,84.5,33.120575
2025-05-31,19.5,80.5,33.497185
2025-05-31,19.5,81.5,34.237686
2025-05-31,19.5,82.5,32.479298
2025-05-31,19.5,83.5,33.639687
2025-05-31,19.5,84.5,33.93754
2025-05-31,20.5,80.5,35.383705
2025-05-31,20.5,81.5,33.19405
2025-05-31,20.5,82.5,34.97112
2025-05-31,20.5,83.5,35.11229
2025-05-31,20.5,84.5,34.819237
2025-05-31,21.5,80.5,35.663956
2025-05-31,21.5,81.5,34.40727
2025-05-31,21.5,82.5,34.20962
2025-05-31,21.5,83.5,35.572273
2025-05-31,21.5,84.5,35.49949
2025-05-31,22.5,80.5,35.817818
2025-05-31,22.5,81.5,34.721764
2025-05-31,22.5,82.5,34.51369
2025-05-31,22.5,83.5,34.06926
2025-05-31,22.5,84.5,33.27836
2025-05-31,23.5,80.5,36.936462
2025-05-31,23.5,81.5,36.97584
2025-05-31,23.5,82.5,35.77711
2025-05-31,23.5,83.5,35.21364
2025-05-31,23.5,84.5,35.195583
2025-05-31,24.5,80.5,39.37235
2025-05-31,24.5,81.5,39.14323
2025-05-31,24.5,82.5,38.47416
2025-05-31,24.5,83.5,38.364674
2025-05-31,24.5,84.5,38.15661
2025-06-01,18.0,80.5,36.374973
2025-06-01,18.0,81.5,36.336544
2025-06-01,18.0,82.5,35.028973
2025-06-01,18.0,83.5,35.47421
2025-06-01,18.0,84.5,
2025-06-01,18.5,80.5,36.348568
2025-06-01,18.5,81.5,35.066147
2025-06-01,18.5,82.5,35.050285
2025-06-01,18.5,83.5,35.917084
2025-06-01,18.5,84.5,36.04622
2025-06-01,19.5,80.5,35.6926
2025-06-01,19.5,81.5,36.983006
2025-06-01,19.5,82.5,35.57461
2025-06-01,19.5,83.5,36.715157
2025-06-01,19.5,84.5,36.856106
2025-06-01,20.5,80.5,36.952267
2025-06-01,20.5,81.5,35.641834
2025-06-01,20.5,82.5,38.08138
2025-06-01,20.5,83.5,38.04468
2025-06-01,20.5,84.5,37.686836
2025-06-01,21.5,80.5,36.260223
2025-06-01,21.5,81.5,36.579224
2025-06-01,21.5,82.5,36.66526
2025-06-01,21.5,83.5,38.05468
2025-06-01,21.5,84.5,38.263805
2025-06-01,22.5,80.5,35.73081
2025-06-01,22.5,81.5,36.64048
2025-06-01,22.5,82.5,36.51203
2025-06-01,22.5,83.5,36.386913
2025-06-01,22.5,84.5,36.20338
2025-06-01,23.5,80.5,37.438354
2025-06-01,23.5,81.5,37.589493
2025-06-01,23.5,82.5,37.22938
2025-06-01,23.5,83.5,37.074375
2025-06-01,23.5,84.5,37.390846
2025-06-01,24.5,80.5,39.734745
2025-06-01,24.5,81.5,39.75645
2025-06-01,24.5,82.5,39.65879
2025-06-01,24.5,83.5,39.60018
2025-06-01,24.5,84.5,39.203346
2025-06-02,18.0,80.5,36.411007
2025-06-02,18.0,81.5,37.011196
2025-06-02,18.0,82.5,35.687714
2025-06-02,18.0,83.5,36.355213
2025-06-02,18.0,84.5,
2025-06-02,18.5,80.5,36.031876
2025-06-02,18.5,81.5,35.41481
2025-06-02,18.5,82.5,35.71882
2025-06-02,18.5,83.5,36.689
2025-06-02,18.5,84.5,36.731937
2025-06-02,19.5,80.5,35.608982
2025-06-02,19.5,81.5,37.264954
2025-06-02,19.5,82.5,36.258907
2025-06-02,19.5,83.5,37.593296
2025-06-02,19.5,84.5,37.74472
2025-06-02,20.5,80.5,37.472694
2025-06-02,20.5,81.5,36.547405
2025-06-02,20.5,82.5,38.850563
2025-06-02,20.5,83.5,39.00572
2025-06-02,20.5,84.5,38.709507
2025-06-02,21.5,80.5,37.03672
2025-06-02,21.5,81.5,37.543427
2025-06-02,21.5,82.5,37.838345
2025-06-02,21.5,83.5,39.34585
2025-06-02,21.5,84.5,39.310772
2025-06-02,22.5,80.5,36.71502
2025-06-02,22.5,81.5,37.535645
2025-06-02,22.5,82.5,37.752384
2025-06-02,22.5,83.5,37.588287
2025-06-02,22.5,84.5,37.31968
2025-06-02,23.5,80.5,37.685234
2025-06-02,23.5,81.5,38.16953
2025-06-02,23.5,82.5,38.13135
2025-06-02,23.5,83.5,37.892498
2025-06-02,23.5,84.5,38.18453
2025-06-02,24.5,80.5,39.029232
2025-06-02,24.5,81.5,39.446396
2025-06-02,24.5,82.5,39.615868
2025-06-02,24.5,83.5,39.59463
2025-06-02,24.5,84.5,39.70858
2025-06-03,18.0,80.5,35.96838
2025-06-03,18.0,81.5,35.79974
2025-06-03,18.0,82.5,34.562386
2025-06-03,18.0,83.5,35.133736
2025-06-03,18.0,84.5,
2025-06-03,18.5,80.5,36.129253
2025-06-03,18.5,81.5,34.709717
2025-06-03,18.5,82.5,34.64523
2025-06-03,18.5,83.5,35.88811
2025-06-03,18.5,84.5,36.095882
2025-06-03,19.5,80.5,35.590332
2025-06-03,19.5,81.5,36.613457
2025-06-03,19.5,82.5,36.013348
2025-06-03,19.5,83.5,36.964836
2025-06-03,19.5,84.5,37.31916
2025-06-03,20.5,80.5,37.02688
2025-06-03,20.5,81.5,36.4715
2025-06-03,20.5,82.5,38.23995
2025-06-03,20.5,83.5,38.475574
2025-06-03,20.5,84.5,38.464874
2025-06-03,21.5,80.5,36.363197
2025-06-03,21.5,81.5,37.06307
2025-06-03,21.5,82.5,37.089058
2025-06-03,21.5,83.5,38.37229
2025-06-03,21.5,84.5,38.975403
2025-06-03,22.5,80.5,35.05451
2025-06-03,22.5,81.5,36.742638
2025-06-03,22.5,82.5,36.553314
2025-06-03,22.5,83.5,36.756783
2025-06-03,22.5,84.5,36.684143
2025-06-03,23.5,80.5,35.749687
2025-06-03,23.5,81.5,35.623863
2025-06-03,23.5,82.5,36.185444
2025-06-03,23.5,83.5,36.278873
2025-06-03,23.5,84.5,36.40904
2025-06-03,24.5,80.5,36.655777
2025-06-03,24.5,81.5,36.832035
2025-06-03,24.5,82.5,36.984116
2025-06-03,24.5,83.5,36.80471
2025-06-03,24.5,84.5,36.44738
2025-06-04,18.0,80.5,36.90675
2025-06-04,18.0,81.5,36.66362
2025-06-04,18.0,82.5,35.365917
2025-06-04,18.0,83.5,35.68118
2025-06-04,18.0,84.5,
2025-06-04,18.5,80.5,36.835712
2025-06-04,18.5,81.5,35.32373
2025-06-04,18.5,82.5,35.352825
2025-06-04,18.5,83.5,36.162037
2025-06-04,18.5,84.5,36.341408
2025-06-04,19.5,80.5,35.976376
2025-06-04,19.5,81.5,37.37921
2025-06-04,19.5,82.5,36.255188
2025-06-04,19.5,83.5,37.06797
2025-06-04,19.5,84.5,37.244698
2025-06-04,20.5,80.5,37.473206
2025-06-04,20.5,81.5,36.282314
2025-06-04,20.5,82.5,38.103626
2025-06-04,20.5,83.5,38.163757
2025-06-04,20.5,84.5,38.01666
2025-06-04,21.5,80.5,36.696323
2025-06-04,21.5,81.5,37.085224
2025-06-04,21.5,82.5,36.7129
2025-06-04,21.5,83.5,37.71619
2025-06-04,21.5,84.5,38.67093
2025-06-04,22.5,80.5,35.312912
2025-06-04,22.5,81.5,36.32895
2025-06-04,22.5,82.5,36.14002
2025-06-04,22.5,83.5,35.658325
2025-06-04,22.5,84.5,35.651283
2025-06-04,23.5,80.5,36.369514
2025-06-04,23.5,81.5,36.40672
2025-06-04,23.5,82.5,36.34084
2025-06-04,23.5,83.5,36.151028
2025-06-04,23.5,84.5,35.87681
2025-06-04,24.5,80.5,38.399723
2025-06-04,24.5,81.5,38.382824
2025-06-04,24.5,82.5,37.041363
2025-06-04,24.5,83.5,36.24055
2025-06-04,24.5,84.5,35.085068
2025-06-05,18.0,80.5,35.73001
2025-06-05,18.0,81.5,35.891197
2025-06-05,18.0,82.5,34.748707
2025-06-05,18.0,83.5,34.97372
2025-06-05,18.0,84.5,
2025-06-05,18.5,80.5,35.69522
2025-06-05,18.5,81.5,34.725647
2025-06-05,18.5,82.5,34.547886
2025-06-05,18.5,83.5,35.11423
2025-06-05,18.5,84.5,34.833862
2025-06-05,19.5,80.5,35.204468
2025-06-05,19.5,81.5,36.42966
2025-06-05,19.5,82.5,35.38846
2025-06-05,19.5,83.5,35.70239
2025-06-05,19.5,84.5,35.273014
2025-06-05,20.5,80.5,36.986496
2025-06-05,20.5,81.5,35.28304
2025-06-05,20.5,82.5,36.889088
2025-06-05,20.5,83.5,36.02422
2025-06-05,20.5,84.5,35.438927
2025-06-05,21.5,80.5,37.248516
2025-06-05,21.5,81.5,36.63636
2025-06-05,21.5,82.5,36.10746
2025-06-05,21.5,83.5,35.784473
2025-06-05,21.5,84.5,36.501156
2025-06-05,22.5,80.5,36.696465
2025-06-05,22.5,81.5,36.741417
2025-06-05,22.5,82.5,36.028458
2025-06-05,22.5,83.5,34.994507
2025-06-05,22.5,84.5,34.473083
2025-06-05,23.5,80.5,37.846962
2025-06-05,23.5,81.5,37.5464
2025-06-05,23.5,82.5,36.662006
2025-06-05,23.5,83.5,36.21813
2025-06-05,23.5,84.5,35.52253
2025-06-05,24.5,80.5,39.20419
2025-06-05,24.5,81.5,38.867313
2025-06-05,24.5,82.5,38.20327
2025-06-05,24.5,83.5,37.53145
2025-06-05,24.5,84.5,36.952526
2025-06-06,18.0,80.5,37.62836
2025-06-06,18.0,81.5,36.795628
2025-06-06,18.0,82.5,35.067364
2025-06-06,18.0,83.5,34.95832
2025-06-06,18.0,84.5,
2025-06-06,18.5,80.5,37.703724
2025-06-06,18.5,81.5,35.9634
2025-06-06,18.5,82.5,35.37581
2025-06-06,18.5,83.5,35.342003
2025-06-06,18.5,84.5,35.557476
2025-06-06,19.5,80.5,37.987434
2025-06-06,19.5,81.5,38.30621
2025-06-06,19.5,82.5,36.016808
2025-06-06,19.5,83.5,36.158134
2025-06-06,19.5,84.5,35.99972
2025-06-06,20.5,80.5,39.733753
2025-06-06,20.5,81.5,37.2486
2025-06-06,20.5,82.5,37.40775
2025-06-06,20.5,83.5,36.89305
2025-06-06,20.5,84.5,36.519463
2025-06-06,21.5,80.5,39.35574
2025-06-06,21.5,81.5,38.037827
2025-06-06,21.5,82.5,37.214035
2025-06-06,21.5,83.5,36.791424
2025-06-06,21.5,84.5,37.645485
2025-06-06,22.5,80.5,38.68029
2025-06-06,22.5,81.5,38.074383
2025-06-06,22.5,82.5,36.829433
2025-06-06,22.5,83.5,36.07468
2025-06-06,22.5,84.5,36.409786
2025-06-06,23.5,80.5,39.21326
2025-06-06,23.5,81.5,38.707283
2025-06-06,23.5,82.5,37.340813
2025-06-06,23.5,83.5,37.229397
2025-06-06,23.5,84.5,37.649723
2025-06-06,24.5,80.5,39.882057
2025-06-06,24.5,81.5,39.837074
2025-06-06,24.5,82.5,38.947113
2025-06-06,24.5,83.5,38.310833
2025-06-06,24.5,84.5,37.80864
2025-06-07,18.0,80.5,38.254585
2025-06-07,18.0,81.5,36.895515
2025-06-07,18.0,82.5,35.462975
2025-06-07,18.0,83.5,35.2756
2025-06-07,18.0,84.5,
2025-06-07,18.5,80.5,38.595486
2025-06-07,18.5,81.5,37.002678
2025-06-07,18.5,82.5,35.7811
2025-06-07,18.5,83.5,35.61846
2025-06-07,18.5,84.5,35.956635
2025-06-07,19.5,80.5,38.766647
2025-06-07,19.5,81.5,38.761368
2025-06-07,19.5,82.5,36.37766
2025-06-07,19.5,83.5,36.82415
2025-06-07,19.5,84.5,36.946136
2025-06-07,20.5,80.5,39.55014
2025-06-07,20.5,81.5,37.276623
2025-06-07,20.5,82.5,38.229927
2025-06-07,20.5,83.5,38.098087
2025-06-07,20.5,84.5,37.747128
2025-06-07,21.5,80.5,38.711624
2025-06-07,21.5,81.5,38.160942
2025-06-07,21.5,82.5,38.09489
2025-06-07,21.5,83.5,37.97937
2025-06-07,21.5,84.5,37.881626
2025-06-07,22.5,80.5,38.616394
2025-06-07,22.5,81.5,38.20104
2025-06-07,22.5,82.5,37.71807
2025-06-07,22.5,83.5,37.421143
2025-06-07,22.5,84.5,36.400288
2025-06-07,23.5,80.5,40.058968
2025-06-07,23.5,81.5,39.695015
2025-06-07,23.5,82.5,38.82723
2025-06-07,23.5,83.5,38.04071
2025-06-07,23.5,84.5,37.33051
2025-06-07,24.5,80.5,41.753952
2025-06-07,24.5,81.5,41.250595
2025-06-07,24.5,82.5,40.097763
2025-06-07,24.5,83.5,38.601116
2025-06-07,24.5,84.5,37.560486
2025-06-08,18.0,80.5,38.572678
2025-06-08,18.0,81.5,37.516605
2025-06-08,18.0,82.5,36.14204
2025-06-08,18.0,83.5,35.791397
2025-06-08,18.0,84.5,
2025-06-08,18.5,80.5,38.929905
2025-06-08,18.5,81.5,37.345375
2025-06-08,18.5,82.5,36.312756
2025-06-08,18.5,83.5,35.97991
2025-06-08,18.5,84.5,36.26607
2025-06-08,19.5,80.5,39.349
2025-06-08,19.5,81.5,38.953922
2025-06-08,19.5,82.5,36.73695
2025-06-08,19.5,83.5,37.148563
2025-06-08,19.5,84.5,37.194305
2025-06-08,20.5,80.5,41.255634
2025-06-08,20.5,81.5,38.550606
2025-06-08,20.5,82.5,38.81614
2025-06-08,20.5,83.5,38.770794
2025-06-08,20.5,84.5,38.074913
2025-06-08,21.5,80.5,41.16882
2025-06-08,21.5,81.5,39.58379
2025-06-08,21.5,82.5,39.28972
2025-06-08,21.5,83.5,38.808613
2025-06-08,21.5,84.5,38.564453
2025-06-08,22.5,80.5,41.304432
2025-06-08,22.5,81.5,39.82645
2025-06-08,22.5,82.5,38.893097
2025-06-08,22.5,83.5,38.25726
2025-06-08,22.5,84.5,37.41763
2025-06-08,23.5,80.5,42.426178
2025-06-08,23.5,81.5,41.739723
2025-06-08,23.5,82.5,39.861263
2025-06-08,23.5,83.5,39.13859
2025-06-08,23.5,84.5,38.37957
2025-06-08,24.5,80.5,43.540913
2025-06-08,24.5,81.5,42.998566
2025-06-08,24.5,82.5,41.492794
2025-06-08,24.5,83.5,40.614895
2025-06-08,24.5,84.5,39.20879
2025-06-09,18.0,80.5,34.33425
2025-06-09,18.0,81.5,35.103188
2025-06-09,18.0,82.5,35.193302
2025-06-09,18.0,83.5,35.43821
2025-06-09,18.0,84.5,
2025-06-09,18.5,80.5,34.68666
2025-06-09,18.5,81.5,35.162083
2025-06-09,18.5,82.5,34.114864
2025-06-09,18.5,83.5,35.8439
2025-06-09,18.5,84.5,36.28011
2025-06-09,19.5,80.5,36.75218
2025-06-09,19.5,81.5,36.53773
2025-06-09,19.5,82.5,35.364494
2025-06-09,19.5,83.5,36.81271
2025-06-09,19.5,84.5,36.94753
2025-06-09,20.5,80.5,39.438114
2025-06-09,20.5,81.5,37.536854
2025-06-09,20.5,82.5,38.80169
2025-06-09,20.5,83.5,38.46946
2025-06-09,20.5,84.5,37.398006
2025-06-09,21.5,80.5,41.24697
2025-06-09,21.5,81.5,40.234722
2025-06-09,21.5,82.5,39.74274
2025-06-09,21.5,83.5,38.7225
2025-06-09,21.5,84.5,38.19765
2025-06-09,22.5,80.5,41.700623
2025-06-09,22.5,81.5,40.779156
2025-06-09,22.5,82.5,39.70479
2025-06-09,22.5,83.5,38.707516
2025-06-09,22.5,84.5,37.57489
2025-06-09,23.5,80.5,42.558723
2025-06-09,23.5,81.5,41.87864
2025-06-09,23.5,82.5,40.627617
2025-06-09,23.5,83.5,39.8794
2025-06-09,23.5,84.5,38.569096
2025-06-09,24.5,80.5,43.55523
2025-06-09,24.5,81.5,42.98104
2025-06-09,24.5,82.5,41.786556
2025-06-09,24.5,83.5,40.851624
2025-06-09,24.5,84.5,39.248867
2025-06-10,18.0,80.5,34.372356
2025-06-10,18.0,81.5,33.070484
2025-06-10,18.0,82.5,31.20304
2025-06-10,18.0,83.5,30.271145
2025-06-10,18.0,84.5,
2025-06-10,18.5,80.5,33.594166
2025-06-10,18.5,81.5,31.380814
2025-06-10,18.5,82.5,30.188831
2025-06-10,18.5,83.5,30.40245
2025-06-10,18.5,84.5,30.960884
2025-06-10,19.5,80.5,35.044792
2025-06-10,19.5,81.5,32.639683
2025-06-10,19.5,82.5,30.378965
2025-06-10,19.5,83.5,31.476425
2025-06-10,19.5,84.5,31.82707
2025-06-10,20.5,80.5,37.86725
2025-06-10,20.5,81.5,35.114346
2025-06-10,20.5,82.5,33.632572
2025-06-10,20.5,83.5,34.326866
2025-06-10,20.5,84.5,33.248207
2025-06-10,21.5,80.5,39.89383
2025-06-10,21.5,81.5,37.77099
2025-06-10,21.5,82.5,37.026985
2025-06-10,21.5,83.5,35.766464
2025-06-10,21.5,84.5,35.147182
2025-06-10,22.5,80.5,41.352974
2025-06-10,22.5,81.5,39.116116
2025-06-10,22.5,82.5,37.68234
2025-06-10,22.5,83.5,36.811512
2025-06-10,22.5,84.5,35.688435
2025-06-10,23.5,80.5,42.569435
2025-06-10,23.5,81.5,41.438663
2025-06-10,23.5,82.5,40.040516
2025-06-10,23.5,83.5,39.155704
2025-06-10,23.5,84.5,37.995342
2025-06-10,24.5,80.5,43.70981
2025-06-10,24.5,81.5,42.747955
2025-06-10,24.5,82.5,41.613625
2025-06-10,24.5,83.5,40.74337
2025-06-10,24.5,84.5,39.203808
2025-06-11,18.0,80.5,32.658398
2025-06-11,18.0,81.5,31.90243
2025-06-11,18.0,82.5,31.229519
2025-06-11,18.0,83.5,31.322496
2025-06-11,18.0,84.5,
2025-06-11,18.5,80.5,32.70134
2025-06-11,18.5,81.5,31.824812
2025-06-11,18.5,82.5,31.090965
2025-06-11,18.5,83.5,31.765575
2025-06-11,18.5,84.5,32.76323
2025-06-11,19.5,80.5,34.46341
2025-06-11,19.5,81.5,33.622536
2025-06-11,19.5,82.5,32.522224
2025-06-11,19.5,83.5,33.438725
2025-06-11,19.5,84.5,33.898388
2025-06-11,20.5,80.5,37.061985
2025-06-11,20.5,81.5,35.477608
2025-06-11,20.5,82.5,35.9414
2025-06-11,20.5,83.5,35.86623
2025-06-11,20.5,84.5,34.60901
2025-06-11,21.5,80.5,38.925938
2025-06-11,21.5,81.5,37.90797
2025-06-11,21.5,82.5,37.808517
2025-06-11,21.5,83.5,36.243046
2025-06-11,21.5,84.5,35.480797
2025-06-11,22.5,80.5,39.927277
2025-06-11,22.5,81.5,38.651344
2025-06-11,22.5,82.5,37.7024
2025-06-11,22.5,83.5,36.965076
2025-06-11,22.5,84.5,35.440056
2025-06-11,23.5,80.5,41.46662
2025-06-11,23.5,81.5,40.517063
2025-06-11,23.5,82.5,39.212257
2025-06-11,23.5,83.5,38.688747
2025-06-11,23.5,84.5,37.640717
2025-06-11,24.5,80.5,42.701107
2025-06-11,24.5,81.5,42.136185
2025-06-11,24.5,82.5,41.462093
2025-06-11,24.5,83.5,40.719463
2025-06-11,24.5,84.5,39.39197
2025-06-12,18.0,80.5,33.37381
2025-06-12,18.0,81.5,33.28966
2025-06-12,18.0,82.5,32.447403
2025-06-12,18.0,83.5,31.971464
2025-06-12,18.0,84.5,
2025-06-12,18.5,80.5,33.325375
2025-06-12,18.5,81.5,32.247948
2025-06-12,18.5,82.5,32.62541
2025-06-12,18.5,83.5,32.08743
2025-06-12,18.5,84.5,33.060677
2025-06-12,19.5,80.5,34.67349
2025-06-12,19.5,81.5,34.364838
2025-06-12,19.5,82.5,32.60885
2025-06-12,19.5,83.5,33.41342
2025-06-12,19.5,84.5,33.735817
2025-06-12,20.5,80.5,37.137383
2025-06-12,20.5,81.5,35.38406
2025-06-12,20.5,82.5,35.520405
2025-06-12,20.5,83.5,35.69536
2025-06-12,20.5,84.5,34.500137
2025-06-12,21.5,80.5,38.683094
2025-06-12,21.5,81.5,37.796783
2025-06-12,21.5,82.5,37.712204
2025-06-12,21.5,83.5,35.75811
2025-06-12,21.5,84.5,34.901512
2025-06-12,22.5,80.5,40.066753
2025-06-12,22.5,81.5,38.570744
2025-06-12,22.5,82.5,37.192146
2025-06-12,22.5,83.5,36.521748
2025-06-12,22.5,84.5,35.295204
2025-06-12,23.5,80.5,41.251923
2025-06-12,23.5,81.5,40.499363
2025-06-12,23.5,82.5,38.979683
2025-06-12,23.5,83.5,38.172928
2025-06-12,23.5,84.5,37.341293
2025-06-12,24.5,80.5,42.844112
2025-06-12,24.5,81.5,42.48236
2025-06-12,24.5,82.5,41.21379
2025-06-12,24.5,83.5,40.38077
2025-06-12,24.5,84.5,39.486946
2025-06-13,18.0,80.5,32.74825
2025-06-13,18.0,81.5,32.807247
2025-06-13,18.0,82.5,32.47376
2025-06-13,18.0,83.5,33.156418
2025-06-13,18.0,84.5,
2025-06-13,18.5,80.5,33.029
2025-06-13,18.5,81.5,32.45244
2025-06-13,18.5,82.5,32.893612
2025-06-13,18.5,83.5,33.595066
2025-06-13,18.5,84.5,34.499645
2025-06-13,19.5,80.5,34.202927
2025-06-13,19.5,81.5,34.470356
2025-06-13,19.5,82.5,33.86639
2025-06-13,19.5,83.5,35.105297
2025-06-13,19.5,84.5,35.43185
2025-06-13,20.5,80.5,38.24467
2025-06-13,20.5,81.5,36.438385
2025-06-13,20.5,82.5,37.177197
2025-06-13,20.5,83.5,37.435543
2025-06-13,20.5,84.5,36.03975
2025-06-13,21.5,80.5,38.70193
2025-06-13,21.5,81.5,39.073265
2025-06-13,21.5,82.5,38.931866
2025-06-13,21.5,83.5,37.535427
2025-06-13,21.5,84.5,36.43047
2025-06-13,22.5,80.5,39.63132
2025-06-13,22.5,81.5,39.43429
2025-06-13,22.5,82.5,38.71414
2025-06-13,22.5,83.5,38.22009
2025-06-13,22.5,84.5,36.38279
2025-06-13,23.5,80.5,40.87014
2025-06-13,23.5,81.5,40.222168
2025-06-13,23.5,82.5,39.90611
2025-06-13,23.5,83.5,39.165928
2025-06-13,23.5,84.5,37.962364
2025-06-13,24.5,80.5,42.50858
2025-06-13,24.5,81.5,42.1023
2025-06-13,24.5,82.5,41.17485
2025-06-13,24.5,83.5,40.3863
2025-06-13,24.5,84.5,39.315083
2025-06-14,18.0,80.5,32.745075
2025-06-14,18.0,81.5,32.55224
2025-06-14,18.0,82.5,32.49547
2025-06-14,18.0,83.5,33.39778
2025-06-14,18.0,84.5,
2025-06-14,18.5,80.5,33.066734
2025-06-14,18.5,81.5,33.131443
2025-06-14,18.5,82.5,32.983044
2025-06-14,18.5,83.5,34.00817
2025-06-14,18.5,84.5,35.288338
2025-06-14,19.5,80.5,35.477695
2025-06-14,19.5,81.5,34.893093
2025-06-14,19.5,82.5,34.673412
2025-06-14,19.5,83.5,35.743607
2025-06-14,19.5,84.5,36.205296
2025-06-14,20.5,80.5,38.79574
2025-06-14,20.5,81.5,37.771484
2025-06-14,20.5,82.5,37.95413
2025-06-14,20.5,83.5,38.300453
2025-06-14,20.5,84.5,36.860073
2025-06-14,21.5,80.5,39.47206
2025-06-14,21.5,81.5,40.21081
2025-06-14,21.5,82.5,39.592285
2025-06-14,21.5,83.5,38.607994
2025-06-14,21.5,84.5,37.519012
2025-06-14,22.5,80.5,40.180836
2025-06-14,22.5,81.5,40.499542
2025-06-14,22.5,82.5,39.758667
2025-06-14,22.5,83.5,39.203297
2025-06-14,22.5,84.5,37.516815
2025-06-14,23.5,80.5,41.17918
2025-06-14,23.5,81.5,40.95109
2025-06-14,23.5,82.5,40.58057
2025-06-14,23.5,83.5,40.210564
2025-06-14,23.5,84.5,38.780483
2025-06-14,24.5,80.5,42.48649
2025-06-14,24.5,81.5,42.697628
2025-06-14,24.5,82.5,42.18086
2025-06-14,24.5,83.5,41.865135
2025-06-14,24.5,84.5,40.472694
2025-06-15,18.0,80.5,32.87466
2025-06-15,18.0,81.5,32.42405
2025-06-15,18.0,82.5,32.103046
2025-06-15,18.0,83.5,32.7366
2025-06-15,18.0,84.5,
2025-06-15,18.5,80.5,32.73667
2025-06-15,18.5,81.5,32.395493
2025-06-15,18.5,82.5,32.19531
2025-06-15,18.5,83.5,33.48007
2025-06-15,18.5,84.5,34.525875
2025-06-15,19.5,80.5,34.249996
2025-06-15,19.5,81.5,33.438587
2025-06-15,19.5,82.5,33.848854
2025-06-15,19.5,83.5,35.087936
2025-06-15,19.5,84.5,35.77585
2025-06-15,20.5,80.5,36.861855
2025-06-15,20.5,81.5,36.69328
2025-06-15,20.5,82.5,37.082268
2025-06-15,20.5,83.5,37.90342
2025-06-15,20.5,84.5,36.599766
2025-06-15,21.5,80.5,37.538834
2025-06-15,21.5,81.5,38.44564
2025-06-15,21.5,82.5,38.614147
2025-06-15,21.5,83.5,37.956707
2025-06-15,21.5,84.5,36.49228
2025-06-15,22.5,80.5,37.485138
2025-06-15,22.5,81.5,38.565067
2025-06-15,22.5,82.5,38.15915
2025-06-15,22.5,83.5,37.74166
2025-06-15,22.5,84.5,36.13377
2025-06-15,23.5,80.5,38.43101
2025-06-15,23.5,81.5,38.895008
2025-06-15,23.5,82.5,39.242973
2025-06-15,23.5,83.5,38.839264
2025-06-15,23.5,84.5,37.41768
2025-06-15,24.5,80.5,39.953213
2025-06-15,24.5,81.5,40.349895
2025-06-15,24.5,82.5,40.067688
2025-06-15,24.5,83.5,39.513622
2025-06-15,24.5,84.5,38.077904
2025-06-16,18.0,80.5,31.6307
2025-06-16,18.0,81.5,32.318535
2025-06-16,18.0,82.5,31.606003
2025-06-16,18.0,83.5,31.42671
2025-06-16,18.0,84.5,
2025-06-16,18.5,80.5,31.444332
2025-06-16,18.5,81.5,31.040934
2025-06-16,18.5,82.5,31.860659
2025-06-16,18.5,83.5,31.889994
2025-06-16,18.5,84.5,32.573032
2025-06-16,19.5,80.5,32.189304
2025-06-16,19.5,81.5,32.42128
2025-06-16,19.5,82.5,32.503094
2025-06-16,19.5,83.5,33.347668
2025-06-16,19.5,84.5,33.440067
2025-06-16,20.5,80.5,34.19635
2025-06-16,20.5,81.5,34.591644
2025-06-16,20.5,82.5,35.525974
2025-06-16,20.5,83.5,35.393005
2025-06-16,20.5,84.5,33.810017
2025-06-16,21.5,80.5,35.974895
2025-06-16,21.5,81.5,36.163956
2025-06-16,21.5,82.5,36.54856
2025-06-16,21.5,83.5,35.559216
2025-06-16,21.5,84.5,33.362133
2025-06-16,22.5,80.5,36.293827
2025-06-16,22.5,81.5,36.163734
2025-06-16,22.5,82.5,35.69548
2025-06-16,22.5,83.5,35.968357
2025-06-16,22.5,84.5,33.767365
2025-06-16,23.5,80.5,37.005074
2025-06-16,23.5,81.5,36.577084
2025-06-16,23.5,82.5,37.0805
2025-06-16,23.5,83.5,36.540524
2025-06-16,23.5,84.5,35.306797
2025-06-16,24.5,80.5,37.391846
2025-06-16,24.5,81.5,37.770226
2025-06-16,24.5,82.5,37.79714
2025-06-16,24.5,83.5,37.8381
2025-06-16,24.5,84.5,37.701206
2025-06-17,18.0,80.5,33.314426
2025-06-17,18.0,81.5,33.185734
2025-06-17,18.0,82.5,31.966145
2025-06-17,18.0,83.5,31.075195
2025-06-17,18.0,84.5,
2025-06-17,18.5,80.5,33.128624
2025-06-17,18.5,81.5,31.59942
2025-06-17,18.5,82.5,32.338127
2025-06-17,18.5,83.5,30.629536
2025-06-17,18.5,84.5,31.2305
2025-06-17,19.5,80.5,33.025143
2025-06-17,19.5,81.5,33.135227
2025-06-17,19.5,82.5,31.131485
2025-06-17,19.5,83.5,31.561003
2025-06-17,19.5,84.5,31.485943
2025-06-17,20.5,80.5,33.84835
2025-06-17,20.5,81.5,32.47274
2025-06-17,20.5,82.5,33.034416
2025-06-17,20.5,83.5,32.841244
2025-06-17,20.5,84.5,31.585827
2025-06-17,21.5,80.5,33.871597
2025-06-17,21.5,81.5,32.855564
2025-06-17,21.5,82.5,32.93121
2025-06-17,21.5,83.5,32.243755
2025-06-17,21.5,84.5,29.773441
2025-06-17,22.5,80.5,33.663002
2025-06-17,22.5,81.5,32.93932
2025-06-17,22.5,82.5,31.682232
2025-06-17,22.5,83.5,31.373161
2025-06-17,22.5,84.5,29.484798
2025-06-17,23.5,80.5,34.3287
2025-06-17,23.5,81.5,33.81271
2025-06-17,23.5,82.5,33.162773
2025-06-17,23.5,83.5,32.424942
2025-06-17,23.5,84.5,30.771393
2025-06-17,24.5,80.5,36.39905
2025-06-17,24.5,81.5,36.222176
2025-06-17,24.5,82.5,35.7525
2025-06-17,24.5,83.5,35.90961
2025-06-17,24.5,84.5,34.56793
2025-06-18,18.0,80.5,33.9882
2025-06-18,18.0,81.5,34.185947
2025-06-18,18.0,82.5,33.345898
2025-06-18,18.0,83.5,32.257195
2025-06-18,18.0,84.5,
2025-06-18,18.5,80.5,33.61511
2025-06-18,18.5,81.5,32.403446
2025-06-18,18.5,82.5,33.23909
2025-06-18,18.5,83.5,31.315489
2025-06-18,18.5,84.5,31.434261
2025-06-18,19.5,80.5,33.243668
2025-06-18,19.5,81.5,33.391247
2025-06-18,19.5,82.5,31.372555
2025-06-18,19.5,83.5,31.442692
2025-06-18,19.5,84.5,30.820883
2025-06-18,20.5,80.5,34.44665
2025-06-18,20.5,81.5,32.547546
2025-06-18,20.5,82.5,32.64847
2025-06-18,20.5,83.5,31.898903
2025-06-18,20.5,84.5,30.372492
2025-06-18,21.5,80.5,34.725677
2025-06-18,21.5,81.5,33.11811
2025-06-18,21.5,82.5,32.506893
2025-06-18,21.5,83.5,30.425148
2025-06-18,21.5,84.5,28.530443
2025-06-18,22.5,80.5,34.228577
2025-06-18,22.5,81.5,33.21514
2025-06-18,22.5,82.5,30.708206
2025-06-18,22.5,83.5,29.405056
2025-06-18,22.5,84.5,27.703587
2025-06-18,23.5,80.5,34.92695
2025-06-18,23.5,81.5,33.466194
2025-06-18,23.5,82.5,32.29088
2025-06-18,23.5,83.5,30.132652
2025-06-18,23.5,84.5,28.505535
2025-06-18,24.5,80.5,36.379986
2025-06-18,24.5,81.5,35.601852
2025-06-18,24.5,82.5,33.69347
2025-06-18,24.5,83.5,32.72153
2025-06-18,24.5,84.5,31.205576
2025-06-19,18.0,80.5,33.41023
2025-06-19,18.0,81.5,33.281147
2025-06-19,18.0,82.5,31.716787
2025-06-19,18.0,83.5,31.132542
2025-06-19,18.0,84.5,
2025-06-19,18.5,80.5,32.308685
2025-06-19,18.5,81.5,30.996475
2025-06-19,18.5,82.5,31.4113
2025-06-19,18.5,83.5,29.994633
2025-06-19,18.5,84.5,31.025757
2025-06-19,19.5,80.5,31.410288
2025-06-19,19.5,81.5,30.018124
2025-06-19,19.5,82.5,29.27854
2025-06-19,19.5,83.5,30.283913
2025-06-19,19.5,84.5,30.352697
2025-06-19,20.5,80.5,31.81493
2025-06-19,20.5,81.5,29.397152
2025-06-19,20.5,82.5,30.156023
2025-06-19,20.5,83.5,30.807655
2025-06-19,20.5,84.5,30.249077
2025-06-19,21.5,80.5,32.312172
2025-06-19,21.5,81.5,29.983204
2025-06-19,21.5,82.5,29.519333
2025-06-19,21.5,83.5,29.26778
2025-06-19,21.5,84.5,27.903633
2025-06-19,22.5,80.5,32.02488
2025-06-19,22.5,81.5,30.764853
2025-06-19,22.5,82.5,28.548012
2025-06-19,22.5,83.5,27.543262
2025-06-19,22.5,84.5,26.875263
2025-06-19,23.5,80.5,33.21254
2025-06-19,23.5,81.5,32.51158
2025-06-19,23.5,82.5,31.662117
2025-06-19,23.5,83.5,30.07588
2025-06-19,23.5,84.5,28.281818
2025-06-19,24.5,80.5,35.39449
2025-06-19,24.5,81.5,35.79667
2025-06-19,24.5,82.5,34.402664
2025-06-19,24.5,83.5,33.110237
2025-06-19,24.5,84.5,30.98753
2025-06-20,18.0,80.5,35.24424
2025-06-20,18.0,81.5,35.326305
2025-06-20,18.0,82.5,34.476936
2025-06-20,18.0,83.5,33.82829
2025-06-20,18.0,84.5,
2025-06-20,18.5,80.5,34.57779
2025-06-20,18.5,81.5,33.687035
2025-06-20,18.5,82.5,34.189743
2025-06-20,18.5,83.5,32.68376
2025-06-20,18.5,84.5,33.62984
2025-06-20,19.5,80.5,32.470055
2025-06-20,19.5,81.5,33.712402
2025-06-20,19.5,82.5,32.18295
2025-06-20,19.5,83.5,32.960323
2025-06-20,19.5,84.5,32.85886
2025-06-20,20.5,80.5,32.16188
2025-06-20,20.5,81.5,30.436316
2025-06-20,20.5,82.5,32.693214
2025-06-20,20.5,83.5,32.53283
2025-06-20,20.5,84.5,32.627842
2025-06-20,21.5,80.5,30.013037
2025-06-20,21.5,81.5,29.584246
2025-06-20,21.5,82.5,29.553913
2025-06-20,21.5,83.5,30.739216
2025-06-20,21.5,84.5,30.124144
2025-06-20,22.5,80.5,27.86068
2025-06-20,22.5,81.5,29.400597
2025-06-20,22.5,82.5,28.23843
2025-06-20,22.5,83.5,28.150642
2025-06-20,22.5,84.5,28.179985
2025-06-20,23.5,80.5,28.585426
2025-06-20,23.5,81.5,28.918743
2025-06-20,23.5,82.5,29.241459
2025-06-20,23.5,83.5,28.831173
2025-06-20,23.5,84.5,29.283577
2025-06-20,24.5,80.5,30.681173
2025-06-20,24.5,81.5,31.920412
2025-06-20,24.5,82.5,31.580112
2025-06-20,24.5,83.5,31.536951
2025-06-20,24.5,84.5,30.80307
2025-06-21,18.0,80.5,36.40253
2025-06-21,18.0,81.5,36.196095
2025-06-21,18.0,82.5,35.57604
2025-06-21,18.0,83.5,35.19132
2025-06-21,18.0,84.5,
2025-06-21,18.5,80.5,35.659897
2025-06-21,18.5,81.5,35.134605
2025-06-21,18.5,82.5,35.256386
2025-06-21,18.5,83.5,34.29735
2025-06-21,18.5,84.5,35.296227
2025-06-21,19.5,80.5,34.275105
2025-06-21,19.5,81.5,35.2048
2025-06-21,19.5,82.5,33.97336
2025-06-21,19.5,83.5,35.136
2025-06-21,19.5,84.5,35.16477
2025-06-21,20.5,80.5,34.31638
2025-06-21,20.5,81.5,32.967518
2025-06-21,20.5,82.5,35.18861
2025-06-21,20.5,83.5,35.44701
2025-06-21,20.5,84.5,35.237747
2025-06-21,21.5,80.5,31.736149
2025-06-21,21.5,81.5,32.96748
2025-06-21,21.5,82.5,32.708317
2025-06-21,21.5,83.5,34.081142
2025-06-21,21.5,84.5,33.80152
2025-06-21,22.5,80.5,29.678524
2025-06-21,22.5,81.5,32.03481
2025-06-21,22.5,82.5,30.990322
2025-06-21,22.5,83.5,32.17501
2025-06-21,22.5,84.5,31.967894
2025-06-21,23.5,80.5,29.818888
2025-06-21,23.5,81.5,29.63844
2025-06-21,23.5,82.5,31.11863
2025-06-21,23.5,83.5,31.746185
2025-06-21,23.5,84.5,32.05747
2025-06-21,24.5,80.5,31.666046
2025-06-21,24.5,81.5,32.55507
2025-06-21,24.5,82.5,32.645504
2025-06-21,24.5,83.5,33.201653
2025-06-21,24.5,84.5,33.184135
2025-06-22,18.0,80.5,34.981056
2025-06-22,18.0,81.5,34.504776
2025-06-22,18.0,82.5,33.703506
2025-06-22,18.0,83.5,33.350906
2025-06-22,18.0,84.5,
2025-06-22,18.5,80.5,34.245018
2025-06-22,18.5,81.5,32.91695
2025-06-22,18.5,82.5,33.178524
2025-06-22,18.5,83.5,33.04813
2025-06-22,18.5,84.5,34.1075
2025-06-22,19.5,80.5,32.599453
2025-06-22,19.5,81.5,32.75532
2025-06-22,19.5,82.5,33.11391
2025-06-22,19.5,83.5,34.33078
2025-06-22,19.5,84.5,34.686817
2025-06-22,20.5,80.5,32.992226
2025-06-22,20.5,81.5,31.997591
2025-06-22,20.5,82.5,34.618786
2025-06-22,20.5,83.5,35.379326
2025-06-22,20.5,84.5,35.099247
2025-06-22,21.5,80.5,30.56727
2025-06-22,21.5,81.5,32.37539
2025-06-22,21.5,82.5,32.609093
2025-06-22,21.5,83.5,34.50969
2025-06-22,21.5,84.5,33.636185
2025-06-22,22.5,80.5,28.934444
2025-06-22,22.5,81.5,31.684637
2025-06-22,22.5,82.5,31.678314
2025-06-22,22.5,83.5,32.83567
2025-06-22,22.5,84.5,32.525017
2025-06-22,23.5,80.5,29.719772
2025-06-22,23.5,81.5,30.886772
2025-06-22,23.5,82.5,32.53064
2025-06-22,23.5,83.5,33.455223
2025-06-22,23.5,84.5,33.942852
2025-06-22,24.5,80.5,31.785381
2025-06-22,24.5,81.5,33.26206
2025-06-22,24.5,82.5,34.659344
2025-06-22,24.5,83.5,35.177032
2025-06-22,24.5,84.5,35.11999
2025-06-23,18.0,80.5,31.002228
2025-06-23,18.0,81.5,29.958616
2025-06-23,18.0,82.5,29.258226
2025-06-23,18.0,83.5,28.516441
2025-06-23,18.0,84.5,
2025-06-23,18.5,80.5,30.541466
2025-06-23,18.5,81.5,28.66111
2025-06-23,18.5,82.5,28.523884
2025-06-23,18.5,83.5,28.038395
2025-06-23,18.5,84.5,29.205095
2025-06-23,19.5,80.5,29.476788
2025-06-23,19.5,81.5,28.725893
2025-06-23,19.5,82.5,28.59612
2025-06-23,19.5,83.5,29.198927
2025-06-23,19.5,84.5,29.517635
2025-06-23,20.5,80.5,30.148937
2025-06-23,20.5,81.5,28.77851
2025-06-23,20.5,82.5,30.074547
2025-06-23,20.5,83.5,30.094833
2025-06-23,20.5,84.5,30.021687
2025-06-23,21.5,80.5,29.080051
2025-06-23,21.5,81.5,29.756422
2025-06-23,21.5,82.5,29.521866
2025-06-23,21.5,83.5,30.525295
2025-06-23,21.5,84.5,30.235682
2025-06-23,22.5,80.5,28.36444
2025-06-23,22.5,81.5,29.783464
2025-06-23,22.5,82.5,29.555132
2025-06-23,22.5,83.5,30.404682
2025-06-23,22.5,84.5,30.037573
2025-06-23,23.5,80.5,28.968113
2025-06-23,23.5,81.5,29.848053
2025-06-23,23.5,82.5,30.33604
2025-06-23,23.5,83.5,31.030933
2025-06-23,23.5,84.5,31.521854
2025-06-23,24.5,80.5,30.616285
2025-06-23,24.5,81.5,31.879904
2025-06-23,24.5,82.5,32.33591
2025-06-23,24.5,83.5,32.802246
2025-06-23,24.5,84.5,33.229492
2025-06-24,18.0,80.5,30.99957
2025-06-24,18.0,81.5,30.468401
2025-06-24,18.0,82.5,30.126326
2025-06-24,18.0,83.5,29.892633
2025-06-24,18.0,84.5,
2025-06-24,18.5,80.5,30.114452
2025-06-24,18.5,81.5,29.604694
2025-06-24,18.5,82.5,29.35611
2025-06-24,18.5,83.5,29.52355
2025-06-24,18.5,84.5,30.871521
2025-06-24,19.5,80.5,29.91604
2025-06-24,19.5,81.5,29.642742
2025-06-24,19.5,82.5,29.420433
2025-06-24,19.5,83.5,30.498816
2025-06-24,19.5,84.5,31.019691
2025-06-24,20.5,80.5,30.653028
2025-06-24,20.5,81.5,29.534367
2025-06-24,20.5,82.5,30.829508
2025-06-24,20.5,83.5,31.435942
2025-06-24,20.5,84.5,31.681543
2025-06-24,21.5,80.5,29.036228
2025-06-24,21.5,81.5,30.365723
2025-06-24,21.5,82.5,30.498049
2025-06-24,21.5,83.5,31.59841
2025-06-24,21.5,84.5,31.61342
2025-06-24,22.5,80.5,28.974916
2025-06-24,22.5,81.5,30.343847
2025-06-24,22.5,82.5,30.47926
2025-06-24,22.5,83.5,30.963444
2025-06-24,22.5,84.5,31.117393
2025-06-24,23.5,80.5,29.659878
2025-06-24,23.5,81.5,30.367432
2025-06-24,23.5,82.5,30.817461
2025-06-24,23.5,83.5,31.087349
2025-06-24,23.5,84.5,32.493458
2025-06-24,24.5,80.5,32.097828
2025-06-24,24.5,81.5,33.138073
2025-06-24,24.5,82.5,33.760014
2025-06-24,24.5,83.5,33.701725
2025-06-24,24.5,84.5,34.146156
2025-06-25,18.0,80.5,30.353928
2025-06-25,18.0,81.5,29.169138
2025-06-25,18.0,82.5,27.954222
2025-06-25,18.0,83.5,27.51072
2025-06-25,18.0,84.5,
2025-06-25,18.5,80.5,29.190207
2025-06-25,18.5,81.5,27.445515
2025-06-25,18.5,82.5,27.013288
2025-06-25,18.5,83.5,27.14029
2025-06-25,18.5,84.5,28.16371
2025-06-25,19.5,80.5,28.713825
2025-06-25,19.5,81.5,27.26835
2025-06-25,19.5,82.5,26.903683
2025-06-25,19.5,83.5,28.189472
2025-06-25,19.5,84.5,28.545677
2025-06-25,20.5,80.5,29.685595
2025-06-25,20.5,81.5,28.429981
2025-06-25,20.5,82.5,29.049831
2025-06-25,20.5,83.5,30.033352
2025-06-25,20.5,84.5,29.220833
2025-06-25,21.5,80.5,29.896883
2025-06-25,21.5,81.5,30.03681
2025-06-25,21.5,82.5,29.82396
2025-06-25,21.5,83.5,30.056042
2025-06-25,21.5,84.5,29.771997
2025-06-25,22.5,80.5,30.659048
2025-06-25,22.5,81.5,30.727264
2025-06-25,22.5,82.5,30.236126
2025-06-25,22.5,83.5,30.588135
2025-06-25,22.5,84.5,30.14314
2025-06-25,23.5,80.5,31.141705
2025-06-25,23.5,81.5,31.197235
2025-06-25,23.5,82.5,31.890303
2025-06-25,23.5,83.5,31.467413
2025-06-25,23.5,84.5,32.006294
2025-06-25,24.5,80.5,32.739384
2025-06-25,24.5,81.5,33.65772
2025-06-25,24.5,82.5,34.362793
2025-06-25,24.5,83.5,32.89865
2025-06-25,24.5,84.5,33.174946
2025-06-26,18.0,80.5,31.449356
2025-06-26,18.0,81.5,30.928127
2025-06-26,18.0,82.5,29.877762
2025-06-26,18.0,83.5,29.676588
2025-06-26,18.0,84.5,
2025-06-26,18.5,80.5,29.859137
2025-06-26,18.5,81.5,29.169046
2025-06-26,18.5,82.5,28.856194
2025-06-26,18.5,83.5,29.07541
2025-06-26,18.5,84.5,30.43128
2025-06-26,19.5,80.5,28.29034
2025-06-26,19.5,81.5,28.505247
2025-06-26,19.5,82.5,28.686106
2025-06-26,19.5,83.5,30.056425
2025-06-26,19.5,84.5,30.685787
2025-06-26,20.5,80.5,29.319134
2025-06-26,20.5,81.5,28.405182
2025-06-26,20.5,82.5,29.976934
2025-06-26,20.5,83.5,30.965508
2025-06-26,20.5,84.5,31.191683
2025-06-26,21.5,80.5,29.233154
2025-06-26,21.5,81.5,30.027822
2025-06-26,21.5,82.5,29.906118
2025-06-26,21.5,83.5,30.74169
2025-06-26,21.5,84.5,30.787392
2025-06-26,22.5,80.5,29.84481
2025-06-26,22.5,81.5,29.976484
2025-06-26,22.5,82.5,30.06005
2025-06-26,22.5,83.5,30.521751
2025-06-26,22.5,84.5,30.287731
2025-06-26,23.5,80.5,30.847164
2025-06-26,23.5,81.5,30.941988
2025-06-26,23.5,82.5,31.585606
2025-06-26,23.5,83.5,31.562246
2025-06-26,23.5,84.5,31.974478
2025-06-26,24.5,80.5,33.21788
2025-06-26,24.5,81.5,33.697964
2025-06-26,24.5,82.5,33.914185
2025-06-26,24.5,83.5,32.568657
2025-06-26,24.5,84.5,33.022915
2025-06-27,18.0,80.5,33.1566
2025-06-27,18.0,81.5,32.29921
2025-06-27,18.0,82.5,30.968422
2025-06-27,18.0,83.5,30.033648
2025-06-27,18.0,84.5,
2025-06-27,18.5,80.5,32.15538
2025-06-27,18.5,81.5,30.804018
2025-06-27,18.5,82.5,30.238562
2025-06-27,18.5,83.5,29.213114
2025-06-27,18.5,84.5,29.994488
2025-06-27,19.5,80.5,31.146057
2025-06-27,19.5,81.5,30.586964
2025-06-27,19.5,82.5,29.55141
2025-06-27,19.5,83.5,29.994505
2025-06-27,19.5,84.5,30.079025
2025-06-27,20.5,80.5,31.21021
2025-06-27,20.5,81.5,29.815716
2025-06-27,20.5,82.5,30.261206
2025-06-27,20.5,83.5,30.327354
2025-06-27,20.5,84.5,30.15974
2025-06-27,21.5,80.5,30.131876
2025-06-27,21.5,81.5,29.876463
2025-06-27,21.5,82.5,29.960327
2025-06-27,21.5,83.5,29.729113
2025-06-27,21.5,84.5,29.325361
2025-06-27,22.5,80.5,29.565332
2025-06-27,22.5,81.5,29.727413
2025-06-27,22.5,82.5,29.270527
2025-06-27,22.5,83.5,29.546976
2025-06-27,22.5,84.5,29.515085
2025-06-27,23.5,80.5,30.405437
2025-06-27,23.5,81.5,30.1857
2025-06-27,23.5,82.5,30.854252
2025-06-27,23.5,83.5,30.031904
2025-06-27,23.5,84.5,31.290236
2025-06-27,24.5,80.5,33.23933
2025-06-27,24.5,81.5,33.37426
2025-06-27,24.5,82.5,32.792263
2025-06-27,24.5,83.5,32.236504
2025-06-27,24.5,84.5,32.73857
2025-06-28,18.0,80.5,34.817375
2025-06-28,18.0,81.5,34.00042
2025-06-28,18.0,82.5,32.4144
2025-06-28,18.0,83.5,30.93615
2025-06-28,18.0,84.5,
2025-06-28,18.5,80.5,33.653824
2025-06-28,18.5,81.5,32.136055
2025-06-28,18.5,82.5,31.296183
2025-06-28,18.5,83.5,29.663515
2025-06-28,18.5,84.5,29.845224
2025-06-28,19.5,80.5,31.742273
2025-06-28,19.5,81.5,31.716583
2025-06-28,19.5,82.5,29.775595
2025-06-28,19.5,83.5,29.95902
2025-06-28,19.5,84.5,29.48463
2025-06-28,20.5,80.5,31.78202
2025-06-28,20.5,81.5,29.75653
2025-06-28,20.5,82.5,30.123716
2025-06-28,20.5,83.5,29.785261
2025-06-28,20.5,84.5,29.013971
2025-06-28,21.5,80.5,30.596119
2025-06-28,21.5,81.5,29.838827
2025-06-28,21.5,82.5,29.326586
2025-06-28,21.5,83.5,29.16604
2025-06-28,21.5,84.5,28.77322
2025-06-28,22.5,80.5,29.117737
2025-06-28,22.5,81.5,28.845293
2025-06-28,22.5,82.5,28.43617
2025-06-28,22.5,83.5,29.378988
2025-06-28,22.5,84.5,28.806175
2025-06-28,23.5,80.5,28.51452
2025-06-28,23.5,81.5,28.417976
2025-06-28,23.5,82.5,29.135328
2025-06-28,23.5,83.5,29.662468
2025-06-28,23.5,84.5,31.404692
2025-06-28,24.5,80.5,30.844006
2025-06-28,24.5,81.5,31.526157
2025-06-28,24.5,82.5,32.22118
2025-06-28,24.5,83.5,32.873394
2025-06-28,24.5,84.5,33.641636
2025-06-29,18.0,80.5,32.922806
2025-06-29,18.0,81.5,31.803322
2025-06-29,18.0,82.5,30.534492
2025-06-29,18.0,83.5,29.353533
2025-06-29,18.0,84.5,
2025-06-29,18.5,80.5,31.388556
2025-06-29,18.5,81.5,29.79303
2025-06-29,18.5,82.5,29.307596
2025-06-29,18.5,83.5,28.095175
2025-06-29,18.5,84.5,28.547478
2025-06-29,19.5,80.5,29.062449
2025-06-29,19.5,81.5,28.789913
2025-06-29,19.5,82.5,27.19917
2025-06-29,19.5,83.5,28.243076
2025-06-29,19.5,84.5,28.199366
2025-06-29,20.5,80.5,29.304958
2025-06-29,20.5,81.5,27.385902
2025-06-29,20.5,82.5,28.416592
2025-06-29,20.5,83.5,28.769798
2025-06-29,20.5,84.5,27.91665
2025-06-29,21.5,80.5,27.766376
2025-06-29,21.5,81.5,28.601608
2025-06-29,21.5,82.5,28.607397
2025-06-29,21.5,83.5,28.678398
2025-06-29,21.5,84.5,27.920496
2025-06-29,22.5,80.5,27.96491
2025-06-29,22.5,81.5,28.686314
2025-06-29,22.5,82.5,28.71112
2025-06-29,22.5,83.5,28.510973
2025-06-29,22.5,84.5,28.188555
2025-06-29,23.5,80.5,29.441547
2025-06-29,23.5,81.5,30.057304
2025-06-29,23.5,82.5,29.827734
2025-06-29,23.5,83.5,29.474003
2025-06-29,23.5,84.5,30.085882
2025-06-29,24.5,80.5,32.245083
2025-06-29,24.5,81.5,32.685753
2025-06-29,24.5,82.5,32.62338
2025-06-29,24.5,83.5,32.5141
2025-06-29,24.5,84.5,32.335724
2025-06-30,18.0,80.5,29.607721
2025-06-30,18.0,81.5,28.885359
2025-06-30,18.0,82.5,27.939465
2025-06-30,18.0,83.5,28.097248
2025-06-30,18.0,84.5,
2025-06-30,18.5,80.5,28.470673
2025-06-30,18.5,81.5,27.301456
2025-06-30,18.5,82.5,27.06102
2025-06-30,18.5,83.5,27.333672
2025-06-30,18.5,84.5,28.346619
2025-06-30,19.5,80.5,27.134905
2025-06-30,19.5,81.5,27.415857
2025-06-30,19.5,82.5,26.611301
2025-06-30,19.5,83.5,28.20074
2025-06-30,19.5,84.5,28.620655
2025-06-30,20.5,80.5,28.034012
2025-06-30,20.5,81.5,26.241245
2025-06-30,20.5,82.5,28.11059
2025-06-30,20.5,83.5,28.77898
2025-06-30,20.5,84.5,28.891598
2025-06-30,21.5,80.5,27.491306
2025-06-30,21.5,81.5,27.43257
2025-06-30,21.5,82.5,27.588947
2025-06-30,21.5,83.5,29.301008
2025-06-30,21.5,84.5,29.06224
2025-06-30,22.5,80.5,27.558353
2025-06-30,22.5,81.5,27.61022
2025-06-30,22.5,82.5,28.114399
2025-06-30,22.5,83.5,28.303658
2025-06-30,22.5,84.5,29.028738
2025-06-30,23.5,80.5,28.336136
2025-06-30,23.5,81.5,28.99304
2025-06-30,23.5,82.5,29.302164
2025-06-30,23.5,83.5,29.75523
2025-06-30,23.5,84.5,30.621735
2025-06-30,24.5,80.5,30.797083
2025-06-30,24.5,81.5,31.519917
2025-06-30,24.5,82.5,32.543636
2025-06-30,24.5,83.5,33.044086
2025-06-30,24.5,84.5,32.267326
2025-07-01,18.0,80.5,27.683632
2025-07-01,18.0,81.5,27.261208
2025-07-01,18.0,82.5,26.585413
2025-07-01,18.0,83.5,27.168049
2025-07-01,18.0,84.5,
2025-07-01,18.5,80.5,26.478142
2025-07-01,18.5,81.5,25.833706
2025-07-01,18.5,82.5,26.08007
2025-07-01,18.5,83.5,26.950184
2025-07-01,18.5,84.5,28.228867
2025-07-01,19.5,80.5,25.982117
2025-07-01,19.5,81.5,25.900805
2025-07-01,19.5,82.5,26.451353
2025-07-01,19.5,83.5,28.122952
2025-07-01,19.5,84.5,28.922932
2025-07-01,20.5,80.5,27.58171
2025-07-01,20.5,81.5,27.204676
2025-07-01,20.5,82.5,28.83471
2025-07-01,20.5,83.5,29.878967
2025-07-01,20.5,84.5,29.591766
2025-07-01,21.5,80.5,26.897095
2025-07-01,21.5,81.5,28.20961
2025-07-01,21.5,82.5,28.971867
2025-07-01,21.5,83.5,30.048878
2025-07-01,21.5,84.5,29.827185
2025-07-01,22.5,80.5,27.334885
2025-07-01,22.5,81.5,28.439726
2025-07-01,22.5,82.5,28.958105
2025-07-01,22.5,83.5,29.486803
2025-07-01,22.5,84.5,29.528948
2025-07-01,23.5,80.5,28.826307
2025-07-01,23.5,81.5,28.987036
2025-07-01,23.5,82.5,30.133759
2025-07-01,23.5,83.5,30.18893
2025-07-01,23.5,84.5,30.488182
2025-07-01,24.5,80.5,31.181023
2025-07-01,24.5,81.5,31.869125
2025-07-01,24.5,82.5,32.998753
2025-07-01,24.5,83.5,33.12508
2025-07-01,24.5,84.5,32.673862
2025-07-02,18.0,80.5,28.712599
2025-07-02,18.0,81.5,27.825306
2025-07-02,18.0,82.5,26.838327
2025-07-02,18.0,83.5,27.277523
2025-07-02,18.0,84.5,
2025-07-02,18.5,80.5,27.990797
2025-07-02,18.5,81.5,27.51847
2025-07-02,18.5,82.5,26.255363
2025-07-02,18.5,83.5,27.035992
2025-07-02,18.5,84.5,28.145243
2025-07-02,19.5,80.5,27.92447
2025-07-02,19.5,81.5,27.15546
2025-07-02,19.5,82.5,26.382792
2025-07-02,19.5,83.5,27.891472
2025-07-02,19.5,84.5,28.620905
2025-07-02,20.5,80.5,29.155302
2025-07-02,20.5,81.5,27.194603
2025-07-02,20.5,82.5,28.497889
2025-07-02,20.5,83.5,29.541458
2025-07-02,20.5,84.5,29.17692
2025-07-02,21.5,80.5,28.299118
2025-07-02,21.5,81.5,28.59695
2025-07-02,21.5,82.5,28.95567
2025-07-02,21.5,83.5,30.044447
2025-07-02,21.5,84.5,30.302444
2025-07-02,22.5,80.5,28.91084
2025-07-02,22.5,81.5,28.926773
2025-07-02,22.5,82.5,29.554268
2025-07-02,22.5,83.5,30.108631
2025-07-02,22.5,84.5,30.328186
2025-07-02,23.5,80.5,29.832281
2025-07-02,23.5,81.5,30.168377
2025-07-02,23.5,82.5,30.956041
2025-07-02,23.5,83.5,31.467487
2025-07-02,23.5,84.5,32.596004
2025-07-02,24.5,80.5,32.213432
2025-07-02,24.5,81.5,33.2773
2025-07-02,24.5,82.5,34.354202
2025-07-02,24.5,83.5,34.407368
2025-07-02,24.5,84.5,34.705444
2025-07-03,18.0,80.5,31.56248
2025-07-03,18.0,81.5,30.650993
2025-07-03,18.0,82.5,29.917625
2025-07-03,18.0,83.5,29.4016
2025-07-03,18.0,84.5,
2025-07-03,18.5,80.5,30.477238
2025-07-03,18.5,81.5,29.676712
2025-07-03,18.5,82.5,28.976906
2025-07-03,18.5,83.5,28.823156
2025-07-03,18.5,84.5,29.723873
2025-07-03,19.5,80.5,29.670626
2025-07-03,19.5,81.5,29.372282
2025-07-03,19.5,82.5,27.8387
2025-07-03,19.5,83.5,29.04657
2025-07-03,19.5,84.5,29.468674
2025-07-03,20.5,80.5,30.363266
2025-07-03,20.5,81.5,28.017225
2025-07-03,20.5,82.5,28.990963
2025-07-03,20.5,83.5,29.78027
2025-07-03,20.5,84.5,29.862375
2025-07-03,21.5,80.5,29.429571
2025-07-03,21.5,81.5,28.925564
2025-07-03,21.5,82.5,28.922733
2025-07-03,21.5,83.5,30.100662
2025-07-03,21.5,84.5,30.646582
2025-07-03,22.5,80.5,29.611149
2025-07-03,22.5,81.5,29.06275
2025-07-03,22.5,82.5,29.561604
2025-07-03,22.5,83.5,29.612255
2025-07-03,22.5,84.5,29.978603
2025-07-03,23.5,80.5,30.343536
2025-07-03,23.5,81.5,30.253843
2025-07-03,23.5,82.5,30.78885
2025-07-03,23.5,83.5,30.648056
2025-07-03,23.5,84.5,32.11201
2025-07-03,24.5,80.5,32.346302
2025-07-03,24.5,81.5,33.198544
2025-07-03,24.5,82.5,33.719246
2025-07-03,24.5,83.5,33.96563
2025-07-03,24.5,84.5,34.38503
2025-07-04,18.0,80.5,32.34624
2025-07-04,18.0,81.5,31.78511
2025-07-04,18.0,82.5,30.919874
2025-07-04,18.0,83.5,29.53691
2025-07-04,18.0,84.5,
2025-07-04,18.5,80.5,31.69689
2025-07-04,18.5,81.5,31.124996
2025-07-04,18.5,82.5,30.026527
2025-07-04,18.5,83.5,29.18322
2025-07-04,18.5,84.5,29.749432
2025-07-04,19.5,80.5,29.898157
2025-07-04,19.5,81.5,30.2206
2025-07-04,19.5,82.5,28.800945
2025-07-04,19.5,83.5,29.26846
2025-07-04,19.5,84.5,29.22715
2025-07-04,20.5,80.5,29.11895
2025-07-04,20.5,81.5,27.071587
2025-07-04,20.5,82.5,28.758099
2025-07-04,20.5,83.5,28.593603
2025-07-04,20.5,84.5,29.228933
2025-07-04,21.5,80.5,27.758312
2025-07-04,21.5,81.5,27.581764
2025-07-04,21.5,82.5,27.780792
2025-07-04,21.5,83.5,28.3145
2025-07-04,21.5,84.5,29.069012
2025-07-04,22.5,80.5,27.306328
2025-07-04,22.5,81.5,27.453106
2025-07-04,22.5,82.5,27.98238
2025-07-04,22.5,83.5,28.667353
2025-07-04,22.5,84.5,29.00389
2025-07-04,23.5,80.5,28.76205
2025-07-04,23.5,81.5,29.265196
2025-07-04,23.5,82.5,29.549482
2025-07-04,23.5,83.5,29.74097
2025-07-04,23.5,84.5,31.139488
2025-07-04,24.5,80.5,31.213903
2025-07-04,24.5,81.5,31.94051
2025-07-04,24.5,82.5,33.53992
2025-07-04,24.5,83.5,33.78768
2025-07-04,24.5,84.5,33.976868
2025-07-05,18.0,80.5,32.323204
2025-07-05,18.0,81.5,31.445889
2025-07-05,18.0,82.5,30.513498
2025-07-05,18.0,83.5,29.502216
2025-07-05,18.0,84.5,
2025-07-05,18.5,80.5,31.526669
2025-07-05,18.5,81.5,30.43238
2025-07-05,18.5,82.5,29.503756
2025-07-05,18.5,83.5,28.65225
2025-07-05,18.5,84.5,29.110374
2025-07-05,19.5,80.5,29.789448
2025-07-05,19.5,81.5,29.724834
2025-07-05,19.5,82.5,28.260994
2025-07-05,19.5,83.5,28.908848
2025-07-05,19.5,84.5,28.679972
2025-07-05,20.5,80.5,29.6986
2025-07-05,20.5,81.5,27.090328
2025-07-05,20.5,82.5,28.198492
2025-07-05,20.5,83.5,28.501175
2025-07-05,20.5,84.5,28.708344
2025-07-05,21.5,80.5,28.385231
2025-07-05,21.5,81.5,27.412045
2025-07-05,21.5,82.5,27.346703
2025-07-05,21.5,83.5,28.156597
2025-07-05,21.5,84.5,28.637127
2025-07-05,22.5,80.5,27.730839
2025-07-05,22.5,81.5,26.877747
2025-07-05,22.5,82.5,27.171764
2025-07-05,22.5,83.5,27.84414
2025-07-05,22.5,84.5,28.935478
2025-07-05,23.5,80.5,28.521578
2025-07-05,23.5,81.5,28.927105
2025-07-05,23.5,82.5,28.417583
2025-07-05,23.5,83.5,28.624731
2025-07-05,23.5,84.5,30.496113
2025-07-05,24.5,80.5,31.036354
2025-07-05,24.5,81.5,32.04477
2025-07-05,24.5,82.5,32.220833
2025-07-05,24.5,83.5,32.658333
2025-07-05,24.5,84.5,33.20331
2025-07-06,18.0,80.5,31.806711
2025-07-06,18.0,81.5,30.99349
2025-07-06,18.0,82.5,29.960005
2025-07-06,18.0,83.5,29.28725
2025-07-06,18.0,84.5,
2025-07-06,18.5,80.5,30.72422
2025-07-06,18.5,81.5,29.809566
2025-07-06,18.5,82.5,29.244444
2025-07-06,18.5,83.5,28.514536
2025-07-06,18.5,84.5,29.360071
2025-07-06,19.5,80.5,29.014084
2025-07-06,19.5,81.5,29.414234
2025-07-06,19.5,82.5,27.985456
2025-07-06,19.5,83.5,28.76302
2025-07-06,19.5,84.5,29.191076
2025-07-06,20.5,80.5,28.648525
2025-07-06,20.5,81.5,26.535837
2025-07-06,20.5,82.5,28.247143
2025-07-06,20.5,83.5,28.466875
2025-07-06,20.5,84.5,29.355309
2025-07-06,21.5,80.5,27.086685
2025-07-06,21.5,81.5,27.005009
2025-07-06,21.5,82.5,27.334929
2025-07-06,21.5,83.5,28.459314
2025-07-06,21.5,84.5,29.42192
2025-07-06,22.5,80.5,27.299597
2025-07-06,22.5,81.5,26.452698
2025-07-06,22.5,82.5,27.249794
2025-07-06,22.5,83.5,27.897964
2025-07-06,22.5,84.5,28.894014
2025-07-06,23.5,80.5,28.62873
2025-07-06,23.5,81.5,28.75685
2025-07-06,23.5,82.5,28.88742
2025-07-06,23.5,83.5,29.364521
2025-07-06,23.5,84.5,31.114838
2025-07-06,24.5,80.5,32.25329
2025-07-06,24.5,81.5,32.543854
2025-07-06,24.5,82.5,33.02541
2025-07-06,24.5,83.5,33.773506
2025-07-06,24.5,84.5,33.87316
2025-07-07,18.0,80.5,31.392494
2025-07-07,18.0,81.5,30.802393
2025-07-07,18.0,82.5,30.196293
2025-07-07,18.0,83.5,29.746643
2025-07-07,18.0,84.5,
2025-07-07,18.5,80.5,29.564758
2025-07-07,18.5,81.5,29.0635
2025-07-07,18.5,82.5,28.978048
2025-07-07,18.5,83.5,29.03342
2025-07-07,18.5,84.5,29.926477
2025-07-07,19.5,80.5,26.762058
2025-07-07,19.5,81.5,27.953913
2025-07-07,19.5,82.5,28.122635
2025-07-07,19.5,83.5,29.256065
2025-07-07,19.5,84.5,29.458233
2025-07-07,20.5,80.5,28.16569
2025-07-07,20.5,81.5,26.499557
2025-07-07,20.5,82.5,29.237011
2025-07-07,20.5,83.5,29.557331
2025-07-07,20.5,84.5,29.356447
2025-07-07,21.5,80.5,28.286133
2025-07-07,21.5,81.5,28.652142
2025-07-07,21.5,82.5,28.872759
2025-07-07,21.5,83.5,29.18014
2025-07-07,21.5,84.5,29.2434
2025-07-07,22.5,80.5,29.525421
2025-07-07,22.5,81.5,29.059782
2025-07-07,22.5,82.5,29.46216
2025-07-07,22.5,83.5,28.816149
2025-07-07,22.5,84.5,28.66384
2025-07-07,23.5,80.5,31.407717
2025-07-07,23.5,81.5,31.548689
2025-07-07,23.5,82.5,31.510801
2025-07-07,23.5,83.5,30.98859
2025-07-07,23.5,84.5,30.5013
2025-07-07,24.5,80.5,34.449245
2025-07-07,24.5,81.5,35.03043
2025-07-07,24.5,82.5,35.03308
2025-07-07,24.5,83.5,34.378773
2025-07-07,24.5,84.5,33.450474
2025-07-08,18.0,80.5,31.920052
2025-07-08,18.0,81.5,31.652946
2025-07-08,18.0,82.5,31.215385
2025-07-08,18.0,83.5,30.585262
2025-07-08,18.0,84.5,
2025-07-08,18.5,80.5,29.930897
2025-07-08,18.5,81.5,29.695461
2025-07-08,18.5,82.5,30.142149
2025-07-08,18.5,83.5,30.168575
2025-07-08,18.5,84.5,30.811544
2025-07-08,19.5,80.5,26.985336
2025-07-08,19.5,81.5,28.700495
2025-07-08,19.5,82.5,28.950197
2025-07-08,19.5,83.5,30.127953
2025-07-08,19.5,84.5,30.122877
2025-07-08,20.5,80.5,28.221983
2025-07-08,20.5,81.5,26.864422
2025-07-08,20.5,82.5,30.531178
2025-07-08,20.5,83.5,30.716808
2025-07-08,20.5,84.5,29.818808
2025-07-08,21.5,80.5,28.374783
2025-07-08,21.5,81.5,29.395844
2025-07-08,21.5,82.5,29.949257
2025-07-08,21.5,83.5,30.252928
2025-07-08,21.5,84.5,29.611965
2025-07-08,22.5,80.5,29.757212
2025-07-08,22.5,81.5,29.984932
2025-07-08,22.5,82.5,30.968872
2025-07-08,22.5,83.5,30.107784
2025-07-08,22.5,84.5,29.369675
2025-07-08,23.5,80.5,31.79424
2025-07-08,23.5,81.5,32.283752
2025-07-08,23.5,82.5,32.436737
2025-07-08,23.5,83.5,31.646526
2025-07-08,23.5,84.5,30.777832
2025-07-08,24.5,80.5,34.808517
2025-07-08,24.5,81.5,35.486523
2025-07-08,24.5,82.5,35.14673
2025-07-08,24.5,83.5,34.556297
2025-07-08,24.5,84.5,33.649036
2025-07-09,18.0,80.5,31.904593
2025-07-09,18.0,81.5,32.01845
2025-07-09,18.0,82.5,31.81557
2025-07-09,18.0,83.5,31.416363
2025-07-09,18.0,84.5,
2025-07-09,18.5,80.5,29.973442
2025-07-09,18.5,81.5,29.885859
2025-07-09,18.5,82.5,30.62024
2025-07-09,18.5,83.5,30.836887
2025-07-09,18.5,84.5,31.36057
2025-07-09,19.5,80.5,26.67317
2025-07-09,19.5,81.5,28.39474
2025-07-09,19.5,82.5,28.870445
2025-07-09,19.5,83.5,30.91247
2025-07-09,19.5,84.5,30.837706
2025-07-09,20.5,80.5,27.624702
2025-07-09,20.5,81.5,26.649399
2025-07-09,20.5,82.5,30.166885
2025-07-09,20.5,83.5,30.975826
2025-07-09,20.5,84.5,30.265486
2025-07-09,21.5,80.5,27.613089
2025-07-09,21.5,81.5,28.664494
2025-07-09,21.5,82.5,29.293125
2025-07-09,21.5,83.5,30.186922
2025-07-09,21.5,84.5,29.551144
2025-07-09,22.5,80.5,28.980137
2025-07-09,22.5,81.5,28.56684
2025-07-09,22.5,82.5,28.891624
2025-07-09,22.5,83.5,28.742706
2025-07-09,22.5,84.5,28.765041
2025-07-09,23.5,80.5,30.15522
2025-07-09,23.5,81.5,30.260738
2025-07-09,23.5,82.5,30.418728
2025-07-09,23.5,83.5,29.900547
2025-07-09,23.5,84.5,29.581196
2025-07-09,24.5,80.5,31.194109
2025-07-09,24.5,81.5,32.074734
2025-07-09,24.5,82.5,32.782158
2025-07-09,24.5,83.5,33.05555
2025-07-09,24.5,84.5,32.432343
2025-07-10,18.0,80.5,32.091835
2025-07-10,18.0,81.5,31.98817
2025-07-10,18.0,82.5,32.037
2025-07-10,18.0,83.5,32.27092
2025-07-10,18.0,84.5,
2025-07-10,18.5,80.5,30.28871
2025-07-10,18.5,81.5,30.305094
2025-07-10,18.5,82.5,31.047947
2025-07-10,18.5,83.5,31.591555
2025-07-10,18.5,84.5,32.38319
2025-07-10,19.5,80.5,28.254276
2025-07-10,19.5,81.5,29.710918
2025-07-10,19.5,82.5,29.878475
2025-07-10,19.5,83.5,31.94071
2025-07-10,19.5,84.5,31.9492
2025-07-10,20.5,80.5,29.033102
2025-07-10,20.5,81.5,28.221846
2025-07-10,20.5,82.5,30.689043
2025-07-10,20.5,83.5,31.684803
2025-07-10,20.5,84.5,31.779453
2025-07-10,21.5,80.5,29.054953
2025-07-10,21.5,81.5,29.66201
2025-07-10,21.5,82.5,29.38922
2025-07-10,21.5,83.5,30.382692
2025-07-10,21.5,84.5,30.272707
2025-07-10,22.5,80.5,29.991873
2025-07-10,22.5,81.5,29.794868
2025-07-10,22.5,82.5,29.102556
2025-07-10,22.5,83.5,28.499472
2025-07-10,22.5,84.5,28.613605
2025-07-10,23.5,80.5,31.271786
2025-07-10,23.5,81.5,30.540794
2025-07-10,23.5,82.5,30.68969
2025-07-10,23.5,83.5,29.511383
2025-07-10,23.5,84.5,28.82263
2025-07-10,24.5,80.5,32.74655
2025-07-10,24.5,81.5,33.309044
2025-07-10,24.5,82.5,31.881004
2025-07-10,24.5,83.5,30.896053
2025-07-10,24.5,84.5,30.28153
2025-07-11,18.0,80.5,34.25113
2025-07-11,18.0,81.5,33.580143
2025-07-11,18.0,82.5,33.361855
2025-07-11,18.0,83.5,33.327923
2025-07-11,18.0,84.5,
2025-07-11,18.5,80.5,33.09621
2025-07-11,18.5,81.5,32.881004
2025-07-11,18.5,82.5,32.538555
2025-07-11,18.5,83.5,32.801
2025-07-11,18.5,84.5,33.678608
2025-07-11,19.5,80.5,31.77905
2025-07-11,19.5,81.5,32.39829
2025-07-11,19.5,82.5,32.147774
2025-07-11,19.5,83.5,33.25483
2025-07-11,19.5,84.5,33.52782
2025-07-11,20.5,80.5,31.878208
2025-07-11,20.5,81.5,30.750431
2025-07-11,20.5,82.5,32.469963
2025-07-11,20.5,83.5,32.747734
2025-07-11,20.5,84.5,33.386906
2025-07-11,21.5,80.5,30.443033
2025-07-11,21.5,81.5,30.57694
2025-07-11,21.5,82.5,30.22635
2025-07-11,21.5,83.5,31.556107
2025-07-11,21.5,84.5,32.07193
2025-07-11,22.5,80.5,28.638783
2025-07-11,22.5,81.5,29.757309
2025-07-11,22.5,82.5,29.198944
2025-07-11,22.5,83.5,29.665062
2025-07-11,22.5,84.5,30.24908
2025-07-11,23.5,80.5,28.87026
2025-07-11,23.5,81.5,28.299389
2025-07-11,23.5,82.5,29.240265
2025-07-11,23.5,83.5,29.318739
2025-07-11,23.5,84.5,30.773476
2025-07-11,24.5,80.5,30.500563
2025-07-11,24.5,81.5,30.545118
2025-07-11,24.5,82.5,30.983448
2025-07-11,24.5,83.5,31.415037
2025-07-11,24.5,84.5,32.038063
2025-07-12,18.0,80.5,33.98361
2025-07-12,18.0,81.5,33.76905
2025-07-12,18.0,82.5,33.492023
2025-07-12,18.0,83.5,33.79198
2025-07-12,18.0,84.5,
2025-07-12,18.5,80.5,32.927975
2025-07-12,18.5,81.5,33.11662
2025-07-12,18.5,82.5,33.052853
2025-07-12,18.5,83.5,33.31478
2025-07-12,18.5,84.5,34.610363
2025-07-12,19.5,80.5,31.677914
2025-07-12,19.5,81.5,32.592262
2025-07-12,19.5,82.5,32.83786
2025-07-12,19.5,83.5,34.030224
2025-07-12,19.5,84.5,34.424927
2025-07-12,20.5,80.5,32.11341
2025-07-12,20.5,81.5,31.387403
2025-07-12,20.5,82.5,33.832024
2025-07-12,20.5,83.5,34.223354
2025-07-12,20.5,84.5,34.302578
2025-07-12,21.5,80.5,31.027288
2025-07-12,21.5,81.5,31.686682
2025-07-12,21.5,82.5,31.817553
2025-07-12,21.5,83.5,32.915108
2025-07-12,21.5,84.5,33.34593
2025-07-12,22.5,80.5,29.353924
2025-07-12,22.5,81.5,30.704952
2025-07-12,22.5,82.5,30.625496
2025-07-12,22.5,83.5,31.519602
2025-07-12,22.5,84.5,32.370712
2025-07-12,23.5,80.5,29.152775
2025-07-12,23.5,81.5,29.555426
2025-07-12,23.5,82.5,30.809546
2025-07-12,23.5,83.5,31.420067
2025-07-12,23.5,84.5,33.022305
2025-07-12,24.5,80.5,29.69807
2025-07-12,24.5,81.5,31.243706
2025-07-12,24.5,82.5,32.692814
2025-07-12,24.5,83.5,33.41107
2025-07-12,24.5,84.5,33.89003
2025-07-13,18.0,80.5,34.07554
2025-07-13,18.0,81.5,34.141533
2025-07-13,18.0,82.5,34.069252
2025-07-13,18.0,83.5,33.645027
2025-07-13,18.0,84.5,
2025-07-13,18.5,80.5,33.313828
2025-07-13,18.5,81.5,33.391136
2025-07-13,18.5,82.5,33.367237
2025-07-13,18.5,83.5,33.259182
2025-07-13,18.5,84.5,34.210194
2025-07-13,19.5,80.5,31.52626
2025-07-13,19.5,81.5,32.52214
2025-07-13,19.5,82.5,32.83155
2025-07-13,19.5,83.5,33.82853
2025-07-13,19.5,84.5,33.735897
2025-07-13,20.5,80.5,32.16513
2025-07-13,20.5,81.5,31.219172
2025-07-13,20.5,82.5,33.50184
2025-07-13,20.5,83.5,33.799686
2025-07-13,20.5,84.5,33.621544
2025-07-13,21.5,80.5,30.882
2025-07-13,21.5,81.5,31.450922
2025-07-13,21.5,82.5,32.086098
2025-07-13,21.5,83.5,32.91129
2025-07-13,21.5,84.5,32.686302
2025-07-13,22.5,80.5,30.198898
2025-07-13,22.5,81.5,31.093845
2025-07-13,22.5,82.5,31.591688
2025-07-13,22.5,83.5,32.406708
2025-07-13,22.5,84.5,32.675888
2025-07-13,23.5,80.5,30.677626
2025-07-13,23.5,81.5,31.069576
2025-07-13,23.5,82.5,31.909544
2025-07-13,23.5,83.5,32.442463
2025-07-13,23.5,84.5,33.7912
2025-07-13,24.5,80.5,31.220768
2025-07-13,24.5,81.5,32.958588
2025-07-13,24.5,82.5,34.726852
2025-07-13,24.5,83.5,35.530743
2025-07-13,24.5,84.5,35.894444
2025-07-14,18.0,80.5,35.05738
2025-07-14,18.0,81.5,34.78145
2025-07-14,18.0,82.5,34.01775
2025-07-14,18.0,83.5,32.49533
2025-07-14,18.0,84.5,
2025-07-14,18.5,80.5,34.22841
2025-07-14,18.5,81.5,33.744442
2025-07-14,18.5,82.5,33.17364
2025-07-14,18.5,83.5,31.52084
2025-07-14,18.5,84.5,31.937466
2025-07-14,19.5,80.5,32.456856
2025-07-14,19.5,81.5,32.963333
2025-07-14,19.5,82.5,31.137493
2025-07-14,19.5,83.5,31.49284
2025-07-14,19.5,84.5,30.948086
2025-07-14,20.5,80.5,32.531635
2025-07-14,20.5,81.5,30.168941
2025-07-14,20.5,82.5,31.39218
2025-07-14,20.5,83.5,30.973162
2025-07-14,20.5,84.5,30.373335
2025-07-14,21.5,80.5,31.572746
2025-07-14,21.5,81.5,30.661264
2025-07-14,21.5,82.5,30.452564
2025-07-14,21.5,83.5,29.666542
2025-07-14,21.5,84.5,29.186798
2025-07-14,22.5,80.5,30.819204
2025-07-14,22.5,81.5,30.409853
2025-07-14,22.5,82.5,29.893501
2025-07-14,22.5,83.5,29.598883
2025-07-14,22.5,84.5,29.524145
2025-07-14,23.5,80.5,30.798317
2025-07-14,23.5,81.5,30.641956
2025-07-14,23.5,82.5,30.597012
2025-07-14,23.5,83.5,30.10428
2025-07-14,23.5,84.5,30.582808
2025-07-14,24.5,80.5,32.02024
2025-07-14,24.5,81.5,32.685104
2025-07-14,24.5,82.5,33.046177
2025-07-14,24.5,83.5,32.993717
2025-07-14,24.5,84.5,32.85076
2025-07-15,18.0,80.5,34.069695
2025-07-15,18.0,81.5,34.3468
2025-07-15,18.0,82.5,33.896454
2025-07-15,18.0,83.5,33.425327
2025-07-15,18.0,84.5,
2025-07-15,18.5,80.5,33.09391
2025-07-15,18.5,81.5,33.34702
2025-07-15,18.5,82.5,32.900917
2025-07-15,18.5,83.5,32.51071
2025-07-15,18.5,84.5,33.367767
2025-07-15,19.5,80.5,31.898424
2025-07-15,19.5,81.5,32.35664
2025-07-15,19.5,82.5,31.466703
2025-07-15,19.5,83.5,32.417347
2025-07-15,19.5,84.5,32.46651
2025-07-15,20.5,80.5,32.540062
2025-07-15,20.5,81.5,30.795034
2025-07-15,20.5,82.5,31.619019
2025-07-15,20.5,83.5,31.549734
2025-07-15,20.5,84.5,31.808039
2025-07-15,21.5,80.5,32.10257
2025-07-15,21.5,81.5,31.008553
2025-07-15,21.5,82.5,30.431532
2025-07-15,21.5,83.5,30.294056
2025-07-15,21.5,84.5,30.577969
2025-07-15,22.5,80.5,30.831758
2025-07-15,22.5,81.5,30.85196
2025-07-15,22.5,82.5,30.1434
2025-07-15,22.5,83.5,29.136213
2025-07-15,22.5,84.5,29.270384
2025-07-15,23.5,80.5,31.273422
2025-07-15,23.5,81.5,30.830404
2025-07-15,23.5,82.5,30.693481
2025-07-15,23.5,83.5,29.45055
2025-07-15,23.5,84.5,29.5799
2025-07-15,24.5,80.5,32.809742
2025-07-15,24.5,81.5,33.153774
2025-07-15,24.5,82.5,31.354353
2025-07-15,24.5,83.5,31.00267
2025-07-15,24.5,84.5,30.504826
2025-07-16,18.0,80.5,34.272926
2025-07-16,18.0,81.5,33.752213
2025-07-16,18.0,82.5,33.07843
2025-07-16,18.0,83.5,32.80473
2025-07-16,18.0,84.5,
2025-07-16,18.5,80.5,33.01982
2025-07-16,18.5,81.5,32.778324
2025-07-16,18.5,82.5,32.175945
2025-07-16,18.5,83.5,32.19801
2025-07-16,18.5,84.5,32.919643
2025-07-16,19.5,80.5,31.647799
2025-07-16,19.5,81.5,31.557747
2025-07-16,19.5,82.5,31.993723
2025-07-16,19.5,83.5,32.60667
2025-07-16,19.5,84.5,32.34085
2025-07-16,20.5,80.5,31.76267
2025-07-16,20.5,81.5,30.030325
2025-07-16,20.5,82.5,30.869827
2025-07-16,20.5,83.5,31.047085
2025-07-16,20.5,84.5,32.04204
2025-07-16,21.5,80.5,30.658617
2025-07-16,21.5,81.5,30.188608
2025-07-16,21.5,82.5,29.35025
2025-07-16,21.5,83.5,29.716284
2025-07-16,21.5,84.5,31.622936
2025-07-16,22.5,80.5,29.657448
2025-07-16,22.5,81.5,29.925907
2025-07-16,22.5,82.5,29.01164
2025-07-16,22.5,83.5,29.149004
2025-07-16,22.5,84.5,30.091091
2025-07-16,23.5,80.5,30.032747
2025-07-16,23.5,81.5,28.738867
2025-07-16,23.5,82.5,28.84442
2025-07-16,23.5,83.5,28.492437
2025-07-16,23.5,84.5,30.498777
2025-07-16,24.5,80.5,31.350624
2025-07-16,24.5,81.5,31.145565
2025-07-16,24.5,82.5,29.77326
2025-07-16,24.5,83.5,29.325075
2025-07-16,24.5,84.5,29.827517
2025-07-17,18.0,80.5,34.30152
2025-07-17,18.0,81.5,33.615
2025-07-17,18.0,82.5,33.300365
2025-07-17,18.0,83.5,32.9012
2025-07-17,18.0,84.5,
2025-07-17,18.5,80.5,32.919407
2025-07-17,18.5,81.5,32.640404
2025-07-17,18.5,82.5,32.12002
2025-07-17,18.5,83.5,32.465477
2025-07-17,18.5,84.5,33.147312
2025-07-17,19.5,80.5,30.46804
2025-07-17,19.5,81.5,31.26066
2025-07-17,19.5,82.5,31.50465
2025-07-17,19.5,83.5,32.82861
2025-07-17,19.5,84.5,32.72595
2025-07-17,20.5,80.5,30.66754
2025-07-17,20.5,81.5,29.475142
2025-07-17,20.5,82.5,32.006344
2025-07-17,20.5,83.5,32.45225
2025-07-17,20.5,84.5,32.7492
2025-07-17,21.5,80.5,29.21556
2025-07-17,21.5,81.5,29.944025
2025-07-17,21.5,82.5,30.161259
2025-07-17,21.5,83.5,31.724108
2025-07-17,21.5,84.5,32.757446
2025-07-17,22.5,80.5,28.30472
2025-07-17,22.5,81.5,29.266668
2025-07-17,22.5,82.5,29.696398
2025-07-17,22.5,83.5,31.099924
2025-07-17,22.5,84.5,32.36751
2025-07-17,23.5,80.5,27.961615
2025-07-17,23.5,81.5,27.977266
2025-07-17,23.5,82.5,29.33761
2025-07-17,23.5,83.5,30.30597
2025-07-17,23.5,84.5,33.32318
2025-07-17,24.5,80.5,29.257032
2025-07-17,24.5,81.5,30.13715
2025-07-17,24.5,82.5,30.713879
2025-07-17,24.5,83.5,32.181202
2025-07-17,24.5,84.5,34.17058
2025-07-18,18.0,80.5,32.52505
2025-07-18,18.0,81.5,32.41061
2025-07-18,18.0,82.5,32.614826
2025-07-18,18.0,83.5,32.399544
2025-07-18,18.0,84.5,
2025-07-18,18.5,80.5,32.228077
2025-07-18,18.5,81.5,32.437386
2025-07-18,18.5,82.5,31.961538
2025-07-18,18.5,83.5,32.10794
2025-07-18,18.5,84.5,33.542953
2025-07-18,19.5,80.5,31.243065
2025-07-18,19.5,81.5,31.364069
2025-07-18,19.5,82.5,31.661825
2025-07-18,19.5,83.5,32.96693
2025-07-18,19.5,84.5,33.197834
2025-07-18,20.5,80.5,31.50835
2025-07-18,20.5,81.5,30.054285
2025-07-18,20.5,82.5,32.229973
2025-07-18,20.5,83.5,33.01921
2025-07-18,20.5,84.5,33.300526
2025-07-18,21.5,80.5,30.430204
2025-07-18,21.5,81.5,31.206459
2025-07-18,21.5,82.5,31.70991
2025-07-18,21.5,83.5,32.437878
2025-07-18,21.5,84.5,33.18925
2025-07-18,22.5,80.5,30.139654
2025-07-18,22.5,81.5,31.098257
2025-07-18,22.5,82.5,31.834143
2025-07-18,22.5,83.5,32.279316
2025-07-18,22.5,84.5,32.97173
2025-07-18,23.5,80.5,30.677923
2025-07-18,23.5,81.5,31.267544
2025-07-18,23.5,82.5,32.427063
2025-07-18,23.5,83.5,32.756668
2025-07-18,23.5,84.5,34.221096
2025-07-18,24.5,80.5,31.946268
2025-07-18,24.5,81.5,33.461334
2025-07-18,24.5,82.5,34.394756
2025-07-18,24.5,83.5,34.81106
2025-07-18,24.5,84.5,35.088078
2025-07-19,18.0,80.5,34.537903
2025-07-19,18.0,81.5,34.401115
2025-07-19,18.0,82.5,33.817986
2025-07-19,18.0,83.5,33.073475
2025-07-19,18.0,84.5,
2025-07-19,18.5,80.5,33.94364
2025-07-19,18.5,81.5,33.64555
2025-07-19,18.5,82.5,32.885113
2025-07-19,18.5,83.5,32.586647
2025-07-19,18.5,84.5,33.89936
2025-07-19,19.5,80.5,33.101807
2025-07-19,19.5,81.5,32.689396
2025-07-19,19.5,82.5,32.630398
2025-07-19,19.5,83.5,33.52026
2025-07-19,19.5,84.5,33.822113
2025-07-19,20.5,80.5,33.310608
2025-07-19,20.5,81.5,31.908802
2025-07-19,20.5,82.5,32.970634
2025-07-19,20.5,83.5,33.430157
2025-07-19,20.5,84.5,34.05512
2025-07-19,21.5,80.5,32.9279
2025-07-19,21.5,81.5,32.48739
2025-07-19,21.5,82.5,32.587135
2025-07-19,21.5,83.5,32.49355
2025-07-19,21.5,84.5,33.601055
2025-07-19,22.5,80.5,32.371017
2025-07-19,22.5,81.5,32.404587
2025-07-19,22.5,82.5,32.11704
2025-07-19,22.5,83.5,32.404682
2025-07-19,22.5,84.5,33.353336
2025-07-19,23.5,80.5,32.581642
2025-07-19,23.5,81.5,32.509197
2025-07-19,23.5,82.5,32.80858
2025-07-19,23.5,83.5,32.62174
2025-07-19,23.5,84.5,34.71116
2025-07-19,24.5,80.5,33.477093
2025-07-19,24.5,81.5,34.201942
2025-07-19,24.5,82.5,34.75168
2025-07-19,24.5,83.5,34.936943
2025-07-19,24.5,84.5,35.54614
2025-07-20,18.0,80.5,33.057793
2025-07-20,18.0,81.5,32.41484
2025-07-20,18.0,82.5,32.14147
2025-07-20,18.0,83.5,31.6842
2025-07-20,18.0,84.5,
2025-07-20,18.5,80.5,31.949656
2025-07-20,18.5,81.5,31.567785
2025-07-20,18.5,82.5,31.152859
2025-07-20,18.5,83.5,31.264664
2025-07-20,18.5,84.5,32.650818
2025-07-20,19.5,80.5,30.92623
2025-07-20,19.5,81.5,30.23695
2025-07-20,19.5,82.5,30.4667
2025-07-20,19.5,83.5,31.993006
2025-07-20,19.5,84.5,32.50188
2025-07-20,20.5,80.5,31.22916
2025-07-20,20.5,81.5,29.750467
2025-07-20,20.5,82.5,30.998419
2025-07-20,20.5,83.5,31.710855
2025-07-20,20.5,84.5,32.58792
2025-07-20,21.5,80.5,31.708805
2025-07-20,21.5,81.5,30.71091
2025-07-20,21.5,82.5,31.016157
2025-07-20,21.5,83.5,31.451721
2025-07-20,21.5,84.5,32.59704
2025-07-20,22.5,80.5,31.84574
2025-07-20,22.5,81.5,31.253077
2025-07-20,22.5,82.5,30.930925
2025-07-20,22.5,83.5,30.629269
2025-07-20,22.5,84.5,31.37114
2025-07-20,23.5,80.5,32.569954
2025-07-20,23.5,81.5,32.046326
2025-07-20,23.5,82.5,32.05308
2025-07-20,23.5,83.5,31.496065
2025-07-20,23.5,84.5,32.62038
2025-07-20,24.5,80.5,33.85613
2025-07-20,24.5,81.5,34.247795
2025-07-20,24.5,82.5,33.30548
2025-07-20,24.5,83.5,33.031307
2025-07-20,24.5,84.5,33.136524
2025-07-21,18.0,80.5,30.589195
2025-07-21,18.0,81.5,29.8342
2025-07-21,18.0,82.5,30.4508
2025-07-21,18.0,83.5,30.801933
2025-07-21,18.0,84.5,
2025-07-21,18.5,80.5,30.811308
2025-07-21,18.5,81.5,30.586735
2025-07-21,18.5,82.5,29.947672
2025-07-21,18.5,83.5,30.746063
2025-07-21,18.5,84.5,32.348312
2025-07-21,19.5,80.5,31.67375
2025-07-21,19.5,81.5,29.971481
2025-07-21,19.5,82.5,30.477306
2025-07-21,19.5,83.5,32.06808
2025-07-21,19.5,84.5,32.38
2025-07-21,20.5,80.5,32.147007
2025-07-21,20.5,81.5,30.999542
2025-07-21,20.5,82.5,31.405296
2025-07-21,20.5,83.5,32.236702
2025-07-21,20.5,84.5,32.665638
2025-07-21,21.5,80.5,32.722282
2025-07-21,21.5,81.5,31.758787
2025-07-21,21.5,82.5,31.75813
2025-07-21,21.5,83.5,31.991762
2025-07-21,21.5,84.5,32.89902
2025-07-21,22.5,80.5,32.867382
2025-07-21,22.5,81.5,32.34255
2025-07-21,22.5,82.5,31.869267
2025-07-21,22.5,83.5,31.602335
2025-07-21,22.5,84.5,32.852303
2025-07-21,23.5,80.5,33.20257
2025-07-21,23.5,81.5,32.956394
2025-07-21,23.5,82.5,33.463886
2025-07-21,23.5,83.5,33.057327
2025-07-21,23.5,84.5,34.266483
2025-07-21,24.5,80.5,34.100574
2025-07-21,24.5,81.5,34.980885
2025-07-21,24.5,82.5,35.194035
2025-07-21,24.5,83.5,35.237858
2025-07-21,24.5,84.5,34.65961
2025-07-22,18.0,80.5,30.833437
2025-07-22,18.0,81.5,30.25169
2025-07-22,18.0,82.5,31.098621
2025-07-22,18.0,83.5,31.217657
2025-07-22,18.0,84.5,
2025-07-22,18.5,80.5,30.646967
2025-07-22,18.5,81.5,31.244967
2025-07-22,18.5,82.5,30.671507
2025-07-22,18.5,83.5,31.518076
2025-07-22,18.5,84.5,33.29355
2025-07-22,19.5,80.5,31.937809
2025-07-22,19.5,81.5,30.65927
2025-07-22,19.5,82.5,31.684841
2025-07-22,19.5,83.5,33.001907
2025-07-22,19.5,84.5,33.657173
2025-07-22,20.5,80.5,32.734566
2025-07-22,20.5,81.5,31.22244
2025-07-22,20.5,82.5,32.343483
2025-07-22,20.5,83.5,33.063587
2025-07-22,20.5,84.5,33.951916
2025-07-22,21.5,80.5,31.970955
2025-07-22,21.5,81.5,32.149395
2025-07-22,21.5,82.5,32.376175
2025-07-22,21.5,83.5,32.37078
2025-07-22,21.5,84.5,34.002506
2025-07-22,22.5,80.5,31.95557
2025-07-22,22.5,81.5,32.30074
2025-07-22,22.5,82.5,32.08421
2025-07-22,22.5,83.5,32.00744
2025-07-22,22.5,84.5,33.42475
2025-07-22,23.5,80.5,32.86861
2025-07-22,23.5,81.5,32.48279
2025-07-22,23.5,82.5,32.888836
2025-07-22,23.5,83.5,32.700405
2025-07-22,23.5,84.5,34.800606
2025-07-22,24.5,80.5,33.977295
2025-07-22,24.5,81.5,34.903778
2025-07-22,24.5,82.5,35.1695
2025-07-22,24.5,83.5,35.25025
2025-07-22,24.5,84.5,35.735134
2025-07-23,18.0,80.5,28.645592
2025-07-23,18.0,81.5,28.888529
2025-07-23,18.0,82.5,29.479937
2025-07-23,18.0,83.5,30.425995
2025-07-23,18.0,84.5,
2025-07-23,18.5,80.5,28.169357
2025-07-23,18.5,81.5,29.015192
2025-07-23,18.5,82.5,28.94503
2025-07-23,18.5,83.5,31.07989
2025-07-23,18.5,84.5,33.01574
2025-07-23,19.5,80.5,29.95655
2025-07-23,19.5,81.5,28.669565
2025-07-23,19.5,82.5,30.717121
2025-07-23,19.5,83.5,32.74084
2025-07-23,19.5,84.5,33.721325
2025-07-23,20.5,80.5,31.058998
2025-07-23,20.5,81.5,31.33744
2025-07-23,20.5,82.5,32.469727
2025-07-23,20.5,83.5,33.77024
2025-07-23,20.5,84.5,34.26116
2025-07-23,21.5,80.5,31.60641
2025-07-23,21.5,81.5,32.928097
2025-07-23,21.5,82.5,33.199467
2025-07-23,21.5,83.5,33.667244
2025-07-23,21.5,84.5,34.480377
2025-07-23,22.5,80.5,32.28282
2025-07-23,22.5,81.5,33.212822
2025-07-23,22.5,82.5,33.15391
2025-07-23,22.5,83.5,33.10995
2025-07-23,22.5,84.5,34.17532
2025-07-23,23.5,80.5,32.929413
2025-07-23,23.5,81.5,33.065556
2025-07-23,23.5,82.5,33.921696
2025-07-23,23.5,83.5,33.776123
2025-07-23,23.5,84.5,35.754158
2025-07-23,24.5,80.5,34.33684
2025-07-23,24.5,81.5,35.474873
2025-07-23,24.5,82.5,35.723297
2025-07-23,24.5,83.5,36.285652
2025-07-23,24.5,84.5,36.809437
2025-07-24,18.0,80.5,26.334698
2025-07-24,18.0,81.5,26.812805
2025-07-24,18.0,82.5,27.510626
2025-07-24,18.0,83.5,28.082458
2025-07-24,18.0,84.5,
2025-07-24,18.5,80.5,25.301601
2025-07-24,18.5,81.5,26.841928
2025-07-24,18.5,82.5,27.004637
2025-07-24,18.5,83.5,28.650545
2025-07-24,18.5,84.5,30.369055
2025-07-24,19.5,80.5,26.719282
2025-07-24,19.5,81.5,26.228376
2025-07-24,19.5,82.5,28.273914
2025-07-24,19.5,83.5,30.401058
2025-07-24,19.5,84.5,31.03164
2025-07-24,20.5,80.5,28.055878
2025-07-24,20.5,81.5,28.430391
2025-07-24,20.5,82.5,30.30237
2025-07-24,20.5,83.5,31.357351
2025-07-24,20.5,84.5,31.502466
2025-07-24,21.5,80.5,28.417282
2025-07-24,21.5,81.5,30.512518
2025-07-24,21.5,82.5,31.291664
2025-07-24,21.5,83.5,31.7255
2025-07-24,21.5,84.5,31.882315
2025-07-24,22.5,80.5,29.201035
2025-07-24,22.5,81.5,30.924335
2025-07-24,22.5,82.5,31.717518
2025-07-24,22.5,83.5,31.98206
2025-07-24,22.5,84.5,32.58791
2025-07-24,23.5,80.5,30.14512
2025-07-24,23.5,81.5,31.052011
2025-07-24,23.5,82.5,32.39913
2025-07-24,23.5,83.5,32.251026
2025-07-24,23.5,84.5,33.790768
2025-07-24,24.5,80.5,32.28093
2025-07-24,24.5,81.5,33.655582
2025-07-24,24.5,82.5,34.500637
2025-07-24,24.5,83.5,35.009327
2025-07-24,24.5,84.5,35.36477
2025-07-25,18.0,80.5,27.697224
2025-07-25,18.0,81.5,27.351768
2025-07-25,18.0,82.5,27.470047
2025-07-25,18.0,83.5,27.745724
2025-07-25,18.0,84.5,
2025-07-25,18.5,80.5,26.51682
2025-07-25,18.5,81.5,27.01003
2025-07-25,18.5,82.5,27.011866
2025-07-25,18.5,83.5,27.84225
2025-07-25,18.5,84.5,29.051746
2025-07-25,19.5,80.5,27.188896
2025-07-25,19.5,81.5,26.37997
2025-07-25,19.5,82.5,27.65935
2025-07-25,19.5,83.5,29.093987
2025-07-25,19.5,84.5,29.201654
2025-07-25,20.5,80.5,27.625778
2025-07-25,20.5,81.5,27.409351
2025-07-25,20.5,82.5,28.63004
2025-07-25,20.5,83.5,29.317907
2025-07-25,20.5,84.5,29.1916
2025-07-25,21.5,80.5,27.893957
2025-07-25,21.5,81.5,28.57188
2025-07-25,21.5,82.5,29.084183
2025-07-25,21.5,83.5,29.38426
2025-07-25,21.5,84.5,29.44089
2025-07-25,22.5,80.5,27.920153
2025-07-25,22.5,81.5,28.71892
2025-07-25,22.5,82.5,29.00129
2025-07-25,22.5,83.5,28.802647
2025-07-25,22.5,84.5,29.445877
2025-07-25,23.5,80.5,29.204784
2025-07-25,23.5,81.5,29.61912
2025-07-25,23.5,82.5,30.330713
2025-07-25,23.5,83.5,29.675417
2025-07-25,23.5,84.5,30.461714
2025-07-25,24.5,80.5,31.681257
2025-07-25,24.5,81.5,32.448463
2025-07-25,24.5,82.5,31.647861
2025-07-25,24.5,83.5,31.970516
2025-07-25,24.5,84.5,31.960754
2025-07-26,18.0,80.5,27.547512
2025-07-26,18.0,81.5,27.99985
2025-07-26,18.0,82.5,27.859755
2025-07-26,18.0,83.5,27.905472
2025-07-26,18.0,84.5,
2025-07-26,18.5,80.5,26.221622
2025-07-26,18.5,81.5,27.186203
2025-07-26,18.5,82.5,26.924726
2025-07-26,18.5,83.5,27.967316
2025-07-26,18.5,84.5,29.574266
2025-07-26,19.5,80.5,26.494976
2025-07-26,19.5,81.5,26.316038
2025-07-26,19.5,82.5,26.732897
2025-07-26,19.5,83.5,28.683666
2025-07-26,19.5,84.5,29.409904
2025-07-26,20.5,80.5,27.500088
2025-07-26,20.5,81.5,26.449387
2025-07-26,20.5,82.5,27.978676
2025-07-26,20.5,83.5,28.878933
2025-07-26,20.5,84.5,29.491564
2025-07-26,21.5,80.5,27.72244
2025-07-26,21.5,81.5,28.25086
2025-07-26,21.5,82.5,28.344044
2025-07-26,21.5,83.5,28.636969
2025-07-26,21.5,84.5,29.541948
2025-07-26,22.5,80.5,27.80658
2025-07-26,22.5,81.5,28.090332
2025-07-26,22.5,82.5,28.178255
2025-07-26,22.5,83.5,28.421358
2025-07-26,22.5,84.5,29.48343
2025-07-26,23.5,80.5,28.390917
2025-07-26,23.5,81.5,27.88174
2025-07-26,23.5,82.5,28.61442
2025-07-26,23.5,83.5,28.411581
2025-07-26,23.5,84.5,30.321598
2025-07-26,24.5,80.5,30.021431
2025-07-26,24.5,81.5,30.347647
2025-07-26,24.5,82.5,30.250805
2025-07-26,24.5,83.5,30.898535
2025-07-26,24.5,84.5,32.25789
2025-07-27,18.0,80.5,31.850674
2025-07-27,18.0,81.5,31.86021
2025-07-27,18.0,82.5,31.361172
2025-07-27,18.0,83.5,31.154665
2025-07-27,18.0,84.5,
2025-07-27,18.5,80.5,30.60754
2025-07-27,18.5,81.5,30.963985
2025-07-27,18.5,82.5,30.65983
2025-07-27,18.5,83.5,30.794643
2025-07-27,18.5,84.5,32.08264
2025-07-27,19.5,80.5,29.465744
2025-07-27,19.5,81.5,29.752218
2025-07-27,19.5,82.5,29.621504
2025-07-27,19.5,83.5,31.14184
2025-07-27,19.5,84.5,31.604584
2025-07-27,20.5,80.5,29.699886
2025-07-27,20.5,81.5,27.892536
2025-07-27,20.5,82.5,29.837164
2025-07-27,20.5,83.5,30.570599
2025-07-27,20.5,84.5,31.435299
2025-07-27,21.5,80.5,28.82808
2025-07-27,21.5,81.5,28.670595
2025-07-27,21.5,82.5,29.121107
2025-07-27,21.5,83.5,29.855417
2025-07-27,21.5,84.5,30.700527
2025-07-27,22.5,80.5,28.160141
2025-07-27,22.5,81.5,28.463623
2025-07-27,22.5,82.5,28.908613
2025-07-27,22.5,83.5,28.966549
2025-07-27,22.5,84.5,29.460629
2025-07-27,23.5,80.5,28.998484
2025-07-27,23.5,81.5,28.922253
2025-07-27,23.5,82.5,29.582747
2025-07-27,23.5,83.5,29.46312
2025-07-27,23.5,84.5,30.838808
2025-07-27,24.5,80.5,30.779377
2025-07-27,24.5,81.5,31.196072
2025-07-27,24.5,82.5,31.771866
2025-07-27,24.5,83.5,32.08537
2025-07-27,24.5,84.5,32.825565
2025-07-28,18.0,80.5,31.974836
2025-07-28,18.0,81.5,32.28489
2025-07-28,18.0,82.5,31.769077
2025-07-28,18.0,83.5,31.64896
2025-07-28,18.0,84.5,
2025-07-28,18.5,80.5,30.93131
2025-07-28,18.5,81.5,31.262403
2025-07-28,18.5,82.5,31.353
2025-07-28,18.5,83.5,31.359646
2025-07-28,18.5,84.5,32.410576
2025-07-28,19.5,80.5,29.455
2025-07-28,19.5,81.5,30.52592
2025-07-28,19.5,82.5,30.724554
2025-07-28,19.5,83.5,31.92146
2025-07-28,19.5,84.5,32.13
2025-07-28,20.5,80.5,28.983404
2025-07-28,20.5,81.5,28.29451
2025-07-28,20.5,82.5,31.20089
2025-07-28,20.5,83.5,31.404348
2025-07-28,20.5,84.5,31.891724
2025-07-28,21.5,80.5,27.675346
2025-07-28,21.5,81.5,28.711542
2025-07-28,21.5,82.5,29.530556
2025-07-28,21.5,83.5,30.581316
2025-07-28,21.5,84.5,31.003433
2025-07-28,22.5,80.5,26.996141
2025-07-28,22.5,81.5,28.370462
2025-07-28,22.5,82.5,28.907436
2025-07-28,22.5,83.5,29.25802
2025-07-28,22.5,84.5,29.778074
2025-07-28,23.5,80.5,27.999144
2025-07-28,23.5,81.5,28.234858
2025-07-28,23.5,82.5,29.238274
2025-07-28,23.5,83.5,29.444746
2025-07-28,23.5,84.5,30.150526
2025-07-28,24.5,80.5,29.425472
2025-07-28,24.5,81.5,30.243416
2025-07-28,24.5,82.5,30.227732
2025-07-28,24.5,83.5,30.514538
2025-07-28,24.5,84.5,31.151678
2025-07-29,18.0,80.5,31.082996
2025-07-29,18.0,81.5,30.978909
2025-07-29,18.0,82.5,30.264524
2025-07-29,18.0,83.5,29.32023
2025-07-29,18.0,84.5,
2025-07-29,18.5,80.5,29.652542
2025-07-29,18.5,81.5,29.271002
2025-07-29,18.5,82.5,28.909977
2025-07-29,18.5,83.5,28.587988
2025-07-29,18.5,84.5,29.513617
2025-07-29,19.5,80.5,26.656012
2025-07-29,19.5,81.5,27.707327
2025-07-29,19.5,82.5,26.823956
2025-07-29,19.5,83.5,28.438925
2025-07-29,19.5,84.5,28.62012
2025-07-29,20.5,80.5,26.503515
2025-07-29,20.5,81.5,24.302881
2025-07-29,20.5,82.5,26.96747
2025-07-29,20.5,83.5,27.370481
2025-07-29,20.5,84.5,28.360495
2025-07-29,21.5,80.5,26.497736
2025-07-29,21.5,81.5,25.911339
2025-07-29,21.5,82.5,26.499842
2025-07-29,21.5,83.5,27.047056
2025-07-29,21.5,84.5,28.373703
2025-07-29,22.5,80.5,27.34432
2025-07-29,22.5,81.5,26.426311
2025-07-29,22.5,82.5,27.088575
2025-07-29,22.5,83.5,27.16694
2025-07-29,22.5,84.5,28.067526
2025-07-29,23.5,80.5,29.087275
2025-07-29,23.5,81.5,29.29025
2025-07-29,23.5,82.5,28.875793
2025-07-29,23.5,83.5,28.714869
2025-07-29,23.5,84.5,29.894115
2025-07-29,24.5,80.5,31.043762
2025-07-29,24.5,81.5,31.644104
2025-07-29,24.5,82.5,31.758406
2025-07-29,24.5,83.5,31.630884
2025-07-29,24.5,84.5,31.861166
2025-07-30,18.0,80.5,30.889431
2025-07-30,18.0,81.5,31.22535
2025-07-30,18.0,82.5,31.04035
2025-07-30,18.0,83.5,30.496126
2025-07-30,18.0,84.5,
2025-07-30,18.5,80.5,29.400589
2025-07-30,18.5,81.5,29.533943
2025-07-30,18.5,82.5,29.577171
2025-07-30,18.5,83.5,30.000093
2025-07-30,18.5,84.5,30.478142
2025-07-30,19.5,80.5,27.84988
2025-07-30,19.5,81.5,28.531145
2025-07-30,19.5,82.5,28.727114
2025-07-30,19.5,83.5,30.26422
2025-07-30,19.5,84.5,30.012804
2025-07-30,20.5,80.5,27.95883
2025-07-30,20.5,81.5,26.799763
2025-07-30,20.5,82.5,29.250479
2025-07-30,20.5,83.5,29.678814
2025-07-30,20.5,84.5,29.512743
2025-07-30,21.5,80.5,27.700617
2025-07-30,21.5,81.5,27.99779
2025-07-30,21.5,82.5,28.127993
2025-07-30,21.5,83.5,29.452572
2025-07-30,21.5,84.5,29.936872
2025-07-30,22.5,80.5,27.48901
2025-07-30,22.5,81.5,28.078045
2025-07-30,22.5,82.5,28.303305
2025-07-30,22.5,83.5,29.083956
2025-07-30,22.5,84.5,30.04645
2025-07-30,23.5,80.5,28.176315
2025-07-30,23.5,81.5,28.822449
2025-07-30,23.5,82.5,29.506989
2025-07-30,23.5,83.5,30.250078
2025-07-30,23.5,84.5,31.297213
2025-07-30,24.5,80.5,29.327467
2025-07-30,24.5,81.5,30.75889
2025-07-30,24.5,82.5,32.387222
2025-07-30,24.5,83.5,32.862892
2025-07-30,24.5,84.5,31.98426
2025-07-31,18.0,80.5,32.775417
2025-07-31,18.0,81.5,32.852993
2025-07-31,18.0,82.5,32.726547
2025-07-31,18.0,83.5,32.378853
2025-07-31,18.0,84.5,
2025-07-31,18.5,80.5,31.844227
2025-07-31,18.5,81.5,32.07554
2025-07-31,18.5,82.5,32.220562
2025-07-31,18.5,83.5,32.222843
2025-07-31,18.5,84.5,33.16647
2025-07-31,19.5,80.5,31.47325
2025-07-31,19.5,81.5,31.792643
2025-07-31,19.5,82.5,31.837044
2025-07-31,19.5,83.5,32.88021
2025-07-31,19.5,84.5,33.088013
2025-07-31,20.5,80.5,31.098242
2025-07-31,20.5,81.5,29.895134
2025-07-31,20.5,82.5,31.49974
2025-07-31,20.5,83.5,31.879786
2025-07-31,20.5,84.5,32.844563
2025-07-31,21.5,80.5,29.475374
2025-07-31,21.5,81.5,29.752846
2025-07-31,21.5,82.5,29.916386
2025-07-31,21.5,83.5,30.940989
2025-07-31,21.5,84.5,31.665895
2025-07-31,22.5,80.5,28.177122
2025-07-31,22.5,81.5,28.849236
2025-07-31,22.5,82.5,28.578938
2025-07-31,22.5,83.5,29.567535
2025-07-31,22.5,84.5,31.025808
2025-07-31,23.5,80.5,27.989399
2025-07-31,23.5,81.5,28.140192
2025-07-31,23.5,82.5,28.747934
2025-07-31,23.5,83.5,29.344772
2025-07-31,23.5,84.5,30.855238
2025-07-31,24.5,80.5,28.722242
2025-07-31,24.5,81.5,29.805843
2025-07-31,24.5,82.5,30.857029
2025-07-31,24.5,83.5,31.80596
2025-07-31,24.5,84.5,31.480743
2025-08-01,18.0,80.5,33.641006
2025-08-01,18.0,81.5,33.7018
2025-08-01,18.0,82.5,33.68375
2025-08-01,18.0,83.5,33.512722
2025-08-01,18.0,84.5,
2025-08-01,18.5,80.5,32.679996
2025-08-01,18.5,81.5,32.919785
2025-08-01,18.5,82.5,32.885582
2025-08-01,18.5,83.5,33.28317
2025-08-01,18.5,84.5,34.29161
2025-08-01,19.5,80.5,32.016983
2025-08-01,19.5,81.5,32.49555
2025-08-01,19.5,82.5,32.435688
2025-08-01,19.5,83.5,33.66132
2025-08-01,19.5,84.5,33.938377
2025-08-01,20.5,80.5,32.076653
2025-08-01,20.5,81.5,31.278696
2025-08-01,20.5,82.5,32.803627
2025-08-01,20.5,83.5,33.245434
2025-08-01,20.5,84.5,33.81342
2025-08-01,21.5,80.5,30.672588
2025-08-01,21.5,81.5,31.555216
2025-08-01,21.5,82.5,31.689545
2025-08-01,21.5,83.5,32.45801
2025-08-01,21.5,84.5,32.813534
2025-08-01,22.5,80.5,29.798471
2025-08-01,22.5,81.5,30.955608
2025-08-01,22.5,82.5,30.766556
2025-08-01,22.5,83.5,30.983116
2025-08-01,22.5,84.5,32.189903
2025-08-01,23.5,80.5,30.084932
2025-08-01,23.5,81.5,29.8672
2025-08-01,23.5,82.5,30.878471
2025-08-01,23.5,83.5,30.995245
2025-08-01,23.5,84.5,32.61925
2025-08-01,24.5,80.5,30.790506
2025-08-01,24.5,81.5,31.318153
2025-08-01,24.5,82.5,32.017776
2025-08-01,24.5,83.5,32.853092
2025-08-01,24.5,84.5,33.79727
2025-08-02,18.0,80.5,34.29781
2025-08-02,18.0,81.5,34.188255
2025-08-02,18.0,82.5,34.1763
2025-08-02,18.0,83.5,33.896004
2025-08-02,18.0,84.5,
2025-08-02,18.5,80.5,33.25226
2025-08-02,18.5,81.5,33.530766
2025-08-02,18.5,82.5,33.48322
2025-08-02,18.5,83.5,33.590416
2025-08-02,18.5,84.5,34.176678
2025-08-02,19.5,80.5,32.81385
2025-08-02,19.5,81.5,33.001
2025-08-02,19.5,82.5,32.374966
2025-08-02,19.5,83.5,33.63261
2025-08-02,19.5,84.5,33.74636
2025-08-02,20.5,80.5,32.313446
2025-08-02,20.5,81.5,31.051983
2025-08-02,20.5,82.5,32.338406
2025-08-02,20.5,83.5,32.838737
2025-08-02,20.5,84.5,33.574753
2025-08-02,21.5,80.5,31.234293
2025-08-02,21.5,81.5,30.929943
2025-08-02,21.5,82.5,30.81906
2025-08-02,21.5,83.5,31.83013
2025-08-02,21.5,84.5,32.424934
2025-08-02,22.5,80.5,29.636955
2025-08-02,22.5,81.5,29.78501
2025-08-02,22.5,82.5,29.64051
2025-08-02,22.5,83.5,29.717573
2025-08-02,22.5,84.5,31.227303
2025-08-02,23.5,80.5,29.345572
2025-08-02,23.5,81.5,28.814703
2025-08-02,23.5,82.5,29.154919
2025-08-02,23.5,83.5,29.11287
2025-08-02,23.5,84.5,31.172846
2025-08-02,24.5,80.5,30.15802
2025-08-02,24.5,81.5,30.425888
2025-08-02,24.5,82.5,30.267424
2025-08-02,24.5,83.5,31.048977
2025-08-02,24.5,84.5,31.88837
2025-08-03,18.0,80.5,34.668583
2025-08-03,18.0,81.5,34.440834
2025-08-03,18.0,82.5,34.1334
2025-08-03,18.0,83.5,33.507835
2025-08-03,18.0,84.5,
2025-08-03,18.5,80.5,33.222065
2025-08-03,18.5,81.5,33.651775
2025-08-03,18.5,82.5,33.65433
2025-08-03,18.5,83.5,33.07278
2025-08-03,18.5,84.5,34.26005
2025-08-03,19.5,80.5,32.813957
2025-08-03,19.5,81.5,33.144505
2025-08-03,19.5,82.5,33.171356
2025-08-03,19.5,83.5,33.686348
2025-08-03,19.5,84.5,33.546165
2025-08-03,20.5,80.5,32.825573
2025-08-03,20.5,81.5,32.22919
2025-08-03,20.5,82.5,32.822346
2025-08-03,20.5,83.5,32.714325
2025-08-03,20.5,84.5,33.253513
2025-08-03,21.5,80.5,31.699532
2025-08-03,21.5,81.5,31.684135
2025-08-03,21.5,82.5,31.438005
2025-08-03,21.5,83.5,31.47574
2025-08-03,21.5,84.5,32.00092
2025-08-03,22.5,80.5,29.988863
2025-08-03,22.5,81.5,30.735243
2025-08-03,22.5,82.5,29.902533
2025-08-03,22.5,83.5,30.02083
2025-08-03,22.5,84.5,30.779308
2025-08-03,23.5,80.5,29.204369
2025-08-03,23.5,81.5,28.3934
2025-08-03,23.5,82.5,29.27285
2025-08-03,23.5,83.5,29.193775
2025-08-03,23.5,84.5,30.94065
2025-08-03,24.5,80.5,29.559608
2025-08-03,24.5,81.5,29.458527
2025-08-03,24.5,82.5,29.087711
2025-08-03,24.5,83.5,29.42155
2025-08-03,24.5,84.5,30.59373
2025-08-04,18.0,80.5,34.215916
2025-08-04,18.0,81.5,33.86078
2025-08-04,18.0,82.5,33.68768
2025-08-04,18.0,83.5,33.152035
2025-08-04,18.0,84.5,
2025-08-04,18.5,80.5,33.39185
2025-08-04,18.5,81.5,33.328205
2025-08-04,18.5,82.5,33.15893
2025-08-04,18.5,83.5,32.68626
2025-08-04,18.5,84.5,33.6734
2025-08-04,19.5,80.5,33.41964
2025-08-04,19.5,81.5,32.7359
2025-08-04,19.5,82.5,32.6516
2025-08-04,19.5,83.5,33.222878
2025-08-04,19.5,84.5,33.310844
2025-08-04,20.5,80.5,33.404705
2025-08-04,20.5,81.5,32.947647
2025-08-04,20.5,82.5,33.320755
2025-08-04,20.5,83.5,33.395573
2025-08-04,20.5,84.5,33.23033
2025-08-04,21.5,80.5,33.211224
2025-08-04,21.5,81.5,33.070107
2025-08-04,21.5,82.5,32.911484
2025-08-04,21.5,83.5,32.435955
2025-08-04,21.5,84.5,32.553555
2025-08-04,22.5,80.5,31.548515
2025-08-04,22.5,81.5,32.281567
2025-08-04,22.5,82.5,31.53687
2025-08-04,22.5,83.5,31.669813
2025-08-04,22.5,84.5,31.933973
2025-08-04,23.5,80.5,30.558546
2025-08-04,23.5,81.5,29.394793
2025-08-04,23.5,82.5,30.239508
2025-08-04,23.5,83.5,30.443203
2025-08-04,23.5,84.5,31.569729
2025-08-04,24.5,80.5,29.160164
2025-08-04,24.5,81.5,29.813591
2025-08-04,24.5,82.5,29.937325
2025-08-04,24.5,83.5,30.120768
2025-08-04,24.5,84.5,31.41171
2025-08-05,18.0,80.5,33.73138
2025-08-05,18.0,81.5,33.398724
2025-08-05,18.0,82.5,33.39909
2025-08-05,18.0,83.5,33.443535
2025-08-05,18.0,84.5,
2025-08-05,18.5,80.5,32.817856
2025-08-05,18.5,81.5,33.2128
2025-08-05,18.5,82.5,32.912106
2025-08-05,18.5,83.5,33.29632
2025-08-05,18.5,84.5,34.599922
2025-08-05,19.5,80.5,33.333813
2025-08-05,19.5,81.5,32.41738
2025-08-05,19.5,82.5,33.36806
2025-08-05,19.5,83.5,34.260746
2025-08-05,19.5,84.5,34.61635
2025-08-05,20.5,80.5,33.841248
2025-08-05,20.5,81.5,33.38439
2025-08-05,20.5,82.5,33.710674
2025-08-05,20.5,83.5,34.319813
2025-08-05,20.5,84.5,34.82055
2025-08-05,21.5,80.5,33.897293
2025-08-05,21.5,81.5,33.733963
2025-08-05,21.5,82.5,33.835354
2025-08-05,21.5,83.5,33.432247
2025-08-05,21.5,84.5,34.03327
2025-08-05,22.5,80.5,33.000366
2025-08-05,22.5,81.5,33.283714
2025-08-05,22.5,82.5,32.633877
2025-08-05,22.5,83.5,32.582947
2025-08-05,22.5,84.5,32.87216
2025-08-05,23.5,80.5,32.92663
2025-08-05,23.5,81.5,32.472183
2025-08-05,23.5,82.5,32.488117
2025-08-05,23.5,83.5,32.24538
2025-08-05,23.5,84.5,33.49149
2025-08-05,24.5,80.5,32.46831
2025-08-05,24.5,81.5,33.359573
2025-08-05,24.5,82.5,33.07458
2025-08-05,24.5,83.5,32.84213
2025-08-05,24.5,84.5,33.63923
2025-08-06,18.0,80.5,33.494606
2025-08-06,18.0,81.5,33.013245
2025-08-06,18.0,82.5,33.1796
2025-08-06,18.0,83.5,33.161686
2025-08-06,18.0,84.5,
2025-08-06,18.5,80.5,32.418655
2025-08-06,18.5,81.5,32.907604
2025-08-06,18.5,82.5,32.367992
2025-08-06,18.5,83.5,32.67425
2025-08-06,18.5,84.5,33.73258
2025-08-06,19.5,80.5,33.226692
2025-08-06,19.5,81.5,32.31276
2025-08-06,19.5,82.5,32.78117
2025-08-06,19.5,83.5,33.57055
2025-08-06,19.5,84.5,33.618034
2025-08-06,20.5,80.5,34.143738
2025-08-06,20.5,81.5,33.033566
2025-08-06,20.5,82.5,33.48817
2025-08-06,20.5,83.5,33.73421
2025-08-06,20.5,84.5,33.31949
2025-08-06,21.5,80.5,33.685535
2025-08-06,21.5,81.5,33.80581
2025-08-06,21.5,82.5,33.82693
2025-08-06,21.5,83.5,33.19857
2025-08-06,21.5,84.5,33.165344
2025-08-06,22.5,80.5,33.107265
2025-08-06,22.5,81.5,33.58665
2025-08-06,22.5,82.5,33.06623
2025-08-06,22.5,83.5,32.749542
2025-08-06,22.5,84.5,32.90273
2025-08-06,23.5,80.5,33.116814
2025-08-06,23.5,81.5,32.80509
2025-08-06,23.5,82.5,33.027294
2025-08-06,23.5,83.5,32.411415
2025-08-06,23.5,84.5,32.810364
2025-08-06,24.5,80.5,33.752106
2025-08-06,24.5,81.5,34.336277
2025-08-06,24.5,82.5,33.505733
2025-08-06,24.5,83.5,33.197277
2025-08-06,24.5,84.5,32.6911
2025-08-07,18.0,80.5,32.619186
2025-08-07,18.0,81.5,32.42409
2025-08-07,18.0,82.5,32.848553
2025-08-07,18.0,83.5,33.232185
2025-08-07,18.0,84.5,
2025-08-07,18.5,80.5,31.334602
2025-08-07,18.5,81.5,32.066666
2025-08-07,18.5,82.5,31.99858
2025-08-07,18.5,83.5,32.873352
2025-08-07,18.5,84.5,34.031563
2025-08-07,19.5,80.5,31.821724
2025-08-07,19.5,81.5,31.185913
2025-08-07,19.5,82.5,32.35497
2025-08-07,19.5,83.5,33.629875
2025-08-07,19.5,84.5,33.85154
2025-08-07,20.5,80.5,32.98619
2025-08-07,20.5,81.5,32.715996
2025-08-07,20.5,82.5,33.61024
2025-08-07,20.5,83.5,34.037613
2025-08-07,20.5,84.5,33.512535
2025-08-07,21.5,80.5,33.39148
2025-08-07,21.5,81.5,33.88616
2025-08-07,21.5,82.5,34.06046
2025-08-07,21.5,83.5,33.317867
2025-08-07,21.5,84.5,32.924515
2025-08-07,22.5,80.5,32.945847
2025-08-07,22.5,81.5,33.48829
2025-08-07,22.5,82.5,33.21355
2025-08-07,22.5,83.5,32.75803
2025-08-07,22.5,84.5,32.730396
2025-08-07,23.5,80.5,33.386395
2025-08-07,23.5,81.5,33.00445
2025-08-07,23.5,82.5,33.63949
2025-08-07,23.5,83.5,32.666843
2025-08-07,23.5,84.5,32.504776
2025-08-07,24.5,80.5,34.68276
2025-08-07,24.5,81.5,35.063526
2025-08-07,24.5,82.5,34.21282
2025-08-07,24.5,83.5,33.944313
2025-08-07,24.5,84.5,32.918648
2025-08-08,18.0,80.5,30.412521
2025-08-08,18.0,81.5,30.771084
2025-08-08,18.0,82.5,30.219301
2025-08-08,18.0,83.5,29.996246
2025-08-08,18.0,84.5,
2025-08-08,18.5,80.5,29.120127
2025-08-08,18.5,81.5,29.844107
2025-08-08,18.5,82.5,29.74487
2025-08-08,18.5,83.5,29.397387
2025-08-08,18.5,84.5,30.475662
2025-08-08,19.5,80.5,28.264128
2025-08-08,19.5,81.5,28.521925
2025-08-08,19.5,82.5,28.916746
2025-08-08,19.5,83.5,29.758701
2025-08-08,19.5,84.5,29.626677
2025-08-08,20.5,80.5,28.857191
2025-08-08,20.5,81.5,28.20161
2025-08-08,20.5,82.5,29.513311
2025-08-08,20.5,83.5,29.477942
2025-08-08,20.5,84.5,29.271235
2025-08-08,21.5,80.5,29.813707
2025-08-08,21.5,81.5,28.950813
2025-08-08,21.5,82.5,29.519106
2025-08-08,21.5,83.5,28.572498
2025-08-08,21.5,84.5,28.25238
2025-08-08,22.5,80.5,29.689022
2025-08-08,22.5,81.5,28.628937
2025-08-08,22.5,82.5,28.561993
2025-08-08,22.5,83.5,28.314573
2025-08-08,22.5,84.5,29.01725
2025-08-08,23.5,80.5,29.616575
2025-08-08,23.5,81.5,28.776556
2025-08-08,23.5,82.5,29.180803
2025-08-08,23.5,83.5,28.413671
2025-08-08,23.5,84.5,29.229683
2025-08-08,24.5,80.5,29.862812
2025-08-08,24.5,81.5,30.305054
2025-08-08,24.5,82.5,30.146475
2025-08-08,24.5,83.5,30.289446
2025-08-08,24.5,84.5,30.520853
2025-08-09,18.0,80.5,31.365343
2025-08-09,18.0,81.5,31.838171
2025-08-09,18.0,82.5,32.166744
2025-08-09,18.0,83.5,32.363525
2025-08-09,18.0,84.5,
2025-08-09,18.5,80.5,30.481869
2025-08-09,18.5,81.5,31.250221
2025-08-09,18.5,82.5,31.568037
2025-08-09,18.5,83.5,32.083416
2025-08-09,18.5,84.5,33.490112
2025-08-09,19.5,80.5,30.29356
2025-08-09,19.5,81.5,30.224253
2025-08-09,19.5,82.5,31.60746
2025-08-09,19.5,83.5,32.84582
2025-08-09,19.5,84.5,33.241604
2025-08-09,20.5,80.5,30.793726
2025-08-09,20.5,81.5,30.875761
2025-08-09,20.5,82.5,32.23237
2025-08-09,20.5,83.5,32.695827
2025-08-09,20.5,84.5,33.161694
2025-08-09,21.5,80.5,30.588129
2025-08-09,21.5,81.5,31.470512
2025-08-09,21.5,82.5,31.80539
2025-08-09,21.5,83.5,31.885403
2025-08-09,21.5,84.5,32.760563
2025-08-09,22.5,80.5,30.695055
2025-08-09,22.5,81.5,31.374481
2025-08-09,22.5,82.5,31.358347
2025-08-09,22.5,83.5,31.427977
2025-08-09,22.5,84.5,32.59284
2025-08-09,23.5,80.5,30.860834
2025-08-09,23.5,81.5,30.511982
2025-08-09,23.5,82.5,31.625427
2025-08-09,23.5,83.5,31.209318
2025-08-09,23.5,84.5,32.895363
2025-08-09,24.5,80.5,31.75897
2025-08-09,24.5,81.5,32.321835
2025-08-09,24.5,82.5,32.550877
2025-08-09,24.5,83.5,32.34218
2025-08-09,24.5,84.5,32.674965
2025-08-10,18.0,80.5,31.165817
2025-08-10,18.0,81.5,30.856255
2025-08-10,18.0,82.5,31.497265
2025-08-10,18.0,83.5,31.48309
2025-08-10,18.0,84.5,
2025-08-10,18.5,80.5,30.963518
2025-08-10,18.5,81.5,31.379053
2025-08-10,18.5,82.5,30.943726
2025-08-10,18.5,83.5,31.600605
2025-08-10,18.5,84.5,33.31001
2025-08-10,19.5,80.5,31.972847
2025-08-10,19.5,81.5,31.022867
2025-08-10,19.5,82.5,31.857426
2025-08-10,19.5,83.5,32.889126
2025-08-10,19.5,84.5,33.573566
2025-08-10,20.5,80.5,32.66368
2025-08-10,20.5,81.5,32.31934
2025-08-10,20.5,82.5,33.17017
2025-08-10,20.5,83.5,33.501965
2025-08-10,20.5,84.5,33.532646
2025-08-10,21.5,80.5,32.01863
2025-08-10,21.5,81.5,33.25016
2025-08-10,21.5,82.5,33.350327
2025-08-10,21.5,83.5,33.04542
2025-08-10,21.5,84.5,33.42986
2025-08-10,22.5,80.5,31.583838
2025-08-10,22.5,81.5,32.975006
2025-08-10,22.5,82.5,32.851765
2025-08-10,22.5,83.5,33.286392
2025-08-10,22.5,84.5,33.661957
2025-08-10,23.5,80.5,31.67172
2025-08-10,23.5,81.5,31.604378
2025-08-10,23.5,82.5,33.031986
2025-08-10,23.5,83.5,33.16744
2025-08-10,23.5,84.5,34.184925
2025-08-10,24.5,80.5,32.505096
2025-08-10,24.5,81.5,33.210175
2025-08-10,24.5,82.5,33.683125
2025-08-10,24.5,83.5,33.84285
2025-08-10,24.5,84.5,34.437057
2025-08-11,18.0,80.5,30.686306
2025-08-11,18.0,81.5,30.698605
2025-08-11,18.0,82.5,31.656263
2025-08-11,18.0,83.5,32.691677
2025-08-11,18.0,84.5,
2025-08-11,18.5,80.5,30.766329
2025-08-11,18.5,81.5,32.03564
2025-08-11,18.5,82.5,31.880037
2025-08-11,18.5,83.5,32.8758
2025-08-11,18.5,84.5,34.27743
2025-08-11,19.5,80.5,31.96816
2025-08-11,19.5,81.5,31.626833
2025-08-11,19.5,82.5,32.35507
2025-08-11,19.5,83.5,33.97782
2025-08-11,19.5,84.5,34.41175
2025-08-11,20.5,80.5,32.384098
2025-08-11,20.5,81.5,32.197147
2025-08-11,20.5,82.5,33.217182
2025-08-11,20.5,83.5,34.07003
2025-08-11,20.5,84.5,34.44857
2025-08-11,21.5,80.5,31.793262
2025-08-11,21.5,81.5,32.96306
2025-08-11,21.5,82.5,33.131264
2025-08-11,21.5,83.5,33.56664
2025-08-11,21.5,84.5,33.84905
2025-08-11,22.5,80.5,31.22851
2025-08-11,22.5,81.5,32.54713
2025-08-11,22.5,82.5,32.457863
2025-08-11,22.5,83.5,32.699722
2025-08-11,22.5,84.5,33.05414
2025-08-11,23.5,80.5,30.97889
2025-08-11,23.5,81.5,30.988361
2025-08-11,23.5,82.5,32.711914
2025-08-11,23.5,83.5,32.309483
2025-08-11,23.5,84.5,33.320644
2025-08-11,24.5,80.5,31.33233
2025-08-11,24.5,81.5,32.137596
2025-08-11,24.5,82.5,32.603195
2025-08-11,24.5,83.5,32.43014
2025-08-11,24.5,84.5,33.251534
2025-08-12,18.0,80.5,31.092764
2025-08-12,18.0,81.5,31.782066
2025-08-12,18.0,82.5,32.672935
2025-08-12,18.0,83.5,33.265232
2025-08-12,18.0,84.5,
2025-08-12,18.5,80.5,31.015514
2025-08-12,18.5,81.5,32.214264
2025-08-12,18.5,82.5,32.26226
2025-08-12,18.5,83.5,33.37525
2025-08-12,18.5,84.5,34.91443
2025-08-12,19.5,80.5,31.314037
2025-08-12,19.5,81.5,31.54434
2025-08-12,19.5,82.5,32.977886
2025-08-12,19.5,83.5,34.440662
2025-08-12,19.5,84.5,34.841454
2025-08-12,20.5,80.5,32.240974
2025-08-12,20.5,81.5,32.217915
2025-08-12,20.5,82.5,34.206654
2025-08-12,20.5,83.5,34.757164
2025-08-12,20.5,84.5,34.794624
2025-08-12,21.5,80.5,31.627314
2025-08-12,21.5,81.5,33.10938
2025-08-12,21.5,82.5,33.341827
2025-08-12,21.5,83.5,34.2002
2025-08-12,21.5,84.5,34.371708
2025-08-12,22.5,80.5,31.164333
2025-08-12,22.5,81.5,32.501602
2025-08-12,22.5,82.5,32.714165
2025-08-12,22.5,83.5,33.46003
2025-08-12,22.5,84.5,34.08229
2025-08-12,23.5,80.5,31.229593
2025-08-12,23.5,81.5,31.1533
2025-08-12,23.5,82.5,33.103497
2025-08-12,23.5,83.5,33.513824
2025-08-12,23.5,84.5,34.450573
2025-08-12,24.5,80.5,32.195454
2025-08-12,24.5,81.5,33.240124
2025-08-12,24.5,82.5,33.675243
2025-08-12,24.5,83.5,34.112186
2025-08-12,24.5,84.5,34.24214
2025-08-13,18.0,80.5,28.2743
2025-08-13,18.0,81.5,28.955479
2025-08-13,18.0,82.5,30.411022
2025-08-13,18.0,83.5,31.437927
2025-08-13,18.0,84.5,
2025-08-13,18.5,80.5,28.107298
2025-08-13,18.5,81.5,29.572132
2025-08-13,18.5,82.5,30.052645
2025-08-13,18.5,83.5,31.587498
2025-08-13,18.5,84.5,33.525307
2025-08-13,19.5,80.5,28.265347
2025-08-13,19.5,81.5,28.690428
2025-08-13,19.5,82.5,30.931192
2025-08-13,19.5,83.5,32.894188
2025-08-13,19.5,84.5,33.294403
2025-08-13,20.5,80.5,29.487614
2025-08-13,20.5,81.5,29.30909
2025-08-13,20.5,82.5,32.089584
2025-08-13,20.5,83.5,32.908253
2025-08-13,20.5,84.5,33.274002
2025-08-13,21.5,80.5,28.876469
2025-08-13,21.5,81.5,30.660074
2025-08-13,21.5,82.5,31.234947
2025-08-13,21.5,83.5,31.983814
2025-08-13,21.5,84.5,32.363174
2025-08-13,22.5,80.5,28.530972
2025-08-13,22.5,81.5,30.265419
2025-08-13,22.5,82.5,30.767437
2025-08-13,22.5,83.5,30.453762
2025-08-13,22.5,84.5,31.03157
2025-08-13,23.5,80.5,29.554789
2025-08-13,23.5,81.5,29.302265
2025-08-13,23.5,82.5,30.834366
2025-08-13,23.5,83.5,30.415852
2025-08-13,23.5,84.5,30.870504
2025-08-13,24.5,80.5,30.908989
2025-08-13,24.5,81.5,31.752407
2025-08-13,24.5,82.5,30.24621
2025-08-13,24.5,83.5,29.835743
2025-08-13,24.5,84.5,30.018457
2025-08-14,18.0,80.5,29.06005
2025-08-14,18.0,81.5,29.134785
2025-08-14,18.0,82.5,29.638027
2025-08-14,18.0,83.5,29.707405
2025-08-14,18.0,84.5,
2025-08-14,18.5,80.5,28.53075
2025-08-14,18.5,81.5,29.513947
2025-08-14,18.5,82.5,29.183441
2025-08-14,18.5,83.5,29.666006
2025-08-14,18.5,84.5,31.146637
2025-08-14,19.5,80.5,29.278627
2025-08-14,19.5,81.5,28.924776
2025-08-14,19.5,82.5,29.47247
2025-08-14,19.5,83.5,30.523386
2025-08-14,19.5,84.5,31.00716
2025-08-14,20.5,80.5,30.774742
2025-08-14,20.5,81.5,29.69941
2025-08-14,20.5,82.5,30.53846
2025-08-14,20.5,83.5,30.786198
2025-08-14,20.5,84.5,30.924257
2025-08-14,21.5,80.5,31.173311
2025-08-14,21.5,81.5,30.948809
2025-08-14,21.5,82.5,31.278542
2025-08-14,21.5,83.5,30.71085
2025-08-14,21.5,84.5,31.157295
2025-08-14,22.5,80.5,31.521568
2025-08-14,22.5,81.5,31.276424
2025-08-14,22.5,82.5,31.345171
2025-08-14,22.5,83.5,30.802614
2025-08-14,22.5,84.5,31.154839
2025-08-14,23.5,80.5,32.09434
2025-08-14,23.5,81.5,31.476572
2025-08-14,23.5,82.5,31.79943
2025-08-14,23.5,83.5,31.400677
2025-08-14,23.5,84.5,31.689442
2025-08-14,24.5,80.5,33.035717
2025-08-14,24.5,81.5,33.352184
2025-08-14,24.5,82.5,33.069622
2025-08-14,24.5,83.5,32.398678
2025-08-14,24.5,84.5,31.883734
2025-08-15,18.0,80.5,30.316427
2025-08-15,18.0,81.5,30.389402
2025-08-15,18.0,82.5,30.661606
2025-08-15,18.0,83.5,30.706123
2025-08-15,18.0,84.5,
2025-08-15,18.5,80.5,29.622385
2025-08-15,18.5,81.5,30.210281
2025-08-15,18.5,82.5,30.101233
2025-08-15,18.5,83.5,30.630732
2025-08-15,18.5,84.5,31.953575
2025-08-15,19.5,80.5,29.624706
2025-08-15,19.5,81.5,29.342768
2025-08-15,19.5,82.5,30.149765
2025-08-15,19.5,83.5,31.505442
2025-08-15,19.5,84.5,31.790272
2025-08-15,20.5,80.5,31.044876
2025-08-15,20.5,81.5,30.112814
2025-08-15,20.5,82.5,31.275331
2025-08-15,20.5,83.5,31.68046
2025-08-15,20.5,84.5,31.485
2025-08-15,21.5,80.5,31.402885
2025-08-15,21.5,81.5,31.547604
2025-08-15,21.5,82.5,31.9045
2025-08-15,21.5,83.5,31.248398
2025-08-15,21.5,84.5,31.13179
2025-08-15,22.5,80.5,31.897701
2025-08-15,22.5,81.5,31.733284
2025-08-15,22.5,82.5,31.804237
2025-08-15,22.5,83.5,31.472261
2025-08-15,22.5,84.5,31.745995
2025-08-15,23.5,80.5,32.62448
2025-08-15,23.5,81.5,32.13512
2025-08-15,23.5,82.5,33.161743
2025-08-15,23.5,83.5,32.471115
2025-08-15,23.5,84.5,32.976345
2025-08-15,24.5,80.5,33.785194
2025-08-15,24.5,81.5,34.156273
2025-08-15,24.5,82.5,34.092083
2025-08-15,24.5,83.5,33.40791
2025-08-15,24.5,84.5,33.334484
2025-08-16,18.0,80.5,29.051905
2025-08-16,18.0,81.5,29.293127
2025-08-16,18.0,82.5,30.119053
2025-08-16,18.0,83.5,30.316875
2025-08-16,18.0,84.5,
2025-08-16,18.5,80.5,28.021494
2025-08-16,18.5,81.5,29.29842
2025-08-16,18.5,82.5,29.520046
2025-08-16,18.5,83.5,30.246933
2025-08-16,18.5,84.5,31.759806
2025-08-16,19.5,80.5,28.679562
2025-08-16,19.5,81.5,28.57965
2025-08-16,19.5,82.5,29.905014
2025-08-16,19.5,83.5,31.28156
2025-08-16,19.5,84.5,31.712736
2025-08-16,20.5,80.5,30.13136
2025-08-16,20.5,81.5,29.84527
2025-08-16,20.5,82.5,31.172953
2025-08-16,20.5,83.5,31.610823
2025-08-16,20.5,84.5,31.729261
2025-08-16,21.5,80.5,30.381601
2025-08-16,21.5,81.5,31.280281
2025-08-16,21.5,82.5,31.806183
2025-08-16,21.5,83.5,31.795391
2025-08-16,21.5,84.5,31.860134
2025-08-16,22.5,80.5,31.243484
2025-08-16,22.5,81.5,31.573606
2025-08-16,22.5,82.5,32.03333
2025-08-16,22.5,83.5,32.084885
2025-08-16,22.5,84.5,32.169594
2025-08-16,23.5,80.5,32.027943
2025-08-16,23.5,81.5,31.63121
2025-08-16,23.5,82.5,33.038628
2025-08-16,23.5,83.5,32.738438
2025-08-16,23.5,84.5,32.990192
2025-08-16,24.5,80.5,33.644012
2025-08-16,24.5,81.5,34.061768
2025-08-16,24.5,82.5,34.61352
2025-08-16,24.5,83.5,34.51526
2025-08-16,24.5,84.5,34.08533
2025-08-17,18.0,80.5,28.406742
2025-08-17,18.0,81.5,27.950516
2025-08-17,18.0,82.5,28.79819
2025-08-17,18.0,83.5,28.779018
2025-08-17,18.0,84.5,
2025-08-17,18.5,80.5,28.46842
2025-08-17,18.5,81.5,28.688988
2025-08-17,18.5,82.5,28.107857
2025-08-17,18.5,83.5,28.771847
2025-08-17,18.5,84.5,30.420586
2025-08-17,19.5,80.5,29.532066
2025-08-17,19.5,81.5,27.670147
2025-08-17,19.5,82.5,28.825735
2025-08-17,19.5,83.5,30.086851
2025-08-17,19.5,84.5,30.928358
2025-08-17,20.5,80.5,30.741331
2025-08-17,20.5,81.5,30.487186
2025-08-17,20.5,82.5,30.945242
2025-08-17,20.5,83.5,31.79871
2025-08-17,20.5,84.5,31.476215
2025-08-17,21.5,80.5,31.184107
2025-08-17,21.5,81.5,31.983723
2025-08-17,21.5,82.5,32.642956
2025-08-17,21.5,83.5,32.209366
2025-08-17,21.5,84.5,31.84637
2025-08-17,22.5,80.5,32.041504
2025-08-17,22.5,81.5,32.612846
2025-08-17,22.5,82.5,33.210228
2025-08-17,22.5,83.5,33.08471
2025-08-17,22.5,84.5,32.698223
2025-08-17,23.5,80.5,32.92336
2025-08-17,23.5,81.5,32.861988
2025-08-17,23.5,82.5,34.31213
2025-08-17,23.5,83.5,33.77515
2025-08-17,23.5,84.5,34.103615
2025-08-17,24.5,80.5,34.30781
2025-08-17,24.5,81.5,35.06909
2025-08-17,24.5,82.5,35.409065
2025-08-17,24.5,83.5,34.786674
2025-08-17,24.5,84.5,34.95037
2025-08-18,18.0,80.5,26.548956
2025-08-18,18.0,81.5,26.452408
2025-08-18,18.0,82.5,27.132895
2025-08-18,18.0,83.5,28.02048
2025-08-18,18.0,84.5,
2025-08-18,18.5,80.5,26.412296
2025-08-18,18.5,81.5,27.013948
2025-08-18,18.5,82.5,26.377924
2025-08-18,18.5,83.5,27.962177
2025-08-18,18.5,84.5,29.546507
2025-08-18,19.5,80.5,27.95789
2025-08-18,19.5,81.5,26.33307
2025-08-18,19.5,82.5,27.684954
2025-08-18,19.5,83.5,29.130033
2025-08-18,19.5,84.5,29.854582
2025-08-18,20.5,80.5,29.938963
2025-08-18,20.5,81.5,29.329493
2025-08-18,20.5,82.5,29.357233
2025-08-18,20.5,83.5,30.133362
2025-08-18,20.5,84.5,30.15094
2025-08-18,21.5,80.5,31.379879
2025-08-18,21.5,81.5,30.568146
2025-08-18,21.5,82.5,30.92193
2025-08-18,21.5,83.5,30.351748
2025-08-18,21.5,84.5,30.31385
2025-08-18,22.5,80.5,31.840805
2025-08-18,22.5,81.5,31.107216
2025-08-18,22.5,82.5,30.906378
2025-08-18,22.5,83.5,30.71797
2025-08-18,22.5,84.5,30.84011
2025-08-18,23.5,80.5,31.87574
2025-08-18,23.5,81.5,31.442055
2025-08-18,23.5,82.5,31.892315
2025-08-18,23.5,83.5,31.48223
2025-08-18,23.5,84.5,32.46035
2025-08-18,24.5,80.5,32.80434
2025-08-18,24.5,81.5,33.22031
2025-08-18,24.5,82.5,33.8119
2025-08-18,24.5,83.5,33.613476
2025-08-18,24.5,84.5,33.78858
2025-08-19,18.0,80.5,26.70734
2025-08-19,18.0,81.5,27.125084
2025-08-19,18.0,82.5,27.863342
2025-08-19,18.0,83.5,28.717962
2025-08-19,18.0,84.5,
2025-08-19,18.5,80.5,26.425812
2025-08-19,18.5,81.5,27.329266
2025-08-19,18.5,82.5,27.48504
2025-08-19,18.5,83.5,28.80928
2025-08-19,18.5,84.5,30.03983
2025-08-19,19.5,80.5,26.65118
2025-08-19,19.5,81.5,26.275618
2025-08-19,19.5,82.5,27.63123
2025-08-19,19.5,83.5,29.655031
2025-08-19,19.5,84.5,30.073473
2025-08-19,20.5,80.5,28.254417
2025-08-19,20.5,81.5,28.252453
2025-08-19,20.5,82.5,29.341225
2025-08-19,20.5,83.5,30.332563
2025-08-19,20.5,84.5,30.11898
2025-08-19,21.5,80.5,29.224817
2025-08-19,21.5,81.5,29.546007
2025-08-19,21.5,82.5,30.547657
2025-08-19,21.5,83.5,30.277061
2025-08-19,21.5,84.5,30.092045
2025-08-19,22.5,80.5,30.656239
2025-08-19,22.5,81.5,30.330141
2025-08-19,22.5,82.5,30.50972
2025-08-19,22.5,83.5,30.134659
2025-08-19,22.5,84.5,30.510025
2025-08-19,23.5,80.5,31.47967
2025-08-19,23.5,81.5,31.085178
2025-08-19,23.5,82.5,31.99929
2025-08-19,23.5,83.5,31.320866
2025-08-19,23.5,84.5,31.532873
2025-08-19,24.5,80.5,33.042038
2025-08-19,24.5,81.5,33.437267
2025-08-19,24.5,82.5,33.27125
2025-08-19,24.5,83.5,32.81279
2025-08-19,24.5,84.5,31.926737
2025-08-20,18.0,80.5,30.678076
2025-08-20,18.0,81.5,30.553165
2025-08-20,18.0,82.5,30.598427
2025-08-20,18.0,83.5,30.504309
2025-08-20,18.0,84.5,
2025-08-20,18.5,80.5,29.99958
2025-08-20,18.5,81.5,30.215252
2025-08-20,18.5,82.5,30.142975
2025-08-20,18.5,83.5,30.291672
2025-08-20,18.5,84.5,31.484423
2025-08-20,19.5,80.5,29.151249
2025-08-20,19.5,81.5,28.938791
2025-08-20,19.5,82.5,29.368315
2025-08-20,19.5,83.5,30.853735
2025-08-20,19.5,84.5,31.129822
2025-08-20,20.5,80.5,29.31457
2025-08-20,20.5,81.5,28.717533
2025-08-20,20.5,82.5,29.906858
2025-08-20,20.5,83.5,30.91797
2025-08-20,20.5,84.5,31.018265
2025-08-20,21.5,80.5,28.780104
2025-08-20,21.5,81.5,29.146313
2025-08-20,21.5,82.5,30.310223
2025-08-20,21.5,83.5,31.009827
2025-08-20,21.5,84.5,30.598663
2025-08-20,22.5,80.5,28.878891
2025-08-20,22.5,81.5,29.44488
2025-08-20,22.5,82.5,30.379326
2025-08-20,22.5,83.5,30.428602
2025-08-20,22.5,84.5,30.8634
2025-08-20,23.5,80.5,30.031586
2025-08-20,23.5,81.5,30.313547
2025-08-20,23.5,82.5,31.410498
2025-08-20,23.5,83.5,31.216118
2025-08-20,23.5,84.5,31.494457
2025-08-20,24.5,80.5,31.743134
2025-08-20,24.5,81.5,32.341717
2025-08-20,24.5,82.5,32.778202
2025-08-20,24.5,83.5,32.59113
2025-08-20,24.5,84.5,32.11833
2025-08-21,18.0,80.5,31.825245
2025-08-21,18.0,81.5,31.234768
2025-08-21,18.0,82.5,31.018291
2025-08-21,18.0,83.5,30.144733
2025-08-21,18.0,84.5,
2025-08-21,18.5,80.5,31.363255
2025-08-21,18.5,81.5,31.36161
2025-08-21,18.5,82.5,30.687475
2025-08-21,18.5,83.5,29.62162
2025-08-21,18.5,84.5,30.471636
2025-08-21,19.5,80.5,31.092222
2025-08-21,19.5,81.5,30.573204
2025-08-21,19.5,82.5,29.82268
2025-08-21,19.5,83.5,30.105614
2025-08-21,19.5,84.5,29.978731
2025-08-21,20.5,80.5,30.880016
2025-08-21,20.5,81.5,29.673475
2025-08-21,20.5,82.5,30.075222
2025-08-21,20.5,83.5,29.786476
2025-08-21,20.5,84.5,29.564901
2025-08-21,21.5,80.5,30.455202
2025-08-21,21.5,81.5,29.794655
2025-08-21,21.5,82.5,30.368555
2025-08-21,21.5,83.5,29.619257
2025-08-21,21.5,84.5,29.329056
2025-08-21,22.5,80.5,29.630756
2025-08-21,22.5,81.5,30.063232
2025-08-21,22.5,82.5,30.21622
2025-08-21,22.5,83.5,29.933088
2025-08-21,22.5,84.5,29.993406
2025-08-21,23.5,80.5,29.857254
2025-08-21,23.5,81.5,30.287397
2025-08-21,23.5,82.5,31.169558
2025-08-21,23.5,83.5,30.862293
2025-08-21,23.5,84.5,31.447565
2025-08-21,24.5,80.5,30.537287
2025-08-21,24.5,81.5,31.85387
2025-08-21,24.5,82.5,32.57218
2025-08-21,24.5,83.5,32.039234
2025-08-21,24.5,84.5,32.252144
2025-08-22,18.0,80.5,31.335218
2025-08-22,18.0,81.5,31.250872
2025-08-22,18.0,82.5,30.802462
2025-08-22,18.0,83.5,30.134884
2025-08-22,18.0,84.5,
2025-08-22,18.5,80.5,30.741718
2025-08-22,18.5,81.5,30.839777
2025-08-22,18.5,82.5,30.492718
2025-08-22,18.5,83.5,29.195246
2025-08-22,18.5,84.5,29.786621
2025-08-22,19.5,80.5,30.112257
2025-08-22,19.5,81.5,29.768858
2025-08-22,19.5,82.5,28.845984
2025-08-22,19.5,83.5,29.19431
2025-08-22,19.5,84.5,28.73479
2025-08-22,20.5,80.5,30.1914
2025-08-22,20.5,81.5,28.67474
2025-08-22,20.5,82.5,29.037178
2025-08-22,20.5,83.5,28.80765
2025-08-22,20.5,84.5,28.088179
2025-08-22,21.5,80.5,29.638395
2025-08-22,21.5,81.5,28.737732
2025-08-22,21.5,82.5,28.656752
2025-08-22,21.5,83.5,27.74138
2025-08-22,21.5,84.5,26.992035
2025-08-22,22.5,80.5,28.904423
2025-08-22,22.5,81.5,28.876183
2025-08-22,22.5,82.5,28.196583
2025-08-22,22.5,83.5,27.54887
2025-08-22,22.5,84.5,27.1385
2025-08-22,23.5,80.5,29.444788
2025-08-22,23.5,81.5,29.432938
2025-08-22,23.5,82.5,29.62844
2025-08-22,23.5,83.5,29.082947
2025-08-22,23.5,84.5,28.926353
2025-08-22,24.5,80.5,31.294752
2025-08-22,24.5,81.5,31.747355
2025-08-22,24.5,82.5,31.888016
2025-08-22,24.5,83.5,31.517008
2025-08-22,24.5,84.5,31.187214
2025-08-23,18.0,80.5,31.778225
2025-08-23,18.0,81.5,31.729368
2025-08-23,18.0,82.5,31.776487
2025-08-23,18.0,83.5,31.41619
2025-08-23,18.0,84.5,
2025-08-23,18.5,80.5,31.197887
2025-08-23,18.5,81.5,31.451813
2025-08-23,18.5,82.5,31.127964
2025-08-23,18.5,83.5,30.564236
2025-08-23,18.5,84.5,31.339788
2025-08-23,19.5,80.5,30.586842
2025-08-23,19.5,81.5,30.426529
2025-08-23,19.5,82.5,29.117662
2025-08-23,19.5,83.5,30.283987
2025-08-23,19.5,84.5,30.132881
2025-08-23,20.5,80.5,29.839996
2025-08-23,20.5,81.5,27.182285
2025-08-23,20.5,82.5,28.23743
2025-08-23,20.5,83.5,28.6162
2025-08-23,20.5,84.5,29.55676
2025-08-23,21.5,80.5,28.7212
2025-08-23,21.5,81.5,26.930897
2025-08-23,21.5,82.5,26.896229
2025-08-23,21.5,83.5,27.117208
2025-08-23,21.5,84.5,27.687561
2025-08-23,22.5,80.5,27.245472
2025-08-23,22.5,81.5,26.792778
2025-08-23,22.5,82.5,26.176472
2025-08-23,22.5,83.5,25.975142
2025-08-23,22.5,84.5,26.735567
2025-08-23,23.5,80.5,27.684944
2025-08-23,23.5,81.5,27.586637
2025-08-23,23.5,82.5,26.854624
2025-08-23,23.5,83.5,26.623755
2025-08-23,23.5,84.5,27.665806
2025-08-23,24.5,80.5,29.616707
2025-08-23,24.5,81.5,29.740717
2025-08-23,24.5,82.5,29.431892
2025-08-23,24.5,83.5,29.13106
2025-08-23,24.5,84.5,28.60066
2025-08-24,18.0,80.5,31.977942
2025-08-24,18.0,81.5,31.533237
2025-08-24,18.0,82.5,30.69237
2025-08-24,18.0,83.5,29.885155
2025-08-24,18.0,84.5,
2025-08-24,18.5,80.5,31.04208
2025-08-24,18.5,81.5,30.57591
2025-08-24,18.5,82.5,29.995605
2025-08-24,18.5,83.5,28.999054
2025-08-24,18.5,84.5,29.652708
2025-08-24,19.5,80.5,29.74682
2025-08-24,19.5,81.5,29.212166
2025-08-24,19.5,82.5,28.07649
2025-08-24,19.5,83.5,28.94232
2025-08-24,19.5,84.5,28.874664
2025-08-24,20.5,80.5,28.679169
2025-08-24,20.5,81.5,26.316704
2025-08-24,20.5,82.5,27.426449
2025-08-24,20.5,83.5,27.627897
2025-08-24,20.5,84.5,28.38098
2025-08-24,21.5,80.5,27.401155
2025-08-24,21.5,81.5,25.89291
2025-08-24,21.5,82.5,26.239885
2025-08-24,21.5,83.5,26.804527
2025-08-24,21.5,84.5,27.237871
2025-08-24,22.5,80.5,26.022398
2025-08-24,22.5,81.5,25.479027
2025-08-24,22.5,82.5,25.377941
2025-08-24,22.5,83.5,25.740486
2025-08-24,22.5,84.5,26.783949
2025-08-24,23.5,80.5,26.052736
2025-08-24,23.5,81.5,26.18514
2025-08-24,23.5,82.5,25.879425
2025-08-24,23.5,83.5,25.921474
2025-08-24,23.5,84.5,27.302505
2025-08-24,24.5,80.5,27.706152
2025-08-24,24.5,81.5,28.25958
2025-08-24,24.5,82.5,28.482956
2025-08-24,24.5,83.5,28.860384
2025-08-24,24.5,84.5,28.441784
2025-08-25,18.0,80.5,32.035904
2025-08-25,18.0,81.5,31.292288
2025-08-25,18.0,82.5,30.362152
2025-08-25,18.0,83.5,29.270939
2025-08-25,18.0,84.5,
2025-08-25,18.5,80.5,31.084694
2025-08-25,18.5,81.5,30.163088
2025-08-25,18.5,82.5,29.535378
2025-08-25,18.5,83.5,28.647444
2025-08-25,18.5,84.5,29.196636
2025-08-25,19.5,80.5,29.55781
2025-08-25,19.5,81.5,28.855013
2025-08-25,19.5,82.5,28.544704
2025-08-25,19.5,83.5,29.279932
2025-08-25,19.5,84.5,28.993177
2025-08-25,20.5,80.5,29.147375
2025-08-25,20.5,81.5,27.837282
2025-08-25,20.5,82.5,28.59735
2025-08-25,20.5,83.5,28.72732
2025-08-25,20.5,84.5,28.915033
2025-08-25,21.5,80.5,28.414799
2025-08-25,21.5,81.5,28.21693
2025-08-25,21.5,82.5,28.82605
2025-08-25,21.5,83.5,29.053602
2025-08-25,21.5,84.5,29.635347
2025-08-25,22.5,80.5,28.617619
2025-08-25,22.5,81.5,28.579916
2025-08-25,22.5,82.5,28.976164
2025-08-25,22.5,83.5,29.203363
2025-08-25,22.5,84.5,30.175554
2025-08-25,23.5,80.5,29.436697
2025-08-25,23.5,81.5,29.626652
2025-08-25,23.5,82.5,30.084587
2025-08-25,23.5,83.5,29.34251
2025-08-25,23.5,84.5,30.531055
2025-08-25,24.5,80.5,30.312908
2025-08-25,24.5,81.5,31.02824
2025-08-25,24.5,82.5,31.308832
2025-08-25,24.5,83.5,31.112898
2025-08-25,24.5,84.5,30.725822
2025-08-26,18.0,80.5,28.446697
2025-08-26,18.0,81.5,27.5756
2025-08-26,18.0,82.5,27.275291
2025-08-26,18.0,83.5,27.314266
2025-08-26,18.0,84.5,
2025-08-26,18.5,80.5,27.790298
2025-08-26,18.5,81.5,27.098564
2025-08-26,18.5,82.5,26.617737
2025-08-26,18.5,83.5,27.107552
2025-08-26,18.5,84.5,28.64568
2025-08-26,19.5,80.5,28.770435
2025-08-26,19.5,81.5,26.716328
2025-08-26,19.5,82.5,26.994461
2025-08-26,19.5,83.5,28.391071
2025-08-26,19.5,84.5,29.240456
2025-08-26,20.5,80.5,29.72401
2025-08-26,20.5,81.5,28.98933
2025-08-26,20.5,82.5,28.079914
2025-08-26,20.5,83.5,29.339323
2025-08-26,20.5,84.5,30.011816
2025-08-26,21.5,80.5,30.243202
2025-08-26,21.5,81.5,29.986597
2025-08-26,21.5,82.5,30.201637
2025-08-26,21.5,83.5,30.437273
2025-08-26,21.5,84.5,31.296179
2025-08-26,22.5,80.5,30.898996
2025-08-26,22.5,81.5,30.514153
2025-08-26,22.5,82.5,30.620726
2025-08-26,22.5,83.5,30.487328
2025-08-26,22.5,84.5,31.656202
2025-08-26,23.5,80.5,30.90077
2025-08-26,23.5,81.5,30.981846
2025-08-26,23.5,82.5,31.409824
2025-08-26,23.5,83.5,30.825634
2025-08-26,23.5,84.5,32.10869
2025-08-26,24.5,80.5,31.792665
2025-08-26,24.5,81.5,32.42187
2025-08-26,24.5,82.5,32.98611
2025-08-26,24.5,83.5,32.97902
2025-08-26,24.5,84.5,32.552036
2025-08-27,18.0,80.5,27.402502
2025-08-27,18.0,81.5,27.870356
2025-08-27,18.0,82.5,28.622408
2025-08-27,18.0,83.5,28.342741
2025-08-27,18.0,84.5,
2025-08-27,18.5,80.5,27.051977
2025-08-27,18.5,81.5,28.10334
2025-08-27,18.5,82.5,27.857008
2025-08-27,18.5,83.5,28.58353
2025-08-27,18.5,84.5,30.13022
2025-08-27,19.5,80.5,28.892965
2025-08-27,19.5,81.5,27.902931
2025-08-27,19.5,82.5,28.949608
2025-08-27,19.5,83.5,30.065321
2025-08-27,19.5,84.5,30.547691
2025-08-27,20.5,80.5,30.663048
2025-08-27,20.5,81.5,29.986557
2025-08-27,20.5,82.5,30.436827
2025-08-27,20.5,83.5,30.948208
2025-08-27,20.5,84.5,30.93616
2025-08-27,21.5,80.5,31.74786
2025-08-27,21.5,81.5,31.561651
2025-08-27,21.5,82.5,31.64259
2025-08-27,21.5,83.5,30.900377
2025-08-27,21.5,84.5,31.31786
2025-08-27,22.5,80.5,32.34202
2025-08-27,22.5,81.5,31.70075
2025-08-27,22.5,82.5,31.643105
2025-08-27,22.5,83.5,31.581615
2025-08-27,22.5,84.5,32.3341
2025-08-27,23.5,80.5,32.949883
2025-08-27,23.5,81.5,32.633575
2025-08-27,23.5,82.5,32.53926
2025-08-27,23.5,83.5,32.054417
2025-08-27,23.5,84.5,32.869297
2025-08-27,24.5,80.5,33.761593
2025-08-27,24.5,81.5,34.327564
2025-08-27,24.5,82.5,34.267883
2025-08-27,24.5,83.5,34.253475
2025-08-27,24.5,84.5,33.325127
2025-08-28,18.0,80.5,28.629642
2025-08-28,18.0,81.5,28.976637
2025-08-28,18.0,82.5,29.351027
2025-08-28,18.0,83.5,29.635942
2025-08-28,18.0,84.5,
2025-08-28,18.5,80.5,27.946161
2025-08-28,18.5,81.5,29.10675
2025-08-28,18.5,82.5,28.969795
2025-08-28,18.5,83.5,29.508787
2025-08-28,18.5,84.5,30.729752
2025-08-28,19.5,80.5,28.862108
2025-08-28,19.5,81.5,28.9203
2025-08-28,19.5,82.5,29.41164
2025-08-28,19.5,83.5,30.571278
2025-08-28,19.5,84.5,30.858032
2025-08-28,20.5,80.5,30.900476
2025-08-28,20.5,81.5,29.72539
2025-08-28,20.5,82.5,30.762264
2025-08-28,20.5,83.5,31.201445
2025-08-28,20.5,84.5,30.88975
2025-08-28,21.5,80.5,31.531057
2025-08-28,21.5,81.5,31.160967
2025-08-28,21.5,82.5,31.42556
2025-08-28,21.5,83.5,30.946228
2025-08-28,21.5,84.5,30.99636
2025-08-28,22.5,80.5,31.779812
2025-08-28,22.5,81.5,31.104239
2025-08-28,22.5,82.5,31.512926
2025-08-28,22.5,83.5,30.806173
2025-08-28,22.5,84.5,30.869328
2025-08-28,23.5,80.5,32.543274
2025-08-28,23.5,81.5,31.898348
2025-08-28,23.5,82.5,32.14706
2025-08-28,23.5,83.5,31.323824
2025-08-28,23.5,84.5,31.482037
2025-08-28,24.5,80.5,33.821453
2025-08-28,24.5,81.5,34.22401
2025-08-28,24.5,82.5,33.53653
2025-08-28,24.5,83.5,33.261284
2025-08-28,24.5,84.5,32.587948
2025-08-29,18.0,80.5,30.664576
2025-08-29,18.0,81.5,30.2512
2025-08-29,18.0,82.5,30.351109
2025-08-29,18.0,83.5,29.87493
2025-08-29,18.0,84.5,
2025-08-29,18.5,80.5,29.991714
2025-08-29,18.5,81.5,30.162035
2025-08-29,18.5,82.5,29.658443
2025-08-29,18.5,83.5,29.66786
2025-08-29,18.5,84.5,31.22394
2025-08-29,19.5,80.5,30.081642
2025-08-29,19.5,81.5,29.650967
2025-08-29,19.5,82.5,29.694742
2025-08-29,19.5,83.5,30.9523
2025-08-29,19.5,84.5,31.103031
2025-08-29,20.5,80.5,31.195665
2025-08-29,20.5,81.5,30.276562
2025-08-29,20.5,82.5,30.846659
2025-08-29,20.5,83.5,31.132206
2025-08-29,20.5,84.5,31.209967
2025-08-29,21.5,80.5,31.053326
2025-08-29,21.5,81.5,31.677126
2025-08-29,21.5,82.5,31.605774
2025-08-29,21.5,83.5,31.21516
2025-08-29,21.5,84.5,31.664003
2025-08-29,22.5,80.5,31.314838
2025-08-29,22.5,81.5,31.736862
2025-08-29,22.5,82.5,31.894094
2025-08-29,22.5,83.5,31.663197
2025-08-29,22.5,84.5,32.005516
2025-08-29,23.5,80.5,31.864563
2025-08-29,23.5,81.5,31.591309
2025-08-29,23.5,82.5,32.485218
2025-08-29,23.5,83.5,32.021797
2025-08-29,23.5,84.5,33.027775
2025-08-29,24.5,80.5,33.29921
2025-08-29,24.5,81.5,33.64833
2025-08-29,24.5,82.5,33.586674
2025-08-29,24.5,83.5,32.824768
2025-08-29,24.5,84.5,32.948017
2025-08-30,18.0,80.5,30.985556
2025-08-30,18.0,81.5,30.762247
2025-08-30,18.0,82.5,31.388826
2025-08-30,18.0,83.5,31.016876
2025-08-30,18.0,84.5,
2025-08-30,18.5,80.5,30.29521
2025-08-30,18.5,81.5,30.798704
2025-08-30,18.5,82.5,30.38489
2025-08-30,18.5,83.5,30.850977
2025-08-30,18.5,84.5,31.85741
2025-08-30,19.5,80.5,30.229895
2025-08-30,19.5,81.5,29.647154
2025-08-30,19.5,82.5,30.083916
2025-08-30,19.5,83.5,31.479847
2025-08-30,19.5,84.5,31.548265
2025-08-30,20.5,80.5,30.773
2025-08-30,20.5,81.5,29.925316
2025-08-30,20.5,82.5,30.804962
2025-08-30,20.5,83.5,31.519464
2025-08-30,20.5,84.5,31.606424
2025-08-30,21.5,80.5,30.946074
2025-08-30,21.5,81.5,31.377754
2025-08-30,21.5,82.5,31.659386
2025-08-30,21.5,83.5,31.624704
2025-08-30,21.5,84.5,32.32266
2025-08-30,22.5,80.5,31.424383
2025-08-30,22.5,81.5,31.665346
2025-08-30,22.5,82.5,32.260777
2025-08-30,22.5,83.5,32.219738
2025-08-30,22.5,84.5,32.80401
2025-08-30,23.5,80.5,32.099525
2025-08-30,23.5,81.5,31.781086
2025-08-30,23.5,82.5,32.480816
2025-08-30,23.5,83.5,32.289516
2025-08-30,23.5,84.5,33.552547
2025-08-30,24.5,80.5,33.03877
2025-08-30,24.5,81.5,33.636
2025-08-30,24.5,82.5,33.764187
2025-08-30,24.5,83.5,33.393093
2025-08-30,24.5,84.5,33.676945
2025-08-31,18.0,80.5,31.25218
2025-08-31,18.0,81.5,31.288504
2025-08-31,18.0,82.5,31.329218
2025-08-31,18.0,83.5,30.659004
2025-08-31,18.0,84.5,
2025-08-31,18.5,80.5,30.649683
2025-08-31,18.5,81.5,30.362284
2025-08-31,18.5,82.5,30.363035
2025-08-31,18.5,83.5,30.346182
2025-08-31,18.5,84.5,31.570852
2025-08-31,19.5,80.5,30.469416
2025-08-31,19.5,81.5,29.48815
2025-08-31,19.5,82.5,30.305779
2025-08-31,19.5,83.5,31.438038
2025-08-31,19.5,84.5,31.740929
2025-08-31,20.5,80.5,30.767025
2025-08-31,20.5,81.5,29.874813
2025-08-31,20.5,82.5,30.407703
2025-08-31,20.5,83.5,31.076454
2025-08-31,20.5,84.5,32.03417
2025-08-31,21.5,80.5,30.677538
2025-08-31,21.5,81.5,30.921202
2025-08-31,21.5,82.5,31.041185
2025-08-31,21.5,83.5,30.916517
2025-08-31,21.5,84.5,32.115814
2025-08-31,22.5,80.5,30.799984
2025-08-31,22.5,81.5,30.954815
2025-08-31,22.5,82.5,31.205069
2025-08-31,22.5,83.5,31.216438
2025-08-31,22.5,84.5,32.209167
2025-08-31,23.5,80.5,31.99139
2025-08-31,23.5,81.5,31.851025
2025-08-31,23.5,82.5,31.848734
2025-08-31,23.5,83.5,31.41497
2025-08-31,23.5,84.5,33.31644
2025-08-31,24.5,80.5,33.09905
2025-08-31,24.5,81.5,33.64033
2025-08-31,24.5,82.5,33.280327
2025-08-31,24.5,83.5,32.954647
2025-08-31,24.5,84.5,33.57579
2025-09-01,18.0,80.5,29.83782
2025-09-01,18.0,81.5,30.32037
2025-09-01,18.0,82.5,30.81164
2025-09-01,18.0,83.5,30.53433
2025-09-01,18.0,84.5,
2025-09-01,18.5,80.5,29.169611
2025-09-01,18.5,81.5,29.788094
2025-09-01,18.5,82.5,29.891687
2025-09-01,18.5,83.5,30.61551
2025-09-01,18.5,84.5,32.08009
2025-09-01,19.5,80.5,29.508657
2025-09-01,19.5,81.5,29.274778
2025-09-01,19.5,82.5,30.283165
2025-09-01,19.5,83.5,31.930933
2025-09-01,19.5,84.5,32.315987
2025-09-01,20.5,80.5,30.298765
2025-09-01,20.5,81.5,29.534563
2025-09-01,20.5,82.5,31.569803
2025-09-01,20.5,83.5,32.208557
2025-09-01,20.5,84.5,32.556118
2025-09-01,21.5,80.5,29.994791
2025-09-01,21.5,81.5,31.19476
2025-09-01,21.5,82.5,31.607704
2025-09-01,21.5,83.5,32.151596
2025-09-01,21.5,84.5,33.01498
2025-09-01,22.5,80.5,29.79104
2025-09-01,22.5,81.5,30.718801
2025-09-01,22.5,82.5,31.546547
2025-09-01,22.5,83.5,32.39687
2025-09-01,22.5,84.5,33.311428
2025-09-01,23.5,80.5,30.190031
2025-09-01,23.5,81.5,30.417667
2025-09-01,23.5,82.5,31.553965
2025-09-01,23.5,83.5,32.039993
2025-09-01,23.5,84.5,33.530243
2025-09-01,24.5,80.5,30.57437
2025-09-01,24.5,81.5,31.695652
2025-09-01,24.5,82.5,32.863068
2025-09-01,24.5,83.5,33.386257
2025-09-01,24.5,84.5,33.74917
2025-09-02,18.0,80.5,29.346931
2025-09-02,18.0,81.5,29.675995
2025-09-02,18.0,82.5,30.024736
2025-09-02,18.0,83.5,29.509792
2025-09-02,18.0,84.5,
2025-09-02,18.5,80.5,28.589237
2025-09-02,18.5,81.5,29.487656
2025-09-02,18.5,82.5,29.233967
2025-09-02,18.5,83.5,29.387377
2025-09-02,18.5,84.5,30.257833
2025-09-02,19.5,80.5,28.522745
2025-09-02,19.5,81.5,28.595488
2025-09-02,19.5,82.5,29.010242
2025-09-02,19.5,83.5,29.967983
2025-09-02,19.5,84.5,29.917622
2025-09-02,20.5,80.5,29.651018
2025-09-02,20.5,81.5,28.801495
2025-09-02,20.5,82.5,30.342144
2025-09-02,20.5,83.5,30.20551
2025-09-02,20.5,84.5,29.50526
2025-09-02,21.5,80.5,30.039541
2025-09-02,21.5,81.5,30.501127
2025-09-02,21.5,82.5,30.455673
2025-09-02,21.5,83.5,29.242641
2025-09-02,21.5,84.5,29.168312
2025-09-02,22.5,80.5,30.421158
2025-09-02,22.5,81.5,30.519764
2025-09-02,22.5,82.5,30.093445
2025-09-02,22.5,83.5,29.555618
2025-09-02,22.5,84.5,29.422014
2025-09-02,23.5,80.5,30.731869
2025-09-02,23.5,81.5,30.298414
2025-09-02,23.5,82.5,30.85799
2025-09-02,23.5,83.5,29.958094
2025-09-02,23.5,84.5,30.151428
2025-09-02,24.5,80.5,31.488419
2025-09-02,24.5,81.5,32.04676
2025-09-02,24.5,82.5,32.09761
2025-09-02,24.5,83.5,31.595634
2025-09-02,24.5,84.5,30.869858
2025-09-03,18.0,80.5,31.204332
2025-09-03,18.0,81.5,31.165545
2025-09-03,18.0,82.5,30.928524
2025-09-03,18.0,83.5,29.514015
2025-09-03,18.0,84.5,
2025-09-03,18.5,80.5,30.00846
2025-09-03,18.5,81.5,29.999287
2025-09-03,18.5,82.5,29.651134
2025-09-03,18.5,83.5,29.135849
2025-09-03,18.5,84.5,29.76537
2025-09-03,19.5,80.5,29.15441
2025-09-03,19.5,81.5,28.827011
2025-09-03,19.5,82.5,28.673798
2025-09-03,19.5,83.5,29.61378
2025-09-03,19.5,84.5,29.317945
2025-09-03,20.5,80.5,29.257065
2025-09-03,20.5,81.5,28.441113
2025-09-03,20.5,82.5,29.815886
2025-09-03,20.5,83.5,29.783
2025-09-03,20.5,84.5,29.209436
2025-09-03,21.5,80.5,29.1648
2025-09-03,21.5,81.5,30.192133
2025-09-03,21.5,82.5,30.364122
2025-09-03,21.5,83.5,29.429127
2025-09-03,21.5,84.5,28.97929
2025-09-03,22.5,80.5,29.506748
2025-09-03,22.5,81.5,30.399305
2025-09-03,22.5,82.5,30.303646
2025-09-03,22.5,83.5,30.42718
2025-09-03,22.5,84.5,29.918467
2025-09-03,23.5,80.5,30.329288
2025-09-03,23.5,81.5,30.387655
2025-09-03,23.5,82.5,31.084799
2025-09-03,23.5,83.5,30.59593
2025-09-03,23.5,84.5,30.940292
2025-09-03,24.5,80.5,31.763725
2025-09-03,24.5,81.5,32.600258
2025-09-03,24.5,82.5,32.675694
2025-09-03,24.5,83.5,32.047413
2025-09-03,24.5,84.5,32.366047
2025-09-04,18.0,80.5,31.882107
2025-09-04,18.0,81.5,31.822098
2025-09-04,18.0,82.5,31.440527
2025-09-04,18.0,83.5,30.82421
2025-09-04,18.0,84.5,
2025-09-04,18.5,80.5,30.764826
2025-09-04,18.5,81.5,30.55355
2025-09-04,18.5,82.5,30.370214
2025-09-04,18.5,83.5,30.396828
2025-09-04,18.5,84.5,31.16282
2025-09-04,19.5,80.5,29.498123
2025-09-04,19.5,81.5,29.216675
2025-09-04,19.5,82.5,29.180744
2025-09-04,19.5,83.5,30.763756
2025-09-04,19.5,84.5,30.734581
2025-09-04,20.5,80.5,28.705025
2025-09-04,20.5,81.5,28.175442
2025-09-04,20.5,82.5,29.356153
2025-09-04,20.5,83.5,30.245852
2025-09-04,20.5,84.5,30.732841
2025-09-04,21.5,80.5,28.038471
2025-09-04,21.5,81.5,28.993706
2025-09-04,21.5,82.5,29.160425
2025-09-04,21.5,83.5,29.807114
2025-09-04,21.5,84.5,30.021187
2025-09-04,22.5,80.5,28.004646
2025-09-04,22.5,81.5,28.700876
2025-09-04,22.5,82.5,28.821545
2025-09-04,22.5,83.5,29.511387
2025-09-04,22.5,84.5,29.270054
2025-09-04,23.5,80.5,28.721626
2025-09-04,23.5,81.5,28.487356
2025-09-04,23.5,82.5,29.325838
2025-09-04,23.5,83.5,29.480286
2025-09-04,23.5,84.5,30.552233
2025-09-04,24.5,80.5,30.246649
2025-09-04,24.5,81.5,30.323034
2025-09-04,24.5,82.5,30.835676
2025-09-04,24.5,83.5,31.147757
2025-09-04,24.5,84.5,32.045277
2025-09-05,18.0,80.5,32.82084
2025-09-05,18.0,81.5,32.555115
2025-09-05,18.0,82.5,32.623215
2025-09-05,18.0,83.5,31.637774
2025-09-05,18.0,84.5,
2025-09-05,18.5,80.5,31.988295
2025-09-05,18.5,81.5,32.131855
2025-09-05,18.5,82.5,31.584957
2025-09-05,18.5,83.5,31.42692
2025-09-05,18.5,84.5,32.102604
2025-09-05,19.5,80.5,30.676668
2025-09-05,19.5,81.5,30.979431
2025-09-05,19.5,82.5,31.027678
2025-09-05,19.5,83.5,32.000343
2025-09-05,19.5,84.5,31.86634
2025-09-05,20.5,80.5,30.661861
2025-09-05,20.5,81.5,29.859102
2025-09-05,20.5,82.5,31.956812
2025-09-05,20.5,83.5,31.944183
2025-09-05,20.5,84.5,31.808104
2025-09-05,21.5,80.5,29.657047
2025-09-05,21.5,81.5,31.177801
2025-09-05,21.5,82.5,31.75362
2025-09-05,21.5,83.5,31.525503
2025-09-05,21.5,84.5,31.898407
2025-09-05,22.5,80.5,29.476475
2025-09-05,22.5,81.5,30.812384
2025-09-05,22.5,82.5,31.63511
2025-09-05,22.5,83.5,31.950903
2025-09-05,22.5,84.5,31.982824
2025-09-05,23.5,80.5,30.376421
2025-09-05,23.5,81.5,30.696424
2025-09-05,23.5,82.5,31.749788
2025-09-05,23.5,83.5,31.779732
2025-09-05,23.5,84.5,32.973724
2025-09-05,24.5,80.5,31.320534
2025-09-05,24.5,81.5,32.456924
2025-09-05,24.5,82.5,33.300907
2025-09-05,24.5,83.5,33.4279
2025-09-05,24.5,84.5,34.149494
2025-09-06,18.0,80.5,33.381653
2025-09-06,18.0,81.5,33.076214
2025-09-06,18.0,82.5,32.63659
2025-09-06,18.0,83.5,31.96434
2025-09-06,18.0,84.5,
2025-09-06,18.5,80.5,32.42617
2025-09-06,18.5,81.5,32.46163
2025-09-06,18.5,82.5,31.877048
2025-09-06,18.5,83.5,31.757198
2025-09-06,18.5,84.5,32.56203
2025-09-06,19.5,80.5,30.74962
2025-09-06,19.5,81.5,31.25535
2025-09-06,19.5,82.5,31.039091
2025-09-06,19.5,83.5,32.277653
2025-09-06,19.5,84.5,32.416096
2025-09-06,20.5,80.5,30.957169
2025-09-06,20.5,81.5,30.274185
2025-09-06,20.5,82.5,31.634932
2025-09-06,20.5,83.5,32.28785
2025-09-06,20.5,84.5,32.535526
2025-09-06,21.5,80.5,30.310747
2025-09-06,21.5,81.5,31.490509
2025-09-06,21.5,82.5,32.02332
2025-09-06,21.5,83.5,32.167904
2025-09-06,21.5,84.5,32.349945
2025-09-06,22.5,80.5,30.944832
2025-09-06,22.5,81.5,31.736574
2025-09-06,22.5,82.5,32.43107
2025-09-06,22.5,83.5,32.368618
2025-09-06,22.5,84.5,32.34668
2025-09-06,23.5,80.5,31.756063
2025-09-06,23.5,81.5,32.226913
2025-09-06,23.5,82.5,32.64203
2025-09-06,23.5,83.5,32.87645
2025-09-06,23.5,84.5,33.683422
2025-09-06,24.5,80.5,32.856117
2025-09-06,24.5,81.5,33.969227
2025-09-06,24.5,82.5,34.691284
2025-09-06,24.5,83.5,34.598312
2025-09-06,24.5,84.5,34.905663
2025-09-07,18.0,80.5,32.707214
2025-09-07,18.0,81.5,32.072304
2025-09-07,18.0,82.5,31.29701
2025-09-07,18.0,83.5,31.022383
2025-09-07,18.0,84.5,
2025-09-07,18.5,80.5,31.942322
2025-09-07,18.5,81.5,31.344604
2025-09-07,18.5,82.5,30.570522
2025-09-07,18.5,83.5,31.01199
2025-09-07,18.5,84.5,32.16518
2025-09-07,19.5,80.5,30.794426
2025-09-07,19.5,81.5,30.359886
2025-09-07,19.5,82.5,30.848555
2025-09-07,19.5,83.5,31.92768
2025-09-07,19.5,84.5,32.262207
2025-09-07,20.5,80.5,31.738014
2025-09-07,20.5,81.5,31.121502
2025-09-07,20.5,82.5,31.972265
2025-09-07,20.5,83.5,32.31888
2025-09-07,20.5,84.5,32.384403
2025-09-07,21.5,80.5,31.371706
2025-09-07,21.5,81.5,32.391712
2025-09-07,21.5,82.5,32.645798
2025-09-07,21.5,83.5,32.623848
2025-09-07,21.5,84.5,32.146645
2025-09-07,22.5,80.5,31.44333
2025-09-07,22.5,81.5,32.316513
2025-09-07,22.5,82.5,32.834526
2025-09-07,22.5,83.5,32.904785
2025-09-07,22.5,84.5,32.44365
2025-09-07,23.5,80.5,31.880589
2025-09-07,23.5,81.5,32.289482
2025-09-07,23.5,82.5,33.43273
2025-09-07,23.5,83.5,33.3333
2025-09-07,23.5,84.5,33.40053
2025-09-07,24.5,80.5,33.327343
2025-09-07,24.5,81.5,34.271408
2025-09-07,24.5,82.5,34.06533
2025-09-07,24.5,83.5,34.002228
2025-09-07,24.5,84.5,34.32846
2025-09-08,18.0,80.5,33.672115
2025-09-08,18.0,81.5,32.921295
2025-09-08,18.0,82.5,32.533924
2025-09-08,18.0,83.5,32.119694
2025-09-08,18.0,84.5,
2025-09-08,18.5,80.5,33.097584
2025-09-08,18.5,81.5,32.374428
2025-09-08,18.5,82.5,31.779411
2025-09-08,18.5,83.5,31.968328
2025-09-08,18.5,84.5,32.8693
2025-09-08,19.5,80.5,32.084385
2025-09-08,19.5,81.5,31.526663
2025-09-08,19.5,82.5,31.545727
2025-09-08,19.5,83.5,32.61761
2025-09-08,19.5,84.5,32.92883
2025-09-08,20.5,80.5,32.412914
2025-09-08,20.5,81.5,31.712828
2025-09-08,20.5,82.5,32.536003
2025-09-08,20.5,83.5,33.13005
2025-09-08,20.5,84.5,33.141212
2025-09-08,21.5,80.5,31.462736
2025-09-08,21.5,81.5,32.33779
2025-09-08,21.5,82.5,32.733402
2025-09-08,21.5,83.5,33.06457
2025-09-08,21.5,84.5,32.90454
2025-09-08,22.5,80.5,31.131922
2025-09-08,22.5,81.5,32.17382
2025-09-08,22.5,82.5,32.69143
2025-09-08,22.5,83.5,32.758434
2025-09-08,22.5,84.5,32.59834
2025-09-08,23.5,80.5,31.711393
2025-09-08,23.5,81.5,31.596252
2025-09-08,23.5,82.5,33.023823
2025-09-08,23.5,83.5,32.7718
2025-09-08,23.5,84.5,33.250427
2025-09-08,24.5,80.5,32.174744
2025-09-08,24.5,81.5,33.039474
2025-09-08,24.5,82.5,33.766533
2025-09-08,24.5,83.5,33.729057
2025-09-08,24.5,84.5,33.954605
2025-09-09,18.0,80.5,33.553947
2025-09-09,18.0,81.5,32.352364
2025-09-09,18.0,82.5,32.114063
2025-09-09,18.0,83.5,31.957157
2025-09-09,18.0,84.5,
2025-09-09,18.5,80.5,32.729843
2025-09-09,18.5,81.5,31.83067
2025-09-09,18.5,82.5,31.606133
2025-09-09,18.5,83.5,32.0771
2025-09-09,18.5,84.5,33.15858
2025-09-09,19.5,80.5,32.42698
2025-09-09,19.5,81.5,31.287785
2025-09-09,19.5,82.5,31.471727
2025-09-09,19.5,83.5,32.87525
2025-09-09,19.5,84.5,33.404785
2025-09-09,20.5,80.5,32.6077
2025-09-09,20.5,81.5,32.359062
2025-09-09,20.5,82.5,32.704
2025-09-09,20.5,83.5,33.641285
2025-09-09,20.5,84.5,33.73697
2025-09-09,21.5,80.5,32.039867
2025-09-09,21.5,81.5,33.071644
2025-09-09,21.5,82.5,33.28956
2025-09-09,21.5,83.5,33.59379
2025-09-09,21.5,84.5,33.43442
2025-09-09,22.5,80.5,31.782324
2025-09-09,22.5,81.5,32.899593
2025-09-09,22.5,82.5,32.877262
2025-09-09,22.5,83.5,33.107964
2025-09-09,22.5,84.5,32.846344
2025-09-09,23.5,80.5,31.956753
2025-09-09,23.5,81.5,31.89866
2025-09-09,23.5,82.5,33.354164
2025-09-09,23.5,83.5,32.82663
2025-09-09,23.5,84.5,32.996056
2025-09-09,24.5,80.5,32.69984
2025-09-09,24.5,81.5,33.54185
2025-09-09,24.5,82.5,33.399303
2025-09-09,24.5,83.5,33.140934
2025-09-09,24.5,84.5,32.801147
2025-09-10,18.0,80.5,33.15738
2025-09-10,18.0,81.5,32.520218
2025-09-10,18.0,82.5,32.21446
2025-09-10,18.0,83.5,32.65424
2025-09-10,18.0,84.5,
2025-09-10,18.5,80.5,32.222054
2025-09-10,18.5,81.5,31.982746
2025-09-10,18.5,82.5,31.894514
2025-09-10,18.5,83.5,32.792614
2025-09-10,18.5,84.5,33.991913
2025-09-10,19.5,80.5,32.34454
2025-09-10,19.5,81.5,31.78257
2025-09-10,19.5,82.5,32.230034
2025-09-10,19.5,83.5,33.55837
2025-09-10,19.5,84.5,34.215565
2025-09-10,20.5,80.5,33.03812
2025-09-10,20.5,81.5,32.917305
2025-09-10,20.5,82.5,33.412575
2025-09-10,20.5,83.5,34.21546
2025-09-10,20.5,84.5,34.59304
2025-09-10,21.5,80.5,32.059704
2025-09-10,21.5,81.5,33.019077
2025-09-10,21.5,82.5,33.328117
2025-09-10,21.5,83.5,33.929707
2025-09-10,21.5,84.5,34.03539
2025-09-10,22.5,80.5,31.720526
2025-09-10,22.5,81.5,32.772316
2025-09-10,22.5,82.5,32.82385
2025-09-10,22.5,83.5,33.047775
2025-09-10,22.5,84.5,33.47708
2025-09-10,23.5,80.5,31.89961
2025-09-10,23.5,81.5,31.902548
2025-09-10,23.5,82.5,33.18293
2025-09-10,23.5,83.5,32.85617
2025-09-10,23.5,84.5,33.852566
2025-09-10,24.5,80.5,33.020847
2025-09-10,24.5,81.5,33.78796
2025-09-10,24.5,82.5,33.662334
2025-09-10,24.5,83.5,33.84134
2025-09-10,24.5,84.5,33.653027
2025-09-11,18.0,80.5,31.03201
2025-09-11,18.0,81.5,31.340454
2025-09-11,18.0,82.5,31.517239
2025-09-11,18.0,83.5,32.330063
2025-09-11,18.0,84.5,
2025-09-11,18.5,80.5,30.072346
2025-09-11,18.5,81.5,30.834126
2025-09-11,18.5,82.5,31.299662
2025-09-11,18.5,83.5,32.404377
2025-09-11,18.5,84.5,33.695923
2025-09-11,19.5,80.5,30.259634
2025-09-11,19.5,81.5,30.480963
2025-09-11,19.5,82.5,31.44304
2025-09-11,19.5,83.5,33.18648
2025-09-11,19.5,84.5,33.769135
2025-09-11,20.5,80.5,31.246569
2025-09-11,20.5,81.5,31.566727
2025-09-11,20.5,82.5,32.67243
2025-09-11,20.5,83.5,33.65267
2025-09-11,20.5,84.5,34.24776
2025-09-11,21.5,80.5,31.165277
2025-09-11,21.5,81.5,32.470715
2025-09-11,21.5,82.5,32.893692
2025-09-11,21.5,83.5,33.058544
2025-09-11,21.5,84.5,33.33385
2025-09-11,22.5,80.5,31.013573
2025-09-11,22.5,81.5,32.10841
2025-09-11,22.5,82.5,32.19012
2025-09-11,22.5,83.5,32.197575
2025-09-11,22.5,84.5,32.50579
2025-09-11,23.5,80.5,31.46254
2025-09-11,23.5,81.5,31.483854
2025-09-11,23.5,82.5,32.641483
2025-09-11,23.5,83.5,32.328938
2025-09-11,23.5,84.5,33.044174
2025-09-11,24.5,80.5,32.439587
2025-09-11,24.5,81.5,33.11392
2025-09-11,24.5,82.5,32.23354
2025-09-11,24.5,83.5,31.80177
2025-09-11,24.5,84.5,32.34568
2025-09-12,18.0,80.5,29.201014
2025-09-12,18.0,81.5,28.902266
2025-09-12,18.0,82.5,29.064169
2025-09-12,18.0,83.5,29.866915
2025-09-12,18.0,84.5,
2025-09-12,18.5,80.5,28.489817
2025-09-12,18.5,81.5,28.72798
2025-09-12,18.5,82.5,28.838238
2025-09-12,18.5,83.5,29.779932
2025-09-12,18.5,84.5,31.004034
2025-09-12,19.5,80.5,29.31365
2025-09-12,19.5,81.5,28.93224
2025-09-12,19.5,82.5,29.3185
2025-09-12,19.5,83.5,30.826738
2025-09-12,19.5,84.5,31.257626
2025-09-12,20.5,80.5,30.84465
2025-09-12,20.5,81.5,30.519842
2025-09-12,20.5,82.5,31.15561
2025-09-12,20.5,83.5,32.14297
2025-09-12,20.5,84.5,31.682838
2025-09-12,21.5,80.5,30.700228
2025-09-12,21.5,81.5,31.668386
2025-09-12,21.5,82.5,32.333206
2025-09-12,21.5,83.5,32.374496
2025-09-12,21.5,84.5,31.949505
2025-09-12,22.5,80.5,30.881798
2025-09-12,22.5,81.5,31.606632
2025-09-12,22.5,82.5,32.217167
2025-09-12,22.5,83.5,32.11253
2025-09-12,22.5,84.5,31.838133
2025-09-12,23.5,80.5,31.678644
2025-09-12,23.5,81.5,31.853756
2025-09-12,23.5,82.5,32.85184
2025-09-12,23.5,83.5,32.609325
2025-09-12,23.5,84.5,33.252296
2025-09-12,24.5,80.5,32.925426
2025-09-12,24.5,81.5,33.67948
2025-09-12,24.5,82.5,34.229103
2025-09-12,24.5,83.5,33.775833
2025-09-12,24.5,84.5,34.104904
2025-09-13,18.0,80.5,29.408146
2025-09-13,18.0,81.5,29.507658
2025-09-13,18.0,82.5,29.884104
2025-09-13,18.0,83.5,30.835306
2025-09-13,18.0,84.5,
2025-09-13,18.5,80.5,29.574509
2025-09-13,18.5,81.5,29.961275
2025-09-13,18.5,82.5,30.127457
2025-09-13,18.5,83.5,30.7815
2025-09-13,18.5,84.5,32.106953
2025-09-13,19.5,80.5,30.350027
2025-09-13,19.5,81.5,30.347734
2025-09-13,19.5,82.5,30.761086
2025-09-13,19.5,83.5,31.723381
2025-09-13,19.5,84.5,32.12441
2025-09-13,20.5,80.5,31.566296
2025-09-13,20.5,81.5,31.158339
2025-09-13,20.5,82.5,32.269764
2025-09-13,20.5,83.5,32.625957
2025-09-13,20.5,84.5,32.336357
2025-09-13,21.5,80.5,31.07834
2025-09-13,21.5,81.5,31.943237
2025-09-13,21.5,82.5,32.484203
2025-09-13,21.5,83.5,32.283604
2025-09-13,21.5,84.5,31.603292
2025-09-13,22.5,80.5,31.071815
2025-09-13,22.5,81.5,31.84743
2025-09-13,22.5,82.5,32.33479
2025-09-13,22.5,83.5,31.951462
2025-09-13,22.5,84.5,31.625193
2025-09-13,23.5,80.5,31.846886
2025-09-13,23.5,81.5,31.543951
2025-09-13,23.5,82.5,32.78906
2025-09-13,23.5,83.5,32.81717
2025-09-13,23.5,84.5,33.045994
2025-09-13,24.5,80.5,33.27041
2025-09-13,24.5,81.5,33.82226
2025-09-13,24.5,82.5,34.25201
2025-09-13,24.5,83.5,34.04635
2025-09-13,24.5,84.5,34.0543
2025-09-14,18.0,80.5,31.201181
2025-09-14,18.0,81.5,31.316553
2025-09-14,18.0,82.5,31.493198
2025-09-14,18.0,83.5,31.924265
2025-09-14,18.0,84.5,
2025-09-14,18.5,80.5,31.022184
2025-09-14,18.5,81.5,31.09568
2025-09-14,18.5,82.5,31.475142
2025-09-14,18.5,83.5,31.882792
2025-09-14,18.5,84.5,32.668793
2025-09-14,19.5,80.5,31.403786
2025-09-14,19.5,81.5,31.367321
2025-09-14,19.5,82.5,31.649498
2025-09-14,19.5,83.5,32.76988
2025-09-14,19.5,84.5,32.739037
2025-09-14,20.5,80.5,31.749426
2025-09-14,20.5,81.5,31.797731
2025-09-14,20.5,82.5,32.901222
2025-09-14,20.5,83.5,33.350616
2025-09-14,20.5,84.5,32.7663
2025-09-14,21.5,80.5,31.4994
2025-09-14,21.5,81.5,32.636787
2025-09-14,21.5,82.5,33.285572
2025-09-14,21.5,83.5,33.044926
2025-09-14,21.5,84.5,31.83619
2025-09-14,22.5,80.5,31.564758
2025-09-14,22.5,81.5,32.75368
2025-09-14,22.5,82.5,32.940296
2025-09-14,22.5,83.5,32.477577
2025-09-14,22.5,84.5,31.543392
2025-09-14,23.5,80.5,32.40789
2025-09-14,23.5,81.5,32.281063
2025-09-14,23.5,82.5,33.206875
2025-09-14,23.5,83.5,32.261154
2025-09-14,23.5,84.5,31.49231
2025-09-14,24.5,80.5,33.67952
2025-09-14,24.5,81.5,34.041634
2025-09-14,24.5,82.5,32.917614
2025-09-14,24.5,83.5,32.863598
2025-09-14,24.5,84.5,31.62348
2025-09-15,18.0,80.5,31.352358
2025-09-15,18.0,81.5,31.348433
2025-09-15,18.0,82.5,31.148779
2025-09-15,18.0,83.5,31.085766
2025-09-15,18.0,84.5,
2025-09-15,18.5,80.5,31.01028
2025-09-15,18.5,81.5,31.018188
2025-09-15,18.5,82.5,31.172234
2025-09-15,18.5,83.5,30.88605
2025-09-15,18.5,84.5,31.513084
2025-09-15,19.5,80.5,31.067474
2025-09-15,19.5,81.5,30.872599
2025-09-15,19.5,82.5,30.629757
2025-09-15,19.5,83.5,31.20202
2025-09-15,19.5,84.5,31.441074
2025-09-15,20.5,80.5,31.145325
2025-09-15,20.5,81.5,30.375563
2025-09-15,20.5,82.5,31.243742
2025-09-15,20.5,83.5,31.41613
2025-09-15,20.5,84.5,31.496986
2025-09-15,21.5,80.5,30.2247
2025-09-15,21.5,81.5,30.476292
2025-09-15,21.5,82.5,31.121386
2025-09-15,21.5,83.5,30.577608
2025-09-15,21.5,84.5,30.180904
2025-09-15,22.5,80.5,29.75709
2025-09-15,22.5,81.5,30.233267
2025-09-15,22.5,82.5,30.465992
2025-09-15,22.5,83.5,29.944395
2025-09-15,22.5,84.5,29.685486
2025-09-15,23.5,80.5,30.792042
2025-09-15,23.5,81.5,30.40578
2025-09-15,23.5,82.5,30.932234
2025-09-15,23.5,83.5,29.761679
2025-09-15,23.5,84.5,30.253305
2025-09-15,24.5,80.5,32.275505
2025-09-15,24.5,81.5,32.140163
2025-09-15,24.5,82.5,31.408747
2025-09-15,24.5,83.5,30.85983
2025-09-15,24.5,84.5,31.04385
2025-09-16,18.0,80.5,31.33655
2025-09-16,18.0,81.5,31.062433
2025-09-16,18.0,82.5,30.404335
2025-09-16,18.0,83.5,30.393549
2025-09-16,18.0,84.5,
2025-09-16,18.5,80.5,30.913342
2025-09-16,18.5,81.5,30.598782
2025-09-16,18.5,82.5,30.17334
2025-09-16,18.5,83.5,30.109182
2025-09-16,18.5,84.5,30.910471
2025-09-16,19.5,80.5,30.624653
2025-09-16,19.5,81.5,30.202366
2025-09-16,19.5,82.5,30.016626
2025-09-16,19.5,83.5,30.69174
2025-09-16,19.5,84.5,31.012215
2025-09-16,20.5,80.5,31.506054
2025-09-16,20.5,81.5,30.211468
2025-09-16,20.5,82.5,31.27652
2025-09-16,20.5,83.5,31.394567
2025-09-16,20.5,84.5,31.035404
2025-09-16,21.5,80.5,30.306053
2025-09-16,21.5,81.5,30.719975
2025-09-16,21.5,82.5,31.446241
2025-09-16,21.5,83.5,30.805302
2025-09-16,21.5,84.5,30.582159
2025-09-16,22.5,80.5,29.541698
2025-09-16,22.5,81.5,30.272831
2025-09-16,22.5,82.5,30.51022
2025-09-16,22.5,83.5,30.397772
2025-09-16,22.5,84.5,30.376621
2025-09-16,23.5,80.5,30.127003
2025-09-16,23.5,81.5,30.026377
2025-09-16,23.5,82.5,30.56347
2025-09-16,23.5,83.5,29.915966
2025-09-16,23.5,84.5,30.337746
2025-09-16,24.5,80.5,30.717968
2025-09-16,24.5,81.5,31.18467
2025-09-16,24.5,82.5,31.055422
2025-09-16,24.5,83.5,30.6748
2025-09-16,24.5,84.5,30.756678
2025-09-17,18.0,80.5,31.78631
2025-09-17,18.0,81.5,31.335722
2025-09-17,18.0,82.5,31.674807
2025-09-17,18.0,83.5,31.750763
2025-09-17,18.0,84.5,
2025-09-17,18.5,80.5,31.050838
2025-09-17,18.5,81.5,30.914587
2025-09-17,18.5,82.5,31.122467
2025-09-17,18.5,83.5,31.714743
2025-09-17,18.5,84.5,32.706055
2025-09-17,19.5,80.5,30.719664
2025-09-17,19.5,81.5,30.792181
2025-09-17,19.5,82.5,31.069511
2025-09-17,19.5,83.5,32.44985
2025-09-17,19.5,84.5,32.797634
2025-09-17,20.5,80.5,31.280079
2025-09-17,20.5,81.5,31.003994
2025-09-17,20.5,82.5,32.505142
2025-09-17,20.5,83.5,32.89095
2025-09-17,20.5,84.5,32.938744
2025-09-17,21.5,80.5,31.009123
2025-09-17,21.5,81.5,32.033504
2025-09-17,21.5,82.5,32.47964
2025-09-17,21.5,83.5,32.197643
2025-09-17,21.5,84.5,32.38007
2025-09-17,22.5,80.5,30.433287
2025-09-17,22.5,81.5,31.720549
2025-09-17,22.5,82.5,31.94612
2025-09-17,22.5,83.5,31.669975
2025-09-17,22.5,84.5,31.964575
2025-09-17,23.5,80.5,31.000126
2025-09-17,23.5,81.5,30.811926
2025-09-17,23.5,82.5,31.970785
2025-09-17,23.5,83.5,31.444906
2025-09-17,23.5,84.5,32.016605
2025-09-17,24.5,80.5,31.8744
2025-09-17,24.5,81.5,32.20177
2025-09-17,24.5,82.5,32.06376
2025-09-17,24.5,83.5,31.590351
2025-09-17,24.5,84.5,31.985626
2025-09-18,18.0,80.5,32.50843
2025-09-18,18.0,81.5,32.181442
2025-09-18,18.0,82.5,32.43528
2025-09-18,18.0,83.5,32.97399
2025-09-18,18.0,84.5,
2025-09-18,18.5,80.5,32.089924
2025-09-18,18.5,81.5,32.010765
2025-09-18,18.5,82.5,32.28081
2025-09-18,18.5,83.5,32.801483
2025-09-18,18.5,84.5,33.875313
2025-09-18,19.5,80.5,32.15792
2025-09-18,19.5,81.5,32.05381
2025-09-18,19.5,82.5,32.07288
2025-09-18,19.5,83.5,33.520947
2025-09-18,19.5,84.5,33.946377
2025-09-18,20.5,80.5,32.210125
2025-09-18,20.5,81.5,31.823992
2025-09-18,20.5,82.5,32.782898
2025-09-18,20.5,83.5,33.71594
2025-09-18,20.5,84.5,34.27781
2025-09-18,21.5,80.5,31.31769
2025-09-18,21.5,81.5,32.296444
2025-09-18,21.5,82.5,32.624767
2025-09-18,21.5,83.5,33.097183
2025-09-18,21.5,84.5,33.66592
2025-09-18,22.5,80.5,30.583292
2025-09-18,22.5,81.5,31.648075
2025-09-18,22.5,82.5,31.789883
2025-09-18,22.5,83.5,32.051228
2025-09-18,22.5,84.5,32.627098
2025-09-18,23.5,80.5,30.168406
2025-09-18,23.5,81.5,30.077456
2025-09-18,23.5,82.5,31.228945
2025-09-18,23.5,83.5,31.470928
2025-09-18,23.5,84.5,32.914402
2025-09-18,24.5,80.5,30.6579
2025-09-18,24.5,81.5,31.025276
2025-09-18,24.5,82.5,32.121895
2025-09-18,24.5,83.5,32.16742
2025-09-18,24.5,84.5,33.017956
2025-09-19,18.0,80.5,32.68226
2025-09-19,18.0,81.5,32.832287
2025-09-19,18.0,82.5,33.174805
2025-09-19,18.0,83.5,33.664818
2025-09-19,18.0,84.5,
2025-09-19,18.5,80.5,32.532066
2025-09-19,18.5,81.5,32.75346
2025-09-19,18.5,82.5,33.143917
2025-09-19,18.5,83.5,33.637756
2025-09-19,18.5,84.5,34.89303
2025-09-19,19.5,80.5,32.66289
2025-09-19,19.5,81.5,32.809086
2025-09-19,19.5,82.5,33.25187
2025-09-19,19.5,83.5,34.591187
2025-09-19,19.5,84.5,34.86353
2025-09-19,20.5,80.5,33.282837
2025-09-19,20.5,81.5,32.83945
2025-09-19,20.5,82.5,34.353783
2025-09-19,20.5,83.5,34.881733
2025-09-19,20.5,84.5,34.978573
2025-09-19,21.5,80.5,32.266327
2025-09-19,21.5,81.5,33.398785
2025-09-19,21.5,82.5,33.86045
2025-09-19,21.5,83.5,34.213737
2025-09-19,21.5,84.5,34.459984
2025-09-19,22.5,80.5,31.624063
2025-09-19,22.5,81.5,32.861305
2025-09-19,22.5,82.5,33.007637
2025-09-19,22.5,83.5,33.100296
2025-09-19,22.5,84.5,33.902176
2025-09-19,23.5,80.5,31.722515
2025-09-19,23.5,81.5,31.532768
2025-09-19,23.5,82.5,32.6812
2025-09-19,23.5,83.5,32.733788
2025-09-19,23.5,84.5,33.544518
2025-09-19,24.5,80.5,32.43879
2025-09-19,24.5,81.5,32.991806
2025-09-19,24.5,82.5,33.046352
2025-09-19,24.5,83.5,32.967117
2025-09-19,24.5,84.5,33.56357
2025-09-20,18.0,80.5,33.73662
2025-09-20,18.0,81.5,33.931824
2025-09-20,18.0,82.5,34.117462
2025-09-20,18.0,83.5,34.451046
2025-09-20,18.0,84.5,
2025-09-20,18.5,80.5,33.60923
2025-09-20,18.5,81.5,33.651566
2025-09-20,18.5,82.5,33.984325
2025-09-20,18.5,83.5,34.097443
2025-09-20,18.5,84.5,34.840027
2025-09-20,19.5,80.5,33.354473
2025-09-20,19.5,81.5,33.595783
2025-09-20,19.5,82.5,33.728607
2025-09-20,19.5,83.5,34.74461
2025-09-20,19.5,84.5,34.940536
2025-09-20,20.5,80.5,33.742126
2025-09-20,20.5,81.5,33.54184
2025-09-20,20.5,82.5,34.831512
2025-09-20,20.5,83.5,35.256283
2025-09-20,20.5,84.5,35.22418
2025-09-20,21.5,80.5,33.227783
2025-09-20,21.5,81.5,34.250916
2025-09-20,21.5,82.5,34.353134
2025-09-20,21.5,83.5,34.749504
2025-09-20,21.5,84.5,34.98895
2025-09-20,22.5,80.5,32.72821
2025-09-20,22.5,81.5,33.730766
2025-09-20,22.5,82.5,33.73013
2025-09-20,22.5,83.5,33.677776
2025-09-20,22.5,84.5,33.87222
2025-09-20,23.5,80.5,32.89071
2025-09-20,23.5,81.5,32.114697
2025-09-20,23.5,82.5,33.285133
2025-09-20,23.5,83.5,33.226185
2025-09-20,23.5,84.5,33.949535
2025-09-20,24.5,80.5,33.36368
2025-09-20,24.5,81.5,33.493217
2025-09-20,24.5,82.5,33.33032
2025-09-20,24.5,83.5,33.2953
2025-09-20,24.5,84.5,33.960205
2025-09-21,18.0,80.5,32.858738
2025-09-21,18.0,81.5,32.549496
2025-09-21,18.0,82.5,32.765358
2025-09-21,18.0,83.5,33.006332
2025-09-21,18.0,84.5,
2025-09-21,18.5,80.5,32.498756
2025-09-21,18.5,81.5,32.317036
2025-09-21,18.5,82.5,32.703693
2025-09-21,18.5,83.5,32.811558
2025-09-21,18.5,84.5,33.723625
2025-09-21,19.5,80.5,32.68418
2025-09-21,19.5,81.5,32.46677
2025-09-21,19.5,82.5,33.0508
2025-09-21,19.5,83.5,33.7308
2025-09-21,19.5,84.5,34.03458
2025-09-21,20.5,80.5,33.695976
2025-09-21,20.5,81.5,33.393806
2025-09-21,20.5,82.5,34.27766
2025-09-21,20.5,83.5,34.350964
2025-09-21,20.5,84.5,34.153885
2025-09-21,21.5,80.5,33.398113
2025-09-21,21.5,81.5,34.085087
2025-09-21,21.5,82.5,34.235813
2025-09-21,21.5,83.5,34.3655
2025-09-21,21.5,84.5,34.020508
2025-09-21,22.5,80.5,33.104263
2025-09-21,22.5,81.5,33.747604
2025-09-21,22.5,82.5,33.788948
2025-09-21,22.5,83.5,33.250294
2025-09-21,22.5,84.5,33.440105
2025-09-21,23.5,80.5,33.684746
2025-09-21,23.5,81.5,33.297386
2025-09-21,23.5,82.5,34.070034
2025-09-21,23.5,83.5,33.483837
2025-09-21,23.5,84.5,33.82368
2025-09-21,24.5,80.5,34.4736
2025-09-21,24.5,81.5,34.674797
2025-09-21,24.5,82.5,34.14321
2025-09-21,24.5,83.5,33.742767
2025-09-21,24.5,84.5,33.779804
2025-09-22,18.0,80.5,31.121483
2025-09-22,18.0,81.5,30.95206
2025-09-22,18.0,82.5,30.909082
2025-09-22,18.0,83.5,31.50433
2025-09-22,18.0,84.5,
2025-09-22,18.5,80.5,30.86954
2025-09-22,18.5,81.5,30.703194
2025-09-22,18.5,82.5,30.79122
2025-09-22,18.5,83.5,31.53104
2025-09-22,18.5,84.5,32.467747
2025-09-22,19.5,80.5,31.27543
2025-09-22,19.5,81.5,31.068417
2025-09-22,19.5,82.5,31.45876
2025-09-22,19.5,83.5,32.52051
2025-09-22,19.5,84.5,32.830776
2025-09-22,20.5,80.5,32.48187
2025-09-22,20.5,81.5,32.3931
2025-09-22,20.5,82.5,32.94924
2025-09-22,20.5,83.5,33.530087
2025-09-22,20.5,84.5,33.06462
2025-09-22,21.5,80.5,32.318016
2025-09-22,21.5,81.5,33.33676
2025-09-22,21.5,82.5,33.486095
2025-09-22,21.5,83.5,33.70019
2025-09-22,21.5,84.5,33.090324
2025-09-22,22.5,80.5,32.89322
2025-09-22,22.5,81.5,33.341667
2025-09-22,22.5,82.5,33.40716
2025-09-22,22.5,83.5,33.03989
2025-09-22,22.5,84.5,32.887936
2025-09-22,23.5,80.5,33.710487
2025-09-22,23.5,81.5,33.412468
2025-09-22,23.5,82.5,34.153442
2025-09-22,23.5,83.5,33.779907
2025-09-22,23.5,84.5,34.042503
2025-09-22,24.5,80.5,34.800507
2025-09-22,24.5,81.5,35.071156
2025-09-22,24.5,82.5,34.905636
2025-09-22,24.5,83.5,34.681793
2025-09-22,24.5,84.5,34.723213
2025-09-23,18.0,80.5,29.164207
2025-09-23,18.0,81.5,29.753286
2025-09-23,18.0,82.5,29.82561
2025-09-23,18.0,83.5,30.162098
2025-09-23,18.0,84.5,
2025-09-23,18.5,80.5,29.458286
2025-09-23,18.5,81.5,29.845304
2025-09-23,18.5,82.5,29.968811
2025-09-23,18.5,83.5,30.157312
2025-09-23,18.5,84.5,30.89882
2025-09-23,19.5,80.5,30.588428
2025-09-23,19.5,81.5,30.369383
2025-09-23,19.5,82.5,30.717388
2025-09-23,19.5,83.5,31.01275
2025-09-23,19.5,84.5,31.030664
2025-09-23,20.5,80.5,31.881384
2025-09-23,20.5,81.5,30.953054
2025-09-23,20.5,82.5,31.923555
2025-09-23,20.5,83.5,31.434076
2025-09-23,20.5,84.5,30.568146
2025-09-23,21.5,80.5,32.582195
2025-09-23,21.5,81.5,31.966318
2025-09-23,21.5,82.5,31.939928
2025-09-23,21.5,83.5,31.554619
2025-09-23,21.5,84.5,30.267056
2025-09-23,22.5,80.5,33.23323
2025-09-23,22.5,81.5,32.23563
2025-09-23,22.5,82.5,31.89696
2025-09-23,22.5,83.5,30.98621
2025-09-23,22.5,84.5,30.64208
2025-09-23,23.5,80.5,33.605824
2025-09-23,23.5,81.5,33.403835
2025-09-23,23.5,82.5,33.03917
2025-09-23,23.5,83.5,32.29446
2025-09-23,23.5,84.5,31.869751
2025-09-23,24.5,80.5,34.86285
2025-09-23,24.5,81.5,35.266834
2025-09-23,24.5,82.5,34.216415
2025-09-23,24.5,83.5,33.702698
2025-09-23,24.5,84.5,32.938004
2025-09-24,18.0,80.5,29.55145
2025-09-24,18.0,81.5,29.614857
2025-09-24,18.0,82.5,29.264442
2025-09-24,18.0,83.5,30.07803
2025-09-24,18.0,84.5,
2025-09-24,18.5,80.5,29.537066
2025-09-24,18.5,81.5,28.999315
2025-09-24,18.5,82.5,29.237268
2025-09-24,18.5,83.5,29.872974
2025-09-24,18.5,84.5,30.849092
2025-09-24,19.5,80.5,29.67667
2025-09-24,19.5,81.5,29.288061
2025-09-24,19.5,82.5,29.103113
2025-09-24,19.5,83.5,30.277548
2025-09-24,19.5,84.5,30.761253
2025-09-24,20.5,80.5,31.084686
2025-09-24,20.5,81.5,29.327826
2025-09-24,20.5,82.5,29.98667
2025-09-24,20.5,83.5,30.407804
2025-09-24,20.5,84.5,30.414896
2025-09-24,21.5,80.5,31.598915
2025-09-24,21.5,81.5,30.265537
2025-09-24,21.5,82.5,30.322474
2025-09-24,21.5,83.5,30.565517
2025-09-24,21.5,84.5,30.74157
2025-09-24,22.5,80.5,32.359283
2025-09-24,22.5,81.5,30.523922
2025-09-24,22.5,82.5,30.435146
2025-09-24,22.5,83.5,30.080605
2025-09-24,22.5,84.5,30.021832
2025-09-24,23.5,80.5,33.004955
2025-09-24,23.5,81.5,32.66699
2025-09-24,23.5,82.5,31.989075
2025-09-24,23.5,83.5,31.198774
2025-09-24,23.5,84.5,31.692253
2025-09-24,24.5,80.5,34.10837
2025-09-24,24.5,81.5,34.31015
2025-09-24,24.5,82.5,33.91076
2025-09-24,24.5,83.5,33.67273
2025-09-24,24.5,84.5,33.13507
2025-09-25,18.0,80.5,27.974531
2025-09-25,18.0,81.5,28.449814
2025-09-25,18.0,82.5,28.984558
2025-09-25,18.0,83.5,30.196613
2025-09-25,18.0,84.5,
2025-09-25,18.5,80.5,26.807014
2025-09-25,18.5,81.5,28.105188
2025-09-25,18.5,82.5,28.460136
2025-09-25,18.5,83.5,30.66148
2025-09-25,18.5,84.5,31.745924
2025-09-25,19.5,80.5,26.917131
2025-09-25,19.5,81.5,28.143959
2025-09-25,19.5,82.5,29.230673
2025-09-25,19.5,83.5,31.43647
2025-09-25,19.5,84.5,31.911623
2025-09-25,20.5,80.5,28.891705
2025-09-25,20.5,81.5,28.916658
2025-09-25,20.5,82.5,31.222345
2025-09-25,20.5,83.5,32.02602
2025-09-25,20.5,84.5,32.11415
2025-09-25,21.5,80.5,30.082489
2025-09-25,21.5,81.5,30.726871
2025-09-25,21.5,82.5,31.451317
2025-09-25,21.5,83.5,32.466835
2025-09-25,21.5,84.5,32.356052
2025-09-25,22.5,80.5,31.215078
2025-09-25,22.5,81.5,30.888039
2025-09-25,22.5,82.5,31.704647
2025-09-25,22.5,83.5,31.926008
2025-09-25,22.5,84.5,32.22952
2025-09-25,23.5,80.5,32.015198
2025-09-25,23.5,81.5,31.865498
2025-09-25,23.5,82.5,32.363773
2025-09-25,23.5,83.5,31.961222
2025-09-25,23.5,84.5,32.895103
2025-09-25,24.5,80.5,33.538746
2025-09-25,24.5,81.5,33.769897
2025-09-25,24.5,82.5,33.320312
2025-09-25,24.5,83.5,33.441334
2025-09-25,24.5,84.5,33.739063
2025-09-26,18.0,80.5,27.142035
2025-09-26,18.0,81.5,27.84302
2025-09-26,18.0,82.5,27.995352
2025-09-26,18.0,83.5,28.49736
2025-09-26,18.0,84.5,
2025-09-26,18.5,80.5,28.26198
2025-09-26,18.5,81.5,28.976202
2025-09-26,18.5,82.5,28.590057
2025-09-26,18.5,83.5,28.536552
2025-09-26,18.5,84.5,29.36785
2025-09-26,19.5,80.5,30.231373
2025-09-26,19.5,81.5,30.16655
2025-09-26,19.5,82.5,29.74882
2025-09-26,19.5,83.5,29.67906
2025-09-26,19.5,84.5,29.71489
2025-09-26,20.5,80.5,31.702543
2025-09-26,20.5,81.5,30.960464
2025-09-26,20.5,82.5,31.611765
2025-09-26,20.5,83.5,30.778236
2025-09-26,20.5,84.5,29.590113
2025-09-26,21.5,80.5,32.095478
2025-09-26,21.5,81.5,31.862715
2025-09-26,21.5,82.5,32.16947
2025-09-26,21.5,83.5,30.58538
2025-09-26,21.5,84.5,29.72397
2025-09-26,22.5,80.5,32.35945
2025-09-26,22.5,81.5,31.7481
2025-09-26,22.5,82.5,31.802252
2025-09-26,22.5,83.5,31.638258
2025-09-26,22.5,84.5,31.427832
2025-09-26,23.5,80.5,32.770203
2025-09-26,23.5,81.5,32.599216
2025-09-26,23.5,82.5,32.59129
2025-09-26,23.5,83.5,31.917946
2025-09-26,23.5,84.5,32.774364
2025-09-26,24.5,80.5,34.252655
2025-09-26,24.5,81.5,34.590073
2025-09-26,24.5,82.5,34.245277
2025-09-26,24.5,83.5,33.778557
2025-09-26,24.5,84.5,34.056633
2025-09-27,18.0,80.5,27.773321
2025-09-27,18.0,81.5,28.787664
2025-09-27,18.0,82.5,28.83231
2025-09-27,18.0,83.5,29.787151
2025-09-27,18.0,84.5,
2025-09-27,18.5,80.5,27.712643
2025-09-27,18.5,81.5,28.850477
2025-09-27,18.5,82.5,29.094814
2025-09-27,18.5,83.5,29.746964
2025-09-27,18.5,84.5,30.522684
2025-09-27,19.5,80.5,28.061493
2025-09-27,19.5,81.5,28.779528
2025-09-27,19.5,82.5,28.89204
2025-09-27,19.5,83.5,30.378336
2025-09-27,19.5,84.5,30.534367
2025-09-27,20.5,80.5,29.033218
2025-09-27,20.5,81.5,28.57294
2025-09-27,20.5,82.5,30.195078
2025-09-27,20.5,83.5,30.733757
2025-09-27,20.5,84.5,30.599873
2025-09-27,21.5,80.5,29.258034
2025-09-27,21.5,81.5,29.580923
2025-09-27,21.5,82.5,30.2468
2025-09-27,21.5,83.5,30.463253
2025-09-27,21.5,84.5,30.199629
2025-09-27,22.5,80.5,29.54892
2025-09-27,22.5,81.5,29.480343
2025-09-27,22.5,82.5,29.845434
2025-09-27,22.5,83.5,30.001799
2025-09-27,22.5,84.5,30.390753
2025-09-27,23.5,80.5,29.994608
2025-09-27,23.5,81.5,29.730766
2025-09-27,23.5,82.5,30.264397
2025-09-27,23.5,83.5,29.81726
2025-09-27,23.5,84.5,31.189302
2025-09-27,24.5,80.5,31.097633
2025-09-27,24.5,81.5,31.594519
2025-09-27,24.5,82.5,31.884495
2025-09-27,24.5,83.5,31.69599
2025-09-27,24.5,84.5,32.258717
2025-09-28,18.0,80.5,29.61356
2025-09-28,18.0,81.5,30.504093
2025-09-28,18.0,82.5,30.407583
2025-09-28,18.0,83.5,30.545595
2025-09-28,18.0,84.5,
2025-09-28,18.5,80.5,28.613941
2025-09-28,18.5,81.5,29.38802
2025-09-28,18.5,82.5,30.066671
2025-09-28,18.5,83.5,30.872528
2025-09-28,18.5,84.5,31.953186
2025-09-28,19.5,80.5,27.786682
2025-09-28,19.5,81.5,29.191408
2025-09-28,19.5,82.5,30.101618
2025-09-28,19.5,83.5,31.659697
2025-09-28,19.5,84.5,31.983173
2025-09-28,20.5,80.5,29.510544
2025-09-28,20.5,81.5,28.93222
2025-09-28,20.5,82.5,31.526857
2025-09-28,20.5,83.5,32.204483
2025-09-28,20.5,84.5,31.981508
2025-09-28,21.5,80.5,29.822428
2025-09-28,21.5,81.5,30.375727
2025-09-28,21.5,82.5,31.37738
2025-09-28,21.5,83.5,31.972572
2025-09-28,21.5,84.5,31.54483
2025-09-28,22.5,80.5,30.420712
2025-09-28,22.5,81.5,30.845976
2025-09-28,22.5,82.5,30.995415
2025-09-28,22.5,83.5,31.344831
2025-09-28,22.5,84.5,30.995506
2025-09-28,23.5,80.5,31.22467
2025-09-28,23.5,81.5,31.119024
2025-09-28,23.5,82.5,31.542906
2025-09-28,23.5,83.5,31.522505
2025-09-28,23.5,84.5,31.738974
2025-09-28,24.5,80.5,32.424328
2025-09-28,24.5,81.5,33.074623
2025-09-28,24.5,82.5,33.366558
2025-09-28,24.5,83.5,32.87203
2025-09-28,24.5,84.5,33.29426
2025-09-29,18.0,80.5,31.633635
2025-09-29,18.0,81.5,31.71954
2025-09-29,18.0,82.5,31.468273
2025-09-29,18.0,83.5,31.363699
2025-09-29,18.0,84.5,
2025-09-29,18.5,80.5,31.605436
2025-09-29,18.5,81.5,31.332811
2025-09-29,18.5,82.5,31.074299
2025-09-29,18.5,83.5,31.521786
2025-09-29,18.5,84.5,32.22927
2025-09-29,19.5,80.5,31.037521
2025-09-29,19.5,81.5,31.415699
2025-09-29,19.5,82.5,31.072666
2025-09-29,19.5,83.5,32.022305
2025-09-29,19.5,84.5,32.31105
2025-09-29,20.5,80.5,31.523882
2025-09-29,20.5,81.5,31.021276
2025-09-29,20.5,82.5,32.58885
2025-09-29,20.5,83.5,32.693184
2025-09-29,20.5,84.5,32.460358
2025-09-29,21.5,80.5,30.990967
2025-09-29,21.5,81.5,32.033733
2025-09-29,21.5,82.5,32.279716
2025-09-29,21.5,83.5,33.123333
2025-09-29,21.5,84.5,32.78497
2025-09-29,22.5,80.5,31.145964
2025-09-29,22.5,81.5,32.047775
2025-09-29,22.5,82.5,32.7924
2025-09-29,22.5,83.5,32.879963
2025-09-29,22.5,84.5,33.283592
2025-09-29,23.5,80.5,31.823524
2025-09-29,23.5,81.5,32.19582
2025-09-29,23.5,82.5,33.09352
2025-09-29,23.5,83.5,33.305122
2025-09-29,23.5,84.5,34.407524
2025-09-29,24.5,80.5,33.03831
2025-09-29,24.5,81.5,33.898598
2025-09-29,24.5,82.5,34.537296
2025-09-29,24.5,83.5,34.51495
2025-09-29,24.5,84.5,34.872223
2025-09-30,18.0,80.5,31.532154
2025-09-30,18.0,81.5,31.556433
2025-09-30,18.0,82.5,31.36046
2025-09-30,18.0,83.5,31.637802
2025-09-30,18.0,84.5,
2025-09-30,18.5,80.5,31.461197
2025-09-30,18.5,81.5,31.50883
2025-09-30,18.5,82.5,31.360788
2025-09-30,18.5,83.5,31.774233
2025-09-30,18.5,84.5,32.962326
2025-09-30,19.5,80.5,31.175243
2025-09-30,19.5,81.5,31.745203
2025-09-30,19.5,82.5,31.530828
2025-09-30,19.5,83.5,32.599884
2025-09-30,19.5,84.5,33.185875
2025-09-30,20.5,80.5,31.715963
2025-09-30,20.5,81.5,31.377579
2025-09-30,20.5,82.5,32.882717
2025-09-30,20.5,83.5,33.133602
2025-09-30,20.5,84.5,33.48063
2025-09-30,21.5,80.5,31.383003
2025-09-30,21.5,81.5,32.57883
2025-09-30,21.5,82.5,32.808025
2025-09-30,21.5,83.5,33.547066
2025-09-30,21.5,84.5,33.890995
2025-09-30,22.5,80.5,31.83836
2025-09-30,22.5,81.5,32.711937
2025-09-30,22.5,82.5,33.431797
2025-09-30,22.5,83.5,33.461147
2025-09-30,22.5,84.5,33.97573
2025-09-30,23.5,80.5,32.360355
2025-09-30,23.5,81.5,32.58615
2025-09-30,23.5,82.5,33.43152
2025-09-30,23.5,83.5,33.48678
2025-09-30,23.5,84.5,34.45397
2025-09-30,24.5,80.5,33.36187
2025-09-30,24.5,81.5,33.95116
2025-09-30,24.5,82.5,34.55516
2025-09-30,24.5,83.5,34.20234
2025-09-30,24.5,84.5,34.612514
2025-10-01,18.0,80.5,30.573484
2025-10-01,18.0,81.5,30.630825
2025-10-01,18.0,82.5,30.867092
2025-10-01,18.0,83.5,31.165594
2025-10-01,18.0,84.5,
2025-10-01,18.5,80.5,31.011782
2025-10-01,18.5,81.5,30.935646
2025-10-01,18.5,82.5,30.874369
2025-10-01,18.5,83.5,31.49096
2025-10-01,18.5,84.5,32.869366
2025-10-01,19.5,80.5,31.735054
2025-10-01,19.5,81.5,31.840067
2025-10-01,19.5,82.5,31.837418
2025-10-01,19.5,83.5,32.921387
2025-10-01,19.5,84.5,33.47076
2025-10-01,20.5,80.5,32.28146
2025-10-01,20.5,81.5,31.803608
2025-10-01,20.5,82.5,33.014114
2025-10-01,20.5,83.5,33.526146
2025-10-01,20.5,84.5,33.789352
2025-10-01,21.5,80.5,31.2682
2025-10-01,21.5,81.5,32.50291
2025-10-01,21.5,82.5,32.600452
2025-10-01,21.5,83.5,33.58695
2025-10-01,21.5,84.5,33.88943
2025-10-01,22.5,80.5,31.033453
2025-10-01,22.5,81.5,32.15072
2025-10-01,22.5,82.5,32.729416
2025-10-01,22.5,83.5,32.89518
2025-10-01,22.5,84.5,33.708622
2025-10-01,23.5,80.5,31.692677
2025-10-01,23.5,81.5,31.698349
2025-10-01,23.5,82.5,32.47706
2025-10-01,23.5,83.5,32.414867
2025-10-01,23.5,84.5,33.916355
2025-10-01,24.5,80.5,31.850805
2025-10-01,24.5,81.5,32.86982
2025-10-01,24.5,82.5,33.215473
2025-10-01,24.5,83.5,33.012432
2025-10-01,24.5,84.5,33.55012
2025-10-02,18.0,80.5,29.114899
2025-10-02,18.0,81.5,28.11955
2025-10-02,18.0,82.5,27.464828
2025-10-02,18.0,83.5,27.41919
2025-10-02,18.0,84.5,
2025-10-02,18.5,80.5,29.336372
2025-10-02,18.5,81.5,27.914454
2025-10-02,18.5,82.5,27.348516
2025-10-02,18.5,83.5,27.589222
2025-10-02,18.5,84.5,28.526335
2025-10-02,19.5,80.5,29.916788
2025-10-02,19.5,81.5,28.553804
2025-10-02,19.5,82.5,27.927305
2025-10-02,19.5,83.5,28.613102
2025-10-02,19.5,84.5,29.085575
2025-10-02,20.5,80.5,30.282516
2025-10-02,20.5,81.5,29.649178
2025-10-02,20.5,82.5,29.577295
2025-10-02,20.5,83.5,29.866304
2025-10-02,20.5,84.5,29.375269
2025-10-02,21.5,80.5,30.891708
2025-10-02,21.5,81.5,30.46438
2025-10-02,21.5,82.5,30.462374
2025-10-02,21.5,83.5,30.256062
2025-10-02,21.5,84.5,30.092392
2025-10-02,22.5,80.5,31.262762
2025-10-02,22.5,81.5,30.713858
2025-10-02,22.5,82.5,30.213955
2025-10-02,22.5,83.5,29.79399
2025-10-02,22.5,84.5,29.935427
2025-10-02,23.5,80.5,31.00205
2025-10-02,23.5,81.5,30.427427
2025-10-02,23.5,82.5,30.907873
2025-10-02,23.5,83.5,30.067379
2025-10-02,23.5,84.5,30.36587
2025-10-02,24.5,80.5,31.380108
2025-10-02,24.5,81.5,31.663277
2025-10-02,24.5,82.5,31.110395
2025-10-02,24.5,83.5,30.028212
2025-10-02,24.5,84.5,29.966404
2025-10-03,18.0,80.5,31.923769
2025-10-03,18.0,81.5,31.836208
2025-10-03,18.0,82.5,31.345926
2025-10-03,18.0,83.5,31.810595
2025-10-03,18.0,84.5,
2025-10-03,18.5,80.5,31.477085
2025-10-03,18.5,81.5,31.155771
2025-10-03,18.5,82.5,31.181767
2025-10-03,18.5,83.5,31.29105
2025-10-03,18.5,84.5,31.72943
2025-10-03,19.5,80.5,30.89433
2025-10-03,19.5,81.5,31.539377
2025-10-03,19.5,82.5,30.275234
2025-10-03,19.5,83.5,31.1792
2025-10-03,19.5,84.5,31.243814
2025-10-03,20.5,80.5,30.721806
2025-10-03,20.5,81.5,29.209082
2025-10-03,20.5,82.5,30.633137
2025-10-03,20.5,83.5,30.537783
2025-10-03,20.5,84.5,30.885365
2025-10-03,21.5,80.5,30.386068
2025-10-03,21.5,81.5,29.262123
2025-10-03,21.5,82.5,29.075329
2025-10-03,21.5,83.5,29.508259
2025-10-03,21.5,84.5,29.845114
2025-10-03,22.5,80.5,29.698208
2025-10-03,22.5,81.5,28.862925
2025-10-03,22.5,82.5,28.136305
2025-10-03,22.5,83.5,27.485136
2025-10-03,22.5,84.5,27.922686
2025-10-03,23.5,80.5,29.16459
2025-10-03,23.5,81.5,27.926765
2025-10-03,23.5,82.5,27.743315
2025-10-03,23.5,83.5,27.374968
2025-10-03,23.5,84.5,28.219315
2025-10-03,24.5,80.5,29.72641
2025-10-03,24.5,81.5,29.411184
2025-10-03,24.5,82.5,28.671095
2025-10-03,24.5,83.5,28.250935
2025-10-03,24.5,84.5,28.83823
2025-10-04,18.0,80.5,32.56979
2025-10-04,18.0,81.5,31.93902
2025-10-04,18.0,82.5,31.251192
2025-10-04,18.0,83.5,31.729492
2025-10-04,18.0,84.5,
2025-10-04,18.5,80.5,32.027447
2025-10-04,18.5,81.5,31.274918
2025-10-04,18.5,82.5,31.326578
2025-10-04,18.5,83.5,31.566048
2025-10-04,18.5,84.5,32.111492
2025-10-04,19.5,80.5,31.1657
2025-10-04,19.5,81.5,31.541595
2025-10-04,19.5,82.5,30.887733
2025-10-04,19.5,83.5,31.794405
2025-10-04,19.5,84.5,31.906158
2025-10-04,20.5,80.5,31.792233
2025-10-04,20.5,81.5,30.87973
2025-10-04,20.5,82.5,31.55601
2025-10-04,20.5,83.5,31.897066
2025-10-04,20.5,84.5,31.994308
2025-10-04,21.5,80.5,30.84141
2025-10-04,21.5,81.5,30.867975
2025-10-04,21.5,82.5,31.031183
2025-10-04,21.5,83.5,31.189034
2025-10-04,21.5,84.5,31.346228
2025-10-04,22.5,80.5,30.033354
2025-10-04,22.5,81.5,30.238539
2025-10-04,22.5,82.5,29.897821
2025-10-04,22.5,83.5,29.992422
2025-10-04,22.5,84.5,29.93419
2025-10-04,23.5,80.5,29.939062
2025-10-04,23.5,81.5,29.195389
2025-10-04,23.5,82.5,29.547787
2025-10-04,23.5,83.5,29.613073
2025-10-04,23.5,84.5,29.702232
2025-10-04,24.5,80.5,30.61668
2025-10-04,24.5,81.5,30.504435
2025-10-04,24.5,82.5,29.306814
2025-10-04,24.5,83.5,28.93908
2025-10-04,24.5,84.5,29.597675
2025-10-05,18.0,80.5,32.038994
2025-10-05,18.0,81.5,32.20122
2025-10-05,18.0,82.5,31.429024
2025-10-05,18.0,83.5,31.104164
2025-10-05,18.0,84.5,
2025-10-05,18.5,80.5,31.27897
2025-10-05,18.5,81.5,31.341354
2025-10-05,18.5,82.5,31.273325
2025-10-05,18.5,83.5,30.840048
2025-10-05,18.5,84.5,31.067724
2025-10-05,19.5,80.5,30.407318
2025-10-05,19.5,81.5,31.613083
2025-10-05,19.5,82.5,30.469687
2025-10-05,19.5,83.5,30.77385
2025-10-05,19.5,84.5,30.596104
2025-10-05,20.5,80.5,31.407135
2025-10-05,20.5,81.5,30.17459
2025-10-05,20.5,82.5,31.494314
2025-10-05,20.5,83.5,30.865227
2025-10-05,20.5,84.5,30.164932
2025-10-05,21.5,80.5,30.948252
2025-10-05,21.5,81.5,30.951199
2025-10-05,21.5,82.5,31.275469
2025-10-05,21.5,83.5,30.352524
2025-10-05,21.5,84.5,29.638111
2025-10-05,22.5,80.5,30.942284
2025-10-05,22.5,81.5,30.7672
2025-10-05,22.5,82.5,30.829739
2025-10-05,22.5,83.5,30.09208
2025-10-05,22.5,84.5,29.464478
2025-10-05,23.5,80.5,31.593166
2025-10-05,23.5,81.5,31.398966
2025-10-05,23.5,82.5,31.417542
2025-10-05,23.5,83.5,30.791365
2025-10-05,23.5,84.5,30.333618
2025-10-05,24.5,80.5,33.12177
2025-10-05,24.5,81.5,33.127426
2025-10-05,24.5,82.5,32.13979
2025-10-05,24.5,83.5,30.904985
2025-10-05,24.5,84.5,30.097485
2025-10-06,18.0,80.5,31.698809
2025-10-06,18.0,81.5,31.440857
2025-10-06,18.0,82.5,31.906298
2025-10-06,18.0,83.5,32.08655
2025-10-06,18.0,84.5,
2025-10-06,18.5,80.5,31.146694
2025-10-06,18.5,81.5,31.300936
2025-10-06,18.5,82.5,31.744884
2025-10-06,18.5,83.5,31.833612
2025-10-06,18.5,84.5,32.140488
2025-10-06,19.5,80.5,30.445004
2025-10-06,19.5,81.5,31.385944
2025-10-06,19.5,82.5,30.728676
2025-10-06,19.5,83.5,32.11357
2025-10-06,19.5,84.5,31.803087
2025-10-06,20.5,80.5,31.011114
2025-10-06,20.5,81.5,30.044754
2025-10-06,20.5,82.5,32.079
2025-10-06,20.5,83.5,32.366837
2025-10-06,20.5,84.5,31.548536
2025-10-06,21.5,80.5,30.371614
2025-10-06,21.5,81.5,31.376495
2025-10-06,21.5,82.5,31.793642
2025-10-06,21.5,83.5,32.076763
2025-10-06,21.5,84.5,31.507988
2025-10-06,22.5,80.5,30.244465
2025-10-06,22.5,81.5,30.973854
2025-10-06,22.5,82.5,31.499565
2025-10-06,22.5,83.5,31.463577
2025-10-06,22.5,84.5,30.897179
2025-10-06,23.5,80.5,31.122438
2025-10-06,23.5,81.5,31.23233
2025-10-06,23.5,82.5,31.674585
2025-10-06,23.5,83.5,31.805445
2025-10-06,23.5,84.5,31.818829
2025-10-06,24.5,80.5,32.8047
2025-10-06,24.5,81.5,33.218292
2025-10-06,24.5,82.5,32.607967
2025-10-06,24.5,83.5,31.952595
2025-10-06,24.5,84.5,32.022533
2025-10-07,18.0,80.5,31.807463
2025-10-07,18.0,81.5,31.665228
2025-10-07,18.0,82.5,31.631016
2025-10-07,18.0,83.5,31.999205
2025-10-07,18.0,84.5,
2025-10-07,18.5,80.5,31.71584
2025-10-07,18.5,81.5,31.815527
2025-10-07,18.5,82.5,32.00655
2025-10-07,18.5,83.5,31.882837
2025-10-07,18.5,84.5,32.50046
2025-10-07,19.5,80.5,31.683346
2025-10-07,19.5,81.5,32.439163
2025-10-07,19.5,82.5,31.760244
2025-10-07,19.5,83.5,32.545174
2025-10-07,19.5,84.5,32.58388
2025-10-07,20.5,80.5,32.24873
2025-10-07,20.5,81.5,31.920956
2025-10-07,20.5,82.5,33.065598
2025-10-07,20.5,83.5,33.212112
2025-10-07,20.5,84.5,32.692986
2025-10-07,21.5,80.5,31.338823
2025-10-07,21.5,81.5,32.650234
2025-10-07,21.5,82.5,32.899185
2025-10-07,21.5,83.5,32.994617
2025-10-07,21.5,84.5,32.507183
2025-10-07,22.5,80.5,31.108002
2025-10-07,22.5,81.5,32.19029
2025-10-07,22.5,82.5,32.323856
2025-10-07,22.5,83.5,32.017483
2025-10-07,22.5,84.5,32.19878
2025-10-07,23.5,80.5,31.55545
2025-10-07,23.5,81.5,31.729301
2025-10-07,23.5,82.5,32.525913
2025-10-07,23.5,83.5,32.401745
2025-10-07,23.5,84.5,32.682186
2025-10-07,24.5,80.5,32.066982
2025-10-07,24.5,81.5,32.68537
2025-10-07,24.5,82.5,32.848534
2025-10-07,24.5,83.5,32.452606
2025-10-07,24.5,84.5,32.609447
2025-10-08,18.0,80.5,31.962238
2025-10-08,18.0,81.5,31.79128
2025-10-08,18.0,82.5,31.46954
2025-10-08,18.0,83.5,31.876045
2025-10-08,18.0,84.5,
2025-10-08,18.5,80.5,32.22933
2025-10-08,18.5,81.5,32.0847
2025-10-08,18.5,82.5,31.944994
2025-10-08,18.5,83.5,31.916136
2025-10-08,18.5,84.5,32.631523
2025-10-08,19.5,80.5,32.123997
2025-10-08,19.5,81.5,32.51066
2025-10-08,19.5,82.5,31.765976
2025-10-08,19.5,83.5,32.69335
2025-10-08,19.5,84.5,32.8005
2025-10-08,20.5,80.5,32.411804
2025-10-08,20.5,81.5,32.096817
2025-10-08,20.5,82.5,33.17589
2025-10-08,20.5,83.5,33.505238
2025-10-08,20.5,84.5,32.923218
2025-10-08,21.5,80.5,31.592161
2025-10-08,21.5,81.5,32.663788
2025-10-08,21.5,82.5,33.09834
2025-10-08,21.5,83.5,33.203976
2025-10-08,21.5,84.5,32.737347
2025-10-08,22.5,80.5,31.778955
2025-10-08,22.5,81.5,32.336094
2025-10-08,22.5,82.5,32.298836
2025-10-08,22.5,83.5,32.383507
2025-10-08,22.5,84.5,32.402637
2025-10-08,23.5,80.5,32.069157
2025-10-08,23.5,81.5,31.874615
2025-10-08,23.5,82.5,32.637573
2025-10-08,23.5,83.5,32.54622
2025-10-08,23.5,84.5,33.15319
2025-10-08,24.5,80.5,32.17127
2025-10-08,24.5,81.5,32.850273
2025-10-08,24.5,82.5,33.389294
2025-10-08,24.5,83.5,32.920567
2025-10-08,24.5,84.5,33.345497
2025-10-09,18.0,80.5,31.00928
2025-10-09,18.0,81.5,30.83794
2025-10-09,18.0,82.5,30.91819
2025-10-09,18.0,83.5,31.478666
2025-10-09,18.0,84.5,
2025-10-09,18.5,80.5,31.376352
2025-10-09,18.5,81.5,31.325974
2025-10-09,18.5,82.5,31.320526
2025-10-09,18.5,83.5,31.662804
2025-10-09,18.5,84.5,32.598736
2025-10-09,19.5,80.5,31.860416
2025-10-09,19.5,81.5,31.705511
2025-10-09,19.5,82.5,31.373676
2025-10-09,19.5,83.5,32.496193
2025-10-09,19.5,84.5,32.551666
2025-10-09,20.5,80.5,32.480255
2025-10-09,20.5,81.5,31.56987
2025-10-09,20.5,82.5,32.82451
2025-10-09,20.5,83.5,33.190353
2025-10-09,20.5,84.5,32.852043
2025-10-09,21.5,80.5,31.174599
2025-10-09,21.5,81.5,31.956749
2025-10-09,21.5,82.5,32.351112
2025-10-09,21.5,83.5,32.872456
2025-10-09,21.5,84.5,32.57706
2025-10-09,22.5,80.5,30.645634
2025-10-09,22.5,81.5,31.401556
2025-10-09,22.5,82.5,31.398287
2025-10-09,22.5,83.5,31.8065
2025-10-09,22.5,84.5,32.191364
2025-10-09,23.5,80.5,30.310108
2025-10-09,23.5,81.5,30.195826
2025-10-09,23.5,82.5,31.439362
2025-10-09,23.5,83.5,31.787031
2025-10-09,23.5,84.5,33.023552
2025-10-09,24.5,80.5,30.47801
2025-10-09,24.5,81.5,31.332623
2025-10-09,24.5,82.5,32.160965
2025-10-09,24.5,83.5,32.29147
2025-10-09,24.5,84.5,33.23245
2025-10-10,18.0,80.5,30.905289
2025-10-10,18.0,81.5,30.747295
2025-10-10,18.0,82.5,30.624905
2025-10-10,18.0,83.5,31.169043
2025-10-10,18.0,84.5,
2025-10-10,18.5,80.5,31.31484
2025-10-10,18.5,81.5,30.844833
2025-10-10,18.5,82.5,31.076992
2025-10-10,18.5,83.5,31.270197
2025-10-10,18.5,84.5,32.311153
2025-10-10,19.5,80.5,31.378727
2025-10-10,19.5,81.5,31.410532
2025-10-10,19.5,82.5,30.829868
2025-10-10,19.5,83.5,32.097733
2025-10-10,19.5,84.5,32.50432
2025-10-10,20.5,80.5,31.243425
2025-10-10,20.5,81.5,30.128832
2025-10-10,20.5,82.5,31.958048
2025-10-10,20.5,83.5,32.47399
2025-10-10,20.5,84.5,32.651173
2025-10-10,21.5,80.5,29.591297
2025-10-10,21.5,81.5,30.098328
2025-10-10,21.5,82.5,30.818115
2025-10-10,21.5,83.5,32.03851
2025-10-10,21.5,84.5,32.19903
2025-10-10,22.5,80.5,28.964207
2025-10-10,22.5,81.5,29.667534
2025-10-10,22.5,82.5,30.012205
2025-10-10,22.5,83.5,30.482252
2025-10-10,22.5,84.5,30.991196
2025-10-10,23.5,80.5,29.059103
2025-10-10,23.5,81.5,29.023624
2025-10-10,23.5,82.5,29.998915
2025-10-10,23.5,83.5,30.419827
2025-10-10,23.5,84.5,32.25765
2025-10-10,24.5,80.5,29.600082
2025-10-10,24.5,81.5,30.514746
2025-10-10,24.5,82.5,31.388704
2025-10-10,24.5,83.5,31.704756
2025-10-10,24.5,84.5,32.924374
2025-10-11,18.0,80.5,30.277584
2025-10-11,18.0,81.5,30.094421
2025-10-11,18.0,82.5,30.0468
2025-10-11,18.0,83.5,31.124815
2025-10-11,18.0,84.5,
2025-10-11,18.5,80.5,30.938915
2025-10-11,18.5,81.5,30.859612
2025-10-11,18.5,82.5,30.939926
2025-10-11,18.5,83.5,31.465235
2025-10-11,18.5,84.5,32.40796
2025-10-11,19.5,80.5,31.646378
2025-10-11,19.5,81.5,31.902897
2025-10-11,19.5,82.5,31.339367
2025-10-11,19.5,83.5,32.353985
2025-10-11,19.5,84.5,32.52044
2025-10-11,20.5,80.5,30.9771
2025-10-11,20.5,81.5,30.353493
2025-10-11,20.5,82.5,31.773275
2025-10-11,20.5,83.5,32.06606
2025-10-11,20.5,84.5,32.692932
2025-10-11,21.5,80.5,29.700401
2025-10-11,21.5,81.5,30.24479
2025-10-11,21.5,82.5,30.173374
2025-10-11,21.5,83.5,31.423117
2025-10-11,21.5,84.5,31.901905
2025-10-11,22.5,80.5,28.646416
2025-10-11,22.5,81.5,29.252449
2025-10-11,22.5,82.5,29.16536
2025-10-11,22.5,83.5,29.750118
2025-10-11,22.5,84.5,30.42724
2025-10-11,23.5,80.5,28.676538
2025-10-11,23.5,81.5,28.229164
2025-10-11,23.5,82.5,29.376379
2025-10-11,23.5,83.5,29.621326
2025-10-11,23.5,84.5,31.318027
2025-10-11,24.5,80.5,29.945053
2025-10-11,24.5,81.5,30.307613
2025-10-11,24.5,82.5,30.292025
2025-10-11,24.5,83.5,30.540165
2025-10-11,24.5,84.5,31.83784
2025-10-12,18.0,80.5,31.558601
2025-10-12,18.0,81.5,30.851507
2025-10-12,18.0,82.5,30.734945
2025-10-12,18.0,83.5,31.260448
2025-10-12,18.0,84.5,
2025-10-12,18.5,80.5,31.59223
2025-10-12,18.5,81.5,31.087692
2025-10-12,18.5,82.5,30.927952
2025-10-12,18.5,83.5,31.269674
2025-10-12,18.5,84.5,32.1147
2025-10-12,19.5,80.5,31.450636
2025-10-12,19.5,81.5,31.61678
2025-10-12,19.5,82.5,31.102995
2025-10-12,19.5,83.5,32.12781
2025-10-12,19.5,84.5,32.30515
2025-10-12,20.5,80.5,31.469408
2025-10-12,20.5,81.5,30.808453
2025-10-12,20.5,82.5,32.234913
2025-10-12,20.5,83.5,32.5864
2025-10-12,20.5,84.5,32.499714
2025-10-12,21.5,80.5,30.306995
2025-10-12,21.5,81.5,31.182152
2025-10-12,21.5,82.5,31.55275
2025-10-12,21.5,83.5,32.303337
2025-10-12,21.5,84.5,32.422596
2025-10-12,22.5,80.5,29.782034
2025-10-12,22.5,81.5,30.71741
2025-10-12,22.5,82.5,30.98114
2025-10-12,22.5,83.5,31.200094
2025-10-12,22.5,84.5,31.536545
2025-10-12,23.5,80.5,30.256813
2025-10-12,23.5,81.5,30.157349
2025-10-12,23.5,82.5,31.164377
2025-10-12,23.5,83.5,31.010283
2025-10-12,23.5,84.5,32.21308
2025-10-12,24.5,80.5,31.019012
2025-10-12,24.5,81.5,31.45912
2025-10-12,24.5,82.5,31.648941
2025-10-12,24.5,83.5,31.563385
2025-10-12,24.5,84.5,32.277374
2025-10-13,18.0,80.5,27.34451
2025-10-13,18.0,81.5,26.645227
2025-10-13,18.0,82.5,27.031929
2025-10-13,18.0,83.5,27.944965
2025-10-13,18.0,84.5,
2025-10-13,18.5,80.5,28.24256
2025-10-13,18.5,81.5,27.58274
2025-10-13,18.5,82.5,27.280863
2025-10-13,18.5,83.5,28.42635
2025-10-13,18.5,84.5,29.802298
2025-10-13,19.5,80.5,29.733332
2025-10-13,19.5,81.5,28.852728
2025-10-13,19.5,82.5,29.289383
2025-10-13,19.5,83.5,29.911839
2025-10-13,19.5,84.5,30.559689
2025-10-13,20.5,80.5,30.897259
2025-10-13,20.5,81.5,31.255539
2025-10-13,20.5,82.5,31.669779
2025-10-13,20.5,83.5,31.614725
2025-10-13,20.5,84.5,31.322308
2025-10-13,21.5,80.5,30.998823
2025-10-13,21.5,81.5,32.149292
2025-10-13,21.5,82.5,32.497124
2025-10-13,21.5,83.5,31.840345
2025-10-13,21.5,84.5,31.708979
2025-10-13,22.5,80.5,30.4698
2025-10-13,22.5,81.5,31.677496
2025-10-13,22.5,82.5,31.85653
2025-10-13,22.5,83.5,31.759565
2025-10-13,22.5,84.5,31.916803
2025-10-13,23.5,80.5,30.894571
2025-10-13,23.5,81.5,30.937153
2025-10-13,23.5,82.5,32.075382
2025-10-13,23.5,83.5,31.608618
2025-10-13,23.5,84.5,31.968407
2025-10-13,24.5,80.5,31.849342
2025-10-13,24.5,81.5,32.397858
2025-10-13,24.5,82.5,32.066765
2025-10-13,24.5,83.5,31.809145
2025-10-13,24.5,84.5,32.052013
2025-10-14,18.0,80.5,30.04751
2025-10-14,18.0,81.5,29.6529
2025-10-14,18.0,82.5,29.741438
2025-10-14,18.0,83.5,30.555532
2025-10-14,18.0,84.5,
2025-10-14,18.5,80.5,30.269182
2025-10-14,18.5,81.5,30.308258
2025-10-14,18.5,82.5,30.140324
2025-10-14,18.5,83.5,30.809904
2025-10-14,18.5,84.5,31.732195
2025-10-14,19.5,80.5,31.125732
2025-10-14,19.5,81.5,31.102936
2025-10-14,19.5,82.5,30.698828
2025-10-14,19.5,83.5,31.779615
2025-10-14,19.5,84.5,32.328045
2025-10-14,20.5,80.5,31.778625
2025-10-14,20.5,81.5,31.66009
2025-10-14,20.5,82.5,32.77475
2025-10-14,20.5,83.5,33.09075
2025-10-14,20.5,84.5,32.656555
2025-10-14,21.5,80.5,31.257223
2025-10-14,21.5,81.5,32.578136
2025-10-14,21.5,82.5,32.86874
2025-10-14,21.5,83.5,33.001602
2025-10-14,21.5,84.5,32.52494
2025-10-14,22.5,80.5,30.98503
2025-10-14,22.5,81.5,31.966373
2025-10-14,22.5,82.5,32.299168
2025-10-14,22.5,83.5,32.121624
2025-10-14,22.5,84.5,32.07366
2025-10-14,23.5,80.5,31.278683
2025-10-14,23.5,81.5,31.205359
2025-10-14,23.5,82.5,32.269344
2025-10-14,23.5,83.5,31.962847
2025-10-14,23.5,84.5,32.14534
2025-10-14,24.5,80.5,32.28004
2025-10-14,24.5,81.5,32.658657
2025-10-14,24.5,82.5,32.32752
2025-10-14,24.5,83.5,31.976871
2025-10-14,24.5,84.5,32.20553
2025-10-15,18.0,80.5,32.04643
2025-10-15,18.0,81.5,31.440083
2025-10-15,18.0,82.5,31.250032
2025-10-15,18.0,83.5,31.487228
2025-10-15,18.0,84.5,
2025-10-15,18.5,80.5,32.42311
2025-10-15,18.5,81.5,32.100353
2025-10-15,18.5,82.5,31.464317
2025-10-15,18.5,83.5,31.485235
2025-10-15,18.5,84.5,32.31963
2025-10-15,19.5,80.5,32.82716
2025-10-15,19.5,81.5,32.650356
2025-10-15,19.5,82.5,31.7507
2025-10-15,19.5,83.5,32.29721
2025-10-15,19.5,84.5,32.626644
2025-10-15,20.5,80.5,32.76188
2025-10-15,20.5,81.5,32.40034
2025-10-15,20.5,82.5,33.155117
2025-10-15,20.5,83.5,33.16651
2025-10-15,20.5,84.5,32.899086
2025-10-15,21.5,80.5,31.954704
2025-10-15,21.5,81.5,32.76843
2025-10-15,21.5,82.5,33.018723
2025-10-15,21.5,83.5,32.92786
2025-10-15,21.5,84.5,32.596104
2025-10-15,22.5,80.5,30.915216
2025-10-15,22.5,81.5,32.126705
2025-10-15,22.5,82.5,32.37499
2025-10-15,22.5,83.5,32.212795
2025-10-15,22.5,84.5,32.310463
2025-10-15,23.5,80.5,30.858753
2025-10-15,23.5,81.5,31.042503
2025-10-15,23.5,82.5,32.32566
2025-10-15,23.5,83.5,32.141674
2025-10-15,23.5,84.5,32.558033
2025-10-15,24.5,80.5,31.84388
2025-10-15,24.5,81.5,32.427765
2025-10-15,24.5,82.5,32.383545
2025-10-15,24.5,83.5,32.105003
2025-10-15,24.5,84.5,32.411114
2025-10-16,18.0,80.5,31.232399
2025-10-16,18.0,81.5,30.696426
2025-10-16,18.0,82.5,30.755205
2025-10-16,18.0,83.5,31.333492
2025-10-16,18.0,84.5,
2025-10-16,18.5,80.5,31.925419
2025-10-16,18.5,81.5,31.5934
2025-10-16,18.5,82.5,31.096075
2025-10-16,18.5,83.5,31.290665
2025-10-16,18.5,84.5,32.289486
2025-10-16,19.5,80.5,32.433384
2025-10-16,19.5,81.5,32.274788
2025-10-16,19.5,82.5,31.610777
2025-10-16,19.5,83.5,32.17945
2025-10-16,19.5,84.5,32.434704
2025-10-16,20.5,80.5,32.37186
2025-10-16,20.5,81.5,31.855122
2025-10-16,20.5,82.5,32.719204
2025-10-16,20.5,83.5,32.78438
2025-10-16,20.5,84.5,32.683304
2025-10-16,21.5,80.5,31.65217
2025-10-16,21.5,81.5,32.300797
2025-10-16,21.5,82.5,32.577797
2025-10-16,21.5,83.5,32.389248
2025-10-16,21.5,84.5,32.125404
2025-10-16,22.5,80.5,31.012794
2025-10-16,22.5,81.5,31.741062
2025-10-16,22.5,82.5,31.864925
2025-10-16,22.5,83.5,31.63845
2025-10-16,22.5,84.5,31.768936
2025-10-16,23.5,80.5,31.183464
2025-10-16,23.5,81.5,31.08325
2025-10-16,23.5,82.5,32.154316
2025-10-16,23.5,83.5,31.586704
2025-10-16,23.5,84.5,32.038692
2025-10-16,24.5,80.5,32.269836
2025-10-16,24.5,81.5,32.53899
2025-10-16,24.5,82.5,32.376766
2025-10-16,24.5,83.5,31.791988
2025-10-16,24.5,84.5,31.970613
2025-10-17,18.0,80.5,31.408028
2025-10-17,18.0,81.5,30.739065
2025-10-17,18.0,82.5,30.945015
2025-10-17,18.0,83.5,31.4151
2025-10-17,18.0,84.5,
2025-10-17,18.5,80.5,31.817612
2025-10-17,18.5,81.5,31.618275
2025-10-17,18.5,82.5,31.146275
2025-10-17,18.5,83.5,31.371798
2025-10-17,18.5,84.5,32.201008
2025-10-17,19.5,80.5,32.236923
2025-10-17,19.5,81.5,32.007225
2025-10-17,19.5,82.5,31.470972
2025-10-17,19.5,83.5,32.15675
2025-10-17,19.5,84.5,32.348907
2025-10-17,20.5,80.5,32.031013
2025-10-17,20.5,81.5,31.694153
2025-10-17,20.5,82.5,32.553852
2025-10-17,20.5,83.5,32.721966
2025-10-17,20.5,84.5,32.598003
2025-10-17,21.5,80.5,31.26259
2025-10-17,21.5,81.5,31.947186
2025-10-17,21.5,82.5,32.257027
2025-10-17,21.5,83.5,32.429966
2025-10-17,21.5,84.5,32.18601
2025-10-17,22.5,80.5,30.894861
2025-10-17,22.5,81.5,31.507229
2025-10-17,22.5,82.5,31.70393
2025-10-17,22.5,83.5,31.522045
2025-10-17,22.5,84.5,31.59016
2025-10-17,23.5,80.5,31.271614
2025-10-17,23.5,81.5,30.975464
2025-10-17,23.5,82.5,32.04913
2025-10-17,23.5,83.5,31.194004
2025-10-17,23.5,84.5,31.688503
2025-10-17,24.5,80.5,32.551117
2025-10-17,24.5,81.5,32.72672
2025-10-17,24.5,82.5,31.979893
2025-10-17,24.5,83.5,31.518473
2025-10-17,24.5,84.5,31.742085
2025-10-18,18.0,80.5,31.634104
2025-10-18,18.0,81.5,31.06177
2025-10-18,18.0,82.5,30.986881
2025-10-18,18.0,83.5,31.34491
2025-10-18,18.0,84.5,
2025-10-18,18.5,80.5,31.88784
2025-10-18,18.5,81.5,31.499601
2025-10-18,18.5,82.5,31.363976
2025-10-18,18.5,83.5,31.258974
2025-10-18,18.5,84.5,31.99199
2025-10-18,19.5,80.5,31.834738
2025-10-18,19.5,81.5,32.084946
2025-10-18,19.5,82.5,31.313568
2025-10-18,19.5,83.5,31.96983
2025-10-18,19.5,84.5,32.15905
2025-10-18,20.5,80.5,31.7387
2025-10-18,20.5,81.5,31.463375
2025-10-18,20.5,82.5,32.546738
2025-10-18,20.5,83.5,32.647514
2025-10-18,20.5,84.5,32.488747
2025-10-18,21.5,80.5,30.867886
2025-10-18,21.5,81.5,31.724491
2025-10-18,21.5,82.5,32.20131
2025-10-18,21.5,83.5,32.502014
2025-10-18,21.5,84.5,32.078613
2025-10-18,22.5,80.5,30.51894
2025-10-18,22.5,81.5,31.133482
2025-10-18,22.5,82.5,31.567097
2025-10-18,22.5,83.5,31.682934
2025-10-18,22.5,84.5,31.76992
2025-10-18,23.5,80.5,30.818922
2025-10-18,23.5,81.5,30.637617
2025-10-18,23.5,82.5,31.91073
2025-10-18,23.5,83.5,31.850203
2025-10-18,23.5,84.5,32.51524
2025-10-18,24.5,80.5,32.100327
2025-10-18,24.5,81.5,32.421852
2025-10-18,24.5,82.5,32.302837
2025-10-18,24.5,83.5,31.95795
2025-10-18,24.5,84.5,32.489964
2025-10-19,18.0,80.5,29.752962
2025-10-19,18.0,81.5,28.999592
2025-10-19,18.0,82.5,29.101454
2025-10-19,18.0,83.5,29.747717
2025-10-19,18.0,84.5,
2025-10-19,18.5,80.5,30.268047
2025-10-19,18.5,81.5,30.176662
2025-10-19,18.5,82.5,29.76364
2025-10-19,18.5,83.5,29.872261
2025-10-19,18.5,84.5,31.314842
2025-10-19,19.5,80.5,31.60141
2025-10-19,19.5,81.5,31.308258
2025-10-19,19.5,82.5,30.405025
2025-10-19,19.5,83.5,31.187082
2025-10-19,19.5,84.5,31.708527
2025-10-19,20.5,80.5,31.865013
2025-10-19,20.5,81.5,31.270294
2025-10-19,20.5,82.5,32.415474
2025-10-19,20.5,83.5,32.590424
2025-10-19,20.5,84.5,32.03008
2025-10-19,21.5,80.5,30.88314
2025-10-19,21.5,81.5,31.808739
2025-10-19,21.5,82.5,32.329353
2025-10-19,21.5,83.5,32.468643
2025-10-19,21.5,84.5,31.774958
2025-10-19,22.5,80.5,30.538227
2025-10-19,22.5,81.5,31.19123
2025-10-19,22.5,82.5,31.64102
2025-10-19,22.5,83.5,32.032776
2025-10-19,22.5,84.5,31.988667
2025-10-19,23.5,80.5,30.74931
2025-10-19,23.5,81.5,30.70394
2025-10-19,23.5,82.5,31.835835
2025-10-19,23.5,83.5,31.915333
2025-10-19,23.5,84.5,32.341408
2025-10-19,24.5,80.5,31.858025
2025-10-19,24.5,81.5,32.35896
2025-10-19,24.5,82.5,32.399902
2025-10-19,24.5,83.5,32.056564
2025-10-19,24.5,84.5,32.06573
2025-10-20,18.0,80.5,31.198915
2025-10-20,18.0,81.5,30.640596
2025-10-20,18.0,82.5,30.622934
2025-10-20,18.0,83.5,30.844395
2025-10-20,18.0,84.5,
2025-10-20,18.5,80.5,31.360342
2025-10-20,18.5,81.5,30.960941
2025-10-20,18.5,82.5,30.757263
2025-10-20,18.5,83.5,30.824095
2025-10-20,18.5,84.5,31.645086
2025-10-20,19.5,80.5,31.395636
2025-10-20,19.5,81.5,31.481003
2025-10-20,19.5,82.5,30.423767
2025-10-20,19.5,83.5,31.36563
2025-10-20,19.5,84.5,31.584732
2025-10-20,20.5,80.5,31.729052
2025-10-20,20.5,81.5,30.929821
2025-10-20,20.5,82.5,31.861166
2025-10-20,20.5,83.5,32.017574
2025-10-20,20.5,84.5,31.751827
2025-10-20,21.5,80.5,31.22454
2025-10-20,21.5,81.5,31.86914
2025-10-20,21.5,82.5,32.30906
2025-10-20,21.5,83.5,32.224396
2025-10-20,21.5,84.5,31.8172
2025-10-20,22.5,80.5,31.378374
2025-10-20,22.5,81.5,31.597736
2025-10-20,22.5,82.5,32.03796
2025-10-20,22.5,83.5,32.048817
2025-10-20,22.5,84.5,32.201298
2025-10-20,23.5,80.5,31.536442
2025-10-20,23.5,81.5,31.454037
2025-10-20,23.5,82.5,32.051704
2025-10-20,23.5,83.5,32.147774
2025-10-20,23.5,84.5,32.32338
2025-10-20,24.5,80.5,32.242435
2025-10-20,24.5,81.5,32.818047
2025-10-20,24.5,82.5,32.840504
2025-10-20,24.5,83.5,32.572445
2025-10-20,24.5,84.5,32.493732
2025-10-21,18.0,80.5,30.808144
2025-10-21,18.0,81.5,30.66256
2025-10-21,18.0,82.5,30.885063
2025-10-21,18.0,83.5,31.523808
2025-10-21,18.0,84.5,
2025-10-21,18.5,80.5,31.572481
2025-10-21,18.5,81.5,31.444586
2025-10-21,18.5,82.5,31.194351
2025-10-21,18.5,83.5,31.361599
2025-10-21,18.5,84.5,32.321323
2025-10-21,19.5,80.5,31.89971
2025-10-21,19.5,81.5,31.820318
2025-10-21,19.5,82.5,31.339607
2025-10-21,19.5,83.5,32.131744
2025-10-21,19.5,84.5,32.319305
2025-10-21,20.5,80.5,31.988235
2025-10-21,20.5,81.5,31.215239
2025-10-21,20.5,82.5,32.36468
2025-10-21,20.5,83.5,32.556816
2025-10-21,20.5,84.5,32.582905
2025-10-21,21.5,80.5,31.102642
2025-10-21,21.5,81.5,31.78169
2025-10-21,21.5,82.5,32.34384
2025-10-21,21.5,83.5,32.787025
2025-10-21,21.5,84.5,32.34271
2025-10-21,22.5,80.5,31.193092
2025-10-21,22.5,81.5,31.497187
2025-10-21,22.5,82.5,32.314728
2025-10-21,22.5,83.5,32.294945
2025-10-21,22.5,84.5,32.607937
2025-10-21,23.5,80.5,30.98194
2025-10-21,23.5,81.5,31.04358
2025-10-21,23.5,82.5,32.323715
2025-10-21,23.5,83.5,32.228992
2025-10-21,23.5,84.5,32.967323
2025-10-21,24.5,80.5,31.924597
2025-10-21,24.5,81.5,32.702614
2025-10-21,24.5,82.5,33.40927
2025-10-21,24.5,83.5,33.150505
2025-10-21,24.5,84.5,33.194523
2025-10-22,18.0,80.5,30.300802
2025-10-22,18.0,81.5,30.215614
2025-10-22,18.0,82.5,30.410263
2025-10-22,18.0,83.5,31.033413
2025-10-22,18.0,84.5,
2025-10-22,18.5,80.5,31.419697
2025-10-22,18.5,81.5,31.296957
2025-10-22,18.5,82.5,30.895073
2025-10-22,18.5,83.5,31.02975
2025-10-22,18.5,84.5,32.038704
2025-10-22,19.5,80.5,32.03222
2025-10-22,19.5,81.5,31.996733
2025-10-22,19.5,82.5,31.276932
2025-10-22,19.5,83.5,31.90944
2025-10-22,19.5,84.5,32.295715
2025-10-22,20.5,80.5,32.4752
2025-10-22,20.5,81.5,31.9304
2025-10-22,20.5,82.5,32.668724
2025-10-22,20.5,83.5,32.89344
2025-10-22,20.5,84.5,32.700356
2025-10-22,21.5,80.5,31.897087
2025-10-22,21.5,81.5,32.5549
2025-10-22,21.5,82.5,33.10744
2025-10-22,21.5,83.5,33.074158
2025-10-22,21.5,84.5,32.58846
2025-10-22,22.5,80.5,32.12692
2025-10-22,22.5,81.5,32.26618
2025-10-22,22.5,82.5,32.82681
2025-10-22,22.5,83.5,32.70107
2025-10-22,22.5,84.5,32.769
2025-10-22,23.5,80.5,32.07056
2025-10-22,23.5,81.5,31.99311
2025-10-22,23.5,82.5,32.92885
2025-10-22,23.5,83.5,32.869118
2025-10-22,23.5,84.5,33.117413
2025-10-22,24.5,80.5,32.89137
2025-10-22,24.5,81.5,33.492386
2025-10-22,24.5,82.5,33.658722
2025-10-22,24.5,83.5,33.16519
2025-10-22,24.5,84.5,33.02212
2025-10-23,18.0,80.5,28.751886
2025-10-23,18.0,81.5,28.820292
2025-10-23,18.0,82.5,29.072655
2025-10-23,18.0,83.5,30.327908
2025-10-23,18.0,84.5,
2025-10-23,18.5,80.5,30.023157
2025-10-23,18.5,81.5,30.174068
2025-10-23,18.5,82.5,29.905144
2025-10-23,18.5,83.5,30.566874
2025-10-23,18.5,84.5,32.01395
2025-10-23,19.5,80.5,31.662598
2025-10-23,19.5,81.5,31.167334
2025-10-23,19.5,82.5,31.146204
2025-10-23,19.5,83.5,32.002502
2025-10-23,19.5,84.5,32.3916
2025-10-23,20.5,80.5,32.015648
2025-10-23,20.5,81.5,31.842773
2025-10-23,20.5,82.5,32.406624
2025-10-23,20.5,83.5,32.89959
2025-10-23,20.5,84.5,32.86523
2025-10-23,21.5,80.5,31.441523
2025-10-23,21.5,81.5,32.153435
2025-10-23,21.5,82.5,32.658497
2025-10-23,21.5,83.5,32.94479
2025-10-23,21.5,84.5,32.712822
2025-10-23,22.5,80.5,31.51623
2025-10-23,22.5,81.5,31.785542
2025-10-23,22.5,82.5,32.08599
2025-10-23,22.5,83.5,31.735321
2025-10-23,22.5,84.5,31.961435
2025-10-23,23.5,80.5,31.777472
2025-10-23,23.5,81.5,31.578272
2025-10-23,23.5,82.5,32.56737
2025-10-23,23.5,83.5,31.987324
2025-10-23,23.5,84.5,32.263634
2025-10-23,24.5,80.5,32.534126
2025-10-23,24.5,81.5,33.080784
2025-10-23,24.5,82.5,32.743027
2025-10-23,24.5,83.5,32.25823
2025-10-23,24.5,84.5,32.160206
2025-10-24,18.0,80.5,28.176361
2025-10-24,18.0,81.5,28.620836
2025-10-24,18.0,82.5,29.048536
2025-10-24,18.0,83.5,30.352097
2025-10-24,18.0,84.5,
2025-10-24,18.5,80.5,28.887947
2025-10-24,18.5,81.5,29.525951
2025-10-24,18.5,82.5,29.51396
2025-10-24,18.5,83.5,30.617945
2025-10-24,18.5,84.5,31.879543
2025-10-24,19.5,80.5,30.86369
2025-10-24,19.5,81.5,30.495445
2025-10-24,19.5,82.5,30.489204
2025-10-24,19.5,83.5,31.849386
2025-10-24,19.5,84.5,32.565247
2025-10-24,20.5,80.5,31.64678
2025-10-24,20.5,81.5,31.554916
2025-10-24,20.5,82.5,32.493286
2025-10-24,20.5,83.5,33.17675
2025-10-24,20.5,84.5,32.93169
2025-10-24,21.5,80.5,31.418276
2025-10-24,21.5,81.5,32.798817
2025-10-24,21.5,82.5,33.1164
2025-10-24,21.5,83.5,33.30241
2025-10-24,21.5,84.5,33.020504
2025-10-24,22.5,80.5,31.95293
2025-10-24,22.5,81.5,32.349743
2025-10-24,22.5,82.5,32.824146
2025-10-24,22.5,83.5,32.616066
2025-10-24,22.5,84.5,32.82835
2025-10-24,23.5,80.5,31.99133
2025-10-24,23.5,81.5,31.955479
2025-10-24,23.5,82.5,32.870087
2025-10-24,23.5,83.5,32.843395
2025-10-24,23.5,84.5,33.2565
2025-10-24,24.5,80.5,32.859703
2025-10-24,24.5,81.5,33.525574
2025-10-24,24.5,82.5,33.51879
2025-10-24,24.5,83.5,33.285313
2025-10-24,24.5,84.5,33.315292
2025-10-25,18.0,80.5,30.512613
2025-10-25,18.0,81.5,30.541452
2025-10-25,18.0,82.5,30.874796
2025-10-25,18.0,83.5,31.658201
2025-10-25,18.0,84.5,
2025-10-25,18.5,80.5,30.466516
2025-10-25,18.5,81.5,31.088987
2025-10-25,18.5,82.5,30.9341
2025-10-25,18.5,83.5,31.658007
2025-10-25,18.5,84.5,32.56181
2025-10-25,19.5,80.5,30.280912
2025-10-25,19.5,81.5,30.892029
2025-10-25,19.5,82.5,31.176325
2025-10-25,19.5,83.5,32.50997
2025-10-25,19.5,84.5,32.648914
2025-10-25,20.5,80.5,30.627127
2025-10-25,20.5,81.5,30.547865
2025-10-25,20.5,82.5,32.23671
2025-10-25,20.5,83.5,32.867016
2025-10-25,20.5,84.5,33.045322
2025-10-25,21.5,80.5,29.391428
2025-10-25,21.5,81.5,31.017412
2025-10-25,21.5,82.5,32.007805
2025-10-25,21.5,83.5,32.74369
2025-10-25,21.5,84.5,32.629017
2025-10-25,22.5,80.5,29.182638
2025-10-25,22.5,81.5,30.441463
2025-10-25,22.5,82.5,31.478016
2025-10-25,22.5,83.5,31.632053
2025-10-25,22.5,84.5,32.249012
2025-10-25,23.5,80.5,30.31953
2025-10-25,23.5,81.5,30.533903
2025-10-25,23.5,82.5,31.435633
2025-10-25,23.5,83.5,31.71234
2025-10-25,23.5,84.5,32.672817
2025-10-25,24.5,80.5,31.515045
2025-10-25,24.5,81.5,32.031902
2025-10-25,24.5,82.5,32.47145
2025-10-25,24.5,83.5,32.548996
2025-10-25,24.5,84.5,32.58134
2025-10-26,18.0,80.5,31.587322
2025-10-26,18.0,81.5,31.444202
2025-10-26,18.0,82.5,31.38152
2025-10-26,18.0,83.5,32.076424
2025-10-26,18.0,84.5,
2025-10-26,18.5,80.5,31.78121
2025-10-26,18.5,81.5,31.731485
2025-10-26,18.5,82.5,31.350454
2025-10-26,18.5,83.5,31.960028
2025-10-26,18.5,84.5,32.78847
2025-10-26,19.5,80.5,31.45994
2025-10-26,19.5,81.5,31.78274
2025-10-26,19.5,82.5,31.522614
2025-10-26,19.5,83.5,32.64473
2025-10-26,19.5,84.5,32.910267
2025-10-26,20.5,80.5,30.93059
2025-10-26,20.5,81.5,30.70721
2025-10-26,20.5,82.5,32.58239
2025-10-26,20.5,83.5,33.012226
2025-10-26,20.5,84.5,33.216843
2025-10-26,21.5,80.5,29.389338
2025-10-26,21.5,81.5,30.982176
2025-10-26,21.5,82.5,31.5738
2025-10-26,21.5,83.5,32.808952
2025-10-26,21.5,84.5,32.705185
2025-10-26,22.5,80.5,28.131044
2025-10-26,22.5,81.5,29.96572
2025-10-26,22.5,82.5,30.632841
2025-10-26,22.5,83.5,31.483034
2025-10-26,22.5,84.5,32.122036
2025-10-26,23.5,80.5,28.33665
2025-10-26,23.5,81.5,29.162918
2025-10-26,23.5,82.5,30.37674
2025-10-26,23.5,83.5,31.256098
2025-10-26,23.5,84.5,32.305706
2025-10-26,24.5,80.5,29.765402
2025-10-26,24.5,81.5,30.916372
2025-10-26,24.5,82.5,31.680975
2025-10-26,24.5,83.5,31.913721
2025-10-26,24.5,84.5,32.138077
2025-10-27,18.0,80.5,29.799776
2025-10-27,18.0,81.5,29.370203
2025-10-27,18.0,82.5,29.31132
2025-10-27,18.0,83.5,29.899395
2025-10-27,18.0,84.5,
2025-10-27,18.5,80.5,30.571056
2025-10-27,18.5,81.5,30.076725
2025-10-27,18.5,82.5,29.467157
2025-10-27,18.5,83.5,30.073313
2025-10-27,18.5,84.5,31.403664
2025-10-27,19.5,80.5,31.401491
2025-10-27,19.5,81.5,30.688152
2025-10-27,19.5,82.5,30.369076
2025-10-27,19.5,83.5,31.217398
2025-10-27,19.5,84.5,31.944386
2025-10-27,20.5,80.5,31.423403
2025-10-27,20.5,81.5,31.122232
2025-10-27,20.5,82.5,31.800156
2025-10-27,20.5,83.5,32.124916
2025-10-27,20.5,84.5,32.298424
2025-10-27,21.5,80.5,30.803574
2025-10-27,21.5,81.5,31.643387
2025-10-27,21.5,82.5,32.129578
2025-10-27,21.5,83.5,32.428375
2025-10-27,21.5,84.5,32.39853
2025-10-27,22.5,80.5,30.271511
2025-10-27,22.5,81.5,30.937447
2025-10-27,22.5,82.5,31.530699
2025-10-27,22.5,83.5,31.48894
2025-10-27,22.5,84.5,31.789637
2025-10-27,23.5,80.5,29.568535
2025-10-27,23.5,81.5,29.148138
2025-10-27,23.5,82.5,30.758087
2025-10-27,23.5,83.5,30.90885
2025-10-27,23.5,84.5,32.49036
2025-10-27,24.5,80.5,28.612816
2025-10-27,24.5,81.5,29.801992
2025-10-27,24.5,82.5,30.7687
2025-10-27,24.5,83.5,31.106686
2025-10-27,24.5,84.5,32.544567
2025-10-28,18.0,80.5,27.548016
2025-10-28,18.0,81.5,27.823202
2025-10-28,18.0,82.5,27.804382
2025-10-28,18.0,83.5,28.437634
2025-10-28,18.0,84.5,
2025-10-28,18.5,80.5,28.568073
2025-10-28,18.5,81.5,28.519756
2025-10-28,18.5,82.5,28.183556
2025-10-28,18.5,83.5,28.310131
2025-10-28,18.5,84.5,28.97119
2025-10-28,19.5,80.5,29.329767
2025-10-28,19.5,81.5,29.074463
2025-10-28,19.5,82.5,28.599089
2025-10-28,19.5,83.5,29.148243
2025-10-28,19.5,84.5,28.970396
2025-10-28,20.5,80.5,29.363234
2025-10-28,20.5,81.5,28.896534
2025-10-28,20.5,82.5,29.816502
2025-10-28,20.5,83.5,29.837664
2025-10-28,20.5,84.5,29.238388
2025-10-28,21.5,80.5,28.988054
2025-10-28,21.5,81.5,29.304483
2025-10-28,21.5,82.5,29.515394
2025-10-28,21.5,83.5,30.127663
2025-10-28,21.5,84.5,29.753561
2025-10-28,22.5,80.5,28.207333
2025-10-28,22.5,81.5,28.617783
2025-10-28,22.5,82.5,29.007504
2025-10-28,22.5,83.5,29.65728
2025-10-28,22.5,84.5,30.16719
2025-10-28,23.5,80.5,27.86984
2025-10-28,23.5,81.5,27.803457
2025-10-28,23.5,82.5,28.703716
2025-10-28,23.5,83.5,29.493988
2025-10-28,23.5,84.5,30.923788
2025-10-28,24.5,80.5,26.659325
2025-10-28,24.5,81.5,28.278072
2025-10-28,24.5,82.5,29.1893
2025-10-28,24.5,83.5,29.94263
2025-10-28,24.5,84.5,31.097467
2025-10-29,18.0,80.5,25.530334
2025-10-29,18.0,81.5,26.190483
2025-10-29,18.0,82.5,26.773123
2025-10-29,18.0,83.5,28.086025
2025-10-29,18.0,84.5,
2025-10-29,18.5,80.5,25.670212
2025-10-29,18.5,81.5,26.943346
2025-10-29,18.5,82.5,27.177652
2025-10-29,18.5,83.5,28.300608
2025-10-29,18.5,84.5,29.365463
2025-10-29,19.5,80.5,27.175964
2025-10-29,19.5,81.5,27.335377
2025-10-29,19.5,82.5,27.74404
2025-10-29,19.5,83.5,28.886745
2025-10-29,19.5,84.5,29.54978
2025-10-29,20.5,80.5,27.961777
2025-10-29,20.5,81.5,27.77924
2025-10-29,20.5,82.5,29.197899
2025-10-29,20.5,83.5,29.647108
2025-10-29,20.5,84.5,29.93493
2025-10-29,21.5,80.5,28.33111
2025-10-29,21.5,81.5,28.811163
2025-10-29,21.5,82.5,28.80337
2025-10-29,21.5,83.5,28.870998
2025-10-29,21.5,84.5,29.225063
2025-10-29,22.5,80.5,28.016422
2025-10-29,22.5,81.5,27.913357
2025-10-29,22.5,82.5,27.750675
2025-10-29,22.5,83.5,27.533161
2025-10-29,22.5,84.5,27.820265
2025-10-29,23.5,80.5,27.629232
2025-10-29,23.5,81.5,26.792582
2025-10-29,23.5,82.5,27.166998
2025-10-29,23.5,83.5,26.713345
2025-10-29,23.5,84.5,27.731897
2025-10-29,24.5,80.5,27.792736
2025-10-29,24.5,81.5,28.40782
2025-10-29,24.5,82.5,27.582396
2025-10-29,24.5,83.5,27.149096
2025-10-29,24.5,84.5,28.05835
2025-10-30,18.0,80.5,30.65582
2025-10-30,18.0,81.5,30.316273
2025-10-30,18.0,82.5,29.942558
2025-10-30,18.0,83.5,30.141335
2025-10-30,18.0,84.5,
2025-10-30,18.5,80.5,30.022257
2025-10-30,18.5,81.5,29.908436
2025-10-30,18.5,82.5,29.950493
2025-10-30,18.5,83.5,30.198078
2025-10-30,18.5,84.5,30.725662
2025-10-30,19.5,80.5,28.444386
2025-10-30,19.5,81.5,29.561197
2025-10-30,19.5,82.5,29.594326
2025-10-30,19.5,83.5,30.330633
2025-10-30,19.5,84.5,30.295904
2025-10-30,20.5,80.5,28.488726
2025-10-30,20.5,81.5,28.14065
2025-10-30,20.5,82.5,29.897455
2025-10-30,20.5,83.5,30.111544
2025-10-30,20.5,84.5,30.445177
2025-10-30,21.5,80.5,27.386343
2025-10-30,21.5,81.5,28.529707
2025-10-30,21.5,82.5,29.008503
2025-10-30,21.5,83.5,30.011002
2025-10-30,21.5,84.5,30.0953
2025-10-30,22.5,80.5,26.40641
2025-10-30,22.5,81.5,27.495815
2025-10-30,22.5,82.5,28.451769
2025-10-30,22.5,83.5,28.628645
2025-10-30,22.5,84.5,28.872133
2025-10-30,23.5,80.5,25.79123
2025-10-30,23.5,81.5,25.350462
2025-10-30,23.5,82.5,27.397686
2025-10-30,23.5,83.5,27.439657
2025-10-30,23.5,84.5,28.228735
2025-10-30,24.5,80.5,25.060112
2025-10-30,24.5,81.5,25.931969
2025-10-30,24.5,82.5,26.166077
2025-10-30,24.5,83.5,26.279745
2025-10-30,24.5,84.5,27.535639
2025-10-31,18.0,80.5,32.278625
2025-10-31,18.0,81.5,32.071133
2025-10-31,18.0,82.5,31.750902
2025-10-31,18.0,83.5,32.12721
2025-10-31,18.0,84.5,
2025-10-31,18.5,80.5,31.924328
2025-10-31,18.5,81.5,31.725988
2025-10-31,18.5,82.5,31.658175
2025-10-31,18.5,83.5,31.643345
2025-10-31,18.5,84.5,32.242355
2025-10-31,19.5,80.5,30.806286
2025-10-31,19.5,81.5,31.72715
2025-10-31,19.5,82.5,30.553598
2025-10-31,19.5,83.5,31.367374
2025-10-31,19.5,84.5,31.438557
2025-10-31,20.5,80.5,30.297049
2025-10-31,20.5,81.5,28.82236
2025-10-31,20.5,82.5,30.506481
2025-10-31,20.5,83.5,30.659555
2025-10-31,20.5,84.5,31.417086
2025-10-31,21.5,80.5,28.360931
2025-10-31,21.5,81.5,28.139181
2025-10-31,21.5,82.5,28.22329
2025-10-31,21.5,83.5,29.721966
2025-10-31,21.5,84.5,30.227306
2025-10-31,22.5,80.5,26.296782
2025-10-31,22.5,81.5,26.970127
2025-10-31,22.5,82.5,26.881218
2025-10-31,22.5,83.5,27.469418
2025-10-31,22.5,84.5,28.235332
2025-10-31,23.5,80.5,25.269106
2025-10-31,23.5,81.5,24.741177
2025-10-31,23.5,82.5,25.70542
2025-10-31,23.5,83.5,26.170033
2025-10-31,23.5,84.5,27.449024
2025-10-31,24.5,80.5,24.566341
2025-10-31,24.5,81.5,25.450153
2025-10-31,24.5,82.5,25.391724
2025-10-31,24.5,83.5,25.614113
2025-10-31,24.5,84.5,26.825005
2025-11-01,18.0,80.5,32.083115
2025-11-01,18.0,81.5,31.906656
2025-11-01,18.0,82.5,31.998827
2025-11-01,18.0,83.5,32.23668
2025-11-01,18.0,84.5,
2025-11-01,18.5,80.5,32.370476
2025-11-01,18.5,81.5,32.220963
2025-11-01,18.5,82.5,31.90584
2025-11-01,18.5,83.5,31.96609
2025-11-01,18.5,84.5,32.632816
2025-11-01,19.5,80.5,31.918787
2025-11-01,19.5,81.5,32.205208
2025-11-01,19.5,82.5,31.87377
2025-11-01,19.5,83.5,32.251236
2025-11-01,19.5,84.5,32.407005
2025-11-01,20.5,80.5,31.537674
2025-11-01,20.5,81.5,30.351215
2025-11-01,20.5,82.5,31.49157
2025-11-01,20.5,83.5,31.431229
2025-11-01,20.5,84.5,32.512386
2025-11-01,21.5,80.5,29.418285
2025-11-01,21.5,81.5,29.688166
2025-11-01,21.5,82.5,29.415607
2025-11-01,21.5,83.5,30.334024
2025-11-01,21.5,84.5,30.779764
2025-11-01,22.5,80.5,27.644403
2025-11-01,22.5,81.5,28.626417
2025-11-01,22.5,82.5,28.209707
2025-11-01,22.5,83.5,28.142363
2025-11-01,22.5,84.5,28.652401
2025-11-01,23.5,80.5,27.398619
2025-11-01,23.5,81.5,26.644087
2025-11-01,23.5,82.5,27.39793
2025-11-01,23.5,83.5,27.089752
2025-11-01,23.5,84.5,27.39104
2025-11-01,24.5,80.5,28.067026
2025-11-01,24.5,81.5,28.136288
2025-11-01,24.5,82.5,26.414778
2025-11-01,24.5,83.5,26.15885
2025-11-01,24.5,84.5,26.424063
2025-11-02,18.0,80.5,32.080105
2025-11-02,18.0,81.5,32.23142
2025-11-02,18.0,82.5,32.123447
2025-11-02,18.0,83.5,32.37924
2025-11-02,18.0,84.5,
2025-11-02,18.5,80.5,31.933332
2025-11-02,18.5,81.5,32.199932
2025-11-02,18.5,82.5,31.817005
2025-11-02,18.5,83.5,32.198124
2025-11-02,18.5,84.5,32.68015
2025-11-02,19.5,80.5,31.398611
2025-11-02,19.5,81.5,31.548872
2025-11-02,19.5,82.5,31.765863
2025-11-02,19.5,83.5,32.55036
2025-11-02,19.5,84.5,32.42445
2025-11-02,20.5,80.5,31.640564
2025-11-02,20.5,81.5,30.24975
2025-11-02,20.5,82.5,31.491394
2025-11-02,20.5,83.5,31.753466
2025-11-02,20.5,84.5,32.508904
2025-11-02,21.5,80.5,30.606743
2025-11-02,21.5,81.5,30.636292
2025-11-02,21.5,82.5,30.417479
2025-11-02,21.5,83.5,30.788935
2025-11-02,21.5,84.5,31.590137
2025-11-02,22.5,80.5,29.657118
2025-11-02,22.5,81.5,29.846577
2025-11-02,22.5,82.5,29.6222
2025-11-02,22.5,83.5,29.577917
2025-11-02,22.5,84.5,29.974178
2025-11-02,23.5,80.5,29.65421
2025-11-02,23.5,81.5,29.484064
2025-11-02,23.5,82.5,29.561071
2025-11-02,23.5,83.5,28.91924
2025-11-02,23.5,84.5,29.80477
2025-11-02,24.5,80.5,30.284176
2025-11-02,24.5,81.5,30.730745
2025-11-02,24.5,82.5,29.912334
2025-11-02,24.5,83.5,29.296375
2025-11-02,24.5,84.5,29.85743
2025-11-03,18.0,80.5,32.163536
2025-11-03,18.0,81.5,31.851254
2025-11-03,18.0,82.5,31.691639
2025-11-03,18.0,83.5,31.751282
2025-11-03,18.0,84.5,
2025-11-03,18.5,80.5,32.24276
2025-11-03,18.5,81.5,31.886396
2025-11-03,18.5,82.5,31.238747
2025-11-03,18.5,83.5,31.58989
2025-11-03,18.5,84.5,32.153
2025-11-03,19.5,80.5,31.363281
2025-11-03,19.5,81.5,31.435507
2025-11-03,19.5,82.5,31.00104
2025-11-03,19.5,83.5,32.005936
2025-11-03,19.5,84.5,31.864174
2025-11-03,20.5,80.5,31.588566
2025-11-03,20.5,81.5,30.072193
2025-11-03,20.5,82.5,31.143623
2025-11-03,20.5,83.5,31.442383
2025-11-03,20.5,84.5,31.883345
2025-11-03,21.5,80.5,30.32426
2025-11-03,21.5,81.5,29.839495
2025-11-03,21.5,82.5,29.751768
2025-11-03,21.5,83.5,30.665314
2025-11-03,21.5,84.5,30.370087
2025-11-03,22.5,80.5,29.996368
2025-11-03,22.5,81.5,29.278568
2025-11-03,22.5,82.5,29.101952
2025-11-03,22.5,83.5,29.144186
2025-11-03,22.5,84.5,28.584078
2025-11-03,23.5,80.5,30.00406
2025-11-03,23.5,81.5,29.408703
2025-11-03,23.5,82.5,29.60417
2025-11-03,23.5,83.5,28.71372
2025-11-03,23.5,84.5,28.300604
2025-11-03,24.5,80.5,30.593
2025-11-03,24.5,81.5,30.578764
2025-11-03,24.5,82.5,29.71332
2025-11-03,24.5,83.5,29.374956
2025-11-03,24.5,84.5,29.422153
2025-11-04,18.0,80.5,30.389132
2025-11-04,18.0,81.5,30.220903
2025-11-04,18.0,82.5,30.196644
2025-11-04,18.0,83.5,30.713512
2025-11-04,18.0,84.5,
2025-11-04,18.5,80.5,30.637117
2025-11-04,18.5,81.5,30.584269
2025-11-04,18.5,82.5,30.093454
2025-11-04,18.5,83.5,30.780733
2025-11-04,18.5,84.5,31.325468
2025-11-04,19.5,80.5,30.398954
2025-11-04,19.5,81.5,30.561651
2025-11-04,19.5,82.5,30.355017
2025-11-04,19.5,83.5,31.098158
2025-11-04,19.5,84.5,31.058983
2025-11-04,20.5,80.5,31.237474
2025-11-04,20.5,81.5,29.771147
2025-11-04,20.5,82.5,30.679556
2025-11-04,20.5,83.5,30.937012
2025-11-04,20.5,84.5,31.319662
2025-11-04,21.5,80.5,30.481382
2025-11-04,21.5,81.5,30.18828
2025-11-04,21.5,82.5,30.260838
2025-11-04,21.5,83.5,30.308681
2025-11-04,21.5,84.5,30.28499
2025-11-04,22.5,80.5,30.532421
2025-11-04,22.5,81.5,29.873343
2025-11-04,22.5,82.5,29.791668
2025-11-04,22.5,83.5,29.229685
2025-11-04,22.5,84.5,29.522602
2025-11-04,23.5,80.5,30.814993
2025-11-04,23.5,81.5,30.416035
2025-11-04,23.5,82.5,30.13688
2025-11-04,23.5,83.5,29.333519
2025-11-04,23.5,84.5,29.745369
2025-11-04,24.5,80.5,31.829237
2025-11-04,24.5,81.5,31.752579
2025-11-04,24.5,82.5,31.038765
2025-11-04,24.5,83.5,30.28628
2025-11-04,24.5,84.5,30.327385
2025-11-05,18.0,80.5,31.558094
2025-11-05,18.0,81.5,31.393959
2025-11-05,18.0,82.5,31.575209
2025-11-05,18.0,83.5,31.731916
2025-11-05,18.0,84.5,
2025-11-05,18.5,80.5,31.860493
2025-11-05,18.5,81.5,32.039272
2025-11-05,18.5,82.5,31.305046
2025-11-05,18.5,83.5,31.427824
2025-11-05,18.5,84.5,31.85915
2025-11-05,19.5,80.5,31.669594
2025-11-05,19.5,81.5,31.646385
2025-11-05,19.5,82.5,30.935575
2025-11-05,19.5,83.5,31.855453
2025-11-05,19.5,84.5,31.72037
2025-11-05,20.5,80.5,31.692114
2025-11-05,20.5,81.5,30.411366
2025-11-05,20.5,82.5,31.585472
2025-11-05,20.5,83.5,31.873737
2025-11-05,20.5,84.5,31.877823
2025-11-05,21.5,80.5,30.474674
2025-11-05,21.5,81.5,30.753496
2025-11-05,21.5,82.5,31.012157
2025-11-05,21.5,83.5,31.381893
2025-11-05,21.5,84.5,31.174953
2025-11-05,22.5,80.5,30.253506
2025-11-05,22.5,81.5,30.211037
2025-11-05,22.5,82.5,30.461697
2025-11-05,22.5,83.5,30.207449
2025-11-05,22.5,84.5,30.62928
2025-11-05,23.5,80.5,30.652779
2025-11-05,23.5,81.5,30.338705
2025-11-05,23.5,82.5,30.910627
2025-11-05,23.5,83.5,30.502695
2025-11-05,23.5,84.5,31.07174
2025-11-05,24.5,80.5,31.518248
2025-11-05,24.5,81.5,31.8585
2025-11-05,24.5,82.5,31.76917
2025-11-05,24.5,83.5,31.370686
2025-11-05,24.5,84.5,31.410234
2025-11-06,18.0,80.5,31.39221
2025-11-06,18.0,81.5,31.221485
2025-11-06,18.0,82.5,31.075565
2025-11-06,18.0,83.5,31.478035
2025-11-06,18.0,84.5,
2025-11-06,18.5,80.5,31.307375
2025-11-06,18.5,81.5,31.448141
2025-11-06,18.5,82.5,30.980612
2025-11-06,18.5,83.5,31.268951
2025-11-06,18.5,84.5,31.786266
2025-11-06,19.5,80.5,31.079792
2025-11-06,19.5,81.5,31.466808
2025-11-06,19.5,82.5,30.877481
2025-11-06,19.5,83.5,31.649206
2025-11-06,19.5,84.5,31.606491
2025-11-06,20.5,80.5,31.453293
2025-11-06,20.5,81.5,30.43911
2025-11-06,20.5,82.5,31.586756
2025-11-06,20.5,83.5,31.68763
2025-11-06,20.5,84.5,31.681494
2025-11-06,21.5,80.5,30.464272
2025-11-06,21.5,81.5,30.960999
2025-11-06,21.5,82.5,31.113815
2025-11-06,21.5,83.5,31.261702
2025-11-06,21.5,84.5,31.124317
2025-11-06,22.5,80.5,30.049109
2025-11-06,22.5,81.5,30.474844
2025-11-06,22.5,82.5,30.602943
2025-11-06,22.5,83.5,30.39926
2025-11-06,22.5,84.5,30.609243
2025-11-06,23.5,80.5,30.193628
2025-11-06,23.5,81.5,29.990442
2025-11-06,23.5,82.5,30.920424
2025-11-06,23.5,83.5,30.560783
2025-11-06,23.5,84.5,31.12951
2025-11-06,24.5,80.5,30.665178
2025-11-06,24.5,81.5,31.23213
2025-11-06,24.5,82.5,31.35422
2025-11-06,24.5,83.5,30.88404
2025-11-06,24.5,84.5,31.185707
2025-11-07,18.0,80.5,30.981735
2025-11-07,18.0,81.5,30.785448
2025-11-07,18.0,82.5,30.201796
2025-11-07,18.0,83.5,30.477777
2025-11-07,18.0,84.5,
2025-11-07,18.5,80.5,30.846428
2025-11-07,18.5,81.5,30.576096
2025-11-07,18.5,82.5,30.225908
2025-11-07,18.5,83.5,30.288641
2025-11-07,18.5,84.5,30.864233
2025-11-07,19.5,80.5,30.599022
2025-11-07,19.5,81.5,30.594036
2025-11-07,19.5,82.5,29.908007
2025-11-07,19.5,83.5,30.630602
2025-11-07,19.5,84.5,30.777428
2025-11-07,20.5,80.5,30.5349
2025-11-07,20.5,81.5,29.571697
2025-11-07,20.5,82.5,30.719023
2025-11-07,20.5,83.5,30.863459
2025-11-07,20.5,84.5,30.919727
2025-11-07,21.5,80.5,29.460707
2025-11-07,21.5,81.5,29.894953
2025-11-07,21.5,82.5,29.889202
2025-11-07,21.5,83.5,30.6788
2025-11-07,21.5,84.5,30.827631
2025-11-07,22.5,80.5,28.78784
2025-11-07,22.5,81.5,29.21458
2025-11-07,22.5,82.5,29.558292
2025-11-07,22.5,83.5,29.678408
2025-11-07,22.5,84.5,30.179033
2025-11-07,23.5,80.5,28.570602
2025-11-07,23.5,81.5,28.20833
2025-11-07,23.5,82.5,29.455706
2025-11-07,23.5,83.5,29.220232
2025-11-07,23.5,84.5,30.183662
2025-11-07,24.5,80.5,29.226067
2025-11-07,24.5,81.5,29.609093
2025-11-07,24.5,82.5,29.414331
2025-11-07,24.5,83.5,29.453583
2025-11-07,24.5,84.5,30.23561
2025-11-08,18.0,80.5,30.771812
2025-11-08,18.0,81.5,30.53184
2025-11-08,18.0,82.5,30.420166
2025-11-08,18.0,83.5,30.582912
2025-11-08,18.0,84.5,
2025-11-08,18.5,80.5,30.700722
2025-11-08,18.5,81.5,30.749163
2025-11-08,18.5,82.5,30.503542
2025-11-08,18.5,83.5,30.487524
2025-11-08,18.5,84.5,30.939947
2025-11-08,19.5,80.5,30.445726
2025-11-08,19.5,81.5,30.716633
2025-11-08,19.5,82.5,30.029434
2025-11-08,19.5,83.5,30.807459
2025-11-08,19.5,84.5,30.81981
2025-11-08,20.5,80.5,30.163832
2025-11-08,20.5,81.5,29.313131
2025-11-08,20.5,82.5,30.721794
2025-11-08,20.5,83.5,30.80806
2025-11-08,20.5,84.5,30.916628
2025-11-08,21.5,80.5,28.776058
2025-11-08,21.5,81.5,29.343325
2025-11-08,21.5,82.5,29.382208
2025-11-08,21.5,83.5,30.14534
2025-11-08,21.5,84.5,30.290491
2025-11-08,22.5,80.5,27.85107
2025-11-08,22.5,81.5,28.373308
2025-11-08,22.5,82.5,28.477198
2025-11-08,22.5,83.5,28.62293
2025-11-08,22.5,84.5,29.233944
2025-11-08,23.5,80.5,27.824463
2025-11-08,23.5,81.5,27.325777
2025-11-08,23.5,82.5,28.604128
2025-11-08,23.5,83.5,28.698961
2025-11-08,23.5,84.5,29.419916
2025-11-08,24.5,80.5,28.69865
2025-11-08,24.5,81.5,28.957645
2025-11-08,24.5,82.5,28.917679
2025-11-08,24.5,83.5,28.82221
2025-11-08,24.5,84.5,29.254402
2025-11-09,18.0,80.5,30.657478
2025-11-09,18.0,81.5,30.251223
2025-11-09,18.0,82.5,29.91621
2025-11-09,18.0,83.5,30.029524
2025-11-09,18.0,84.5,
2025-11-09,18.5,80.5,30.339968
2025-11-09,18.5,81.5,30.215172
2025-11-09,18.5,82.5,29.729218
2025-11-09,18.5,83.5,29.843447
2025-11-09,18.5,84.5,30.13575
2025-11-09,19.5,80.5,29.896193
2025-11-09,19.5,81.5,30.219805
2025-11-09,19.5,82.5,29.154741
2025-11-09,19.5,83.5,29.878061
2025-11-09,19.5,84.5,29.805155
2025-11-09,20.5,80.5,29.690245
2025-11-09,20.5,81.5,28.288403
2025-11-09,20.5,82.5,29.669123
2025-11-09,20.5,83.5,29.6063
2025-11-09,20.5,84.5,29.824818
2025-11-09,21.5,80.5,28.563
2025-11-09,21.5,81.5,28.551495
2025-11-09,21.5,82.5,28.609035
2025-11-09,21.5,83.5,29.185093
2025-11-09,21.5,84.5,29.494625
2025-11-09,22.5,80.5,27.522371
2025-11-09,22.5,81.5,27.875462
2025-11-09,22.5,82.5,28.271376
2025-11-09,22.5,83.5,28.049364
2025-11-09,22.5,84.5,28.743841
2025-11-09,23.5,80.5,27.799128
2025-11-09,23.5,81.5,27.241371
2025-11-09,23.5,82.5,28.185543
2025-11-09,23.5,83.5,27.755226
2025-11-09,23.5,84.5,28.807604
2025-11-09,24.5,80.5,28.44308
2025-11-09,24.5,81.5,28.53783
2025-11-09,24.5,82.5,28.375807
2025-11-09,24.5,83.5,28.355488
2025-11-09,24.5,84.5,28.6704
2025-11-10,18.0,80.5,30.265572
2025-11-10,18.0,81.5,29.855145
2025-11-10,18.0,82.5,29.456705
2025-11-10,18.0,83.5,29.382479
2025-11-10,18.0,84.5,
2025-11-10,18.5,80.5,29.853668
2025-11-10,18.5,81.5,29.562727
2025-11-10,18.5,82.5,29.066357
2025-11-10,18.5,83.5,29.025764
2025-11-10,18.5,84.5,29.523592
2025-11-10,19.5,80.5,29.251247
2025-11-10,19.5,81.5,29.390406
2025-11-10,19.5,82.5,28.450287
2025-11-10,19.5,83.5,29.314722
2025-11-10,19.5,84.5,29.445393
2025-11-10,20.5,80.5,29.257048
2025-11-10,20.5,81.5,28.013288
2025-11-10,20.5,82.5,29.112253
2025-11-10,20.5,83.5,29.221357
2025-11-10,20.5,84.5,29.573027
2025-11-10,21.5,80.5,28.358994
2025-11-10,21.5,81.5,28.51751
2025-11-10,21.5,82.5,28.569891
2025-11-10,21.5,83.5,28.940466
2025-11-10,21.5,84.5,29.268368
2025-11-10,22.5,80.5,27.783812
2025-11-10,22.5,81.5,27.730469
2025-11-10,22.5,82.5,28.221409
2025-11-10,22.5,83.5,27.934582
2025-11-10,22.5,84.5,28.521215
2025-11-10,23.5,80.5,27.601198
2025-11-10,23.5,81.5,27.084171
2025-11-10,23.5,82.5,27.784468
2025-11-10,23.5,83.5,27.726421
2025-11-10,23.5,84.5,28.199455
2025-11-10,24.5,80.5,28.237307
2025-11-10,24.5,81.5,28.278194
2025-11-10,24.5,82.5,27.954763
2025-11-10,24.5,83.5,27.47831
2025-11-10,24.5,84.5,27.620836
2025-11-11,18.0,80.5,30.782972
2025-11-11,18.0,81.5,30.09363
2025-11-11,18.0,82.5,29.777666
2025-11-11,18.0,83.5,29.633694
2025-11-11,18.0,84.5,
2025-11-11,18.5,80.5,30.386997
2025-11-11,18.5,81.5,30.097826
2025-11-11,18.5,82.5,29.370981
2025-11-11,18.5,83.5,29.184868
2025-11-11,18.5,84.5,29.709291
2025-11-11,19.5,80.5,29.997417
2025-11-11,19.5,81.5,29.93782
2025-11-11,19.5,82.5,28.984335
2025-11-11,19.5,83.5,29.607882
2025-11-11,19.5,84.5,29.552105
2025-11-11,20.5,80.5,29.6581
2025-11-11,20.5,81.5,28.519249
2025-11-11,20.5,82.5,29.609936
2025-11-11,20.5,83.5,29.576674
2025-11-11,20.5,84.5,29.621359
2025-11-11,21.5,80.5,28.52903
2025-11-11,21.5,81.5,28.660557
2025-11-11,21.5,82.5,28.880476
2025-11-11,21.5,83.5,29.022175
2025-11-11,21.5,84.5,29.014666
2025-11-11,22.5,80.5,27.579742
2025-11-11,22.5,81.5,27.972233
2025-11-11,22.5,82.5,28.194149
2025-11-11,22.5,83.5,27.96287
2025-11-11,22.5,84.5,28.420618
2025-11-11,23.5,80.5,27.477451
2025-11-11,23.5,81.5,26.903353
2025-11-11,23.5,82.5,27.770912
2025-11-11,23.5,83.5,27.57587
2025-11-11,23.5,84.5,28.044827
2025-11-11,24.5,80.5,28.042452
2025-11-11,24.5,81.5,27.984407
2025-11-11,24.5,82.5,27.789858
2025-11-11,24.5,83.5,27.501001
2025-11-11,24.5,84.5,27.627497
2025-11-12,18.0,80.5,30.649267
2025-11-12,18.0,81.5,30.169743
2025-11-12,18.0,82.5,29.61475
2025-11-12,18.0,83.5,29.405798
2025-11-12,18.0,84.5,
2025-11-12,18.5,80.5,30.071262
2025-11-12,18.5,81.5,29.743788
2025-11-12,18.5,82.5,29.285812
2025-11-12,18.5,83.5,28.888613
2025-11-12,18.5,84.5,29.244705
2025-11-12,19.5,80.5,29.383564
2025-11-12,19.5,81.5,29.437716
2025-11-12,19.5,82.5,28.56914
2025-11-12,19.5,83.5,29.170992
2025-11-12,19.5,84.5,29.15121
2025-11-12,20.5,80.5,29.219732
2025-11-12,20.5,81.5,28.247078
2025-11-12,20.5,82.5,29.32744
2025-11-12,20.5,83.5,29.26542
2025-11-12,20.5,84.5,29.262753
2025-11-12,21.5,80.5,28.521166
2025-11-12,21.5,81.5,28.615837
2025-11-12,21.5,82.5,28.757454
2025-11-12,21.5,83.5,28.64033
2025-11-12,21.5,84.5,28.614286
2025-11-12,22.5,80.5,27.792013
2025-11-12,22.5,81.5,27.907457
2025-11-12,22.5,82.5,28.030508
2025-11-12,22.5,83.5,27.82955
2025-11-12,22.5,84.5,28.102318
2025-11-12,23.5,80.5,27.902023
2025-11-12,23.5,81.5,27.075344
2025-11-12,23.5,82.5,27.871517
2025-11-12,23.5,83.5,27.523018
2025-11-12,23.5,84.5,28.042036
2025-11-12,24.5,80.5,28.207794
2025-11-12,24.5,81.5,28.219793
2025-11-12,24.5,82.5,27.775324
2025-11-12,24.5,83.5,27.482246
2025-11-12,24.5,84.5,27.830242
2025-11-13,18.0,80.5,30.711044
2025-11-13,18.0,81.5,29.837309
2025-11-13,18.0,82.5,29.313501
2025-11-13,18.0,83.5,28.911535
2025-11-13,18.0,84.5,
2025-11-13,18.5,80.5,30.073874
2025-11-13,18.5,81.5,29.482275
2025-11-13,18.5,82.5,28.826797
2025-11-13,18.5,83.5,28.451523
2025-11-13,18.5,84.5,28.812254
2025-11-13,19.5,80.5,29.133194
2025-11-13,19.5,81.5,29.124607
2025-11-13,19.5,82.5,28.015652
2025-11-13,19.5,83.5,28.677843
2025-11-13,19.5,84.5,28.626041
2025-11-13,20.5,80.5,28.778711
2025-11-13,20.5,81.5,27.794445
2025-11-13,20.5,82.5,28.788069
2025-11-13,20.5,83.5,28.93056
2025-11-13,20.5,84.5,28.86496
2025-11-13,21.5,80.5,27.782688
2025-11-13,21.5,81.5,28.01833
2025-11-13,21.5,82.5,28.458328
2025-11-13,21.5,83.5,28.536343
2025-11-13,21.5,84.5,28.410368
2025-11-13,22.5,80.5,27.265
2025-11-13,22.5,81.5,27.419065
2025-11-13,22.5,82.5,27.957674
2025-11-13,22.5,83.5,27.957493
2025-11-13,22.5,84.5,27.961864
2025-11-13,23.5,80.5,27.582207
2025-11-13,23.5,81.5,26.913637
2025-11-13,23.5,82.5,27.915037
2025-11-13,23.5,83.5,27.75394
2025-11-13,23.5,84.5,28.222595
2025-11-13,24.5,80.5,28.19256
2025-11-13,24.5,81.5,28.260798
2025-11-13,24.5,82.5,28.186514
2025-11-13,24.5,83.5,27.755795
2025-11-13,24.5,84.5,27.899763
2025-11-14,18.0,80.5,29.907942
2025-11-14,18.0,81.5,29.234465
2025-11-14,18.0,82.5,28.55038
2025-11-14,18.0,83.5,28.495533
2025-11-14,18.0,84.5,
2025-11-14,18.5,80.5,29.387783
2025-11-14,18.5,81.5,29.100601
2025-11-14,18.5,82.5,28.496088
2025-11-14,18.5,83.5,28.071314
2025-11-14,18.5,84.5,28.551727
2025-11-14,19.5,80.5,29.019897
2025-11-14,19.5,81.5,28.847878
2025-11-14,19.5,82.5,28.147528
2025-11-14,19.5,83.5,28.484663
2025-11-14,19.5,84.5,28.553352
2025-11-14,20.5,80.5,28.865728
2025-11-14,20.5,81.5,28.163021
2025-11-14,20.5,82.5,28.801117
2025-11-14,20.5,83.5,28.707617
2025-11-14,20.5,84.5,28.72168
2025-11-14,21.5,80.5,27.723717
2025-11-14,21.5,81.5,28.315617
2025-11-14,21.5,82.5,28.430964
2025-11-14,21.5,83.5,28.351221
2025-11-14,21.5,84.5,28.371487
2025-11-14,22.5,80.5,27.252644
2025-11-14,22.5,81.5,27.567223
2025-11-14,22.5,82.5,27.778505
2025-11-14,22.5,83.5,27.767372
2025-11-14,22.5,84.5,27.81148
2025-11-14,23.5,80.5,27.291409
2025-11-14,23.5,81.5,26.764372
2025-11-14,23.5,82.5,27.736866
2025-11-14,23.5,83.5,27.03818
2025-11-14,23.5,84.5,27.480816
2025-11-14,24.5,80.5,27.693445
2025-11-14,24.5,81.5,27.76417
2025-11-14,24.5,82.5,27.470905
2025-11-14,24.5,83.5,27.070574
2025-11-14,24.5,84.5,27.17282
2025-11-15,18.0,80.5,29.208324
2025-11-15,18.0,81.5,28.652126
2025-11-15,18.0,82.5,28.096415
2025-11-15,18.0,83.5,28.296967
2025-11-15,18.0,84.5,
2025-11-15,18.5,80.5,28.802986
2025-11-15,18.5,81.5,28.460041
2025-11-15,18.5,82.5,27.76088
2025-11-15,18.5,83.5,28.039644
2025-11-15,18.5,84.5,28.486187
2025-11-15,19.5,80.5,28.546236
2025-11-15,19.5,81.5,28.286695
2025-11-15,19.5,82.5,27.612597
2025-11-15,19.5,83.5,28.3844
2025-11-15,19.5,84.5,28.41049
2025-11-15,20.5,80.5,28.567757
2025-11-15,20.5,81.5,27.521536
2025-11-15,20.5,82.5,28.349758
2025-11-15,20.5,83.5,28.490696
2025-11-15,20.5,84.5,28.580236
2025-11-15,21.5,80.5,27.744822
2025-11-15,21.5,81.5,27.902493
2025-11-15,21.5,82.5,27.804398
2025-11-15,21.5,83.5,28.019428
2025-11-15,21.5,84.5,28.159218
2025-11-15,22.5,80.5,26.963932
2025-11-15,22.5,81.5,27.161999
2025-11-15,22.5,82.5,27.274563
2025-11-15,22.5,83.5,27.209816
2025-11-15,22.5,84.5,27.347883
2025-11-15,23.5,80.5,26.755924
2025-11-15,23.5,81.5,26.250278
2025-11-15,23.5,82.5,27.24717
2025-11-15,23.5,83.5,26.922659
2025-11-15,23.5,84.5,27.820452
2025-11-15,24.5,80.5,27.469473
2025-11-15,24.5,81.5,27.573284
2025-11-15,24.5,82.5,27.214386
2025-11-15,24.5,83.5,26.98617
2025-11-15,24.5,84.5,27.723364
2025-11-16,18.0,80.5,28.553438
2025-11-16,18.0,81.5,27.721136
2025-11-16,18.0,82.5,27.358606
2025-11-16,18.0,83.5,28.056568
2025-11-16,18.0,84.5,
2025-11-16,18.5,80.5,27.977783
2025-11-16,18.5,81.5,27.857185
2025-11-16,18.5,82.5,27.30517
2025-11-16,18.5,83.5,27.89266
2025-11-16,18.5,84.5,28.409533
2025-11-16,19.5,80.5,27.81106
2025-11-16,19.5,81.5,27.860342
2025-11-16,19.5,82.5,27.45219
2025-11-16,19.5,83.5,28.345259
2025-11-16,19.5,84.5,28.397316
2025-11-16,20.5,80.5,27.941942
2025-11-16,20.5,81.5,27.160164
2025-11-16,20.5,82.5,28.294287
2025-11-16,20.5,83.5,28.52707
2025-11-16,20.5,84.5,28.603859
2025-11-16,21.5,80.5,27.283283
2025-11-16,21.5,81.5,27.633728
2025-11-16,21.5,82.5,27.708157
2025-11-16,21.5,83.5,27.871363
2025-11-16,21.5,84.5,27.93129
2025-11-16,22.5,80.5,26.883034
2025-11-16,22.5,81.5,26.9446
2025-11-16,22.5,82.5,26.972124
2025-11-16,22.5,83.5,27.036137
2025-11-16,22.5,84.5,26.851717
2025-11-16,23.5,80.5,26.837334
2025-11-16,23.5,81.5,26.151432
2025-11-16,23.5,82.5,26.982752
2025-11-16,23.5,83.5,26.493446
2025-11-16,23.5,84.5,27.2067
2025-11-16,24.5,80.5,27.381172
2025-11-16,24.5,81.5,27.53692
2025-11-16,24.5,82.5,26.903465
2025-11-16,24.5,83.5,26.412603
2025-11-16,24.5,84.5,27.185953
2025-11-17,18.0,80.5,28.650898
2025-11-17,18.0,81.5,28.144596
2025-11-17,18.0,82.5,28.153677
2025-11-17,18.0,83.5,28.501564
2025-11-17,18.0,84.5,
2025-11-17,18.5,80.5,28.081747
2025-11-17,18.5,81.5,28.356117
2025-11-17,18.5,82.5,27.977732
2025-11-17,18.5,83.5,28.255888
2025-11-17,18.5,84.5,28.977657
2025-11-17,19.5,80.5,27.60298
2025-11-17,19.5,81.5,28.109215
2025-11-17,19.5,82.5,27.741282
2025-11-17,19.5,83.5,28.75691
2025-11-17,19.5,84.5,28.91022
2025-11-17,20.5,80.5,27.623184
2025-11-17,20.5,81.5,27.147306
2025-11-17,20.5,82.5,28.973257
2025-11-17,20.5,83.5,29.11453
2025-11-17,20.5,84.5,29.009342
2025-11-17,21.5,80.5,27.384956
2025-11-17,21.5,81.5,27.775143
2025-11-17,21.5,82.5,28.086315
2025-11-17,21.5,83.5,28.698183
2025-11-17,21.5,84.5,28.531382
2025-11-17,22.5,80.5,27.100063
2025-11-17,22.5,81.5,27.092117
2025-11-17,22.5,82.5,27.502363
2025-11-17,22.5,83.5,27.651775
2025-11-17,22.5,84.5,27.534023
2025-11-17,23.5,80.5,27.017435
2025-11-17,23.5,81.5,26.111547
2025-11-17,23.5,82.5,27.090778
2025-11-17,23.5,83.5,27.057299
2025-11-17,23.5,84.5,27.431114
2025-11-17,24.5,80.5,27.236755
2025-11-17,24.5,81.5,27.55359
2025-11-17,24.5,82.5,27.257786
2025-11-17,24.5,83.5,27.435928
2025-11-17,24.5,84.5,28.120152
2025-11-18,18.0,80.5,28.93953
2025-11-18,18.0,81.5,28.097652
2025-11-18,18.0,82.5,27.837997
2025-11-18,18.0,83.5,28.33338
2025-11-18,18.0,84.5,
2025-11-18,18.5,80.5,28.36448
2025-11-18,18.5,81.5,27.995905
2025-11-18,18.5,82.5,27.652758
2025-11-18,18.5,83.5,28.135809
2025-11-18,18.5,84.5,28.705778
2025-11-18,19.5,80.5,27.708134
2025-11-18,19.5,81.5,27.740719
2025-11-18,19.5,82.5,27.558651
2025-11-18,19.5,83.5,28.449839
2025-11-18,19.5,84.5,28.551714
2025-11-18,20.5,80.5,27.80161
2025-11-18,20.5,81.5,27.271282
2025-11-18,20.5,82.5,28.662611
2025-11-18,20.5,83.5,28.73241
2025-11-18,20.5,84.5,28.67135
2025-11-18,21.5,80.5,27.549007
2025-11-18,21.5,81.5,27.630562
2025-11-18,21.5,82.5,28.104336
2025-11-18,21.5,83.5,28.39973
2025-11-18,21.5,84.5,28.238447
2025-11-18,22.5,80.5,26.784473
2025-11-18,22.5,81.5,26.927876
2025-11-18,22.5,82.5,27.22453
2025-11-18,22.5,83.5,27.497051
2025-11-18,22.5,84.5,27.556095
2025-11-18,23.5,80.5,26.894289
2025-11-18,23.5,81.5,26.433676
2025-11-18,23.5,82.5,27.136297
2025-11-18,23.5,83.5,27.498602
2025-11-18,23.5,84.5,28.215496
2025-11-18,24.5,80.5,27.581232
2025-11-18,24.5,81.5,28.03384
2025-11-18,24.5,82.5,27.502134
2025-11-18,24.5,83.5,27.855808
2025-11-18,24.5,84.5,28.455479
2025-11-19,18.0,80.5,29.47478
2025-11-19,18.0,81.5,28.949394
2025-11-19,18.0,82.5,28.776312
2025-11-19,18.0,83.5,29.034681
2025-11-19,18.0,84.5,
2025-11-19,18.5,80.5,28.975641
2025-11-19,18.5,81.5,28.627811
2025-11-19,18.5,82.5,28.339659
2025-11-19,18.5,83.5,28.829662
2025-11-19,18.5,84.5,29.56989
2025-11-19,19.5,80.5,28.033197
2025-11-19,19.5,81.5,28.062218
2025-11-19,19.5,82.5,27.84996
2025-11-19,19.5,83.5,29.051022
2025-11-19,19.5,84.5,29.26223
2025-11-19,20.5,80.5,27.95557
2025-11-19,20.5,81.5,27.386925
2025-11-19,20.5,82.5,28.915098
2025-11-19,20.5,83.5,29.298485
2025-11-19,20.5,84.5,29.446812
2025-11-19,21.5,80.5,27.426569
2025-11-19,21.5,81.5,27.648502
2025-11-19,21.5,82.5,28.302864
2025-11-19,21.5,83.5,28.992258
2025-11-19,21.5,84.5,28.888985
2025-11-19,22.5,80.5,26.690563
2025-11-19,22.5,81.5,27.09199
2025-11-19,22.5,82.5,27.64396
2025-11-19,22.5,83.5,27.781927
2025-11-19,22.5,84.5,28.052319
2025-11-19,23.5,80.5,26.79882
2025-11-19,23.5,81.5,26.788029
2025-11-19,23.5,82.5,27.5026
2025-11-19,23.5,83.5,27.921963
2025-11-19,23.5,84.5,28.728048
2025-11-19,24.5,80.5,27.450623
2025-11-19,24.5,81.5,27.9794
2025-11-19,24.5,82.5,27.82601
2025-11-19,24.5,83.5,28.161919
2025-11-19,24.5,84.5,28.672838
2025-11-20,18.0,80.5,30.537113
2025-11-20,18.0,81.5,30.413155
2025-11-20,18.0,82.5,30.058208
2025-11-20,18.0,83.5,30.343157
2025-11-20,18.0,84.5,
2025-11-20,18.5,80.5,30.001566
2025-11-20,18.5,81.5,30.078043
2025-11-20,18.5,82.5,29.769058
2025-11-20,18.5,83.5,30.06113
2025-11-20,18.5,84.5,30.5763
2025-11-20,19.5,80.5,29.348894
2025-11-20,19.5,81.5,29.404705
2025-11-20,19.5,82.5,29.006567
2025-11-20,19.5,83.5,30.38013
2025-11-20,19.5,84.5,30.554173
2025-11-20,20.5,80.5,29.00832
2025-11-20,20.5,81.5,28.632795
2025-11-20,20.5,82.5,30.03007
2025-11-20,20.5,83.5,30.582624
2025-11-20,20.5,84.5,30.639715
2025-11-20,21.5,80.5,28.483957
2025-11-20,21.5,81.5,28.936592
2025-11-20,21.5,82.5,29.325167
2025-11-20,21.5,83.5,29.993296
2025-11-20,21.5,84.5,29.867737
2025-11-20,22.5,80.5,27.833462
2025-11-20,22.5,81.5,28.094217
2025-11-20,22.5,82.5,28.369421
2025-11-20,22.5,83.5,28.384958
2025-11-20,22.5,84.5,28.697174
2025-11-20,23.5,80.5,27.725214
2025-11-20,23.5,81.5,27.139904
2025-11-20,23.5,82.5,28.098577
2025-11-20,23.5,83.5,28.828901
2025-11-20,23.5,84.5,29.47825
2025-11-20,24.5,80.5,28.010292
2025-11-20,24.5,81.5,28.381733
2025-11-20,24.5,82.5,28.694035
2025-11-20,24.5,83.5,28.833616
2025-11-20,24.5,84.5,29.411812
2025-11-21,18.0,80.5,31.077805
2025-11-21,18.0,81.5,30.94703
2025-11-21,18.0,82.5,30.629244
2025-11-21,18.0,83.5,30.877766
2025-11-21,18.0,84.5,
2025-11-21,18.5,80.5,30.788887
2025-11-21,18.5,81.5,30.99775
2025-11-21,18.5,82.5,30.483927
2025-11-21,18.5,83.5,30.638405
2025-11-21,18.5,84.5,31.109978
2025-11-21,19.5,80.5,30.768871
2025-11-21,19.5,81.5,30.555037
2025-11-21,19.5,82.5,30.12605
2025-11-21,19.5,83.5,31.037127
2025-11-21,19.5,84.5,31.061218
2025-11-21,20.5,80.5,30.42609
2025-11-21,20.5,81.5,29.97203
2025-11-21,20.5,82.5,31.1059
2025-11-21,20.5,83.5,31.317778
2025-11-21,20.5,84.5,31.185066
2025-11-21,21.5,80.5,29.672028
2025-11-21,21.5,81.5,30.424578
2025-11-21,21.5,82.5,30.51289
2025-11-21,21.5,83.5,30.647886
2025-11-21,21.5,84.5,30.266012
2025-11-21,22.5,80.5,28.971031
2025-11-21,22.5,81.5,29.464573
2025-11-21,22.5,82.5,29.516415
2025-11-21,22.5,83.5,29.184374
2025-11-21,22.5,84.5,29.012825
2025-11-21,23.5,80.5,28.385046
2025-11-21,23.5,81.5,27.55412
2025-11-21,23.5,82.5,28.73641
2025-11-21,23.5,83.5,28.554317
2025-11-21,23.5,84.5,28.902716
2025-11-21,24.5,80.5,28.215895
2025-11-21,24.5,81.5,28.40203
2025-11-21,24.5,82.5,28.228748
2025-11-21,24.5,83.5,28.178656
2025-11-21,24.5,84.5,28.92526
2025-11-22,18.0,80.5,31.044312
2025-11-22,18.0,81.5,30.72745
2025-11-22,18.0,82.5,30.307802
2025-11-22,18.0,83.5,30.149036
2025-11-22,18.0,84.5,
2025-11-22,18.5,80.5,31.08676
2025-11-22,18.5,81.5,30.859352
2025-11-22,18.5,82.5,30.14573
2025-11-22,18.5,83.5,29.90536
2025-11-22,18.5,84.5,30.378233
2025-11-22,19.5,80.5,31.08769
2025-11-22,19.5,81.5,30.346786
2025-11-22,19.5,82.5,29.706408
2025-11-22,19.5,83.5,30.301632
2025-11-22,19.5,84.5,30.293804
2025-11-22,20.5,80.5,30.62041
2025-11-22,20.5,81.5,29.924221
2025-11-22,20.5,82.5,30.799543
2025-11-22,20.5,83.5,30.843904
2025-11-22,20.5,84.5,30.527905
2025-11-22,21.5,80.5,29.793877
2025-11-22,21.5,81.5,30.10365
2025-11-22,21.5,82.5,30.289225
2025-11-22,21.5,83.5,30.416624
2025-11-22,21.5,84.5,29.99893
2025-11-22,22.5,80.5,28.87982
2025-11-22,22.5,81.5,29.199488
2025-11-22,22.5,82.5,29.384272
2025-11-22,22.5,83.5,29.239433
2025-11-22,22.5,84.5,29.111326
2025-11-22,23.5,80.5,28.615318
2025-11-22,23.5,81.5,27.780445
2025-11-22,23.5,82.5,28.800987
2025-11-22,23.5,83.5,28.839533
2025-11-22,23.5,84.5,28.743713
2025-11-22,24.5,80.5,28.392061
2025-11-22,24.5,81.5,28.633745
2025-11-22,24.5,82.5,28.120792
2025-11-22,24.5,83.5,27.801487
2025-11-22,24.5,84.5,28.032442
2025-11-23,18.0,80.5,31.202633
2025-11-23,18.0,81.5,30.692799
2025-11-23,18.0,82.5,30.149801
2025-11-23,18.0,83.5,29.977615
2025-11-23,18.0,84.5,
2025-11-23,18.5,80.5,31.181456
2025-11-23,18.5,81.5,30.704237
2025-11-23,18.5,82.5,30.014896
2025-11-23,18.5,83.5,29.644808
2025-11-23,18.5,84.5,30.148737
2025-11-23,19.5,80.5,31.15586
2025-11-23,19.5,81.5,30.371977
2025-11-23,19.5,82.5,29.54411
2025-11-23,19.5,83.5,30.003517
2025-11-23,19.5,84.5,30.089703
2025-11-23,20.5,80.5,30.499805
2025-11-23,20.5,81.5,30.035782
2025-11-23,20.5,82.5,30.51436
2025-11-23,20.5,83.5,30.52676
2025-11-23,20.5,84.5,30.250938
2025-11-23,21.5,80.5,29.90969
2025-11-23,21.5,81.5,30.230862
2025-11-23,21.5,82.5,30.176228
2025-11-23,21.5,83.5,29.926888
2025-11-23,21.5,84.5,29.565435
2025-11-23,22.5,80.5,28.814537
2025-11-23,22.5,81.5,29.311745
2025-11-23,22.5,82.5,29.143333
2025-11-23,22.5,83.5,28.867443
2025-11-23,22.5,84.5,28.609915
2025-11-23,23.5,80.5,28.377804
2025-11-23,23.5,81.5,27.829096
2025-11-23,23.5,82.5,28.708284
2025-11-23,23.5,83.5,28.388386
2025-11-23,23.5,84.5,28.063715
2025-11-23,24.5,80.5,28.06392
2025-11-23,24.5,81.5,28.375116
2025-11-23,24.5,82.5,27.697187
2025-11-23,24.5,83.5,27.187607
2025-11-23,24.5,84.5,27.498316
2025-11-24,18.0,80.5,30.855469
2025-11-24,18.0,81.5,30.533428
2025-11-24,18.0,82.5,29.796616
2025-11-24,18.0,83.5,29.444296
2025-11-24,18.0,84.5,
2025-11-24,18.5,80.5,30.946163
2025-11-24,18.5,81.5,30.341555
2025-11-24,18.5,82.5,29.493284
2025-11-24,18.5,83.5,28.954388
2025-11-24,18.5,84.5,29.204285
2025-11-24,19.5,80.5,30.662838
2025-11-24,19.5,81.5,29.892282
2025-11-24,19.5,82.5,28.734987
2025-11-24,19.5,83.5,29.131386
2025-11-24,19.5,84.5,28.914206
2025-11-24,20.5,80.5,29.786505
2025-11-24,20.5,81.5,29.086973
2025-11-24,20.5,82.5,29.538496
2025-11-24,20.5,83.5,29.344572
2025-11-24,20.5,84.5,28.908363
2025-11-24,21.5,80.5,29.314556
2025-11-24,21.5,81.5,29.080978
2025-11-24,21.5,82.5,29.078918
2025-11-24,21.5,83.5,28.620579
2025-11-24,21.5,84.5,28.077492
2025-11-24,22.5,80.5,28.136963
2025-11-24,22.5,81.5,28.204578
2025-11-24,22.5,82.5,27.924135
2025-11-24,22.5,83.5,27.530294
2025-11-24,22.5,84.5,27.305866
2025-11-24,23.5,80.5,27.465416
2025-11-24,23.5,81.5,26.750776
2025-11-24,23.5,82.5,27.614641
2025-11-24,23.5,83.5,27.2464
2025-11-24,23.5,84.5,27.049288
2025-11-24,24.5,80.5,27.210602
2025-11-24,24.5,81.5,27.577602
2025-11-24,24.5,82.5,26.699427
2025-11-24,24.5,83.5,26.201565
2025-11-24,24.5,84.5,26.311184
2025-11-25,18.0,80.5,29.579308
2025-11-25,18.0,81.5,29.295246
2025-11-25,18.0,82.5,28.544205
2025-11-25,18.0,83.5,28.232382
2025-11-25,18.0,84.5,
2025-11-25,18.5,80.5,29.661043
2025-11-25,18.5,81.5,29.13853
2025-11-25,18.5,82.5,28.257044
2025-11-25,18.5,83.5,28.021479
2025-11-25,18.5,84.5,28.427706
2025-11-25,19.5,80.5,29.589754
2025-11-25,19.5,81.5,28.642542
2025-11-25,19.5,82.5,27.645012
2025-11-25,19.5,83.5,28.219946
2025-11-25,19.5,84.5,28.183308
2025-11-25,20.5,80.5,29.072163
2025-11-25,20.5,81.5,28.02327
2025-11-25,20.5,82.5,28.49227
2025-11-25,20.5,83.5,28.45017
2025-11-25,20.5,84.5,28.193127
2025-11-25,21.5,80.5,28.534391
2025-11-25,21.5,81.5,28.036858
2025-11-25,21.5,82.5,28.111738
2025-11-25,21.5,83.5,27.838554
2025-11-25,21.5,84.5,27.444693
2025-11-25,22.5,80.5,27.19622
2025-11-25,22.5,81.5,27.342047
2025-11-25,22.5,82.5,27.118223
2025-11-25,22.5,83.5,27.013725
2025-11-25,22.5,84.5,26.85857
2025-11-25,23.5,80.5,26.48064
2025-11-25,23.5,81.5,25.979294
2025-11-25,23.5,82.5,26.853432
2025-11-25,23.5,83.5,26.78995
2025-11-25,23.5,84.5,26.911684
2025-11-25,24.5,80.5,26.153502
2025-11-25,24.5,81.5,26.433167
2025-11-25,24.5,82.5,26.408546
2025-11-25,24.5,83.5,26.087132
2025-11-25,24.5,84.5,26.201458
2025-11-26,18.0,80.5,29.605795
2025-11-26,18.0,81.5,29.162306
2025-11-26,18.0,82.5,28.57383
2025-11-26,18.0,83.5,28.3557
2025-11-26,18.0,84.5,
2025-11-26,18.5,80.5,29.48305
2025-11-26,18.5,81.5,29.039057
2025-11-26,18.5,82.5,28.398767
2025-11-26,18.5,83.5,27.935207
2025-11-26,18.5,84.5,28.30298
2025-11-26,19.5,80.5,29.444902
2025-11-26,19.5,81.5,28.835552
2025-11-26,19.5,82.5,27.505999
2025-11-26,19.5,83.5,28.145588
2025-11-26,19.5,84.5,28.01112
2025-11-26,20.5,80.5,28.946388
2025-11-26,20.5,81.5,27.593729
2025-11-26,20.5,82.5,28.206238
2025-11-26,20.5,83.5,28.204603
2025-11-26,20.5,84.5,27.98701
2025-11-26,21.5,80.5,27.956522
2025-11-26,21.5,81.5,27.57254
2025-11-26,21.5,82.5,27.74202
2025-11-26,21.5,83.5,27.530321
2025-11-26,21.5,84.5,26.881952
2025-11-26,22.5,80.5,26.734848
2025-11-26,22.5,81.5,26.791014
2025-11-26,22.5,82.5,26.48612
2025-11-26,22.5,83.5,26.431448
2025-11-26,22.5,84.5,26.168497
2025-11-26,23.5,80.5,25.893015
2025-11-26,23.5,81.5,25.567867
2025-11-26,23.5,82.5,26.304201
2025-11-26,23.5,83.5,26.213318
2025-11-26,23.5,84.5,26.5652
2025-11-26,24.5,80.5,25.776493
2025-11-26,24.5,81.5,26.055637
2025-11-26,24.5,82.5,26.048105
2025-11-26,24.5,83.5,25.736225
2025-11-26,24.5,84.5,26.611134
2025-11-27,18.0,80.5,28.263546
2025-11-27,18.0,81.5,28.033087
2025-11-27,18.0,82.5,27.335728
2025-11-27,18.0,83.5,27.646551
2025-11-27,18.0,84.5,
2025-11-27,18.5,80.5,28.445187
2025-11-27,18.5,81.5,27.931534
2025-11-27,18.5,82.5,27.69326
2025-11-27,18.5,83.5,27.329874
2025-11-27,18.5,84.5,27.799566
2025-11-27,19.5,80.5,28.466085
2025-11-27,19.5,81.5,28.009983
2025-11-27,19.5,82.5,26.911592
2025-11-27,19.5,83.5,27.390392
2025-11-27,19.5,84.5,27.525599
2025-11-27,20.5,80.5,28.545399
2025-11-27,20.5,81.5,27.411491
2025-11-27,20.5,82.5,27.497206
2025-11-27,20.5,83.5,27.402733
2025-11-27,20.5,84.5,27.616322
2025-11-27,21.5,80.5,27.670435
2025-11-27,21.5,81.5,26.864082
2025-11-27,21.5,82.5,27.30416
2025-11-27,21.5,83.5,27.179056
2025-11-27,21.5,84.5,26.374535
2025-11-27,22.5,80.5,26.721977
2025-11-27,22.5,81.5,26.162035
2025-11-27,22.5,82.5,26.099531
2025-11-27,22.5,83.5,26.005547
2025-11-27,22.5,84.5,25.945236
2025-11-27,23.5,80.5,26.291206
2025-11-27,23.5,81.5,25.59364
2025-11-27,23.5,82.5,25.859804
2025-11-27,23.5,83.5,25.961002
2025-11-27,23.5,84.5,26.579216
2025-11-27,24.5,80.5,26.134474
2025-11-27,24.5,81.5,26.221104
2025-11-27,24.5,82.5,26.136402
2025-11-27,24.5,83.5,26.13457
2025-11-27,24.5,84.5,26.599092
2025-11-28,18.0,80.5,28.565914
2025-11-28,18.0,81.5,28.413485
2025-11-28,18.0,82.5,28.29158
2025-11-28,18.0,83.5,28.668804
2025-11-28,18.0,84.5,
2025-11-28,18.5,80.5,28.357384
2025-11-28,18.5,81.5,28.336597
2025-11-28,18.5,82.5,28.016722
2025-11-28,18.5,83.5,28.392195
2025-11-28,18.5,84.5,28.757185
2025-11-28,19.5,80.5,27.960363
2025-11-28,19.5,81.5,27.846643
2025-11-28,19.5,82.5,27.615154
2025-11-28,19.5,83.5,28.568615
2025-11-28,19.5,84.5,28.52763
2025-11-28,20.5,80.5,27.928392
2025-11-28,20.5,81.5,27.17598
2025-11-28,20.5,82.5,28.44204
2025-11-28,20.5,83.5,28.592598
2025-11-28,20.5,84.5,28.607943
2025-11-28,21.5,80.5,27.218449
2025-11-28,21.5,81.5,27.644497
2025-11-28,21.5,82.5,27.84655
2025-11-28,21.5,83.5,28.325697
2025-11-28,21.5,84.5,27.996721
2025-11-28,22.5,80.5,26.681898
2025-11-28,22.5,81.5,26.946924
2025-11-28,22.5,82.5,27.283741
2025-11-28,22.5,83.5,27.308342
2025-11-28,22.5,84.5,27.161861
2025-11-28,23.5,80.5,26.548105
2025-11-28,23.5,81.5,26.064337
2025-11-28,23.5,82.5,26.934162
2025-11-28,23.5,83.5,27.307877
2025-11-28,23.5,84.5,27.647612
2025-11-28,24.5,80.5,26.542866
2025-11-28,24.5,81.5,26.834175
2025-11-28,24.5,82.5,27.067053
2025-11-28,24.5,83.5,27.014767
2025-11-28,24.5,84.5,27.367863
2025-11-29,18.0,80.5,28.690695
2025-11-29,18.0,81.5,28.9135
2025-11-29,18.0,82.5,28.687603
2025-11-29,18.0,83.5,28.863205
2025-11-29,18.0,84.5,
2025-11-29,18.5,80.5,28.538685
2025-11-29,18.5,81.5,28.676683
2025-11-29,18.5,82.5,28.274178
2025-11-29,18.5,83.5,28.53228
2025-11-29,18.5,84.5,28.924864
2025-11-29,19.5,80.5,28.043243
2025-11-29,19.5,81.5,28.029558
2025-11-29,19.5,82.5,27.734194
2025-11-29,19.5,83.5,28.725616
2025-11-29,19.5,84.5,28.748066
2025-11-29,20.5,80.5,28.014072
2025-11-29,20.5,81.5,27.234648
2025-11-29,20.5,82.5,28.746859
2025-11-29,20.5,83.5,28.979916
2025-11-29,20.5,84.5,28.932148
2025-11-29,21.5,80.5,27.206789
2025-11-29,21.5,81.5,27.850735
2025-11-29,21.5,82.5,27.954178
2025-11-29,21.5,83.5,28.480091
2025-11-29,21.5,84.5,28.223726
2025-11-29,22.5,80.5,26.530664
2025-11-29,22.5,81.5,26.984022
2025-11-29,22.5,82.5,27.314241
2025-11-29,22.5,83.5,27.478174
2025-11-29,22.5,84.5,27.4171
2025-11-29,23.5,80.5,26.310535
2025-11-29,23.5,81.5,25.819769
2025-11-29,23.5,82.5,26.817463
2025-11-29,23.5,83.5,27.216505
2025-11-29,23.5,84.5,27.387129
2025-11-29,24.5,80.5,26.597641
2025-11-29,24.5,81.5,26.936218
2025-11-29,24.5,82.5,26.824226
2025-11-29,24.5,83.5,26.563423
2025-11-29,24.5,84.5,26.982567
2025-11-30,18.0,80.5,27.225325
2025-11-30,18.0,81.5,26.966513
2025-11-30,18.0,82.5,27.03099
2025-11-30,18.0,83.5,27.260336
2025-11-30,18.0,84.5,
2025-11-30,18.5,80.5,27.406725
2025-11-30,18.5,81.5,27.440567
2025-11-30,18.5,82.5,26.76294
2025-11-30,18.5,83.5,27.000113
2025-11-30,18.5,84.5,27.821613
2025-11-30,19.5,80.5,27.834646
2025-11-30,19.5,81.5,27.417017
2025-11-30,19.5,82.5,26.71389
2025-11-30,19.5,83.5,27.620937
2025-11-30,19.5,84.5,27.892448
2025-11-30,20.5,80.5,27.636564
2025-11-30,20.5,81.5,26.84197
2025-11-30,20.5,82.5,27.916378
2025-11-30,20.5,83.5,28.162333
2025-11-30,20.5,84.5,28.03507
2025-11-30,21.5,80.5,27.028
2025-11-30,21.5,81.5,27.502386
2025-11-30,21.5,82.5,27.483646
2025-11-30,21.5,83.5,27.948914
2025-11-30,21.5,84.5,27.83841
2025-11-30,22.5,80.5,26.618488
2025-11-30,22.5,81.5,27.032066
2025-11-30,22.5,82.5,27.238102
2025-11-30,22.5,83.5,27.298244
2025-11-30,22.5,84.5,27.055157
2025-11-30,23.5,80.5,26.834074
2025-11-30,23.5,81.5,26.445303
2025-11-30,23.5,82.5,27.20862
2025-11-30,23.5,83.5,27.210503
2025-11-30,23.5,84.5,27.444475
2025-11-30,24.5,80.5,26.868574
2025-11-30,24.5,81.5,27.026072
2025-11-30,24.5,82.5,26.960604
2025-11-30,24.5,83.5,26.694815
2025-11-30,24.5,84.5,27.099312
2025-12-01,18.0,80.5,27.265917
2025-12-01,18.0,81.5,26.138391
2025-12-01,18.0,82.5,25.810472
2025-12-01,18.0,83.5,25.766062
2025-12-01,18.0,84.5,
2025-12-01,18.5,80.5,27.608215
2025-12-01,18.5,81.5,26.401348
2025-12-01,18.5,82.5,25.705145
2025-12-01,18.5,83.5,25.107933
2025-12-01,18.5,84.5,26.042526
2025-12-01,19.5,80.5,27.996365
2025-12-01,19.5,81.5,26.727186
2025-12-01,19.5,82.5,24.92199
2025-12-01,19.5,83.5,25.575518
2025-12-01,19.5,84.5,25.983812
2025-12-01,20.5,80.5,27.731043
2025-12-01,20.5,81.5,26.181347
2025-12-01,20.5,82.5,26.205881
2025-12-01,20.5,83.5,26.632412
2025-12-01,20.5,84.5,26.280754
2025-12-01,21.5,80.5,27.167984
2025-12-01,21.5,81.5,26.56437
2025-12-01,21.5,82.5,26.526066
2025-12-01,21.5,83.5,26.427956
2025-12-01,21.5,84.5,25.413671
2025-12-01,22.5,80.5,26.879871
2025-12-01,22.5,81.5,26.255304
2025-12-01,22.5,82.5,26.045713
2025-12-01,22.5,83.5,24.963736
2025-12-01,22.5,84.5,24.713032
2025-12-01,23.5,80.5,26.870415
2025-12-01,23.5,81.5,26.2301
2025-12-01,23.5,82.5,26.253147
2025-12-01,23.5,83.5,25.919535
2025-12-01,23.5,84.5,24.950535
2025-12-01,24.5,80.5,26.632141
2025-12-01,24.5,81.5,26.782537
2025-12-01,24.5,82.5,26.446507
2025-12-01,24.5,83.5,26.02721
2025-12-01,24.5,84.5,25.257256
2025-12-02,18.0,80.5,27.767538
2025-12-02,18.0,81.5,26.892916
2025-12-02,18.0,82.5,26.797173
2025-12-02,18.0,83.5,26.908125
2025-12-02,18.0,84.5,
2025-12-02,18.5,80.5,27.735682
2025-12-02,18.5,81.5,27.193193
2025-12-02,18.5,82.5,26.729986
2025-12-02,18.5,83.5,26.570597
2025-12-02,18.5,84.5,27.546572
2025-12-02,19.5,80.5,28.20105
2025-12-02,19.5,81.5,27.743057
2025-12-02,19.5,82.5,26.70526
2025-12-02,19.5,83.5,27.415218
2025-12-02,19.5,84.5,27.805365
2025-12-02,20.5,80.5,28.04362
2025-12-02,20.5,81.5,27.213829
2025-12-02,20.5,82.5,27.876776
2025-12-02,20.5,83.5,28.180372
2025-12-02,20.5,84.5,28.165022
2025-12-02,21.5,80.5,26.874542
2025-12-02,21.5,81.5,27.33209
2025-12-02,21.5,82.5,27.754541
2025-12-02,21.5,83.5,27.98015
2025-12-02,21.5,84.5,27.691618
2025-12-02,22.5,80.5,26.27596
2025-12-02,22.5,81.5,26.596533
2025-12-02,22.5,82.5,27.194637
2025-12-02,22.5,83.5,26.952097
2025-12-02,22.5,84.5,27.141834
2025-12-02,23.5,80.5,26.249
2025-12-02,23.5,81.5,25.739721
2025-12-02,23.5,82.5,26.829308
2025-12-02,23.5,83.5,26.895124
2025-12-02,23.5,84.5,27.183031
2025-12-02,24.5,80.5,26.50178
2025-12-02,24.5,81.5,26.17918
2025-12-02,24.5,82.5,26.161709
2025-12-02,24.5,83.5,26.04113
2025-12-02,24.5,84.5,25.990791
2025-12-03,18.0,80.5,27.890293
2025-12-03,18.0,81.5,27.396786
2025-12-03,18.0,82.5,27.479511
2025-12-03,18.0,83.5,27.735603
2025-12-03,18.0,84.5,
2025-12-03,18.5,80.5,28.118107
2025-12-03,18.5,81.5,27.876665
2025-12-03,18.5,82.5,27.320024
2025-12-03,18.5,83.5,27.473564
2025-12-03,18.5,84.5,28.256475
2025-12-03,19.5,80.5,28.315645
2025-12-03,19.5,81.5,27.772215
2025-12-03,19.5,82.5,27.3681
2025-12-03,19.5,83.5,28.24524
2025-12-03,19.5,84.5,28.320616
2025-12-03,20.5,80.5,28.260435
2025-12-03,20.5,81.5,27.44677
2025-12-03,20.5,82.5,28.096157
2025-12-03,20.5,83.5,28.428415
2025-12-03,20.5,84.5,28.452866
2025-12-03,21.5,80.5,27.210058
2025-12-03,21.5,81.5,27.789923
2025-12-03,21.5,82.5,28.162973
2025-12-03,21.5,83.5,28.357315
2025-12-03,21.5,84.5,28.014568
2025-12-03,22.5,80.5,26.796053
2025-12-03,22.5,81.5,27.032644
2025-12-03,22.5,82.5,27.572882
2025-12-03,22.5,83.5,27.218456
2025-12-03,22.5,84.5,27.266273
2025-12-03,23.5,80.5,26.759302
2025-12-03,23.5,81.5,26.369078
2025-12-03,23.5,82.5,27.165108
2025-12-03,23.5,83.5,27.202858
2025-12-03,23.5,84.5,27.347536
2025-12-03,24.5,80.5,26.799345
2025-12-03,24.5,81.5,26.80973
2025-12-03,24.5,82.5,26.7146
2025-12-03,24.5,83.5,26.354673
2025-12-03,24.5,84.5,26.249142
2025-12-04,18.0,80.5,29.258514
2025-12-04,18.0,81.5,28.781836
2025-12-04,18.0,82.5,28.361015
2025-12-04,18.0,83.5,28.030748
2025-12-04,18.0,84.5,
2025-12-04,18.5,80.5,29.307802
2025-12-04,18.5,81.5,28.778101
2025-12-04,18.5,82.5,27.913818
2025-12-04,18.5,83.5,27.575724
2025-12-04,18.5,84.5,27.926435
2025-12-04,19.5,80.5,28.614285
2025-12-04,19.5,81.5,28.274307
2025-12-04,19.5,82.5,27.18013
2025-12-04,19.5,83.5,27.764172
2025-12-04,19.5,84.5,27.749771
2025-12-04,20.5,80.5,28.154139
2025-12-04,20.5,81.5,27.152464
2025-12-04,20.5,82.5,27.949234
2025-12-04,20.5,83.5,27.91122
2025-12-04,20.5,84.5,27.866495
2025-12-04,21.5,80.5,27.015636
2025-12-04,21.5,81.5,27.421715
2025-12-04,21.5,82.5,27.536789
2025-12-04,21.5,83.5,27.467999
2025-12-04,21.5,84.5,27.102983
2025-12-04,22.5,80.5,25.98548
2025-12-04,22.5,81.5,26.438297
2025-12-04,22.5,82.5,26.651567
2025-12-04,22.5,83.5,26.575008
2025-12-04,22.5,84.5,26.284367
2025-12-04,23.5,80.5,25.696003
2025-12-04,23.5,81.5,25.345388
2025-12-04,23.5,82.5,26.316938
2025-12-04,23.5,83.5,26.283487
2025-12-04,23.5,84.5,26.251455
2025-12-04,24.5,80.5,25.229673
2025-12-04,24.5,81.5,25.49261
2025-12-04,24.5,82.5,25.630928
2025-12-04,24.5,83.5,25.242104
2025-12-04,24.5,84.5,25.244978
2025-12-05,18.0,80.5,28.447062
2025-12-05,18.0,81.5,27.908138
2025-12-05,18.0,82.5,27.294912
2025-12-05,18.0,83.5,27.340622
2025-12-05,18.0,84.5,
2025-12-05,18.5,80.5,28.435955
2025-12-05,18.5,81.5,27.788109
2025-12-05,18.5,82.5,27.14351
2025-12-05,18.5,83.5,27.079
2025-12-05,18.5,84.5,27.56163
2025-12-05,19.5,80.5,28.021704
2025-12-05,19.5,81.5,27.58447
2025-12-05,19.5,82.5,26.573532
2025-12-05,19.5,83.5,27.357769
2025-12-05,19.5,84.5,27.506777
2025-12-05,20.5,80.5,27.607004
2025-12-05,20.5,81.5,26.920885
2025-12-05,20.5,82.5,27.471018
2025-12-05,20.5,83.5,27.68747
2025-12-05,20.5,84.5,27.727163
2025-12-05,21.5,80.5,26.662994
2025-12-05,21.5,81.5,27.07088
2025-12-05,21.5,82.5,27.168282
2025-12-05,21.5,83.5,27.339783
2025-12-05,21.5,84.5,26.86916
2025-12-05,22.5,80.5,25.810358
2025-12-05,22.5,81.5,26.12684
2025-12-05,22.5,82.5,26.222944
2025-12-05,22.5,83.5,26.18103
2025-12-05,22.5,84.5,25.830214
2025-12-05,23.5,80.5,25.33442
2025-12-05,23.5,81.5,24.725945
2025-12-05,23.5,82.5,25.770275
2025-12-05,23.5,83.5,25.814585
2025-12-05,23.5,84.5,25.7698
2025-12-05,24.5,80.5,25.092857
2025-12-05,24.5,81.5,25.10173
2025-12-05,24.5,82.5,25.27308
2025-12-05,24.5,83.5,24.91646
2025-12-05,24.5,84.5,25.26904
2025-12-06,18.0,80.5,28.75026
2025-12-06,18.0,81.5,28.055895
2025-12-06,18.0,82.5,27.703888
2025-12-06,18.0,83.5,27.716175
2025-12-06,18.0,84.5,
2025-12-06,18.5,80.5,28.361864
2025-12-06,18.5,81.5,28.002726
2025-12-06,18.5,82.5,27.540524
2025-12-06,18.5,83.5,27.57058
2025-12-06,18.5,84.5,27.922335
2025-12-06,19.5,80.5,27.915176
2025-12-06,19.5,81.5,27.836187
2025-12-06,19.5,82.5,27.157671
2025-12-06,19.5,83.5,27.905386
2025-12-06,19.5,84.5,27.931189
2025-12-06,20.5,80.5,27.426138
2025-12-06,20.5,81.5,27.098495
2025-12-06,20.5,82.5,27.831089
2025-12-06,20.5,83.5,28.016758
2025-12-06,20.5,84.5,28.050814
2025-12-06,21.5,80.5,26.370935
2025-12-06,21.5,81.5,27.21329
2025-12-06,21.5,82.5,27.302761
2025-12-06,21.5,83.5,27.483347
2025-12-06,21.5,84.5,27.103035
2025-12-06,22.5,80.5,25.691013
2025-12-06,22.5,81.5,26.33016
2025-12-06,22.5,82.5,26.375036
2025-12-06,22.5,83.5,26.318298
2025-12-06,22.5,84.5,26.092295
2025-12-06,23.5,80.5,25.304796
2025-12-06,23.5,81.5,24.58022
2025-12-06,23.5,82.5,25.918793
2025-12-06,23.5,83.5,25.800383
2025-12-06,23.5,84.5,26.08103
2025-12-06,24.5,80.5,25.11526
2025-12-06,24.5,81.5,24.97013
2025-12-06,24.5,82.5,25.190617
2025-12-06,24.5,83.5,24.688242
2025-12-06,24.5,84.5,25.249523
2025-12-07,18.0,80.5,29.119019
2025-12-07,18.0,81.5,28.240555
2025-12-07,18.0,82.5,27.81674
2025-12-07,18.0,83.5,27.510744
2025-12-07,18.0,84.5,
2025-12-07,18.5,80.5,28.736595
2025-12-07,18.5,81.5,28.248098
2025-12-07,18.5,82.5,27.581244
2025-12-07,18.5,83.5,27.373379
2025-12-07,18.5,84.5,27.705269
2025-12-07,19.5,80.5,28.735374
2025-12-07,19.5,81.5,28.349047
2025-12-07,19.5,82.5,27.407242
2025-12-07,19.5,83.5,27.783989
2025-12-07,19.5,84.5,27.74681
2025-12-07,20.5,80.5,28.59176
2025-12-07,20.5,81.5,27.962296
2025-12-07,20.5,82.5,28.500454
2025-12-07,20.5,83.5,28.32761
2025-12-07,20.5,84.5,27.801538
2025-12-07,21.5,80.5,27.689196
2025-12-07,21.5,81.5,28.399292
2025-12-07,21.5,82.5,28.27432
2025-12-07,21.5,83.5,27.988672
2025-12-07,21.5,84.5,27.16279
2025-12-07,22.5,80.5,26.95129
2025-12-07,22.5,81.5,27.42539
2025-12-07,22.5,82.5,27.352587
2025-12-07,22.5,83.5,27.008106
2025-12-07,22.5,84.5,26.584837
2025-12-07,23.5,80.5,26.113075
2025-12-07,23.5,81.5,25.601109
2025-12-07,23.5,82.5,26.792902
2025-12-07,23.5,83.5,26.634823
2025-12-07,23.5,84.5,26.413887
2025-12-07,24.5,80.5,25.770712
2025-12-07,24.5,81.5,25.670126
2025-12-07,24.5,82.5,25.617237
2025-12-07,24.5,83.5,25.017885
2025-12-07,24.5,84.5,25.286264
2025-12-08,18.0,80.5,29.140644
2025-12-08,18.0,81.5,28.507597
2025-12-08,18.0,82.5,28.220987
2025-12-08,18.0,83.5,28.412579
2025-12-08,18.0,84.5,
2025-12-08,18.5,80.5,28.887331
2025-12-08,18.5,81.5,28.502506
2025-12-08,18.5,82.5,28.192444
2025-12-08,18.5,83.5,28.184456
2025-12-08,18.5,84.5,28.438446
2025-12-08,19.5,80.5,28.99394
2025-12-08,19.5,81.5,28.854538
2025-12-08,19.5,82.5,27.927822
2025-12-08,19.5,83.5,28.616787
2025-12-08,19.5,84.5,28.447214
2025-12-08,20.5,80.5,29.065039
2025-12-08,20.5,81.5,28.767908
2025-12-08,20.5,82.5,29.013031
2025-12-08,20.5,83.5,29.055437
2025-12-08,20.5,84.5,28.51729
2025-12-08,21.5,80.5,28.636957
2025-12-08,21.5,81.5,29.027004
2025-12-08,21.5,82.5,29.070272
2025-12-08,21.5,83.5,28.554047
2025-12-08,21.5,84.5,27.640472
2025-12-08,22.5,80.5,28.14368
2025-12-08,22.5,81.5,28.268898
2025-12-08,22.5,82.5,27.90909
2025-12-08,22.5,83.5,27.133694
2025-12-08,22.5,84.5,26.673328
2025-12-08,23.5,80.5,27.706753
2025-12-08,23.5,81.5,26.829222
2025-12-08,23.5,82.5,27.433372
2025-12-08,23.5,83.5,26.77908
2025-12-08,23.5,84.5,25.958918
2025-12-08,24.5,80.5,27.486044
2025-12-08,24.5,81.5,26.921125
2025-12-08,24.5,82.5,25.932907
2025-12-08,24.5,83.5,24.880636
2025-12-08,24.5,84.5,24.352942
2025-12-09,18.0,80.5,29.70577
2025-12-09,18.0,81.5,28.806261
2025-12-09,18.0,82.5,28.392624
2025-12-09,18.0,83.5,28.196909
2025-12-09,18.0,84.5,
2025-12-09,18.5,80.5,29.284025
2025-12-09,18.5,81.5,28.80238
2025-12-09,18.5,82.5,28.143314
2025-12-09,18.5,83.5,27.724922
2025-12-09,18.5,84.5,27.950724
2025-12-09,19.5,80.5,29.334263
2025-12-09,19.5,81.5,29.00734
2025-12-09,19.5,82.5,27.78566
2025-12-09,19.5,83.5,28.199646
2025-12-09,19.5,84.5,28.112583
2025-12-09,20.5,80.5,29.030987
2025-12-09,20.5,81.5,28.551586
2025-12-09,20.5,82.5,28.856297
2025-12-09,20.5,83.5,28.739328
2025-12-09,20.5,84.5,28.232292
2025-12-09,21.5,80.5,28.26996
2025-12-09,21.5,81.5,28.824902
2025-12-09,21.5,82.5,28.77363
2025-12-09,21.5,83.5,28.548069
2025-12-09,21.5,84.5,27.651953
2025-12-09,22.5,80.5,27.701311
2025-12-09,22.5,81.5,27.973213
2025-12-09,22.5,82.5,27.915922
2025-12-09,22.5,83.5,27.6077
2025-12-09,22.5,84.5,27.100315
2025-12-09,23.5,80.5,27.31765
2025-12-09,23.5,81.5,26.591196
2025-12-09,23.5,82.5,27.379623
2025-12-09,23.5,83.5,27.268785
2025-12-09,23.5,84.5,26.880245
2025-12-09,24.5,80.5,27.331219
2025-12-09,24.5,81.5,26.835978
2025-12-09,24.5,82.5,26.210785
2025-12-09,24.5,83.5,25.416195
2025-12-09,24.5,84.5,25.196104
2025-12-10,18.0,80.5,29.096348
2025-12-10,18.0,81.5,28.592527
2025-12-10,18.0,82.5,28.36199
2025-12-10,18.0,83.5,28.134909
2025-12-10,18.0,84.5,
2025-12-10,18.5,80.5,28.992903
2025-12-10,18.5,81.5,28.714985
2025-12-10,18.5,82.5,28.279049
2025-12-10,18.5,83.5,27.905167
2025-12-10,18.5,84.5,28.177395
2025-12-10,19.5,80.5,29.182566
2025-12-10,19.5,81.5,28.766747
2025-12-10,19.5,82.5,27.890272
2025-12-10,19.5,83.5,28.258408
2025-12-10,19.5,84.5,28.244522
2025-12-10,20.5,80.5,28.829035
2025-12-10,20.5,81.5,28.241966
2025-12-10,20.5,82.5,28.79901
2025-12-10,20.5,83.5,28.620216
2025-12-10,20.5,84.5,28.334742
2025-12-10,21.5,80.5,28.038807
2025-12-10,21.5,81.5,28.352026
2025-12-10,21.5,82.5,28.436283
2025-12-10,21.5,83.5,28.314863
2025-12-10,21.5,84.5,27.457012
2025-12-10,22.5,80.5,27.39156
2025-12-10,22.5,81.5,27.590292
2025-12-10,22.5,82.5,27.626596
2025-12-10,22.5,83.5,27.438135
2025-12-10,22.5,84.5,27.040943
2025-12-10,23.5,80.5,27.003128
2025-12-10,23.5,81.5,26.227678
2025-12-10,23.5,82.5,27.069122
2025-12-10,23.5,83.5,27.18581
2025-12-10,23.5,84.5,26.921062
2025-12-10,24.5,80.5,27.211739
2025-12-10,24.5,81.5,26.38571
2025-12-10,24.5,82.5,26.22299
2025-12-10,24.5,83.5,25.436
2025-12-10,24.5,84.5,25.280975
2025-12-11,18.0,80.5,29.358656
2025-12-11,18.0,81.5,28.50338
2025-12-11,18.0,82.5,28.213741
2025-12-11,18.0,83.5,28.179403
2025-12-11,18.0,84.5,
2025-12-11,18.5,80.5,28.80457
2025-12-11,18.5,81.5,28.207973
2025-12-11,18.5,82.5,27.988066
2025-12-11,18.5,83.5,27.889528
2025-12-11,18.5,84.5,28.224243
2025-12-11,19.5,80.5,28.51512
2025-12-11,19.5,81.5,28.469486
2025-12-11,19.5,82.5,27.48345
2025-12-11,19.5,83.5,28.297712
2025-12-11,19.5,84.5,28.26229
2025-12-11,20.5,80.5,28.35625
2025-12-11,20.5,81.5,27.759361
2025-12-11,20.5,82.5,28.514864
2025-12-11,20.5,83.5,28.68418
2025-12-11,20.5,84.5,28.413828
2025-12-11,21.5,80.5,27.826717
2025-12-11,21.5,81.5,28.179346
2025-12-11,21.5,82.5,28.355774
2025-12-11,21.5,83.5,28.292772
2025-12-11,21.5,84.5,27.368595
2025-12-11,22.5,80.5,27.4388
2025-12-11,22.5,81.5,27.534212
2025-12-11,22.5,82.5,27.533407
2025-12-11,22.5,83.5,26.993584
2025-12-11,22.5,84.5,26.716204
2025-12-11,23.5,80.5,27.039541
2025-12-11,23.5,81.5,26.230116
2025-12-11,23.5,82.5,27.145842
2025-12-11,23.5,83.5,26.855387
2025-12-11,23.5,84.5,26.487175
2025-12-11,24.5,80.5,27.313448
2025-12-11,24.5,81.5,26.588951
2025-12-11,24.5,82.5,26.035955
2025-12-11,24.5,83.5,25.151796
2025-12-11,24.5,84.5,25.114042
2025-12-12,18.0,80.5,29.318047
2025-12-12,18.0,81.5,28.696178
2025-12-12,18.0,82.5,28.370874
2025-12-12,18.0,83.5,28.268785
2025-12-12,18.0,84.5,
2025-12-12,18.5,80.5,29.078772
2025-12-12,18.5,81.5,28.564653
2025-12-12,18.5,82.5,28.116282
2025-12-12,18.5,83.5,28.031286
2025-12-12,18.5,84.5,28.415146
2025-12-12,19.5,80.5,28.968473
2025-12-12,19.5,81.5,28.434137
2025-12-12,19.5,82.5,27.887375
2025-12-12,19.5,83.5,28.568443
2025-12-12,19.5,84.5,28.566774
2025-12-12,20.5,80.5,28.875713
2025-12-12,20.5,81.5,28.172825
2025-12-12,20.5,82.5,28.671638
2025-12-12,20.5,83.5,28.73351
2025-12-12,20.5,84.5,28.64238
2025-12-12,21.5,80.5,28.379467
2025-12-12,21.5,81.5,28.22253
2025-12-12,21.5,82.5,28.185293
2025-12-12,21.5,83.5,28.125103
2025-12-12,21.5,84.5,27.479185
2025-12-12,22.5,80.5,27.660141
2025-12-12,22.5,81.5,27.549507
2025-12-12,22.5,82.5,27.165352
2025-12-12,22.5,83.5,26.696653
2025-12-12,22.5,84.5,26.462618
2025-12-12,23.5,80.5,27.172632
2025-12-12,23.5,81.5,26.250273
2025-12-12,23.5,82.5,26.904001
2025-12-12,23.5,83.5,26.960495
2025-12-12,23.5,84.5,26.467659
2025-12-12,24.5,80.5,27.430384
2025-12-12,24.5,81.5,26.401644
2025-12-12,24.5,82.5,26.08992
2025-12-12,24.5,83.5,25.174763
2025-12-12,24.5,84.5,25.033623
2025-12-13,18.0,80.5,29.147263
2025-12-13,18.0,81.5,28.713985
2025-12-13,18.0,82.5,28.223305
2025-12-13,18.0,83.5,28.094683
2025-12-13,18.0,84.5,
2025-12-13,18.5,80.5,28.971336
2025-12-13,18.5,81.5,28.577782
2025-12-13,18.5,82.5,28.083628
2025-12-13,18.5,83.5,27.924202
2025-12-13,18.5,84.5,28.371153
2025-12-13,19.5,80.5,29.057531
2025-12-13,19.5,81.5,28.412771
2025-12-13,19.5,82.5,27.723118
2025-12-13,19.5,83.5,28.300354
2025-12-13,19.5,84.5,28.2676
2025-12-13,20.5,80.5,28.880733
2025-12-13,20.5,81.5,27.932104
2025-12-13,20.5,82.5,28.239136
2025-12-13,20.5,83.5,28.19422
2025-12-13,20.5,84.5,28.229708
2025-12-13,21.5,80.5,28.387924
2025-12-13,21.5,81.5,27.967628
2025-12-13,21.5,82.5,27.892258
2025-12-13,21.5,83.5,27.690601
2025-12-13,21.5,84.5,27.126629
2025-12-13,22.5,80.5,27.402948
2025-12-13,22.5,81.5,27.052889
2025-12-13,22.5,82.5,26.77986
2025-12-13,22.5,83.5,26.355797
2025-12-13,22.5,84.5,26.51037
2025-12-13,23.5,80.5,26.666126
2025-12-13,23.5,81.5,25.6906
2025-12-13,23.5,82.5,26.190863
2025-12-13,23.5,83.5,26.04467
2025-12-13,23.5,84.5,26.309198
2025-12-13,24.5,80.5,26.432962
2025-12-13,24.5,81.5,25.672087
2025-12-13,24.5,82.5,25.125254
2025-12-13,24.5,83.5,24.688423
2025-12-13,24.5,84.5,24.898561
2025-12-14,18.0,80.5,29.113546
2025-12-14,18.0,81.5,28.492918
2025-12-14,18.0,82.5,28.03521
2025-12-14,18.0,83.5,27.617405
2025-12-14,18.0,84.5,
2025-12-14,18.5,80.5,28.97916
2025-12-14,18.5,81.5,28.388317
2025-12-14,18.5,82.5,27.68176
2025-12-14,18.5,83.5,27.171095
2025-12-14,18.5,84.5,27.35717
2025-12-14,19.5,80.5,28.657598
2025-12-14,19.5,81.5,27.994543
2025-12-14,19.5,82.5,26.830986
2025-12-14,19.5,83.5,27.380758
2025-12-14,19.5,84.5,27.209005
2025-12-14,20.5,80.5,28.831118
2025-12-14,20.5,81.5,27.2773
2025-12-14,20.5,82.5,27.42556
2025-12-14,20.5,83.5,27.387571
2025-12-14,20.5,84.5,27.324213
2025-12-14,21.5,80.5,27.829298
2025-12-14,21.5,81.5,27.405277
2025-12-14,21.5,82.5,27.32582
2025-12-14,21.5,83.5,27.147001
2025-12-14,21.5,84.5,26.767279
2025-12-14,22.5,80.5,26.967113
2025-12-14,22.5,81.5,26.358625
2025-12-14,22.5,82.5,26.375713
2025-12-14,22.5,83.5,26.328447
2025-12-14,22.5,84.5,26.299757
2025-12-14,23.5,80.5,26.007318
2025-12-14,23.5,81.5,25.087214
2025-12-14,23.5,82.5,25.699198
2025-12-14,23.5,83.5,25.951845
2025-12-14,23.5,84.5,26.456024
2025-12-14,24.5,80.5,25.58979
2025-12-14,24.5,81.5,25.458813
2025-12-14,24.5,82.5,25.279776
2025-12-14,24.5,83.5,25.175322
2025-12-14,24.5,84.5,25.612595
2025-12-15,18.0,80.5,28.787083
2025-12-15,18.0,81.5,28.227268
2025-12-15,18.0,82.5,27.788157
2025-12-15,18.0,83.5,28.029776
2025-12-15,18.0,84.5,
2025-12-15,18.5,80.5,28.552341
2025-12-15,18.5,81.5,28.128624
2025-12-15,18.5,82.5,27.651396
2025-12-15,18.5,83.5,27.531002
2025-12-15,18.5,84.5,27.894646
2025-12-15,19.5,80.5,28.187092
2025-12-15,19.5,81.5,27.539888
2025-12-15,19.5,82.5,26.96271
2025-12-15,19.5,83.5,27.811455
2025-12-15,19.5,84.5,27.810802
2025-12-15,20.5,80.5,28.212952
2025-12-15,20.5,81.5,27.44571
2025-12-15,20.5,82.5,27.731447
2025-12-15,20.5,83.5,28.14141
2025-12-15,20.5,84.5,28.137596
2025-12-15,21.5,80.5,27.402567
2025-12-15,21.5,81.5,27.423717
2025-12-15,21.5,82.5,27.716818
2025-12-15,21.5,83.5,27.80481
2025-12-15,21.5,84.5,27.254728
2025-12-15,22.5,80.5,26.717941
2025-12-15,22.5,81.5,26.385885
2025-12-15,22.5,82.5,26.508554
2025-12-15,22.5,83.5,26.357113
2025-12-15,22.5,84.5,26.533379
2025-12-15,23.5,80.5,26.113579
2025-12-15,23.5,81.5,25.136492
2025-12-15,23.5,82.5,25.904713
2025-12-15,23.5,83.5,26.00098
2025-12-15,23.5,84.5,25.906965
2025-12-15,24.5,80.5,25.85288
2025-12-15,24.5,81.5,25.435707
2025-12-15,24.5,82.5,24.946873
2025-12-15,24.5,83.5,24.960064
2025-12-15,24.5,84.5,25.052078
2025-12-16,18.0,80.5,29.287565
2025-12-16,18.0,81.5,28.759415
2025-12-16,18.0,82.5,28.386452
2025-12-16,18.0,83.5,28.28328
2025-12-16,18.0,84.5,
2025-12-16,18.5,80.5,29.114204
2025-12-16,18.5,81.5,28.572853
2025-12-16,18.5,82.5,28.147099
2025-12-16,18.5,83.5,27.875162
2025-12-16,18.5,84.5,28.1162
2025-12-16,19.5,80.5,29.001951
2025-12-16,19.5,81.5,28.165466
2025-12-16,19.5,82.5,27.570278
2025-12-16,19.5,83.5,28.24534
2025-12-16,19.5,84.5,28.144289
2025-12-16,20.5,80.5,29.050432
2025-12-16,20.5,81.5,28.3914
2025-12-16,20.5,82.5,28.51337
2025-12-16,20.5,83.5,28.747808
2025-12-16,20.5,84.5,28.327417
2025-12-16,21.5,80.5,28.431957
2025-12-16,21.5,81.5,28.68517
2025-12-16,21.5,82.5,28.814178
2025-12-16,21.5,83.5,28.55332
2025-12-16,21.5,84.5,27.70005
2025-12-16,22.5,80.5,27.923021
2025-12-16,22.5,81.5,27.73879
2025-12-16,22.5,82.5,27.714176
2025-12-16,22.5,83.5,27.220387
2025-12-16,22.5,84.5,26.924385
2025-12-16,23.5,80.5,27.44317
2025-12-16,23.5,81.5,26.316433
2025-12-16,23.5,82.5,27.130987
2025-12-16,23.5,83.5,26.94873
2025-12-16,23.5,84.5,26.142578
2025-12-16,24.5,80.5,25.95831
2025-12-16,24.5,81.5,25.401518
2025-12-16,24.5,82.5,25.14882
2025-12-16,24.5,83.5,24.52432
2025-12-16,24.5,84.5,24.52683
2025-12-17,18.0,80.5,29.553902
2025-12-17,18.0,81.5,28.69968
2025-12-17,18.0,82.5,28.297243
2025-12-17,18.0,83.5,28.48283
2025-12-17,18.0,84.5,
2025-12-17,18.5,80.5,29.207687
2025-12-17,18.5,81.5,28.637255
2025-12-17,18.5,82.5,28.048616
2025-12-17,18.5,83.5,28.088482
2025-12-17,18.5,84.5,28.313316
2025-12-17,19.5,80.5,29.20491
2025-12-17,19.5,81.5,28.321262
2025-12-17,19.5,82.5,27.898571
2025-12-17,19.5,83.5,28.464394
2025-12-17,19.5,84.5,28.352684
2025-12-17,20.5,80.5,29.40977
2025-12-17,20.5,81.5,28.61643
2025-12-17,20.5,82.5,28.396915
2025-12-17,20.5,83.5,28.548262
2025-12-17,20.5,84.5,28.436214
2025-12-17,21.5,80.5,28.769472
2025-12-17,21.5,81.5,28.634129
2025-12-17,21.5,82.5,28.576912
2025-12-17,21.5,83.5,28.225183
2025-12-17,21.5,84.5,27.588636
2025-12-17,22.5,80.5,28.214632
2025-12-17,22.5,81.5,27.716026
2025-12-17,22.5,82.5,27.55532
2025-12-17,22.5,83.5,26.59744
2025-12-17,22.5,84.5,26.475622
2025-12-17,23.5,80.5,27.768644
2025-12-17,23.5,81.5,26.050938
2025-12-17,23.5,82.5,26.510584
2025-12-17,23.5,83.5,25.81814
2025-12-17,23.5,84.5,25.40264
2025-12-17,24.5,80.5,26.298653
2025-12-17,24.5,81.5,24.913584
2025-12-17,24.5,82.5,24.409288
2025-12-17,24.5,83.5,23.287792
2025-12-17,24.5,84.5,23.753527
2025-12-18,18.0,80.5,29.223715
2025-12-18,18.0,81.5,28.361849
2025-12-18,18.0,82.5,27.947714
2025-12-18,18.0,83.5,27.702053
2025-12-18,18.0,84.5,
2025-12-18,18.5,80.5,29.10872
2025-12-18,18.5,81.5,28.376488
2025-12-18,18.5,82.5,27.662247
2025-12-18,18.5,83.5,27.314543
2025-12-18,18.5,84.5,27.686821
2025-12-18,19.5,80.5,29.327497
2025-12-18,19.5,81.5,28.108725
2025-12-18,19.5,82.5,27.458755
2025-12-18,19.5,83.5,27.690868
2025-12-18,19.5,84.5,27.651354
2025-12-18,20.5,80.5,29.359629
2025-12-18,20.5,81.5,28.280125
2025-12-18,20.5,82.5,27.77957
2025-12-18,20.5,83.5,27.613537
2025-12-18,20.5,84.5,27.932135
2025-12-18,21.5,80.5,28.704926
2025-12-18,21.5,81.5,28.096466
2025-12-18,21.5,82.5,27.68981
2025-12-18,21.5,83.5,27.269009
2025-12-18,21.5,84.5,26.961205
2025-12-18,22.5,80.5,27.762867
2025-12-18,22.5,81.5,27.125607
2025-12-18,22.5,82.5,26.54641
2025-12-18,22.5,83.5,25.352238
2025-12-18,22.5,84.5,25.464634
2025-12-18,23.5,80.5,25.976572
2025-12-18,23.5,81.5,23.610533
2025-12-18,23.5,82.5,24.151678
2025-12-18,23.5,83.5,23.200191
2025-12-18,23.5,84.5,23.370996
2025-12-18,24.5,80.5,24.098139
2025-12-18,24.5,81.5,22.204731
2025-12-18,24.5,82.5,20.712883
2025-12-18,24.5,83.5,19.510397
2025-12-18,24.5,84.5,21.265087
2025-12-19,18.0,80.5,28.325285
2025-12-19,18.0,81.5,27.73008
2025-12-19,18.0,82.5,27.419989
2025-12-19,18.0,83.5,27.527885
2025-12-19,18.0,84.5,
2025-12-19,18.5,80.5,28.116024
2025-12-19,18.5,81.5,27.57794
2025-12-19,18.5,82.5,27.080994
2025-12-19,18.5,83.5,27.121893
2025-12-19,18.5,84.5,27.652721
2025-12-19,19.5,80.5,28.216982
2025-12-19,19.5,81.5,27.423254
2025-12-19,19.5,82.5,26.793287
2025-12-19,19.5,83.5,27.504974
2025-12-19,19.5,84.5,27.429153
2025-12-19,20.5,80.5,27.678532
2025-12-19,20.5,81.5,26.400322
2025-12-19,20.5,82.5,26.662106
2025-12-19,20.5,83.5,26.860367
2025-12-19,20.5,84.5,27.610022
2025-12-19,21.5,80.5,26.991549
2025-12-19,21.5,81.5,25.815556
2025-12-19,21.5,82.5,24.823702
2025-12-19,21.5,83.5,25.6227
2025-12-19,21.5,84.5,26.615067
2025-12-19,22.5,80.5,25.59423
2025-12-19,22.5,81.5,24.544983
2025-12-19,22.5,82.5,23.297562
2025-12-19,22.5,83.5,22.789932
2025-12-19,22.5,84.5,23.477806
2025-12-19,23.5,80.5,24.295078
2025-12-19,23.5,81.5,21.710365
2025-12-19,23.5,82.5,21.945509
2025-12-19,23.5,83.5,21.654335
2025-12-19,23.5,84.5,21.671719
2025-12-19,24.5,80.5,21.7924
2025-12-19,24.5,81.5,20.894989
2025-12-19,24.5,82.5,19.255238
2025-12-19,24.5,83.5,18.790388
2025-12-19,24.5,84.5,18.851587
2025-12-20,18.0,80.5,28.45554
2025-12-20,18.0,81.5,27.891016
2025-12-20,18.0,82.5,27.526808
2025-12-20,18.0,83.5,27.469376
2025-12-20,18.0,84.5,
2025-12-20,18.5,80.5,28.190533
2025-12-20,18.5,81.5,27.672604
2025-12-20,18.5,82.5,27.21275
2025-12-20,18.5,83.5,27.043493
2025-12-20,18.5,84.5,27.405666
2025-12-20,19.5,80.5,27.930574
2025-12-20,19.5,81.5,27.549383
2025-12-20,19.5,82.5,26.728348
2025-12-20,19.5,83.5,27.362627
2025-12-20,19.5,84.5,27.337399
2025-12-20,20.5,80.5,27.509838
2025-12-20,20.5,81.5,26.389626
2025-12-20,20.5,82.5,26.868855
2025-12-20,20.5,83.5,26.966887
2025-12-20,20.5,84.5,27.215916
2025-12-20,21.5,80.5,26.915543
2025-12-20,21.5,81.5,26.090818
2025-12-20,21.5,82.5,25.861385
2025-12-20,21.5,83.5,26.142921
2025-12-20,21.5,84.5,25.975367
2025-12-20,22.5,80.5,25.712254
2025-12-20,22.5,81.5,25.151737
2025-12-20,22.5,82.5,24.817152
2025-12-20,22.5,83.5,23.784178
2025-12-20,22.5,84.5,23.975286
2025-12-20,23.5,80.5,24.817894
2025-12-20,23.5,81.5,22.822697
2025-12-20,23.5,82.5,23.309965
2025-12-20,23.5,83.5,22.834862
2025-12-20,23.5,84.5,22.444792
2025-12-20,24.5,80.5,23.422022
2025-12-20,24.5,81.5,22.092527
2025-12-20,24.5,82.5,20.674835
2025-12-20,24.5,83.5,19.685986
2025-12-20,24.5,84.5,19.590275
2025-12-21,18.0,80.5,28.424648
2025-12-21,18.0,81.5,27.873962
2025-12-21,18.0,82.5,27.523458
2025-12-21,18.0,83.5,27.272356
2025-12-21,18.0,84.5,
2025-12-21,18.5,80.5,28.238663
2025-12-21,18.5,81.5,27.926912
2025-12-21,18.5,82.5,27.198719
2025-12-21,18.5,83.5,26.93851
2025-12-21,18.5,84.5,27.165108
2025-12-21,19.5,80.5,28.352808
2025-12-21,19.5,81.5,27.865204
2025-12-21,19.5,82.5,26.536064
2025-12-21,19.5,83.5,27.06922
2025-12-21,19.5,84.5,26.944569
2025-12-21,20.5,80.5,27.931046
2025-12-21,20.5,81.5,26.5745
2025-12-21,20.5,82.5,26.625206
2025-12-21,20.5,83.5,26.678654
2025-12-21,20.5,84.5,26.830605
2025-12-21,21.5,80.5,27.239977
2025-12-21,21.5,81.5,26.268366
2025-12-21,21.5,82.5,25.723095
2025-12-21,21.5,83.5,25.86389
2025-12-21,21.5,84.5,25.955416
2025-12-21,22.5,80.5,25.456665
2025-12-21,22.5,81.5,24.637072
2025-12-21,22.5,82.5,24.119043
2025-12-21,22.5,83.5,23.521994
2025-12-21,22.5,84.5,23.517046
2025-12-21,23.5,80.5,23.624413
2025-12-21,23.5,81.5,21.40178
2025-12-21,23.5,82.5,22.397171
2025-12-21,23.5,83.5,22.519873
2025-12-21,23.5,84.5,22.217278
2025-12-21,24.5,80.5,21.622948
2025-12-21,24.5,81.5,21.016973
2025-12-21,24.5,82.5,19.625591
2025-12-21,24.5,83.5,19.5555
2025-12-21,24.5,84.5,19.823608
2025-12-22,18.0,80.5,28.587221
2025-12-22,18.0,81.5,27.852533
2025-12-22,18.0,82.5,27.129692
2025-12-22,18.0,83.5,26.756794
2025-12-22,18.0,84.5,
2025-12-22,18.5,80.5,28.5631
2025-12-22,18.5,81.5,27.774862
2025-12-22,18.5,82.5,26.997297
2025-12-22,18.5,83.5,26.32394
2025-12-22,18.5,84.5,26.351318
2025-12-22,19.5,80.5,28.411583
2025-12-22,19.5,81.5,27.74824
2025-12-22,19.5,82.5,26.281818
2025-12-22,19.5,83.5,26.56741
2025-12-22,19.5,84.5,26.35546
2025-12-22,20.5,80.5,27.173544
2025-12-22,20.5,81.5,26.147593
2025-12-22,20.5,82.5,26.248417
2025-12-22,20.5,83.5,26.16111
2025-12-22,20.5,84.5,26.525934
2025-12-22,21.5,80.5,26.506397
2025-12-22,21.5,81.5,25.527094
2025-12-22,21.5,82.5,24.917698
2025-12-22,21.5,83.5,25.530024
2025-12-22,21.5,84.5,25.85605
2025-12-22,22.5,80.5,24.692387
2025-12-22,22.5,81.5,24.18705
2025-12-22,22.5,82.5,23.740622
2025-12-22,22.5,83.5,23.473778
2025-12-22,22.5,84.5,23.67738
2025-12-22,23.5,80.5,23.283142
2025-12-22,23.5,81.5,21.229761
2025-12-22,23.5,82.5,22.009153
2025-12-22,23.5,83.5,22.180393
2025-12-22,23.5,84.5,22.477365
2025-12-22,24.5,80.5,21.654669
2025-12-22,24.5,81.5,20.84362
2025-12-22,24.5,82.5,19.740711
2025-12-22,24.5,83.5,19.609753
2025-12-22,24.5,84.5,20.002087
2025-12-23,18.0,80.5,28.671988
2025-12-23,18.0,81.5,27.848583
2025-12-23,18.0,82.5,27.39955
2025-12-23,18.0,83.5,27.186607
2025-12-23,18.0,84.5,
2025-12-23,18.5,80.5,28.39027
2025-12-23,18.5,81.5,27.81717
2025-12-23,18.5,82.5,27.031399
2025-12-23,18.5,83.5,26.802677
2025-12-23,18.5,84.5,26.94215
2025-12-23,19.5,80.5,28.18374
2025-12-23,19.5,81.5,27.666855
2025-12-23,19.5,82.5,26.734983
2025-12-23,19.5,83.5,27.268686
2025-12-23,19.5,84.5,27.118559
2025-12-23,20.5,80.5,27.859257
2025-12-23,20.5,81.5,27.020735
2025-12-23,20.5,82.5,27.190128
2025-12-23,20.5,83.5,27.208979
2025-12-23,20.5,84.5,27.247202
2025-12-23,21.5,80.5,27.499865
2025-12-23,21.5,81.5,27.005278
2025-12-23,21.5,82.5,26.76094
2025-12-23,21.5,83.5,26.94761
2025-12-23,21.5,84.5,26.716045
2025-12-23,22.5,80.5,26.957508
2025-12-23,22.5,81.5,26.228449
2025-12-23,22.5,82.5,26.055706
2025-12-23,22.5,83.5,25.469486
2025-12-23,22.5,84.5,25.168133
2025-12-23,23.5,80.5,26.332693
2025-12-23,23.5,81.5,24.47136
2025-12-23,23.5,82.5,24.728739
2025-12-23,23.5,83.5,24.458122
2025-12-23,23.5,84.5,23.462126
2025-12-23,24.5,80.5,25.056353
2025-12-23,24.5,81.5,23.384708
2025-12-23,24.5,82.5,21.70868
2025-12-23,24.5,83.5,20.590487
2025-12-23,24.5,84.5,20.867027
2025-12-24,18.0,80.5,28.727285
2025-12-24,18.0,81.5,28.476076
2025-12-24,18.0,82.5,27.93605
2025-12-24,18.0,83.5,27.585339
2025-12-24,18.0,84.5,
2025-12-24,18.5,80.5,28.50997
2025-12-24,18.5,81.5,28.137547
2025-12-24,18.5,82.5,27.627523
2025-12-24,18.5,83.5,27.195616
2025-12-24,18.5,84.5,27.516077
2025-12-24,19.5,80.5,27.95535
2025-12-24,19.5,81.5,28.07294
2025-12-24,19.5,82.5,27.021559
2025-12-24,19.5,83.5,27.515938
2025-12-24,19.5,84.5,27.515087
2025-12-24,20.5,80.5,27.680986
2025-12-24,20.5,81.5,27.102676
2025-12-24,20.5,82.5,27.64398
2025-12-24,20.5,83.5,27.521803
2025-12-24,20.5,84.5,27.486784
2025-12-24,21.5,80.5,27.23718
2025-12-24,21.5,81.5,27.141314
2025-12-24,21.5,82.5,27.14452
2025-12-24,21.5,83.5,27.230953
2025-12-24,21.5,84.5,26.656487
2025-12-24,22.5,80.5,26.687305
2025-12-24,22.5,81.5,26.37998
2025-12-24,22.5,82.5,26.406668
2025-12-24,22.5,83.5,25.452942
2025-12-24,22.5,84.5,25.145935
2025-12-24,23.5,80.5,25.145895
2025-12-24,23.5,81.5,23.586765
2025-12-24,23.5,82.5,24.402594
2025-12-24,23.5,83.5,24.06703
2025-12-24,23.5,84.5,23.53814
2025-12-24,24.5,80.5,23.329927
2025-12-24,24.5,81.5,22.186016
2025-12-24,24.5,82.5,21.222137
2025-12-24,24.5,83.5,20.519062
2025-12-24,24.5,84.5,21.177483
2025-12-25,18.0,80.5,28.851582
2025-12-25,18.0,81.5,28.344946
2025-12-25,18.0,82.5,27.705532
2025-12-25,18.0,83.5,27.2045
2025-12-25,18.0,84.5,
2025-12-25,18.5,80.5,28.587934
2025-12-25,18.5,81.5,28.131834
2025-12-25,18.5,82.5,27.461906
2025-12-25,18.5,83.5,26.943707
2025-12-25,18.5,84.5,26.955307
2025-12-25,19.5,80.5,28.193687
2025-12-25,19.5,81.5,27.931265
2025-12-25,19.5,82.5,27.045033
2025-12-25,19.5,83.5,27.466597
2025-12-25,19.5,84.5,27.13913
2025-12-25,20.5,80.5,27.787405
2025-12-25,20.5,81.5,27.234291
2025-12-25,20.5,82.5,27.665249
2025-12-25,20.5,83.5,27.54271
2025-12-25,20.5,84.5,26.98787
2025-12-25,21.5,80.5,27.144064
2025-12-25,21.5,81.5,27.090801
2025-12-25,21.5,82.5,27.290598
2025-12-25,21.5,83.5,27.110727
2025-12-25,21.5,84.5,26.243628
2025-12-25,22.5,80.5,25.90902
2025-12-25,22.5,81.5,25.972403
2025-12-25,22.5,82.5,26.06391
2025-12-25,22.5,83.5,25.19752
2025-12-25,22.5,84.5,24.017437
2025-12-25,23.5,80.5,24.954996
2025-12-25,23.5,81.5,23.24752
2025-12-25,23.5,82.5,24.185558
2025-12-25,23.5,83.5,24.150423
2025-12-25,23.5,84.5,22.994678
2025-12-25,24.5,80.5,23.646992
2025-12-25,24.5,81.5,22.51251
2025-12-25,24.5,82.5,21.5898
2025-12-25,24.5,83.5,21.192825
2025-12-25,24.5,84.5,21.027723
2025-12-26,18.0,80.5,28.518986
2025-12-26,18.0,81.5,27.968357
2025-12-26,18.0,82.5,27.502323
2025-12-26,18.0,83.5,27.107058
2025-12-26,18.0,84.5,
2025-12-26,18.5,80.5,28.126612
2025-12-26,18.5,81.5,27.960188
2025-12-26,18.5,82.5,27.311361
2025-12-26,18.5,83.5,26.95824
2025-12-26,18.5,84.5,27.06649
2025-12-26,19.5,80.5,28.090113
2025-12-26,19.5,81.5,27.7863
2025-12-26,19.5,82.5,27.085875
2025-12-26,19.5,83.5,27.406515
2025-12-26,19.5,84.5,27.092384
2025-12-26,20.5,80.5,27.717781
2025-12-26,20.5,81.5,27.260145
2025-12-26,20.5,82.5,27.629187
2025-12-26,20.5,83.5,27.368284
2025-12-26,20.5,84.5,26.907759
2025-12-26,21.5,80.5,26.723917
2025-12-26,21.5,81.5,26.916142
2025-12-26,21.5,82.5,27.103281
2025-12-26,21.5,83.5,26.814156
2025-12-26,21.5,84.5,26.02944
2025-12-26,22.5,80.5,25.535131
2025-12-26,22.5,81.5,25.724976
2025-12-26,22.5,82.5,25.510101
2025-12-26,22.5,83.5,25.01316
2025-12-26,22.5,84.5,24.497145
2025-12-26,23.5,80.5,24.901045
2025-12-26,23.5,81.5,23.758703
2025-12-26,23.5,82.5,24.450474
2025-12-26,23.5,83.5,24.590519
2025-12-26,23.5,84.5,22.78881
2025-12-26,24.5,80.5,22.982344
2025-12-26,24.5,81.5,22.24997
2025-12-26,24.5,82.5,21.464489
2025-12-26,24.5,83.5,20.65147
2025-12-26,24.5,84.5,20.439484
2025-12-27,18.0,80.5,28.263334
2025-12-27,18.0,81.5,27.765896
2025-12-27,18.0,82.5,27.39669
2025-12-27,18.0,83.5,27.348993
2025-12-27,18.0,84.5,
2025-12-27,18.5,80.5,28.020805
2025-12-27,18.5,81.5,27.865313
2025-12-27,18.5,82.5,27.189335
2025-12-27,18.5,83.5,27.090261
2025-12-27,18.5,84.5,27.306055
2025-12-27,19.5,80.5,27.844748
2025-12-27,19.5,81.5,27.566675
2025-12-27,19.5,82.5,26.984783
2025-12-27,19.5,83.5,27.574669
2025-12-27,19.5,84.5,27.351076
2025-12-27,20.5,80.5,27.637617
2025-12-27,20.5,81.5,27.191072
2025-12-27,20.5,82.5,27.71682
2025-12-27,20.5,83.5,27.737537
2025-12-27,20.5,84.5,27.373758
2025-12-27,21.5,80.5,26.429838
2025-12-27,21.5,81.5,26.868622
2025-12-27,21.5,82.5,27.112741
2025-12-27,21.5,83.5,27.373165
2025-12-27,21.5,84.5,26.46519
2025-12-27,22.5,80.5,25.228798
2025-12-27,22.5,81.5,25.842995
2025-12-27,22.5,82.5,25.87515
2025-12-27,22.5,83.5,25.204226
2025-12-27,22.5,84.5,24.462254
2025-12-27,23.5,80.5,23.93555
2025-12-27,23.5,81.5,22.86644
2025-12-27,23.5,82.5,23.908537
2025-12-27,23.5,83.5,23.507473
2025-12-27,23.5,84.5,22.241274
2025-12-27,24.5,80.5,22.844152
2025-12-27,24.5,81.5,21.662033
2025-12-27,24.5,82.5,20.153397
2025-12-27,24.5,83.5,19.459316
2025-12-27,24.5,84.5,20.000557
2025-12-28,18.0,80.5,28.667759
2025-12-28,18.0,81.5,28.347126
2025-12-28,18.0,82.5,27.855644
2025-12-28,18.0,83.5,27.440203
2025-12-28,18.0,84.5,
2025-12-28,18.5,80.5,28.68979
2025-12-28,18.5,81.5,28.366919
2025-12-28,18.5,82.5,27.704151
2025-12-28,18.5,83.5,27.113201
2025-12-28,18.5,84.5,27.374098
2025-12-28,19.5,80.5,28.416346
2025-12-28,19.5,81.5,28.136875
2025-12-28,19.5,82.5,27.123867
2025-12-28,19.5,83.5,27.511486
2025-12-28,19.5,84.5,27.338652
2025-12-28,20.5,80.5,27.739824
2025-12-28,20.5,81.5,27.35022
2025-12-28,20.5,82.5,27.858732
2025-12-28,20.5,83.5,27.653963
2025-12-28,20.5,84.5,27.394209
2025-12-28,21.5,80.5,26.41374
2025-12-28,21.5,81.5,27.070122
2025-12-28,21.5,82.5,26.51082
2025-12-28,21.5,83.5,26.716778
2025-12-28,21.5,84.5,26.543627
2025-12-28,22.5,80.5,25.378172
2025-12-28,22.5,81.5,26.08789
2025-12-28,22.5,82.5,25.335127
2025-12-28,22.5,83.5,24.687836
2025-12-28,22.5,84.5,24.072865
2025-12-28,23.5,80.5,23.505552
2025-12-28,23.5,81.5,21.673494
2025-12-28,23.5,82.5,22.61619
2025-12-28,23.5,83.5,22.581976
2025-12-28,23.5,84.5,21.566383
2025-12-28,24.5,80.5,21.753298
2025-12-28,24.5,81.5,20.536457
2025-12-28,24.5,82.5,19.044233
2025-12-28,24.5,83.5,17.944675
2025-12-28,24.5,84.5,18.325268
2025-12-29,18.0,80.5,28.60746
2025-12-29,18.0,81.5,28.070751
2025-12-29,18.0,82.5,27.487476
2025-12-29,18.0,83.5,27.266596
2025-12-29,18.0,84.5,
2025-12-29,18.5,80.5,28.589247
2025-12-29,18.5,81.5,28.442165
2025-12-29,18.5,82.5,27.420574
2025-12-29,18.5,83.5,27.10484
2025-12-29,18.5,84.5,27.01424
2025-12-29,19.5,80.5,28.775398
2025-12-29,19.5,81.5,28.275307
2025-12-29,19.5,82.5,27.285358
2025-12-29,19.5,83.5,27.530405
2025-12-29,19.5,84.5,27.08467
2025-12-29,20.5,80.5,28.205072
2025-12-29,20.5,81.5,27.675066
2025-12-29,20.5,82.5,28.118517
2025-12-29,20.5,83.5,27.763277
2025-12-29,20.5,84.5,26.908539
2025-12-29,21.5,80.5,27.111809
2025-12-29,21.5,81.5,27.42537
2025-12-29,21.5,82.5,26.734316
2025-12-29,21.5,83.5,26.613192
2025-12-29,21.5,84.5,26.44208
2025-12-29,22.5,80.5,25.912798
2025-12-29,22.5,81.5,26.100441
2025-12-29,22.5,82.5,25.36756
2025-12-29,22.5,83.5,24.54387
2025-12-29,22.5,84.5,23.818527
2025-12-29,23.5,80.5,23.823654
2025-12-29,23.5,81.5,21.41025
2025-12-29,23.5,82.5,22.84449
2025-12-29,23.5,83.5,22.897127
2025-12-29,23.5,84.5,21.419197
2025-12-29,24.5,80.5,21.407259
2025-12-29,24.5,81.5,20.646496
2025-12-29,24.5,82.5,19.017605
2025-12-29,24.5,83.5,18.12556
2025-12-29,24.5,84.5,18.14886
2025-12-30,18.0,80.5,29.328909
2025-12-30,18.0,81.5,28.337166
2025-12-30,18.0,82.5,27.57329
2025-12-30,18.0,83.5,26.790956
2025-12-30,18.0,84.5,
2025-12-30,18.5,80.5,29.18377
2025-12-30,18.5,81.5,28.410461
2025-12-30,18.5,82.5,27.523714
2025-12-30,18.5,83.5,26.579079
2025-12-30,18.5,84.5,26.39304
2025-12-30,19.5,80.5,29.241386
2025-12-30,19.5,81.5,28.631817
2025-12-30,19.5,82.5,27.302088
2025-12-30,19.5,83.5,27.302622
2025-12-30,19.5,84.5,26.612408
2025-12-30,20.5,80.5,29.196022
2025-12-30,20.5,81.5,28.467712
2025-12-30,20.5,82.5,28.372345
2025-12-30,20.5,83.5,27.851809
2025-12-30,20.5,84.5,26.167097
2025-12-30,21.5,80.5,28.033817
2025-12-30,21.5,81.5,28.588385
2025-12-30,21.5,82.5,28.464388
2025-12-30,21.5,83.5,27.267998
2025-12-30,21.5,84.5,26.183054
2025-12-30,22.5,80.5,27.320564
2025-12-30,22.5,81.5,27.659369
2025-12-30,22.5,82.5,27.39807
2025-12-30,22.5,83.5,25.813059
2025-12-30,22.5,84.5,24.428408
2025-12-30,23.5,80.5,26.059504
2025-12-30,23.5,81.5,24.365025
2025-12-30,23.5,82.5,25.255032
2025-12-30,23.5,83.5,24.906916
2025-12-30,23.5,84.5,22.451225
2025-12-30,24.5,80.5,24.581427
2025-12-30,24.5,81.5,23.135273
2025-12-30,24.5,82.5,21.403011
2025-12-30,24.5,83.5,19.873257
2025-12-30,24.5,84.5,18.7339
2025-12-31,18.0,80.5,29.02633
2025-12-31,18.0,81.5,28.28257
2025-12-31,18.0,82.5,27.483158
2025-12-31,18.0,83.5,26.772072
2025-12-31,18.0,84.5,
2025-12-31,18.5,80.5,28.86825
2025-12-31,18.5,81.5,28.19459
2025-12-31,18.5,82.5,27.378153
2025-12-31,18.5,83.5,26.625048
2025-12-31,18.5,84.5,26.616364
2025-12-31,19.5,80.5,28.776653
2025-12-31,19.5,81.5,28.244446
2025-12-31,19.5,82.5,27.068562
2025-12-31,19.5,83.5,27.233778
2025-12-31,19.5,84.5,26.725962
2025-12-31,20.5,80.5,28.856613
2025-12-31,20.5,81.5,28.334177
2025-12-31,20.5,82.5,28.29061
2025-12-31,20.5,83.5,27.778027
2025-12-31,20.5,84.5,26.571846
2025-12-31,21.5,80.5,27.686323
2025-12-31,21.5,81.5,28.464806
2025-12-31,21.5,82.5,28.483278
2025-12-31,21.5,83.5,27.710232
2025-12-31,21.5,84.5,26.443346
2025-12-31,22.5,80.5,27.303064
2025-12-31,22.5,81.5,27.660677
2025-12-31,22.5,82.5,27.83605
2025-12-31,22.5,83.5,26.789274
2025-12-31,22.5,84.5,25.526415
2025-12-31,23.5,80.5,25.696402
2025-12-31,23.5,81.5,24.786951
2025-12-31,23.5,82.5,25.587006
2025-12-31,23.5,83.5,25.549362
2025-12-31,23.5,84.5,24.440062
2025-12-31,24.5,80.5,23.80201
2025-12-31,24.5,81.5,22.888601
2025-12-31,24.5,82.5,21.957682
2025-12-31,24.5,83.5,21.105658
2025-12-31,24.5,84.5,20.729912
