Date,Latitude,Longitude,Rainfall_mm
2025-01-01,18.0,81.0,0.0
2025-01-01,18.0,82.0,0.0
2025-01-01,18.0,83.0,0.0
2025-01-01,18.0,84.0,0.0
2025-01-01,19.0,81.0,0.0
2025-01-01,19.0,82.0,0.0
2025-01-01,19.0,83.0,0.0
2025-01-01,19.0,84.0,0.0
2025-01-01,19.0,85.0,0.0
2025-01-01,20.0,81.0,0.0
2025-01-01,20.0,82.0,0.0
2025-01-01,20.0,83.0,0.0
2025-01-01,20.0,84.0,0.0
2025-01-01,20.0,85.0,0.0
2025-01-01,21.0,81.0,0.0
2025-01-01,21.0,82.0,0.0
2025-01-01,21.0,83.0,0.0
2025-01-01,21.0,84.0,0.0
2025-01-01,21.0,85.0,0.0
2025-01-01,22.0,81.0,0.0
2025-01-01,22.0,82.0,0.0
2025-01-01,22.0,83.0,0.0
2025-01-01,22.0,84.0,0.0
2025-01-01,22.0,85.0,0.0
2025-01-01,23.0,81.0,0.0
2025-01-01,23.0,82.0,0.0
2025-01-01,23.0,83.0,0.0
2025-01-01,23.0,84.0,0.0
2025-01-01,23.0,85.0,0.0
2025-01-01,24.0,81.0,0.0
2025-01-01,24.0,82.0,0.0
2025-01-01,24.0,83.0,0.0
2025-01-01,24.0,84.0,0.0
2025-01-01,24.0,85.0,0.0
2025-01-02,18.0,81.0,0.0
2025-01-02,18.0,82.0,0.0
2025-01-02,18.0,83.0,0.0
2025-01-02,18.0,84.0,0.0
2025-01-02,19.0,81.0,0.0
2025-01-02,19.0,82.0,0.0
2025-01-02,19.0,83.0,0.0
2025-01-02,19.0,84.0,0.0
2025-01-02,19.0,85.0,0.0
2025-01-02,20.0,81.0,0.0
2025-01-02,20.0,82.0,0.0
2025-01-02,20.0,83.0,0.0
2025-01-02,20.0,84.0,0.0
2025-01-02,20.0,85.0,0.0
2025-01-02,21.0,81.0,0.0
2025-01-02,21.0,82.0,0.0
2025-01-02,21.0,83.0,0.0
2025-01-02,21.0,84.0,0.0
2025-01-02,21.0,85.0,0.0
2025-01-02,22.0,81.0,0.0
2025-01-02,22.0,82.0,0.0
2025-01-02,22.0,83.0,0.0
2025-01-02,22.0,84.0,0.0
2025-01-02,22.0,85.0,0.0
2025-01-02,23.0,81.0,0.0
2025-01-02,23.0,82.0,0.0
2025-01-02,23.0,83.0,0.0
2025-01-02,23.0,84.0,0.0
2025-01-02,23.0,85.0,0.0
2025-01-02,24.0,81.0,0.0
2025-01-02,24.0,82.0,0.0
2025-01-02,24.0,83.0,0.0
2025-01-02,24.0,84.0,0.0
2025-01-02,24.0,85.0,0.0
2025-01-03,18.0,81.0,0.0
2025-01-03,18.0,82.0,0.0
2025-01-03,18.0,83.0,0.0
2025-01-03,18.0,84.0,0.0
2025-01-03,19.0,81.0,0.0
2025-01-03,19.0,82.0,0.0
2025-01-03,19.0,83.0,0.0
2025-01-03,19.0,84.0,0.0
2025-01-03,19.0,85.0,0.0
2025-01-03,20.0,81.0,0.0
2025-01-03,20.0,82.0,0.0
2025-01-03,20.0,83.0,0.0
2025-01-03,20.0,84.0,0.0
2025-01-03,20.0,85.0,0.0
2025-01-03,21.0,81.0,0.0
2025-01-03,21.0,82.0,0.0
2025-01-03,21.0,83.0,0.0
2025-01-03,21.0,84.0,0.0
2025-01-03,21.0,85.0,0.0
2025-01-03,22.0,81.0,0.0
2025-01-03,22.0,82.0,0.0
2025-01-03,22.0,83.0,0.0
2025-01-03,22.0,84.0,0.0
2025-01-03,22.0,85.0,0.0
2025-01-03,23.0,81.0,0.0
2025-01-03,23.0,82.0,0.0
2025-01-03,23.0,83.0,0.0
2025-01-03,23.0,84.0,0.0
2025-01-03,23.0,85.0,0.0
2025-01-03,24.0,81.0,0.0
2025-01-03,24.0,82.0,0.0
2025-01-03,24.0,83.0,0.0
2025-01-03,24.0,84.0,0.0
2025-01-03,24.0,85.0,0.0
2025-01-04,18.0,81.0,0.0
2025-01-04,18.0,82.0,0.0
2025-01-04,18.0,83.0,0.0
2025-01-04,18.0,84.0,0.0
2025-01-04,19.0,81.0,0.0
2025-01-04,19.0,82.0,0.0
2025-01-04,19.0,83.0,0.0
2025-01-04,19.0,84.0,0.0
2025-01-04,19.0,85.0,0.0
2025-01-04,20.0,81.0,0.0
2025-01-04,20.0,82.0,0.0
2025-01-04,20.0,83.0,0.0
2025-01-04,20.0,84.0,0.0
2025-01-04,20.0,85.0,0.0
2025-01-04,21.0,81.0,0.0
2025-01-04,21.0,82.0,0.0
2025-01-04,21.0,83.0,0.0
2025-01-04,21.0,84.0,0.0
2025-01-04,21.0,85.0,0.0
2025-01-04,22.0,81.0,0.0
2025-01-04,22.0,82.0,0.0
2025-01-04,22.0,83.0,0.0
2025-01-04,22.0,84.0,0.0
2025-01-04,22.0,85.0,0.0
2025-01-04,23.0,81.0,0.0
2025-01-04,23.0,82.0,0.0
2025-01-04,23.0,83.0,0.0
2025-01-04,23.0,84.0,0.0
2025-01-04,23.0,85.0,0.0
2025-01-04,24.0,81.0,0.0
2025-01-04,24.0,82.0,0.0
2025-01-04,24.0,83.0,0.0
2025-01-04,24.0,84.0,0.0
2025-01-04,24.0,85.0,0.0
2025-01-05,18.0,81.0,0.0
2025-01-05,18.0,82.0,0.0
2025-01-05,18.0,83.0,0.0
2025-01-05,18.0,84.0,0.0
2025-01-05,19.0,81.0,0.0
2025-01-05,19.0,82.0,0.0
2025-01-05,19.0,83.0,0.0
2025-01-05,19.0,84.0,0.0
2025-01-05,19.0,85.0,0.0
2025-01-05,20.0,81.0,0.0
2025-01-05,20.0,82.0,0.0
2025-01-05,20.0,83.0,0.0
2025-01-05,20.0,84.0,0.0
2025-01-05,20.0,85.0,0.0
2025-01-05,21.0,81.0,0.0
2025-01-05,21.0,82.0,0.0
2025-01-05,21.0,83.0,0.0
2025-01-05,21.0,84.0,0.0
2025-01-05,21.0,85.0,0.0
2025-01-05,22.0,81.0,0.0
2025-01-05,22.0,82.0,0.0
2025-01-05,22.0,83.0,0.0
2025-01-05,22.0,84.0,0.0
2025-01-05,22.0,85.0,0.0
2025-01-05,23.0,81.0,0.0
2025-01-05,23.0,82.0,0.0
2025-01-05,23.0,83.0,0.0
2025-01-05,23.0,84.0,0.0
2025-01-05,23.0,85.0,0.0
2025-01-05,24.0,81.0,0.0
2025-01-05,24.0,82.0,0.0
2025-01-05,24.0,83.0,0.0
2025-01-05,24.0,84.0,0.0
2025-01-05,24.0,85.0,0.0
2025-01-06,18.0,81.0,0.0
2025-01-06,18.0,82.0,0.0
2025-01-06,18.0,83.0,0.0
2025-01-06,18.0,84.0,0.0
2025-01-06,19.0,81.0,0.0
2025-01-06,19.0,82.0,0.0
2025-01-06,19.0,83.0,0.0
2025-01-06,19.0,84.0,0.0
2025-01-06,19.0,85.0,0.0
2025-01-06,20.0,81.0,0.0
2025-01-06,20.0,82.0,0.0
2025-01-06,20.0,83.0,0.0
2025-01-06,20.0,84.0,0.0
2025-01-06,20.0,85.0,0.0
2025-01-06,21.0,81.0,0.0
2025-01-06,21.0,82.0,0.0
2025-01-06,21.0,83.0,0.0
2025-01-06,21.0,84.0,0.0
2025-01-06,21.0,85.0,0.0
2025-01-06,22.0,81.0,0.0
2025-01-06,22.0,82.0,0.0
2025-01-06,22.0,83.0,0.0
2025-01-06,22.0,84.0,0.0
2025-01-06,22.0,85.0,0.0
2025-01-06,23.0,81.0,0.0
2025-01-06,23.0,82.0,0.0
2025-01-06,23.0,83.0,0.0
2025-01-06,23.0,84.0,0.0
2025-01-06,23.0,85.0,0.0
2025-01-06,24.0,81.0,0.0
2025-01-06,24.0,82.0,0.0
2025-01-06,24.0,83.0,0.0
2025-01-06,24.0,84.0,0.0
2025-01-06,24.0,85.0,0.0
2025-01-07,18.0,81.0,0.0
2025-01-07,18.0,82.0,0.0
2025-01-07,18.0,83.0,0.0
2025-01-07,18.0,84.0,0.0
2025-01-07,19.0,81.0,0.0
2025-01-07,19.0,82.0,0.0
2025-01-07,19.0,83.0,0.0
2025-01-07,19.0,84.0,0.0
2025-01-07,19.0,85.0,0.0
2025-01-07,20.0,81.0,0.0
2025-01-07,20.0,82.0,0.0
2025-01-07,20.0,83.0,0.0
2025-01-07,20.0,84.0,0.0
2025-01-07,20.0,85.0,0.0
2025-01-07,21.0,81.0,0.0
2025-01-07,21.0,82.0,0.0
2025-01-07,21.0,83.0,0.0
2025-01-07,21.0,84.0,0.0
2025-01-07,21.0,85.0,0.0
2025-01-07,22.0,81.0,0.0
2025-01-07,22.0,82.0,0.0
2025-01-07,22.0,83.0,0.0
2025-01-07,22.0,84.0,0.0
2025-01-07,22.0,85.0,0.0
2025-01-07,23.0,81.0,0.0
2025-01-07,23.0,82.0,0.0
2025-01-07,23.0,83.0,0.0
2025-01-07,23.0,84.0,0.0
2025-01-07,23.0,85.0,0.0
2025-01-07,24.0,81.0,0.0
2025-01-07,24.0,82.0,0.0
2025-01-07,24.0,83.0,0.0
2025-01-07,24.0,84.0,0.0
2025-01-07,24.0,85.0,0.0
2025-01-08,18.0,81.0,0.0
2025-01-08,18.0,82.0,0.0
2025-01-08,18.0,83.0,0.0
2025-01-08,18.0,84.0,0.0
2025-01-08,19.0,81.0,0.0
2025-01-08,19.0,82.0,0.0
2025-01-08,19.0,83.0,0.0
2025-01-08,19.0,84.0,0.0
2025-01-08,19.0,85.0,0.0
2025-01-08,20.0,81.0,0.0
2025-01-08,20.0,82.0,0.0
2025-01-08,20.0,83.0,0.0
2025-01-08,20.0,84.0,0.0
2025-01-08,20.0,85.0,0.0
2025-01-08,21.0,81.0,0.0
2025-01-08,21.0,82.0,0.0
2025-01-08,21.0,83.0,0.0
2025-01-08,21.0,84.0,0.0
2025-01-08,21.0,85.0,0.0
2025-01-08,22.0,81.0,0.0
2025-01-08,22.0,82.0,0.0
2025-01-08,22.0,83.0,0.0
2025-01-08,22.0,84.0,0.0
2025-01-08,22.0,85.0,0.0
2025-01-08,23.0,81.0,0.0
2025-01-08,23.0,82.0,0.0
2025-01-08,23.0,83.0,0.0
2025-01-08,23.0,84.0,0.0
2025-01-08,23.0,85.0,0.0
2025-01-08,24.0,81.0,0.0
2025-01-08,24.0,82.0,0.0
2025-01-08,24.0,83.0,0.0
2025-01-08,24.0,84.0,0.0
2025-01-08,24.0,85.0,0.0
2025-01-09,18.0,81.0,0.0
2025-01-09,18.0,82.0,0.0
2025-01-09,18.0,83.0,0.0
2025-01-09,18.0,84.0,0.0
2025-01-09,19.0,81.0,0.0
2025-01-09,19.0,82.0,0.0
2025-01-09,19.0,83.0,0.0
2025-01-09,19.0,84.0,0.0
2025-01-09,19.0,85.0,0.0
2025-01-09,20.0,81.0,0.0
2025-01-09,20.0,82.0,0.0
2025-01-09,20.0,83.0,0.0
2025-01-09,20.0,84.0,0.0
2025-01-09,20.0,85.0,0.0
2025-01-09,21.0,81.0,0.0
2025-01-09,21.0,82.0,0.0
2025-01-09,21.0,83.0,0.0
2025-01-09,21.0,84.0,0.0
2025-01-09,21.0,85.0,0.0
2025-01-09,22.0,81.0,0.0
2025-01-09,22.0,82.0,0.0
2025-01-09,22.0,83.0,0.0
2025-01-09,22.0,84.0,0.0
2025-01-09,22.0,85.0,0.0
2025-01-09,23.0,81.0,0.0
2025-01-09,23.0,82.0,0.0
2025-01-09,23.0,83.0,0.0
2025-01-09,23.0,84.0,0.0
2025-01-09,23.0,85.0,0.0
2025-01-09,24.0,81.0,0.0
2025-01-09,24.0,82.0,0.0
2025-01-09,24.0,83.0,0.0
2025-01-09,24.0,84.0,0.0
2025-01-09,24.0,85.0,0.0
2025-01-10,18.0,81.0,0.0
2025-01-10,18.0,82.0,0.0
2025-01-10,18.0,83.0,0.0
2025-01-10,18.0,84.0,0.0
2025-01-10,19.0,81.0,0.0
2025-01-10,19.0,82.0,0.0
2025-01-10,19.0,83.0,0.0
2025-01-10,19.0,84.0,0.0
2025-01-10,19.0,85.0,0.0
2025-01-10,20.0,81.0,0.0
2025-01-10,20.0,82.0,0.0
2025-01-10,20.0,83.0,0.0
2025-01-10,20.0,84.0,0.0
2025-01-10,20.0,85.0,0.0
2025-01-10,21.0,81.0,0.0
2025-01-10,21.0,82.0,0.0
2025-01-10,21.0,83.0,0.0
2025-01-10,21.0,84.0,0.0
2025-01-10,21.0,85.0,0.0
2025-01-10,22.0,81.0,0.0
2025-01-10,22.0,82.0,0.0
2025-01-10,22.0,83.0,0.0
2025-01-10,22.0,84.0,0.0
2025-01-10,22.0,85.0,0.0
2025-01-10,23.0,81.0,0.0
2025-01-10,23.0,82.0,0.0
2025-01-10,23.0,83.0,0.0
2025-01-10,23.0,84.0,0.0
2025-01-10,23.0,85.0,0.0
2025-01-10,24.0,81.0,0.0
2025-01-10,24.0,82.0,0.0
2025-01-10,24.0,83.0,0.0
2025-01-10,24.0,84.0,0.0
2025-01-10,24.0,85.0,0.0
2025-01-11,18.0,81.0,0.0
2025-01-11,18.0,82.0,0.0
2025-01-11,18.0,83.0,0.0
2025-01-11,18.0,84.0,0.0
2025-01-11,19.0,81.0,0.0
2025-01-11,19.0,82.0,0.0
2025-01-11,19.0,83.0,0.0
2025-01-11,19.0,84.0,0.0
2025-01-11,19.0,85.0,0.0
2025-01-11,20.0,81.0,0.0
2025-01-11,20.0,82.0,0.0
2025-01-11,20.0,83.0,0.0
2025-01-11,20.0,84.0,0.0
2025-01-11,20.0,85.0,0.0
2025-01-11,21.0,81.0,0.0
2025-01-11,21.0,82.0,0.0
2025-01-11,21.0,83.0,0.0
2025-01-11,21.0,84.0,0.0
2025-01-11,21.0,85.0,0.0
2025-01-11,22.0,81.0,0.0
2025-01-11,22.0,82.0,0.0
2025-01-11,22.0,83.0,0.0
2025-01-11,22.0,84.0,0.0
2025-01-11,22.0,85.0,0.0
2025-01-11,23.0,81.0,0.0
2025-01-11,23.0,82.0,0.0
2025-01-11,23.0,83.0,0.0
2025-01-11,23.0,84.0,0.0
2025-01-11,23.0,85.0,0.0
2025-01-11,24.0,81.0,0.0
2025-01-11,24.0,82.0,0.0
2025-01-11,24.0,83.0,0.0
2025-01-11,24.0,84.0,0.0
2025-01-11,24.0,85.0,0.0
2025-01-12,18.0,81.0,0.0
2025-01-12,18.0,82.0,0.0
2025-01-12,18.0,83.0,0.0
2025-01-12,18.0,84.0,0.0
2025-01-12,19.0,81.0,0.0
2025-01-12,19.0,82.0,0.0
2025-01-12,19.0,83.0,0.0
2025-01-12,19.0,84.0,0.0
2025-01-12,19.0,85.0,0.0
2025-01-12,20.0,81.0,0.0
2025-01-12,20.0,82.0,0.0
2025-01-12,20.0,83.0,0.0
2025-01-12,20.0,84.0,0.0
2025-01-12,20.0,85.0,0.0
2025-01-12,21.0,81.0,0.0
2025-01-12,21.0,82.0,0.0
2025-01-12,21.0,83.0,0.0
2025-01-12,21.0,84.0,0.0
2025-01-12,21.0,85.0,0.0
2025-01-12,22.0,81.0,0.0
2025-01-12,22.0,82.0,0.0
2025-01-12,22.0,83.0,0.0
2025-01-12,22.0,84.0,0.0
2025-01-12,22.0,85.0,0.0
2025-01-12,23.0,81.0,0.0
2025-01-12,23.0,82.0,0.0
2025-01-12,23.0,83.0,0.0
2025-01-12,23.0,84.0,0.0
2025-01-12,23.0,85.0,0.0
2025-01-12,24.0,81.0,0.0
2025-01-12,24.0,82.0,0.0
2025-01-12,24.0,83.0,0.0
2025-01-12,24.0,84.0,0.0
2025-01-12,24.0,85.0,0.0
2025-01-13,18.0,81.0,0.0
2025-01-13,18.0,82.0,0.0
2025-01-13,18.0,83.0,0.0
2025-01-13,18.0,84.0,0.0
2025-01-13,19.0,81.0,0.0
2025-01-13,19.0,82.0,0.0
2025-01-13,19.0,83.0,0.0
2025-01-13,19.0,84.0,0.0
2025-01-13,19.0,85.0,0.0
2025-01-13,20.0,81.0,0.0
2025-01-13,20.0,82.0,0.0
2025-01-13,20.0,83.0,0.0
2025-01-13,20.0,84.0,0.0
2025-01-13,20.0,85.0,0.0
2025-01-13,21.0,81.0,0.0
2025-01-13,21.0,82.0,0.0
2025-01-13,21.0,83.0,0.0
2025-01-13,21.0,84.0,0.0
2025-01-13,21.0,85.0,0.0
2025-01-13,22.0,81.0,0.0
2025-01-13,22.0,82.0,0.0
2025-01-13,22.0,83.0,0.0
2025-01-13,22.0,84.0,0.0
2025-01-13,22.0,85.0,0.0
2025-01-13,23.0,81.0,0.0
2025-01-13,23.0,82.0,0.0
2025-01-13,23.0,83.0,0.0
2025-01-13,23.0,84.0,0.0
2025-01-13,23.0,85.0,0.0
2025-01-13,24.0,81.0,0.26466666666666666
2025-01-13,24.0,82.0,0.47679999999999995
2025-01-13,24.0,83.0,0.026000000000000002
2025-01-13,24.0,84.0,0.0
2025-01-13,24.0,85.0,0.0
2025-01-14,18.0,81.0,0.0
2025-01-14,18.0,82.0,0.0
2025-01-14,18.0,83.0,0.0
2025-01-14,18.0,84.0,0.0
2025-01-14,19.0,81.0,0.0
2025-01-14,19.0,82.0,0.0
2025-01-14,19.0,83.0,0.0
2025-01-14,19.0,84.0,0.0
2025-01-14,19.0,85.0,0.0
2025-01-14,20.0,81.0,0.0
2025-01-14,20.0,82.0,0.0
2025-01-14,20.0,83.0,0.0
2025-01-14,20.0,84.0,0.0
2025-01-14,20.0,85.0,0.0
2025-01-14,21.0,81.0,0.0
2025-01-14,21.0,82.0,0.0
2025-01-14,21.0,83.0,0.0
2025-01-14,21.0,84.0,0.0
2025-01-14,21.0,85.0,0.0
2025-01-14,22.0,81.0,0.0
2025-01-14,22.0,82.0,0.0
2025-01-14,22.0,83.0,0.0
2025-01-14,22.0,84.0,0.0
2025-01-14,22.0,85.0,0.0
2025-01-14,23.0,81.0,0.0
2025-01-14,23.0,82.0,0.0
2025-01-14,23.0,83.0,0.0
2025-01-14,23.0,84.0,0.0
2025-01-14,23.0,85.0,0.0
2025-01-14,24.0,81.0,0.0
2025-01-14,24.0,82.0,0.0
2025-01-14,24.0,83.0,0.0
2025-01-14,24.0,84.0,0.0
2025-01-14,24.0,85.0,0.0
2025-01-15,18.0,81.0,0.0
2025-01-15,18.0,82.0,0.0
2025-01-15,18.0,83.0,0.0
2025-01-15,18.0,84.0,0.0
2025-01-15,19.0,81.0,0.0
2025-01-15,19.0,82.0,0.0
2025-01-15,19.0,83.0,0.0
2025-01-15,19.0,84.0,0.0
2025-01-15,19.0,85.0,0.0
2025-01-15,20.0,81.0,0.0
2025-01-15,20.0,82.0,0.0
2025-01-15,20.0,83.0,0.0
2025-01-15,20.0,84.0,0.0
2025-01-15,20.0,85.0,0.0
2025-01-15,21.0,81.0,0.0
2025-01-15,21.0,82.0,0.0
2025-01-15,21.0,83.0,0.0
2025-01-15,21.0,84.0,0.0
2025-01-15,21.0,85.0,0.0
2025-01-15,22.0,81.0,0.0
2025-01-15,22.0,82.0,0.0
2025-01-15,22.0,83.0,0.0
2025-01-15,22.0,84.0,0.0
2025-01-15,22.0,85.0,0.0
2025-01-15,23.0,81.0,0.0
2025-01-15,23.0,82.0,0.0
2025-01-15,23.0,83.0,0.0
2025-01-15,23.0,84.0,0.0
2025-01-15,23.0,85.0,0.0
2025-01-15,24.0,81.0,0.0
2025-01-15,24.0,82.0,0.0
2025-01-15,24.0,83.0,0.0
2025-01-15,24.0,84.0,0.0
2025-01-15,24.0,85.0,0.0
2025-01-16,18.0,81.0,0.0
2025-01-16,18.0,82.0,0.0
2025-01-16,18.0,83.0,0.0
2025-01-16,18.0,84.0,0.0
2025-01-16,19.0,81.0,0.0
2025-01-16,19.0,82.0,0.0
2025-01-16,19.0,83.0,0.0
2025-01-16,19.0,84.0,0.0
2025-01-16,19.0,85.0,0.0
2025-01-16,20.0,81.0,0.0
2025-01-16,20.0,82.0,0.0
2025-01-16,20.0,83.0,0.0
2025-01-16,20.0,84.0,0.0
2025-01-16,20.0,85.0,0.0
2025-01-16,21.0,81.0,0.0
2025-01-16,21.0,82.0,0.0
2025-01-16,21.0,83.0,0.0
2025-01-16,21.0,84.0,0.0
2025-01-16,21.0,85.0,0.0
2025-01-16,22.0,81.0,0.0
2025-01-16,22.0,82.0,0.0
2025-01-16,22.0,83.0,0.0
2025-01-16,22.0,84.0,0.0
2025-01-16,22.0,85.0,0.0
2025-01-16,23.0,81.0,0.0
2025-01-16,23.0,82.0,0.0
2025-01-16,23.0,83.0,0.0
2025-01-16,23.0,84.0,0.0
2025-01-16,23.0,85.0,0.0
2025-01-16,24.0,81.0,0.0
2025-01-16,24.0,82.0,0.0
2025-01-16,24.0,83.0,0.0
2025-01-16,24.0,84.0,0.0
2025-01-16,24.0,85.0,0.0
2025-01-17,18.0,81.0,0.0
2025-01-17,18.0,82.0,0.0
2025-01-17,18.0,83.0,0.0
2025-01-17,18.0,84.0,0.0
2025-01-17,19.0,81.0,0.0
2025-01-17,19.0,82.0,0.0
2025-01-17,19.0,83.0,0.0
2025-01-17,19.0,84.0,0.0
2025-01-17,19.0,85.0,0.0
2025-01-17,20.0,81.0,0.0
2025-01-17,20.0,82.0,0.0
2025-01-17,20.0,83.0,0.0
2025-01-17,20.0,84.0,0.0
2025-01-17,20.0,85.0,0.0
2025-01-17,21.0,81.0,0.0
2025-01-17,21.0,82.0,0.0
2025-01-17,21.0,83.0,0.0
2025-01-17,21.0,84.0,0.0
2025-01-17,21.0,85.0,0.0
2025-01-17,22.0,81.0,0.0
2025-01-17,22.0,82.0,0.0
2025-01-17,22.0,83.0,0.0
2025-01-17,22.0,84.0,0.0
2025-01-17,22.0,85.0,0.0
2025-01-17,23.0,81.0,0.0
2025-01-17,23.0,82.0,0.0
2025-01-17,23.0,83.0,0.0
2025-01-17,23.0,84.0,0.0
2025-01-17,23.0,85.0,0.0
2025-01-17,24.0,81.0,0.0
2025-01-17,24.0,82.0,0.0
2025-01-17,24.0,83.0,0.0
2025-01-17,24.0,84.0,0.0
2025-01-17,24.0,85.0,0.0
2025-01-18,18.0,81.0,0.0
2025-01-18,18.0,82.0,0.0
2025-01-18,18.0,83.0,0.0
2025-01-18,18.0,84.0,0.0
2025-01-18,19.0,81.0,0.0
2025-01-18,19.0,82.0,0.0
2025-01-18,19.0,83.0,0.0
2025-01-18,19.0,84.0,0.0
2025-01-18,19.0,85.0,0.0
2025-01-18,20.0,81.0,0.0
2025-01-18,20.0,82.0,0.0
2025-01-18,20.0,83.0,0.0
2025-01-18,20.0,84.0,0.0
2025-01-18,20.0,85.0,0.0
2025-01-18,21.0,81.0,0.0
2025-01-18,21.0,82.0,0.0
2025-01-18,21.0,83.0,0.0
2025-01-18,21.0,84.0,0.0
2025-01-18,21.0,85.0,0.0
2025-01-18,22.0,81.0,0.0
2025-01-18,22.0,82.0,0.0
2025-01-18,22.0,83.0,0.0
2025-01-18,22.0,84.0,0.0
2025-01-18,22.0,85.0,0.0
2025-01-18,23.0,81.0,0.0
2025-01-18,23.0,82.0,0.0
2025-01-18,23.0,83.0,0.0
2025-01-18,23.0,84.0,0.0
2025-01-18,23.0,85.0,0.0
2025-01-18,24.0,81.0,0.0
2025-01-18,24.0,82.0,0.0
2025-01-18,24.0,83.0,0.0
2025-01-18,24.0,84.0,0.0
2025-01-18,24.0,85.0,0.0
2025-01-19,18.0,81.0,0.0
2025-01-19,18.0,82.0,0.0
2025-01-19,18.0,83.0,0.0
2025-01-19,18.0,84.0,0.0
2025-01-19,19.0,81.0,0.0
2025-01-19,19.0,82.0,0.0
2025-01-19,19.0,83.0,0.0
2025-01-19,19.0,84.0,0.0
2025-01-19,19.0,85.0,0.0
2025-01-19,20.0,81.0,0.0
2025-01-19,20.0,82.0,0.0
2025-01-19,20.0,83.0,0.0
2025-01-19,20.0,84.0,0.0
2025-01-19,20.0,85.0,0.0
2025-01-19,21.0,81.0,0.0
2025-01-19,21.0,82.0,0.0
2025-01-19,21.0,83.0,0.0
2025-01-19,21.0,84.0,0.0
2025-01-19,21.0,85.0,0.0
2025-01-19,22.0,81.0,0.0
2025-01-19,22.0,82.0,0.0
2025-01-19,22.0,83.0,0.0
2025-01-19,22.0,84.0,0.0
2025-01-19,22.0,85.0,0.0
2025-01-19,23.0,81.0,0.0
2025-01-19,23.0,82.0,0.0
2025-01-19,23.0,83.0,0.0
2025-01-19,23.0,84.0,0.0
2025-01-19,23.0,85.0,0.0
2025-01-19,24.0,81.0,0.0
2025-01-19,24.0,82.0,0.0
2025-01-19,24.0,83.0,0.0
2025-01-19,24.0,84.0,0.0
2025-01-19,24.0,85.0,0.0
2025-01-20,18.0,81.0,0.0
2025-01-20,18.0,82.0,0.0
2025-01-20,18.0,83.0,0.0
2025-01-20,18.0,84.0,0.0
2025-01-20,19.0,81.0,0.0
2025-01-20,19.0,82.0,0.0
2025-01-20,19.0,83.0,0.0
2025-01-20,19.0,84.0,0.0
2025-01-20,19.0,85.0,0.0
2025-01-20,20.0,81.0,0.0
2025-01-20,20.0,82.0,0.0
2025-01-20,20.0,83.0,0.0
2025-01-20,20.0,84.0,0.0
2025-01-20,20.0,85.0,0.0
2025-01-20,21.0,81.0,0.0
2025-01-20,21.0,82.0,0.0
2025-01-20,21.0,83.0,0.0
2025-01-20,21.0,84.0,0.0
2025-01-20,21.0,85.0,0.0
2025-01-20,22.0,81.0,0.0
2025-01-20,22.0,82.0,0.0
2025-01-20,22.0,83.0,0.0
2025-01-20,22.0,84.0,0.0
2025-01-20,22.0,85.0,0.0
2025-01-20,23.0,81.0,0.0
2025-01-20,23.0,82.0,0.0
2025-01-20,23.0,83.0,0.0
2025-01-20,23.0,84.0,0.0
2025-01-20,23.0,85.0,0.0
2025-01-20,24.0,81.0,0.0
2025-01-20,24.0,82.0,0.0
2025-01-20,24.0,83.0,0.0
2025-01-20,24.0,84.0,0.0
2025-01-20,24.0,85.0,0.0
2025-01-21,18.0,81.0,0.0
2025-01-21,18.0,82.0,0.0
2025-01-21,18.0,83.0,0.0
2025-01-21,18.0,84.0,0.0
2025-01-21,19.0,81.0,0.0
2025-01-21,19.0,82.0,0.0
2025-01-21,19.0,83.0,0.0
2025-01-21,19.0,84.0,0.0
2025-01-21,19.0,85.0,0.0
2025-01-21,20.0,81.0,0.0
2025-01-21,20.0,82.0,0.0
2025-01-21,20.0,83.0,0.0
2025-01-21,20.0,84.0,0.0
2025-01-21,20.0,85.0,0.0
2025-01-21,21.0,81.0,0.0
2025-01-21,21.0,82.0,0.0
2025-01-21,21.0,83.0,0.0
2025-01-21,21.0,84.0,0.0
2025-01-21,21.0,85.0,0.0
2025-01-21,22.0,81.0,0.0
2025-01-21,22.0,82.0,0.0
2025-01-21,22.0,83.0,0.0
2025-01-21,22.0,84.0,0.0
2025-01-21,22.0,85.0,0.0
2025-01-21,23.0,81.0,0.0
2025-01-21,23.0,82.0,0.0
2025-01-21,23.0,83.0,0.0
2025-01-21,23.0,84.0,0.0
2025-01-21,23.0,85.0,0.0
2025-01-21,24.0,81.0,0.0
2025-01-21,24.0,82.0,0.0
2025-01-21,24.0,83.0,0.0
2025-01-21,24.0,84.0,0.0
2025-01-21,24.0,85.0,0.0
2025-01-22,18.0,81.0,0.0
2025-01-22,18.0,82.0,0.0
2025-01-22,18.0,83.0,0.0
2025-01-22,18.0,84.0,0.0
2025-01-22,19.0,81.0,0.0
2025-01-22,19.0,82.0,0.0
2025-01-22,19.0,83.0,0.0
2025-01-22,19.0,84.0,0.0
2025-01-22,19.0,85.0,0.0
2025-01-22,20.0,81.0,0.0
2025-01-22,20.0,82.0,0.0
2025-01-22,20.0,83.0,0.0
2025-01-22,20.0,84.0,0.0
2025-01-22,20.0,85.0,0.0
2025-01-22,21.0,81.0,0.0
2025-01-22,21.0,82.0,0.0
2025-01-22,21.0,83.0,0.0
2025-01-22,21.0,84.0,0.0
2025-01-22,21.0,85.0,0.0
2025-01-22,22.0,81.0,0.0
2025-01-22,22.0,82.0,0.0
2025-01-22,22.0,83.0,0.0
2025-01-22,22.0,84.0,0.0
2025-01-22,22.0,85.0,0.0
2025-01-22,23.0,81.0,0.0
2025-01-22,23.0,82.0,0.0
2025-01-22,23.0,83.0,0.0
2025-01-22,23.0,84.0,0.0
2025-01-22,23.0,85.0,0.0
2025-01-22,24.0,81.0,0.0
2025-01-22,24.0,82.0,0.0
2025-01-22,24.0,83.0,0.0
2025-01-22,24.0,84.0,0.0
2025-01-22,24.0,85.0,0.0
2025-01-23,18.0,81.0,0.0
2025-01-23,18.0,82.0,0.0
2025-01-23,18.0,83.0,0.0
2025-01-23,18.0,84.0,0.0
2025-01-23,19.0,81.0,0.0
2025-01-23,19.0,82.0,0.0
2025-01-23,19.0,83.0,0.0
2025-01-23,19.0,84.0,0.0
2025-01-23,19.0,85.0,0.0
2025-01-23,20.0,81.0,0.0
2025-01-23,20.0,82.0,0.0
2025-01-23,20.0,83.0,0.0
2025-01-23,20.0,84.0,0.0
2025-01-23,20.0,85.0,0.0
2025-01-23,21.0,81.0,0.0
2025-01-23,21.0,82.0,0.0
2025-01-23,21.0,83.0,0.0
2025-01-23,21.0,84.0,0.0
2025-01-23,21.0,85.0,0.0
2025-01-23,22.0,81.0,0.0
2025-01-23,22.0,82.0,0.0
2025-01-23,22.0,83.0,0.0
2025-01-23,22.0,84.0,0.0
2025-01-23,22.0,85.0,0.0
2025-01-23,23.0,81.0,0.0
2025-01-23,23.0,82.0,0.0
2025-01-23,23.0,83.0,0.0
2025-01-23,23.0,84.0,0.0
2025-01-23,23.0,85.0,0.0
2025-01-23,24.0,81.0,0.0
2025-01-23,24.0,82.0,0.0
2025-01-23,24.0,83.0,0.0
2025-01-23,24.0,84.0,0.0
2025-01-23,24.0,85.0,0.0
2025-01-24,18.0,81.0,0.0
2025-01-24,18.0,82.0,0.0
2025-01-24,18.0,83.0,0.0
2025-01-24,18.0,84.0,0.0
2025-01-24,19.0,81.0,0.0
2025-01-24,19.0,82.0,0.0
2025-01-24,19.0,83.0,0.0
2025-01-24,19.0,84.0,0.0
2025-01-24,19.0,85.0,0.0
2025-01-24,20.0,81.0,0.0
2025-01-24,20.0,82.0,0.0
2025-01-24,20.0,83.0,0.0
2025-01-24,20.0,84.0,0.0
2025-01-24,20.0,85.0,0.0
2025-01-24,21.0,81.0,0.0
2025-01-24,21.0,82.0,0.0
2025-01-24,21.0,83.0,0.0
2025-01-24,21.0,84.0,0.0
2025-01-24,21.0,85.0,0.0
2025-01-24,22.0,81.0,0.0
2025-01-24,22.0,82.0,0.0
2025-01-24,22.0,83.0,0.0
2025-01-24,22.0,84.0,0.0
2025-01-24,22.0,85.0,0.0
2025-01-24,23.0,81.0,0.0
2025-01-24,23.0,82.0,0.0
2025-01-24,23.0,83.0,0.0
2025-01-24,23.0,84.0,0.0
2025-01-24,23.0,85.0,0.0
2025-01-24,24.0,81.0,0.0
2025-01-24,24.0,82.0,0.0
2025-01-24,24.0,83.0,0.0
2025-01-24,24.0,84.0,0.0
2025-01-24,24.0,85.0,0.0
2025-01-25,18.0,81.0,0.0
2025-01-25,18.0,82.0,0.0
2025-01-25,18.0,83.0,0.0
2025-01-25,18.0,84.0,0.0
2025-01-25,19.0,81.0,0.0
2025-01-25,19.0,82.0,0.0
2025-01-25,19.0,83.0,0.0
2025-01-25,19.0,84.0,0.0
2025-01-25,19.0,85.0,0.0
2025-01-25,20.0,81.0,0.0
2025-01-25,20.0,82.0,0.0
2025-01-25,20.0,83.0,0.0
2025-01-25,20.0,84.0,0.0
2025-01-25,20.0,85.0,0.0
2025-01-25,21.0,81.0,0.0
2025-01-25,21.0,82.0,0.0
2025-01-25,21.0,83.0,0.0
2025-01-25,21.0,84.0,0.0
2025-01-25,21.0,85.0,0.0
2025-01-25,22.0,81.0,0.0
2025-01-25,22.0,82.0,0.0
2025-01-25,22.0,83.0,0.0
2025-01-25,22.0,84.0,0.0
2025-01-25,22.0,85.0,0.0
2025-01-25,23.0,81.0,0.0
2025-01-25,23.0,82.0,0.0
2025-01-25,23.0,83.0,0.0
2025-01-25,23.0,84.0,0.0
2025-01-25,23.0,85.0,0.0
2025-01-25,24.0,81.0,0.0
2025-01-25,24.0,82.0,0.0
2025-01-25,24.0,83.0,0.0
2025-01-25,24.0,84.0,0.0
2025-01-25,24.0,85.0,0.0
2025-01-26,18.0,81.0,0.0
2025-01-26,18.0,82.0,0.0
2025-01-26,18.0,83.0,0.0
2025-01-26,18.0,84.0,0.0
2025-01-26,19.0,81.0,0.0
2025-01-26,19.0,82.0,0.0
2025-01-26,19.0,83.0,0.0
2025-01-26,19.0,84.0,0.0
2025-01-26,19.0,85.0,0.0
2025-01-26,20.0,81.0,0.0
2025-01-26,20.0,82.0,0.0
2025-01-26,20.0,83.0,0.0
2025-01-26,20.0,84.0,0.0
2025-01-26,20.0,85.0,0.0
2025-01-26,21.0,81.0,0.0
2025-01-26,21.0,82.0,0.0
2025-01-26,21.0,83.0,0.0
2025-01-26,21.0,84.0,0.0
2025-01-26,21.0,85.0,0.0
2025-01-26,22.0,81.0,0.0
2025-01-26,22.0,82.0,0.0
2025-01-26,22.0,83.0,0.0
2025-01-26,22.0,84.0,0.0
2025-01-26,22.0,85.0,0.0
2025-01-26,23.0,81.0,0.0
2025-01-26,23.0,82.0,0.0
2025-01-26,23.0,83.0,0.0
2025-01-26,23.0,84.0,0.0
2025-01-26,23.0,85.0,0.0
2025-01-26,24.0,81.0,0.0
2025-01-26,24.0,82.0,0.0
2025-01-26,24.0,83.0,0.0
2025-01-26,24.0,84.0,0.0
2025-01-26,24.0,85.0,0.0
2025-01-27,18.0,81.0,0.0
2025-01-27,18.0,82.0,0.0
2025-01-27,18.0,83.0,0.0
2025-01-27,18.0,84.0,0.0
2025-01-27,19.0,81.0,0.0
2025-01-27,19.0,82.0,0.0
2025-01-27,19.0,83.0,0.0
2025-01-27,19.0,84.0,0.0
2025-01-27,19.0,85.0,0.0
2025-01-27,20.0,81.0,0.0
2025-01-27,20.0,82.0,0.0
2025-01-27,20.0,83.0,0.0
2025-01-27,20.0,84.0,0.0
2025-01-27,20.0,85.0,0.0
2025-01-27,21.0,81.0,0.0
2025-01-27,21.0,82.0,0.0
2025-01-27,21.0,83.0,0.0
2025-01-27,21.0,84.0,0.0
2025-01-27,21.0,85.0,0.0
2025-01-27,22.0,81.0,0.0
2025-01-27,22.0,82.0,0.0
2025-01-27,22.0,83.0,0.0
2025-01-27,22.0,84.0,0.0
2025-01-27,22.0,85.0,0.0
2025-01-27,23.0,81.0,0.0
2025-01-27,23.0,82.0,0.0
2025-01-27,23.0,83.0,0.0
2025-01-27,23.0,84.0,0.0
2025-01-27,23.0,85.0,0.0
2025-01-27,24.0,81.0,0.0
2025-01-27,24.0,82.0,0.0
2025-01-27,24.0,83.0,0.0
2025-01-27,24.0,84.0,0.0
2025-01-27,24.0,85.0,0.0
2025-01-28,18.0,81.0,0.0
2025-01-28,18.0,82.0,0.0
2025-01-28,18.0,83.0,0.0
2025-01-28,18.0,84.0,0.0
2025-01-28,19.0,81.0,0.0
2025-01-28,19.0,82.0,0.0
2025-01-28,19.0,83.0,0.0
2025-01-28,19.0,84.0,0.0
2025-01-28,19.0,85.0,0.0
2025-01-28,20.0,81.0,0.0
2025-01-28,20.0,82.0,0.0
2025-01-28,20.0,83.0,0.0
2025-01-28,20.0,84.0,0.0
2025-01-28,20.0,85.0,0.0
2025-01-28,21.0,81.0,0.0
2025-01-28,21.0,82.0,0.0
2025-01-28,21.0,83.0,0.0
2025-01-28,21.0,84.0,0.0
2025-01-28,21.0,85.0,0.0
2025-01-28,22.0,81.0,0.0
2025-01-28,22.0,82.0,0.0
2025-01-28,22.0,83.0,0.0
2025-01-28,22.0,84.0,0.0
2025-01-28,22.0,85.0,0.0
2025-01-28,23.0,81.0,0.0
2025-01-28,23.0,82.0,0.0
2025-01-28,23.0,83.0,0.0
2025-01-28,23.0,84.0,0.0
2025-01-28,23.0,85.0,0.0
2025-01-28,24.0,81.0,0.0
2025-01-28,24.0,82.0,0.0
2025-01-28,24.0,83.0,0.0
2025-01-28,24.0,84.0,0.0
2025-01-28,24.0,85.0,0.0
2025-01-29,18.0,81.0,0.0
2025-01-29,18.0,82.0,0.0
2025-01-29,18.0,83.0,0.0
2025-01-29,18.0,84.0,0.0
2025-01-29,19.0,81.0,0.0
2025-01-29,19.0,82.0,0.0
2025-01-29,19.0,83.0,0.0
2025-01-29,19.0,84.0,0.0
2025-01-29,19.0,85.0,0.0
2025-01-29,20.0,81.0,0.0
2025-01-29,20.0,82.0,0.0
2025-01-29,20.0,83.0,0.0
2025-01-29,20.0,84.0,0.0
2025-01-29,20.0,85.0,0.0
2025-01-29,21.0,81.0,0.0
2025-01-29,21.0,82.0,0.0
2025-01-29,21.0,83.0,0.0
2025-01-29,21.0,84.0,0.0
2025-01-29,21.0,85.0,0.0
2025-01-29,22.0,81.0,0.0
2025-01-29,22.0,82.0,0.0
2025-01-29,22.0,83.0,0.0
2025-01-29,22.0,84.0,0.0
2025-01-29,22.0,85.0,0.0
2025-01-29,23.0,81.0,0.0
2025-01-29,23.0,82.0,0.0
2025-01-29,23.0,83.0,0.0
2025-01-29,23.0,84.0,0.0
2025-01-29,23.0,85.0,0.0
2025-01-29,24.0,81.0,0.0
2025-01-29,24.0,82.0,0.0
2025-01-29,24.0,83.0,0.0
2025-01-29,24.0,84.0,0.0
2025-01-29,24.0,85.0,0.0
2025-01-30,18.0,81.0,0.0
2025-01-30,18.0,82.0,0.0
2025-01-30,18.0,83.0,0.0
2025-01-30,18.0,84.0,0.0
2025-01-30,19.0,81.0,0.0
2025-01-30,19.0,82.0,0.0
2025-01-30,19.0,83.0,0.0
2025-01-30,19.0,84.0,0.0
2025-01-30,19.0,85.0,0.0
2025-01-30,20.0,81.0,0.0
2025-01-30,20.0,82.0,0.0
2025-01-30,20.0,83.0,0.0
2025-01-30,20.0,84.0,0.0
2025-01-30,20.0,85.0,0.0
2025-01-30,21.0,81.0,0.0
2025-01-30,21.0,82.0,0.0
2025-01-30,21.0,83.0,0.0
2025-01-30,21.0,84.0,0.0
2025-01-30,21.0,85.0,0.0
2025-01-30,22.0,81.0,0.0
2025-01-30,22.0,82.0,0.0
2025-01-30,22.0,83.0,0.0
2025-01-30,22.0,84.0,0.0
2025-01-30,22.0,85.0,0.0
2025-01-30,23.0,81.0,0.0
2025-01-30,23.0,82.0,0.0
2025-01-30,23.0,83.0,0.0
2025-01-30,23.0,84.0,0.0
2025-01-30,23.0,85.0,0.0
2025-01-30,24.0,81.0,0.0
2025-01-30,24.0,82.0,0.0
2025-01-30,24.0,83.0,0.0
2025-01-30,24.0,84.0,0.0
2025-01-30,24.0,85.0,0.0
2025-01-31,18.0,81.0,0.0
2025-01-31,18.0,82.0,0.0
2025-01-31,18.0,83.0,0.0
2025-01-31,18.0,84.0,0.0
2025-01-31,19.0,81.0,0.0
2025-01-31,19.0,82.0,0.0
2025-01-31,19.0,83.0,0.0
2025-01-31,19.0,84.0,0.0
2025-01-31,19.0,85.0,0.0
2025-01-31,20.0,81.0,0.0
2025-01-31,20.0,82.0,0.0
2025-01-31,20.0,83.0,0.0
2025-01-31,20.0,84.0,0.0
2025-01-31,20.0,85.0,0.0
2025-01-31,21.0,81.0,0.0
2025-01-31,21.0,82.0,0.0
2025-01-31,21.0,83.0,0.0
2025-01-31,21.0,84.0,0.0
2025-01-31,21.0,85.0,0.0
2025-01-31,22.0,81.0,0.0
2025-01-31,22.0,82.0,0.0
2025-01-31,22.0,83.0,0.0
2025-01-31,22.0,84.0,0.0
2025-01-31,22.0,85.0,0.0
2025-01-31,23.0,81.0,0.0
2025-01-31,23.0,82.0,0.0
2025-01-31,23.0,83.0,0.0
2025-01-31,23.0,84.0,0.0
2025-01-31,23.0,85.0,0.0
2025-01-31,24.0,81.0,0.0
2025-01-31,24.0,82.0,0.0
2025-01-31,24.0,83.0,0.0
2025-01-31,24.0,84.0,0.0
2025-01-31,24.0,85.0,0.0
2025-02-01,18.0,81.0,0.0
2025-02-01,18.0,82.0,0.0
2025-02-01,18.0,83.0,0.0
2025-02-01,18.0,84.0,0.0
2025-02-01,19.0,81.0,0.0
2025-02-01,19.0,82.0,0.0
2025-02-01,19.0,83.0,0.0
2025-02-01,19.0,84.0,0.0
2025-02-01,19.0,85.0,0.0
2025-02-01,20.0,81.0,0.0
2025-02-01,20.0,82.0,0.0
2025-02-01,20.0,83.0,0.0
2025-02-01,20.0,84.0,0.0
2025-02-01,20.0,85.0,0.0
2025-02-01,21.0,81.0,0.0
2025-02-01,21.0,82.0,0.0
2025-02-01,21.0,83.0,0.0
2025-02-01,21.0,84.0,0.0
2025-02-01,21.0,85.0,0.0
2025-02-01,22.0,81.0,0.0
2025-02-01,22.0,82.0,0.0
2025-02-01,22.0,83.0,0.0
2025-02-01,22.0,84.0,0.0
2025-02-01,22.0,85.0,0.0
2025-02-01,23.0,81.0,0.0
2025-02-01,23.0,82.0,0.0
2025-02-01,23.0,83.0,0.0
2025-02-01,23.0,84.0,0.0
2025-02-01,23.0,85.0,0.0
2025-02-01,24.0,81.0,0.0
2025-02-01,24.0,82.0,0.0
2025-02-01,24.0,83.0,0.0
2025-02-01,24.0,84.0,0.0
2025-02-01,24.0,85.0,0.0
2025-02-02,18.0,81.0,0.0
2025-02-02,18.0,82.0,0.0
2025-02-02,18.0,83.0,0.0
2025-02-02,18.0,84.0,0.0
2025-02-02,19.0,81.0,0.0
2025-02-02,19.0,82.0,0.0
2025-02-02,19.0,83.0,0.0
2025-02-02,19.0,84.0,0.0
2025-02-02,19.0,85.0,0.0
2025-02-02,20.0,81.0,0.0
2025-02-02,20.0,82.0,0.0
2025-02-02,20.0,83.0,0.0
2025-02-02,20.0,84.0,0.0
2025-02-02,20.0,85.0,0.0
2025-02-02,21.0,81.0,0.0
2025-02-02,21.0,82.0,0.0
2025-02-02,21.0,83.0,0.0
2025-02-02,21.0,84.0,0.0
2025-02-02,21.0,85.0,0.0
2025-02-02,22.0,81.0,0.0
2025-02-02,22.0,82.0,0.0
2025-02-02,22.0,83.0,0.0
2025-02-02,22.0,84.0,0.0
2025-02-02,22.0,85.0,0.0
2025-02-02,23.0,81.0,0.0
2025-02-02,23.0,82.0,0.0
2025-02-02,23.0,83.0,0.0
2025-02-02,23.0,84.0,0.0
2025-02-02,23.0,85.0,0.0
2025-02-02,24.0,81.0,0.0
2025-02-02,24.0,82.0,0.0
2025-02-02,24.0,83.0,0.0
2025-02-02,24.0,84.0,0.0
2025-02-02,24.0,85.0,0.0
2025-02-03,18.0,81.0,0.0
2025-02-03,18.0,82.0,0.0
2025-02-03,18.0,83.0,0.0
2025-02-03,18.0,84.0,0.0
2025-02-03,19.0,81.0,0.0
2025-02-03,19.0,82.0,0.0
2025-02-03,19.0,83.0,0.0
2025-02-03,19.0,84.0,0.0
2025-02-03,19.0,85.0,0.0
2025-02-03,20.0,81.0,0.0
2025-02-03,20.0,82.0,0.0
2025-02-03,20.0,83.0,0.0
2025-02-03,20.0,84.0,0.0
2025-02-03,20.0,85.0,0.0
2025-02-03,21.0,81.0,0.0
2025-02-03,21.0,82.0,0.0
2025-02-03,21.0,83.0,0.0
2025-02-03,21.0,84.0,0.0
2025-02-03,21.0,85.0,0.0
2025-02-03,22.0,81.0,0.0
2025-02-03,22.0,82.0,0.0
2025-02-03,22.0,83.0,0.0
2025-02-03,22.0,84.0,0.0
2025-02-03,22.0,85.0,0.0
2025-02-03,23.0,81.0,0.0
2025-02-03,23.0,82.0,0.0
2025-02-03,23.0,83.0,0.0
2025-02-03,23.0,84.0,0.0
2025-02-03,23.0,85.0,0.0
2025-02-03,24.0,81.0,0.0
2025-02-03,24.0,82.0,0.0
2025-02-03,24.0,83.0,0.0
2025-02-03,24.0,84.0,0.0
2025-02-03,24.0,85.0,0.0
2025-02-04,18.0,81.0,0.0
2025-02-04,18.0,82.0,0.0
2025-02-04,18.0,83.0,0.0
2025-02-04,18.0,84.0,0.0
2025-02-04,19.0,81.0,0.0
2025-02-04,19.0,82.0,0.0
2025-02-04,19.0,83.0,0.0
2025-02-04,19.0,84.0,0.0
2025-02-04,19.0,85.0,0.0
2025-02-04,20.0,81.0,0.0
2025-02-04,20.0,82.0,0.0
2025-02-04,20.0,83.0,0.0
2025-02-04,20.0,84.0,0.0
2025-02-04,20.0,85.0,0.0
2025-02-04,21.0,81.0,0.0
2025-02-04,21.0,82.0,0.0
2025-02-04,21.0,83.0,0.0
2025-02-04,21.0,84.0,0.0
2025-02-04,21.0,85.0,0.0
2025-02-04,22.0,81.0,0.0
2025-02-04,22.0,82.0,0.0
2025-02-04,22.0,83.0,0.0
2025-02-04,22.0,84.0,0.0
2025-02-04,22.0,85.0,0.0
2025-02-04,23.0,81.0,0.0
2025-02-04,23.0,82.0,0.0
2025-02-04,23.0,83.0,0.0
2025-02-04,23.0,84.0,0.0
2025-02-04,23.0,85.0,0.0
2025-02-04,24.0,81.0,0.0
2025-02-04,24.0,82.0,0.0
2025-02-04,24.0,83.0,0.0
2025-02-04,24.0,84.0,0.0
2025-02-04,24.0,85.0,0.0
2025-02-05,18.0,81.0,0.0
2025-02-05,18.0,82.0,0.0
2025-02-05,18.0,83.0,0.0
2025-02-05,18.0,84.0,0.0
2025-02-05,19.0,81.0,0.0
2025-02-05,19.0,82.0,0.0
2025-02-05,19.0,83.0,0.0
2025-02-05,19.0,84.0,0.0
2025-02-05,19.0,85.0,0.0
2025-02-05,20.0,81.0,0.0
2025-02-05,20.0,82.0,0.0
2025-02-05,20.0,83.0,0.0
2025-02-05,20.0,84.0,0.0
2025-02-05,20.0,85.0,0.0
2025-02-05,21.0,81.0,0.0
2025-02-05,21.0,82.0,0.0
2025-02-05,21.0,83.0,0.0
2025-02-05,21.0,84.0,0.0
2025-02-05,21.0,85.0,0.0
2025-02-05,22.0,81.0,0.0
2025-02-05,22.0,82.0,0.0
2025-02-05,22.0,83.0,0.0
2025-02-05,22.0,84.0,0.0
2025-02-05,22.0,85.0,0.0
2025-02-05,23.0,81.0,0.0
2025-02-05,23.0,82.0,0.0
2025-02-05,23.0,83.0,0.0
2025-02-05,23.0,84.0,0.0
2025-02-05,23.0,85.0,0.0
2025-02-05,24.0,81.0,0.0
2025-02-05,24.0,82.0,0.0
2025-02-05,24.0,83.0,0.0
2025-02-05,24.0,84.0,0.0
2025-02-05,24.0,85.0,0.0
2025-02-06,18.0,81.0,0.0
2025-02-06,18.0,82.0,0.0
2025-02-06,18.0,83.0,0.0
2025-02-06,18.0,84.0,0.0
2025-02-06,19.0,81.0,0.0
2025-02-06,19.0,82.0,0.0
2025-02-06,19.0,83.0,0.0
2025-02-06,19.0,84.0,0.0
2025-02-06,19.0,85.0,0.0
2025-02-06,20.0,81.0,0.0
2025-02-06,20.0,82.0,0.0
2025-02-06,20.0,83.0,0.0
2025-02-06,20.0,84.0,0.0
2025-02-06,20.0,85.0,0.0
2025-02-06,21.0,81.0,0.0
2025-02-06,21.0,82.0,0.0
2025-02-06,21.0,83.0,0.0
2025-02-06,21.0,84.0,0.0
2025-02-06,21.0,85.0,0.0
2025-02-06,22.0,81.0,0.0
2025-02-06,22.0,82.0,0.0
2025-02-06,22.0,83.0,0.0
2025-02-06,22.0,84.0,0.0
2025-02-06,22.0,85.0,0.0
2025-02-06,23.0,81.0,0.0
2025-02-06,23.0,82.0,0.0
2025-02-06,23.0,83.0,0.0
2025-02-06,23.0,84.0,0.0
2025-02-06,23.0,85.0,0.0
2025-02-06,24.0,81.0,0.0
2025-02-06,24.0,82.0,0.0
2025-02-06,24.0,83.0,0.0
2025-02-06,24.0,84.0,0.0
2025-02-06,24.0,85.0,0.0
2025-02-07,18.0,81.0,0.0
2025-02-07,18.0,82.0,0.0
2025-02-07,18.0,83.0,0.0
2025-02-07,18.0,84.0,0.0
2025-02-07,19.0,81.0,0.0
2025-02-07,19.0,82.0,0.0
2025-02-07,19.0,83.0,0.0
2025-02-07,19.0,84.0,0.0
2025-02-07,19.0,85.0,0.0
2025-02-07,20.0,81.0,0.0
2025-02-07,20.0,82.0,0.0
2025-02-07,20.0,83.0,0.0
2025-02-07,20.0,84.0,0.0
2025-02-07,20.0,85.0,0.0
2025-02-07,21.0,81.0,0.0
2025-02-07,21.0,82.0,0.0
2025-02-07,21.0,83.0,0.0
2025-02-07,21.0,84.0,0.0
2025-02-07,21.0,85.0,0.0
2025-02-07,22.0,81.0,0.0
2025-02-07,22.0,82.0,0.0
2025-02-07,22.0,83.0,0.0
2025-02-07,22.0,84.0,0.0
2025-02-07,22.0,85.0,0.0
2025-02-07,23.0,81.0,0.0
2025-02-07,23.0,82.0,0.0
2025-02-07,23.0,83.0,0.0
2025-02-07,23.0,84.0,0.0
2025-02-07,23.0,85.0,0.0
2025-02-07,24.0,81.0,0.0
2025-02-07,24.0,82.0,0.0
2025-02-07,24.0,83.0,0.0
2025-02-07,24.0,84.0,0.0
2025-02-07,24.0,85.0,0.0
2025-02-08,18.0,81.0,0.0
2025-02-08,18.0,82.0,0.0
2025-02-08,18.0,83.0,0.0
2025-02-08,18.0,84.0,0.0
2025-02-08,19.0,81.0,0.0
2025-02-08,19.0,82.0,0.0
2025-02-08,19.0,83.0,0.0
2025-02-08,19.0,84.0,0.0
2025-02-08,19.0,85.0,0.0
2025-02-08,20.0,81.0,0.0
2025-02-08,20.0,82.0,0.0
2025-02-08,20.0,83.0,0.0
2025-02-08,20.0,84.0,0.0
2025-02-08,20.0,85.0,0.0
2025-02-08,21.0,81.0,0.0
2025-02-08,21.0,82.0,0.0
2025-02-08,21.0,83.0,0.0
2025-02-08,21.0,84.0,0.0
2025-02-08,21.0,85.0,0.0
2025-02-08,22.0,81.0,0.0
2025-02-08,22.0,82.0,0.0
2025-02-08,22.0,83.0,0.0
2025-02-08,22.0,84.0,0.0
2025-02-08,22.0,85.0,0.0
2025-02-08,23.0,81.0,0.0
2025-02-08,23.0,82.0,0.0
2025-02-08,23.0,83.0,0.0
2025-02-08,23.0,84.0,0.0
2025-02-08,23.0,85.0,0.0
2025-02-08,24.0,81.0,0.0
2025-02-08,24.0,82.0,0.0
2025-02-08,24.0,83.0,0.0
2025-02-08,24.0,84.0,0.0
2025-02-08,24.0,85.0,0.0
2025-02-09,18.0,81.0,0.0
2025-02-09,18.0,82.0,0.0
2025-02-09,18.0,83.0,0.0
2025-02-09,18.0,84.0,0.0
2025-02-09,19.0,81.0,0.0
2025-02-09,19.0,82.0,0.0
2025-02-09,19.0,83.0,0.0
2025-02-09,19.0,84.0,0.0
2025-02-09,19.0,85.0,0.0
2025-02-09,20.0,81.0,0.0
2025-02-09,20.0,82.0,0.0
2025-02-09,20.0,83.0,0.0
2025-02-09,20.0,84.0,0.0
2025-02-09,20.0,85.0,0.0
2025-02-09,21.0,81.0,0.0
2025-02-09,21.0,82.0,0.0
2025-02-09,21.0,83.0,0.0
2025-02-09,21.0,84.0,0.0
2025-02-09,21.0,85.0,0.0
2025-02-09,22.0,81.0,0.0
2025-02-09,22.0,82.0,0.0
2025-02-09,22.0,83.0,0.0
2025-02-09,22.0,84.0,0.0
2025-02-09,22.0,85.0,0.0
2025-02-09,23.0,81.0,0.0
2025-02-09,23.0,82.0,0.0
2025-02-09,23.0,83.0,0.0
2025-02-09,23.0,84.0,0.0
2025-02-09,23.0,85.0,0.0
2025-02-09,24.0,81.0,0.0
2025-02-09,24.0,82.0,0.0
2025-02-09,24.0,83.0,0.0
2025-02-09,24.0,84.0,0.0
2025-02-09,24.0,85.0,0.0
2025-02-10,18.0,81.0,0.0
2025-02-10,18.0,82.0,0.0
2025-02-10,18.0,83.0,0.0
2025-02-10,18.0,84.0,0.0
2025-02-10,19.0,81.0,0.0
2025-02-10,19.0,82.0,0.0
2025-02-10,19.0,83.0,0.0
2025-02-10,19.0,84.0,0.0
2025-02-10,19.0,85.0,0.0
2025-02-10,20.0,81.0,0.0
2025-02-10,20.0,82.0,0.0
2025-02-10,20.0,83.0,0.0
2025-02-10,20.0,84.0,0.0
2025-02-10,20.0,85.0,0.0
2025-02-10,21.0,81.0,0.0
2025-02-10,21.0,82.0,0.0
2025-02-10,21.0,83.0,0.0
2025-02-10,21.0,84.0,0.0
2025-02-10,21.0,85.0,0.0
2025-02-10,22.0,81.0,0.0
2025-02-10,22.0,82.0,0.0
2025-02-10,22.0,83.0,0.0
2025-02-10,22.0,84.0,0.0
2025-02-10,22.0,85.0,0.0
2025-02-10,23.0,81.0,0.0
2025-02-10,23.0,82.0,0.0
2025-02-10,23.0,83.0,0.0
2025-02-10,23.0,84.0,0.0
2025-02-10,23.0,85.0,0.0
2025-02-10,24.0,81.0,0.0
2025-02-10,24.0,82.0,0.0
2025-02-10,24.0,83.0,0.0
2025-02-10,24.0,84.0,0.0
2025-02-10,24.0,85.0,0.0
2025-02-11,18.0,81.0,0.0
2025-02-11,18.0,82.0,0.0
2025-02-11,18.0,83.0,0.0
2025-02-11,18.0,84.0,0.0
2025-02-11,19.0,81.0,0.0
2025-02-11,19.0,82.0,0.0
2025-02-11,19.0,83.0,0.0
2025-02-11,19.0,84.0,0.0
2025-02-11,19.0,85.0,0.0
2025-02-11,20.0,81.0,0.0
2025-02-11,20.0,82.0,0.0
2025-02-11,20.0,83.0,0.0
2025-02-11,20.0,84.0,0.0
2025-02-11,20.0,85.0,0.0
2025-02-11,21.0,81.0,0.0
2025-02-11,21.0,82.0,0.0
2025-02-11,21.0,83.0,0.0
2025-02-11,21.0,84.0,0.0
2025-02-11,21.0,85.0,0.0
2025-02-11,22.0,81.0,0.0
2025-02-11,22.0,82.0,0.0
2025-02-11,22.0,83.0,0.0
2025-02-11,22.0,84.0,0.0
2025-02-11,22.0,85.0,0.0
2025-02-11,23.0,81.0,0.0
2025-02-11,23.0,82.0,0.0
2025-02-11,23.0,83.0,0.0
2025-02-11,23.0,84.0,0.0
2025-02-11,23.0,85.0,0.0
2025-02-11,24.0,81.0,0.0
2025-02-11,24.0,82.0,0.0
2025-02-11,24.0,83.0,0.0
2025-02-11,24.0,84.0,0.0
2025-02-11,24.0,85.0,0.0
2025-02-12,18.0,81.0,0.0
2025-02-12,18.0,82.0,0.0
2025-02-12,18.0,83.0,0.0
2025-02-12,18.0,84.0,0.0
2025-02-12,19.0,81.0,0.0
2025-02-12,19.0,82.0,0.0
2025-02-12,19.0,83.0,0.0
2025-02-12,19.0,84.0,0.0
2025-02-12,19.0,85.0,0.0
2025-02-12,20.0,81.0,0.0
2025-02-12,20.0,82.0,0.0
2025-02-12,20.0,83.0,0.0
2025-02-12,20.0,84.0,0.0
2025-02-12,20.0,85.0,0.0
2025-02-12,21.0,81.0,0.0
2025-02-12,21.0,82.0,0.0
2025-02-12,21.0,83.0,0.0
2025-02-12,21.0,84.0,0.0
2025-02-12,21.0,85.0,0.0
2025-02-12,22.0,81.0,0.0
2025-02-12,22.0,82.0,0.0
2025-02-12,22.0,83.0,0.0
2025-02-12,22.0,84.0,0.0
2025-02-12,22.0,85.0,0.0
2025-02-12,23.0,81.0,0.0
2025-02-12,23.0,82.0,0.0
2025-02-12,23.0,83.0,0.0
2025-02-12,23.0,84.0,0.0
2025-02-12,23.0,85.0,0.0
2025-02-12,24.0,81.0,0.0
2025-02-12,24.0,82.0,0.0
2025-02-12,24.0,83.0,0.0
2025-02-12,24.0,84.0,0.0
2025-02-12,24.0,85.0,0.0
2025-02-13,18.0,81.0,0.0
2025-02-13,18.0,82.0,0.0
2025-02-13,18.0,83.0,0.0
2025-02-13,18.0,84.0,0.0
2025-02-13,19.0,81.0,0.0
2025-02-13,19.0,82.0,0.0
2025-02-13,19.0,83.0,0.0
2025-02-13,19.0,84.0,0.0
2025-02-13,19.0,85.0,0.0
2025-02-13,20.0,81.0,0.0
2025-02-13,20.0,82.0,0.0
2025-02-13,20.0,83.0,0.0
2025-02-13,20.0,84.0,0.0
2025-02-13,20.0,85.0,0.0
2025-02-13,21.0,81.0,0.0
2025-02-13,21.0,82.0,0.0
2025-02-13,21.0,83.0,0.0
2025-02-13,21.0,84.0,0.0
2025-02-13,21.0,85.0,0.0
2025-02-13,22.0,81.0,0.0
2025-02-13,22.0,82.0,0.0
2025-02-13,22.0,83.0,0.0
2025-02-13,22.0,84.0,0.0
2025-02-13,22.0,85.0,0.0
2025-02-13,23.0,81.0,0.0
2025-02-13,23.0,82.0,0.0
2025-02-13,23.0,83.0,0.0
2025-02-13,23.0,84.0,0.0
2025-02-13,23.0,85.0,0.0
2025-02-13,24.0,81.0,0.0
2025-02-13,24.0,82.0,0.0
2025-02-13,24.0,83.0,0.0
2025-02-13,24.0,84.0,0.0
2025-02-13,24.0,85.0,0.0
2025-02-14,18.0,81.0,0.0
2025-02-14,18.0,82.0,0.0
2025-02-14,18.0,83.0,0.0
2025-02-14,18.0,84.0,0.0
2025-02-14,19.0,81.0,0.0
2025-02-14,19.0,82.0,0.0
2025-02-14,19.0,83.0,0.0
2025-02-14,19.0,84.0,0.0
2025-02-14,19.0,85.0,0.0
2025-02-14,20.0,81.0,0.0
2025-02-14,20.0,82.0,0.0
2025-02-14,20.0,83.0,0.0
2025-02-14,20.0,84.0,0.0
2025-02-14,20.0,85.0,0.0
2025-02-14,21.0,81.0,0.0
2025-02-14,21.0,82.0,0.0
2025-02-14,21.0,83.0,0.0
2025-02-14,21.0,84.0,0.0
2025-02-14,21.0,85.0,0.0
2025-02-14,22.0,81.0,0.0
2025-02-14,22.0,82.0,0.0
2025-02-14,22.0,83.0,0.0
2025-02-14,22.0,84.0,0.0
2025-02-14,22.0,85.0,0.0
2025-02-14,23.0,81.0,0.0
2025-02-14,23.0,82.0,0.0
2025-02-14,23.0,83.0,0.0
2025-02-14,23.0,84.0,0.0
2025-02-14,23.0,85.0,0.0
2025-02-14,24.0,81.0,0.0
2025-02-14,24.0,82.0,0.0
2025-02-14,24.0,83.0,0.0
2025-02-14,24.0,84.0,0.0
2025-02-14,24.0,85.0,0.0
2025-02-15,18.0,81.0,0.0
2025-02-15,18.0,82.0,0.0
2025-02-15,18.0,83.0,0.0
2025-02-15,18.0,84.0,0.0
2025-02-15,19.0,81.0,0.0
2025-02-15,19.0,82.0,0.0
2025-02-15,19.0,83.0,0.0
2025-02-15,19.0,84.0,0.0
2025-02-15,19.0,85.0,0.0
2025-02-15,20.0,81.0,0.0
2025-02-15,20.0,82.0,0.0
2025-02-15,20.0,83.0,0.0
2025-02-15,20.0,84.0,0.0
2025-02-15,20.0,85.0,0.0
2025-02-15,21.0,81.0,0.0
2025-02-15,21.0,82.0,0.0
2025-02-15,21.0,83.0,0.0
2025-02-15,21.0,84.0,0.0
2025-02-15,21.0,85.0,0.0
2025-02-15,22.0,81.0,0.0
2025-02-15,22.0,82.0,0.0
2025-02-15,22.0,83.0,0.0
2025-02-15,22.0,84.0,0.0
2025-02-15,22.0,85.0,0.0
2025-02-15,23.0,81.0,0.0
2025-02-15,23.0,82.0,0.0
2025-02-15,23.0,83.0,0.0
2025-02-15,23.0,84.0,0.0
2025-02-15,23.0,85.0,0.0
2025-02-15,24.0,81.0,0.0
2025-02-15,24.0,82.0,0.0
2025-02-15,24.0,83.0,0.0
2025-02-15,24.0,84.0,0.0
2025-02-15,24.0,85.0,0.0
2025-02-16,18.0,81.0,0.0
2025-02-16,18.0,82.0,0.0
2025-02-16,18.0,83.0,0.0
2025-02-16,18.0,84.0,0.0
2025-02-16,19.0,81.0,0.0
2025-02-16,19.0,82.0,0.0
2025-02-16,19.0,83.0,0.0
2025-02-16,19.0,84.0,0.0
2025-02-16,19.0,85.0,0.0
2025-02-16,20.0,81.0,0.0
2025-02-16,20.0,82.0,0.0
2025-02-16,20.0,83.0,0.0
2025-02-16,20.0,84.0,0.0
2025-02-16,20.0,85.0,0.0
2025-02-16,21.0,81.0,0.0
2025-02-16,21.0,82.0,0.0
2025-02-16,21.0,83.0,0.0
2025-02-16,21.0,84.0,0.0
2025-02-16,21.0,85.0,0.0
2025-02-16,22.0,81.0,0.0
2025-02-16,22.0,82.0,0.0
2025-02-16,22.0,83.0,0.0
2025-02-16,22.0,84.0,0.0
2025-02-16,22.0,85.0,0.0
2025-02-16,23.0,81.0,0.0
2025-02-16,23.0,82.0,0.0
2025-02-16,23.0,83.0,0.0
2025-02-16,23.0,84.0,0.0
2025-02-16,23.0,85.0,0.0
2025-02-16,24.0,81.0,0.0
2025-02-16,24.0,82.0,0.0
2025-02-16,24.0,83.0,0.0
2025-02-16,24.0,84.0,0.0
2025-02-16,24.0,85.0,0.0
2025-02-17,18.0,81.0,0.0
2025-02-17,18.0,82.0,0.0
2025-02-17,18.0,83.0,0.0
2025-02-17,18.0,84.0,0.0
2025-02-17,19.0,81.0,0.0
2025-02-17,19.0,82.0,0.0
2025-02-17,19.0,83.0,0.0
2025-02-17,19.0,84.0,0.0
2025-02-17,19.0,85.0,0.0
2025-02-17,20.0,81.0,0.0
2025-02-17,20.0,82.0,0.0
2025-02-17,20.0,83.0,0.0
2025-02-17,20.0,84.0,0.0
2025-02-17,20.0,85.0,0.0
2025-02-17,21.0,81.0,0.0
2025-02-17,21.0,82.0,0.0
2025-02-17,21.0,83.0,0.0
2025-02-17,21.0,84.0,0.0
2025-02-17,21.0,85.0,0.0
2025-02-17,22.0,81.0,0.0
2025-02-17,22.0,82.0,0.0
2025-02-17,22.0,83.0,0.0
2025-02-17,22.0,84.0,0.0
2025-02-17,22.0,85.0,0.0
2025-02-17,23.0,81.0,0.0
2025-02-17,23.0,82.0,0.0
2025-02-17,23.0,83.0,0.0
2025-02-17,23.0,84.0,0.0
2025-02-17,23.0,85.0,0.0
2025-02-17,24.0,81.0,0.0
2025-02-17,24.0,82.0,0.0
2025-02-17,24.0,83.0,0.0
2025-02-17,24.0,84.0,0.0
2025-02-17,24.0,85.0,0.0
2025-02-18,18.0,81.0,0.0
2025-02-18,18.0,82.0,0.0
2025-02-18,18.0,83.0,0.0
2025-02-18,18.0,84.0,0.0
2025-02-18,19.0,81.0,0.0
2025-02-18,19.0,82.0,0.0
2025-02-18,19.0,83.0,0.0
2025-02-18,19.0,84.0,0.0
2025-02-18,19.0,85.0,0.0
2025-02-18,20.0,81.0,0.0
2025-02-18,20.0,82.0,0.0
2025-02-18,20.0,83.0,0.0
2025-02-18,20.0,84.0,0.0
2025-02-18,20.0,85.0,0.0
2025-02-18,21.0,81.0,0.0
2025-02-18,21.0,82.0,0.0
2025-02-18,21.0,83.0,0.0
2025-02-18,21.0,84.0,0.0
2025-02-18,21.0,85.0,0.0
2025-02-18,22.0,81.0,0.0
2025-02-18,22.0,82.0,0.0
2025-02-18,22.0,83.0,0.0
2025-02-18,22.0,84.0,0.0
2025-02-18,22.0,85.0,0.0
2025-02-18,23.0,81.0,0.0
2025-02-18,23.0,82.0,0.0
2025-02-18,23.0,83.0,0.0
2025-02-18,23.0,84.0,0.0
2025-02-18,23.0,85.0,0.0
2025-02-18,24.0,81.0,0.0
2025-02-18,24.0,82.0,0.0
2025-02-18,24.0,83.0,0.0
2025-02-18,24.0,84.0,0.0
2025-02-18,24.0,85.0,0.0
2025-02-19,18.0,81.0,0.0
2025-02-19,18.0,82.0,0.0
2025-02-19,18.0,83.0,0.0
2025-02-19,18.0,84.0,0.0
2025-02-19,19.0,81.0,0.0
2025-02-19,19.0,82.0,0.0
2025-02-19,19.0,83.0,0.0
2025-02-19,19.0,84.0,0.0
2025-02-19,19.0,85.0,0.0
2025-02-19,20.0,81.0,0.0
2025-02-19,20.0,82.0,0.0
2025-02-19,20.0,83.0,0.0
2025-02-19,20.0,84.0,0.0
2025-02-19,20.0,85.0,0.0
2025-02-19,21.0,81.0,0.0
2025-02-19,21.0,82.0,0.0
2025-02-19,21.0,83.0,0.0
2025-02-19,21.0,84.0,0.0
2025-02-19,21.0,85.0,0.0
2025-02-19,22.0,81.0,0.0
2025-02-19,22.0,82.0,0.0
2025-02-19,22.0,83.0,0.0
2025-02-19,22.0,84.0,0.0
2025-02-19,22.0,85.0,0.0
2025-02-19,23.0,81.0,0.0
2025-02-19,23.0,82.0,0.0
2025-02-19,23.0,83.0,0.0
2025-02-19,23.0,84.0,0.0
2025-02-19,23.0,85.0,0.0
2025-02-19,24.0,81.0,0.0
2025-02-19,24.0,82.0,0.0
2025-02-19,24.0,83.0,0.0
2025-02-19,24.0,84.0,0.0
2025-02-19,24.0,85.0,0.0
2025-02-20,18.0,81.0,0.0
2025-02-20,18.0,82.0,0.0
2025-02-20,18.0,83.0,0.0
2025-02-20,18.0,84.0,0.0
2025-02-20,19.0,81.0,0.0
2025-02-20,19.0,82.0,0.0
2025-02-20,19.0,83.0,0.02888888888888889
2025-02-20,19.0,84.0,0.0
2025-02-20,19.0,85.0,0.0
2025-02-20,20.0,81.0,0.0
2025-02-20,20.0,82.0,0.0
2025-02-20,20.0,83.0,0.0
2025-02-20,20.0,84.0,0.28919999999999996
2025-02-20,20.0,85.0,0.022
2025-02-20,21.0,81.0,0.0
2025-02-20,21.0,82.0,0.0
2025-02-20,21.0,83.0,0.0
2025-02-20,21.0,84.0,0.2826666666666667
2025-02-20,21.0,85.0,11.903333333333334
2025-02-20,22.0,81.0,0.0
2025-02-20,22.0,82.0,0.0
2025-02-20,22.0,83.0,0.0
2025-02-20,22.0,84.0,0.17
2025-02-20,22.0,85.0,0.22200000000000003
2025-02-20,23.0,81.0,0.0
2025-02-20,23.0,82.0,0.0
2025-02-20,23.0,83.0,0.015555555555555557
2025-02-20,23.0,84.0,0.298
2025-02-20,23.0,85.0,6.283333333333334
2025-02-20,24.0,81.0,0.0
2025-02-20,24.0,82.0,0.0
2025-02-20,24.0,83.0,0.0
2025-02-20,24.0,84.0,0.0
2025-02-20,24.0,85.0,0.16999999999999998
2025-02-21,18.0,81.0,0.0
2025-02-21,18.0,82.0,0.0
2025-02-21,18.0,83.0,0.0
2025-02-21,18.0,84.0,0.0
2025-02-21,19.0,81.0,0.0
2025-02-21,19.0,82.0,0.030000000000000002
2025-02-21,19.0,83.0,0.2822222222222222
2025-02-21,19.0,84.0,0.0
2025-02-21,19.0,85.0,0.0
2025-02-21,20.0,81.0,0.0
2025-02-21,20.0,82.0,0.0
2025-02-21,20.0,83.0,0.38333333333333336
2025-02-21,20.0,84.0,3.4156
2025-02-21,20.0,85.0,0.032
2025-02-21,21.0,81.0,0.0
2025-02-21,21.0,82.0,0.0
2025-02-21,21.0,83.0,0.0
2025-02-21,21.0,84.0,0.0
2025-02-21,21.0,85.0,0.0
2025-02-21,22.0,81.0,0.0
2025-02-21,22.0,82.0,0.0
2025-02-21,22.0,83.0,0.0
2025-02-21,22.0,84.0,0.1148
2025-02-21,22.0,85.0,0.24800000000000005
2025-02-21,23.0,81.0,0.0
2025-02-21,23.0,82.0,0.0
2025-02-21,23.0,83.0,0.16333333333333333
2025-02-21,23.0,84.0,4.028666666666667
2025-02-21,23.0,85.0,1.28
2025-02-21,24.0,81.0,0.0
2025-02-21,24.0,82.0,0.0
2025-02-21,24.0,83.0,0.0
2025-02-21,24.0,84.0,0.7552
2025-02-21,24.0,85.0,1.188
2025-02-22,18.0,81.0,0.0
2025-02-22,18.0,82.0,0.0
2025-02-22,18.0,83.0,0.09666666666666666
2025-02-22,18.0,84.0,0.09666666666666666
2025-02-22,19.0,81.0,0.6533333333333333
2025-02-22,19.0,82.0,0.0
2025-02-22,19.0,83.0,0.024444444444444446
2025-02-22,19.0,84.0,0.0
2025-02-22,19.0,85.0,0.0
2025-02-22,20.0,81.0,0.11066666666666668
2025-02-22,20.0,82.0,0.0
2025-02-22,20.0,83.0,0.0
2025-02-22,20.0,84.0,0.9892
2025-02-22,20.0,85.0,0.0
2025-02-22,21.0,81.0,0.0
2025-02-22,21.0,82.0,0.0
2025-02-22,21.0,83.0,0.0
2025-02-22,21.0,84.0,0.0
2025-02-22,21.0,85.0,0.0
2025-02-22,22.0,81.0,0.0
2025-02-22,22.0,82.0,0.0
2025-02-22,22.0,83.0,0.0
2025-02-22,22.0,84.0,0.0
2025-02-22,22.0,85.0,0.0
2025-02-22,23.0,81.0,0.0
2025-02-22,23.0,82.0,0.0
2025-02-22,23.0,83.0,0.0
2025-02-22,23.0,84.0,0.0
2025-02-22,23.0,85.0,0.0
2025-02-22,24.0,81.0,0.0
2025-02-22,24.0,82.0,0.0
2025-02-22,24.0,83.0,0.0
2025-02-22,24.0,84.0,0.0
2025-02-22,24.0,85.0,0.0
2025-02-23,18.0,81.0,0.0
2025-02-23,18.0,82.0,0.0
2025-02-23,18.0,83.0,0.0
2025-02-23,18.0,84.0,0.0
2025-02-23,19.0,81.0,0.0
2025-02-23,19.0,82.0,0.16133333333333333
2025-02-23,19.0,83.0,1.531111111111111
2025-02-23,19.0,84.0,0.45785714285714285
2025-02-23,19.0,85.0,0.0
2025-02-23,20.0,81.0,0.0
2025-02-23,20.0,82.0,0.0
2025-02-23,20.0,83.0,0.63
2025-02-23,20.0,84.0,0.13720000000000002
2025-02-23,20.0,85.0,0.0
2025-02-23,21.0,81.0,0.0
2025-02-23,21.0,82.0,0.0
2025-02-23,21.0,83.0,0.0
2025-02-23,21.0,84.0,0.0
2025-02-23,21.0,85.0,0.0
2025-02-23,22.0,81.0,0.0
2025-02-23,22.0,82.0,0.0
2025-02-23,22.0,83.0,0.0
2025-02-23,22.0,84.0,0.04279999999999999
2025-02-23,22.0,85.0,0.0
2025-02-23,23.0,81.0,0.0
2025-02-23,23.0,82.0,0.0
2025-02-23,23.0,83.0,0.0
2025-02-23,23.0,84.0,0.038000000000000006
2025-02-23,23.0,85.0,0.0
2025-02-23,24.0,81.0,0.0
2025-02-23,24.0,82.0,0.0
2025-02-23,24.0,83.0,0.0
2025-02-23,24.0,84.0,0.0
2025-02-23,24.0,85.0,0.0
2025-02-24,18.0,81.0,0.0
2025-02-24,18.0,82.0,0.0
2025-02-24,18.0,83.0,0.0
2025-02-24,18.0,84.0,0.0
2025-02-24,19.0,81.0,0.0
2025-02-24,19.0,82.0,0.0
2025-02-24,19.0,83.0,0.0
2025-02-24,19.0,84.0,0.0
2025-02-24,19.0,85.0,0.0
2025-02-24,20.0,81.0,0.0
2025-02-24,20.0,82.0,0.0
2025-02-24,20.0,83.0,0.0
2025-02-24,20.0,84.0,0.0
2025-02-24,20.0,85.0,0.0
2025-02-24,21.0,81.0,0.0
2025-02-24,21.0,82.0,0.0
2025-02-24,21.0,83.0,0.0
2025-02-24,21.0,84.0,0.0
2025-02-24,21.0,85.0,0.0
2025-02-24,22.0,81.0,0.0
2025-02-24,22.0,82.0,0.0
2025-02-24,22.0,83.0,0.0
2025-02-24,22.0,84.0,0.0
2025-02-24,22.0,85.0,0.0
2025-02-24,23.0,81.0,0.0
2025-02-24,23.0,82.0,0.0
2025-02-24,23.0,83.0,0.0
2025-02-24,23.0,84.0,0.0
2025-02-24,23.0,85.0,0.0
2025-02-24,24.0,81.0,0.0
2025-02-24,24.0,82.0,0.0
2025-02-24,24.0,83.0,0.0
2025-02-24,24.0,84.0,0.0
2025-02-24,24.0,85.0,0.0
2025-02-25,18.0,81.0,0.0
2025-02-25,18.0,82.0,0.0
2025-02-25,18.0,83.0,0.0
2025-02-25,18.0,84.0,0.0
2025-02-25,19.0,81.0,0.0
2025-02-25,19.0,82.0,0.0
2025-02-25,19.0,83.0,0.0
2025-02-25,19.0,84.0,0.0
2025-02-25,19.0,85.0,0.0
2025-02-25,20.0,81.0,0.0
2025-02-25,20.0,82.0,0.0
2025-02-25,20.0,83.0,0.0
2025-02-25,20.0,84.0,0.0
2025-02-25,20.0,85.0,0.0
2025-02-25,21.0,81.0,0.0
2025-02-25,21.0,82.0,0.0
2025-02-25,21.0,83.0,0.0
2025-02-25,21.0,84.0,0.0
2025-02-25,21.0,85.0,0.0
2025-02-25,22.0,81.0,0.0
2025-02-25,22.0,82.0,0.0
2025-02-25,22.0,83.0,0.0
2025-02-25,22.0,84.0,0.0
2025-02-25,22.0,85.0,0.0
2025-02-25,23.0,81.0,0.0
2025-02-25,23.0,82.0,0.0
2025-02-25,23.0,83.0,0.0
2025-02-25,23.0,84.0,0.0
2025-02-25,23.0,85.0,0.0
2025-02-25,24.0,81.0,0.0
2025-02-25,24.0,82.0,0.0
2025-02-25,24.0,83.0,0.0
2025-02-25,24.0,84.0,0.0
2025-02-25,24.0,85.0,0.0
2025-02-26,18.0,81.0,0.0
2025-02-26,18.0,82.0,0.0
2025-02-26,18.0,83.0,0.0
2025-02-26,18.0,84.0,0.0
2025-02-26,19.0,81.0,0.0
2025-02-26,19.0,82.0,0.0
2025-02-26,19.0,83.0,0.0
2025-02-26,19.0,84.0,0.0
2025-02-26,19.0,85.0,0.0
2025-02-26,20.0,81.0,0.0
2025-02-26,20.0,82.0,0.0
2025-02-26,20.0,83.0,0.0
2025-02-26,20.0,84.0,0.0
2025-02-26,20.0,85.0,0.0
2025-02-26,21.0,81.0,0.0
2025-02-26,21.0,82.0,0.0
2025-02-26,21.0,83.0,0.0
2025-02-26,21.0,84.0,0.0
2025-02-26,21.0,85.0,0.0
2025-02-26,22.0,81.0,0.0
2025-02-26,22.0,82.0,0.0
2025-02-26,22.0,83.0,0.0
2025-02-26,22.0,84.0,0.0
2025-02-26,22.0,85.0,0.0
2025-02-26,23.0,81.0,0.0
2025-02-26,23.0,82.0,0.0
2025-02-26,23.0,83.0,0.0
2025-02-26,23.0,84.0,0.0
2025-02-26,23.0,85.0,0.0
2025-02-26,24.0,81.0,0.0
2025-02-26,24.0,82.0,0.0
2025-02-26,24.0,83.0,0.0
2025-02-26,24.0,84.0,0.0
2025-02-26,24.0,85.0,0.0
2025-02-27,18.0,81.0,0.0
2025-02-27,18.0,82.0,0.0
2025-02-27,18.0,83.0,0.0
2025-02-27,18.0,84.0,0.0
2025-02-27,19.0,81.0,0.0
2025-02-27,19.0,82.0,0.0
2025-02-27,19.0,83.0,0.0
2025-02-27,19.0,84.0,0.0
2025-02-27,19.0,85.0,0.0
2025-02-27,20.0,81.0,0.0
2025-02-27,20.0,82.0,0.0
2025-02-27,20.0,83.0,0.0
2025-02-27,20.0,84.0,0.0
2025-02-27,20.0,85.0,0.0
2025-02-27,21.0,81.0,0.0
2025-02-27,21.0,82.0,0.0
2025-02-27,21.0,83.0,0.0
2025-02-27,21.0,84.0,0.0
2025-02-27,21.0,85.0,0.0
2025-02-27,22.0,81.0,0.0
2025-02-27,22.0,82.0,0.0
2025-02-27,22.0,83.0,0.0
2025-02-27,22.0,84.0,0.0
2025-02-27,22.0,85.0,0.0
2025-02-27,23.0,81.0,0.0
2025-02-27,23.0,82.0,0.0
2025-02-27,23.0,83.0,0.0
2025-02-27,23.0,84.0,0.0
2025-02-27,23.0,85.0,0.0
2025-02-27,24.0,81.0,0.0
2025-02-27,24.0,82.0,0.0
2025-02-27,24.0,83.0,0.0
2025-02-27,24.0,84.0,0.0
2025-02-27,24.0,85.0,0.0
2025-02-28,18.0,81.0,0.0
2025-02-28,18.0,82.0,0.0
2025-02-28,18.0,83.0,0.0
2025-02-28,18.0,84.0,0.0
2025-02-28,19.0,81.0,0.0
2025-02-28,19.0,82.0,0.0
2025-02-28,19.0,83.0,0.0
2025-02-28,19.0,84.0,0.0
2025-02-28,19.0,85.0,0.0
2025-02-28,20.0,81.0,0.0
2025-02-28,20.0,82.0,0.0
2025-02-28,20.0,83.0,0.0
2025-02-28,20.0,84.0,0.0
2025-02-28,20.0,85.0,0.0
2025-02-28,21.0,81.0,0.0
2025-02-28,21.0,82.0,0.0
2025-02-28,21.0,83.0,0.0
2025-02-28,21.0,84.0,0.0
2025-02-28,21.0,85.0,0.0
2025-02-28,22.0,81.0,0.0
2025-02-28,22.0,82.0,0.0
2025-02-28,22.0,83.0,0.0
2025-02-28,22.0,84.0,0.0
2025-02-28,22.0,85.0,0.0
2025-02-28,23.0,81.0,0.0
2025-02-28,23.0,82.0,0.0
2025-02-28,23.0,83.0,0.0
2025-02-28,23.0,84.0,0.0
2025-02-28,23.0,85.0,0.0
2025-02-28,24.0,81.0,0.0
2025-02-28,24.0,82.0,0.0
2025-02-28,24.0,83.0,0.0
2025-02-28,24.0,84.0,0.0
2025-02-28,24.0,85.0,0.0
2025-03-01,18.0,81.0,0.0
2025-03-01,18.0,82.0,0.0
2025-03-01,18.0,83.0,0.0
2025-03-01,18.0,84.0,0.0
2025-03-01,19.0,81.0,0.0
2025-03-01,19.0,82.0,0.0
2025-03-01,19.0,83.0,0.0
2025-03-01,19.0,84.0,0.0
2025-03-01,19.0,85.0,0.0
2025-03-01,20.0,81.0,0.0
2025-03-01,20.0,82.0,0.0
2025-03-01,20.0,83.0,0.0
2025-03-01,20.0,84.0,0.0
2025-03-01,20.0,85.0,0.0
2025-03-01,21.0,81.0,0.0
2025-03-01,21.0,82.0,0.0
2025-03-01,21.0,83.0,0.0
2025-03-01,21.0,84.0,0.0
2025-03-01,21.0,85.0,0.0
2025-03-01,22.0,81.0,0.0
2025-03-01,22.0,82.0,0.0
2025-03-01,22.0,83.0,0.0
2025-03-01,22.0,84.0,0.0
2025-03-01,22.0,85.0,0.0
2025-03-01,23.0,81.0,0.0
2025-03-01,23.0,82.0,0.0
2025-03-01,23.0,83.0,0.0
2025-03-01,23.0,84.0,0.0
2025-03-01,23.0,85.0,0.0
2025-03-01,24.0,81.0,0.0
2025-03-01,24.0,82.0,0.0
2025-03-01,24.0,83.0,0.0
2025-03-01,24.0,84.0,0.0
2025-03-01,24.0,85.0,0.0
2025-03-02,18.0,81.0,0.0
2025-03-02,18.0,82.0,0.0
2025-03-02,18.0,83.0,0.0
2025-03-02,18.0,84.0,0.0
2025-03-02,19.0,81.0,0.0
2025-03-02,19.0,82.0,0.0
2025-03-02,19.0,83.0,0.0
2025-03-02,19.0,84.0,0.0
2025-03-02,19.0,85.0,0.0
2025-03-02,20.0,81.0,0.0
2025-03-02,20.0,82.0,0.0
2025-03-02,20.0,83.0,0.0
2025-03-02,20.0,84.0,0.0
2025-03-02,20.0,85.0,0.0
2025-03-02,21.0,81.0,0.0
2025-03-02,21.0,82.0,0.0
2025-03-02,21.0,83.0,0.0
2025-03-02,21.0,84.0,0.0
2025-03-02,21.0,85.0,0.0
2025-03-02,22.0,81.0,0.0
2025-03-02,22.0,82.0,0.0
2025-03-02,22.0,83.0,0.0
2025-03-02,22.0,84.0,0.0
2025-03-02,22.0,85.0,0.0
2025-03-02,23.0,81.0,0.0
2025-03-02,23.0,82.0,0.0
2025-03-02,23.0,83.0,0.0
2025-03-02,23.0,84.0,0.0
2025-03-02,23.0,85.0,0.0
2025-03-02,24.0,81.0,0.0
2025-03-02,24.0,82.0,0.0
2025-03-02,24.0,83.0,0.0
2025-03-02,24.0,84.0,0.0
2025-03-02,24.0,85.0,0.0
2025-03-03,18.0,81.0,0.0
2025-03-03,18.0,82.0,0.0
2025-03-03,18.0,83.0,0.0
2025-03-03,18.0,84.0,0.0
2025-03-03,19.0,81.0,0.0
2025-03-03,19.0,82.0,0.0
2025-03-03,19.0,83.0,0.0
2025-03-03,19.0,84.0,0.0
2025-03-03,19.0,85.0,0.0
2025-03-03,20.0,81.0,0.0
2025-03-03,20.0,82.0,0.0
2025-03-03,20.0,83.0,0.0
2025-03-03,20.0,84.0,0.0
2025-03-03,20.0,85.0,0.0
2025-03-03,21.0,81.0,0.0
2025-03-03,21.0,82.0,0.0
2025-03-03,21.0,83.0,0.0
2025-03-03,21.0,84.0,0.0
2025-03-03,21.0,85.0,0.0
2025-03-03,22.0,81.0,0.0
2025-03-03,22.0,82.0,0.0
2025-03-03,22.0,83.0,0.0
2025-03-03,22.0,84.0,0.0
2025-03-03,22.0,85.0,0.0
2025-03-03,23.0,81.0,0.0
2025-03-03,23.0,82.0,0.0
2025-03-03,23.0,83.0,0.0
2025-03-03,23.0,84.0,0.0
2025-03-03,23.0,85.0,0.0
2025-03-03,24.0,81.0,0.0
2025-03-03,24.0,82.0,0.0
2025-03-03,24.0,83.0,0.0
2025-03-03,24.0,84.0,0.0
2025-03-03,24.0,85.0,0.0
2025-03-04,18.0,81.0,0.0
2025-03-04,18.0,82.0,0.0
2025-03-04,18.0,83.0,0.0
2025-03-04,18.0,84.0,0.0
2025-03-04,19.0,81.0,0.0
2025-03-04,19.0,82.0,0.0
2025-03-04,19.0,83.0,0.0
2025-03-04,19.0,84.0,0.0
2025-03-04,19.0,85.0,0.0
2025-03-04,20.0,81.0,0.0
2025-03-04,20.0,82.0,0.0
2025-03-04,20.0,83.0,0.0
2025-03-04,20.0,84.0,0.0
2025-03-04,20.0,85.0,0.0
2025-03-04,21.0,81.0,0.0
2025-03-04,21.0,82.0,0.0
2025-03-04,21.0,83.0,0.0
2025-03-04,21.0,84.0,0.0
2025-03-04,21.0,85.0,0.0
2025-03-04,22.0,81.0,0.0
2025-03-04,22.0,82.0,0.0
2025-03-04,22.0,83.0,0.0
2025-03-04,22.0,84.0,0.0
2025-03-04,22.0,85.0,0.0
2025-03-04,23.0,81.0,0.0
2025-03-04,23.0,82.0,0.0
2025-03-04,23.0,83.0,0.0
2025-03-04,23.0,84.0,0.0
2025-03-04,23.0,85.0,0.0
2025-03-04,24.0,81.0,0.0
2025-03-04,24.0,82.0,0.0
2025-03-04,24.0,83.0,0.0
2025-03-04,24.0,84.0,0.0
2025-03-04,24.0,85.0,0.0
2025-03-05,18.0,81.0,0.0
2025-03-05,18.0,82.0,0.0
2025-03-05,18.0,83.0,0.0
2025-03-05,18.0,84.0,0.0
2025-03-05,19.0,81.0,0.0
2025-03-05,19.0,82.0,0.0
2025-03-05,19.0,83.0,0.0
2025-03-05,19.0,84.0,0.0
2025-03-05,19.0,85.0,0.0
2025-03-05,20.0,81.0,0.0
2025-03-05,20.0,82.0,0.0
2025-03-05,20.0,83.0,0.0
2025-03-05,20.0,84.0,0.0
2025-03-05,20.0,85.0,0.0
2025-03-05,21.0,81.0,0.0
2025-03-05,21.0,82.0,0.0
2025-03-05,21.0,83.0,0.0
2025-03-05,21.0,84.0,0.0
2025-03-05,21.0,85.0,0.0
2025-03-05,22.0,81.0,0.0
2025-03-05,22.0,82.0,0.0
2025-03-05,22.0,83.0,0.0
2025-03-05,22.0,84.0,0.0
2025-03-05,22.0,85.0,0.0
2025-03-05,23.0,81.0,0.0
2025-03-05,23.0,82.0,0.0
2025-03-05,23.0,83.0,0.0
2025-03-05,23.0,84.0,0.0
2025-03-05,23.0,85.0,0.0
2025-03-05,24.0,81.0,0.0
2025-03-05,24.0,82.0,0.0
2025-03-05,24.0,83.0,0.0
2025-03-05,24.0,84.0,0.0
2025-03-05,24.0,85.0,0.0
2025-03-06,18.0,81.0,0.0
2025-03-06,18.0,82.0,0.0
2025-03-06,18.0,83.0,0.0
2025-03-06,18.0,84.0,0.0
2025-03-06,19.0,81.0,0.0
2025-03-06,19.0,82.0,0.0
2025-03-06,19.0,83.0,0.0
2025-03-06,19.0,84.0,0.0
2025-03-06,19.0,85.0,0.0
2025-03-06,20.0,81.0,0.0
2025-03-06,20.0,82.0,0.0
2025-03-06,20.0,83.0,0.0
2025-03-06,20.0,84.0,0.0
2025-03-06,20.0,85.0,0.0
2025-03-06,21.0,81.0,0.0
2025-03-06,21.0,82.0,0.0
2025-03-06,21.0,83.0,0.0
2025-03-06,21.0,84.0,0.0
2025-03-06,21.0,85.0,0.0
2025-03-06,22.0,81.0,0.0
2025-03-06,22.0,82.0,0.0
2025-03-06,22.0,83.0,0.0
2025-03-06,22.0,84.0,0.0
2025-03-06,22.0,85.0,0.0
2025-03-06,23.0,81.0,0.0
2025-03-06,23.0,82.0,0.0
2025-03-06,23.0,83.0,0.0
2025-03-06,23.0,84.0,0.0
2025-03-06,23.0,85.0,0.0
2025-03-06,24.0,81.0,0.0
2025-03-06,24.0,82.0,0.0
2025-03-06,24.0,83.0,0.0
2025-03-06,24.0,84.0,0.0
2025-03-06,24.0,85.0,0.0
2025-03-07,18.0,81.0,0.0
2025-03-07,18.0,82.0,0.0
2025-03-07,18.0,83.0,0.0
2025-03-07,18.0,84.0,0.0
2025-03-07,19.0,81.0,0.0
2025-03-07,19.0,82.0,0.0
2025-03-07,19.0,83.0,0.0
2025-03-07,19.0,84.0,0.0
2025-03-07,19.0,85.0,0.0
2025-03-07,20.0,81.0,0.0
2025-03-07,20.0,82.0,0.0
2025-03-07,20.0,83.0,0.0
2025-03-07,20.0,84.0,0.0
2025-03-07,20.0,85.0,0.0
2025-03-07,21.0,81.0,0.0
2025-03-07,21.0,82.0,0.0
2025-03-07,21.0,83.0,0.0
2025-03-07,21.0,84.0,0.0
2025-03-07,21.0,85.0,0.0
2025-03-07,22.0,81.0,0.0
2025-03-07,22.0,82.0,0.0
2025-03-07,22.0,83.0,0.0
2025-03-07,22.0,84.0,0.0
2025-03-07,22.0,85.0,0.0
2025-03-07,23.0,81.0,0.0
2025-03-07,23.0,82.0,0.0
2025-03-07,23.0,83.0,0.0
2025-03-07,23.0,84.0,0.0
2025-03-07,23.0,85.0,0.0
2025-03-07,24.0,81.0,0.0
2025-03-07,24.0,82.0,0.0
2025-03-07,24.0,83.0,0.0
2025-03-07,24.0,84.0,0.0
2025-03-07,24.0,85.0,0.0
2025-03-08,18.0,81.0,0.0
2025-03-08,18.0,82.0,0.0
2025-03-08,18.0,83.0,0.0
2025-03-08,18.0,84.0,0.0
2025-03-08,19.0,81.0,0.0
2025-03-08,19.0,82.0,0.0
2025-03-08,19.0,83.0,0.0
2025-03-08,19.0,84.0,0.0
2025-03-08,19.0,85.0,0.0
2025-03-08,20.0,81.0,0.0
2025-03-08,20.0,82.0,0.0
2025-03-08,20.0,83.0,0.0
2025-03-08,20.0,84.0,0.0
2025-03-08,20.0,85.0,0.0
2025-03-08,21.0,81.0,0.0
2025-03-08,21.0,82.0,0.0
2025-03-08,21.0,83.0,0.0
2025-03-08,21.0,84.0,0.0
2025-03-08,21.0,85.0,0.0
2025-03-08,22.0,81.0,0.0
2025-03-08,22.0,82.0,0.0
2025-03-08,22.0,83.0,0.0
2025-03-08,22.0,84.0,0.0
2025-03-08,22.0,85.0,0.0
2025-03-08,23.0,81.0,0.0
2025-03-08,23.0,82.0,0.0
2025-03-08,23.0,83.0,0.0
2025-03-08,23.0,84.0,0.0
2025-03-08,23.0,85.0,0.0
2025-03-08,24.0,81.0,0.0
2025-03-08,24.0,82.0,0.0
2025-03-08,24.0,83.0,0.0
2025-03-08,24.0,84.0,0.0
2025-03-08,24.0,85.0,0.0
2025-03-09,18.0,81.0,0.0
2025-03-09,18.0,82.0,0.0
2025-03-09,18.0,83.0,0.0
2025-03-09,18.0,84.0,0.0
2025-03-09,19.0,81.0,0.0
2025-03-09,19.0,82.0,0.0
2025-03-09,19.0,83.0,0.0
2025-03-09,19.0,84.0,0.0
2025-03-09,19.0,85.0,0.0
2025-03-09,20.0,81.0,0.0
2025-03-09,20.0,82.0,0.0
2025-03-09,20.0,83.0,0.0
2025-03-09,20.0,84.0,0.0
2025-03-09,20.0,85.0,0.0
2025-03-09,21.0,81.0,0.0
2025-03-09,21.0,82.0,0.0
2025-03-09,21.0,83.0,0.0
2025-03-09,21.0,84.0,0.0
2025-03-09,21.0,85.0,0.0
2025-03-09,22.0,81.0,0.0
2025-03-09,22.0,82.0,0.0
2025-03-09,22.0,83.0,0.0
2025-03-09,22.0,84.0,0.0
2025-03-09,22.0,85.0,0.0
2025-03-09,23.0,81.0,0.0
2025-03-09,23.0,82.0,0.0
2025-03-09,23.0,83.0,0.0
2025-03-09,23.0,84.0,0.0
2025-03-09,23.0,85.0,0.0
2025-03-09,24.0,81.0,0.0
2025-03-09,24.0,82.0,0.0
2025-03-09,24.0,83.0,0.0
2025-03-09,24.0,84.0,0.0
2025-03-09,24.0,85.0,0.0
2025-03-10,18.0,81.0,0.0
2025-03-10,18.0,82.0,0.0
2025-03-10,18.0,83.0,0.0
2025-03-10,18.0,84.0,0.0
2025-03-10,19.0,81.0,0.0
2025-03-10,19.0,82.0,0.0
2025-03-10,19.0,83.0,0.0
2025-03-10,19.0,84.0,0.0
2025-03-10,19.0,85.0,0.0
2025-03-10,20.0,81.0,0.0
2025-03-10,20.0,82.0,0.0
2025-03-10,20.0,83.0,0.0
2025-03-10,20.0,84.0,0.0
2025-03-10,20.0,85.0,0.0
2025-03-10,21.0,81.0,0.0
2025-03-10,21.0,82.0,0.0
2025-03-10,21.0,83.0,0.0
2025-03-10,21.0,84.0,0.0
2025-03-10,21.0,85.0,0.0
2025-03-10,22.0,81.0,0.0
2025-03-10,22.0,82.0,0.0
2025-03-10,22.0,83.0,0.0
2025-03-10,22.0,84.0,0.0
2025-03-10,22.0,85.0,0.0
2025-03-10,23.0,81.0,0.0
2025-03-10,23.0,82.0,0.0
2025-03-10,23.0,83.0,0.0
2025-03-10,23.0,84.0,0.0
2025-03-10,23.0,85.0,0.0
2025-03-10,24.0,81.0,0.0
2025-03-10,24.0,82.0,0.0
2025-03-10,24.0,83.0,0.0
2025-03-10,24.0,84.0,0.0
2025-03-10,24.0,85.0,0.0
2025-03-11,18.0,81.0,0.0
2025-03-11,18.0,82.0,0.0
2025-03-11,18.0,83.0,0.0
2025-03-11,18.0,84.0,0.0
2025-03-11,19.0,81.0,0.0
2025-03-11,19.0,82.0,0.0
2025-03-11,19.0,83.0,0.0
2025-03-11,19.0,84.0,0.0
2025-03-11,19.0,85.0,0.0
2025-03-11,20.0,81.0,0.0
2025-03-11,20.0,82.0,0.0
2025-03-11,20.0,83.0,0.0
2025-03-11,20.0,84.0,0.0
2025-03-11,20.0,85.0,0.0
2025-03-11,21.0,81.0,0.0
2025-03-11,21.0,82.0,0.0
2025-03-11,21.0,83.0,0.0
2025-03-11,21.0,84.0,0.0
2025-03-11,21.0,85.0,0.0
2025-03-11,22.0,81.0,0.0
2025-03-11,22.0,82.0,0.0
2025-03-11,22.0,83.0,0.0
2025-03-11,22.0,84.0,0.0
2025-03-11,22.0,85.0,0.0
2025-03-11,23.0,81.0,0.0
2025-03-11,23.0,82.0,0.0
2025-03-11,23.0,83.0,0.0
2025-03-11,23.0,84.0,0.0
2025-03-11,23.0,85.0,0.0
2025-03-11,24.0,81.0,0.0
2025-03-11,24.0,82.0,0.0
2025-03-11,24.0,83.0,0.0
2025-03-11,24.0,84.0,0.0
2025-03-11,24.0,85.0,0.0
2025-03-12,18.0,81.0,0.0
2025-03-12,18.0,82.0,0.0
2025-03-12,18.0,83.0,0.0
2025-03-12,18.0,84.0,0.0
2025-03-12,19.0,81.0,0.0
2025-03-12,19.0,82.0,0.0
2025-03-12,19.0,83.0,0.0
2025-03-12,19.0,84.0,0.0
2025-03-12,19.0,85.0,0.0
2025-03-12,20.0,81.0,0.0
2025-03-12,20.0,82.0,0.0
2025-03-12,20.0,83.0,0.0
2025-03-12,20.0,84.0,0.0
2025-03-12,20.0,85.0,0.0
2025-03-12,21.0,81.0,0.0
2025-03-12,21.0,82.0,0.0
2025-03-12,21.0,83.0,0.0
2025-03-12,21.0,84.0,0.0
2025-03-12,21.0,85.0,0.0
2025-03-12,22.0,81.0,0.0
2025-03-12,22.0,82.0,0.0
2025-03-12,22.0,83.0,0.0
2025-03-12,22.0,84.0,0.0
2025-03-12,22.0,85.0,0.0
2025-03-12,23.0,81.0,0.0
2025-03-12,23.0,82.0,0.0
2025-03-12,23.0,83.0,0.0
2025-03-12,23.0,84.0,0.0
2025-03-12,23.0,85.0,0.0
2025-03-12,24.0,81.0,0.0
2025-03-12,24.0,82.0,0.0
2025-03-12,24.0,83.0,0.0
2025-03-12,24.0,84.0,0.0
2025-03-12,24.0,85.0,0.0
2025-03-13,18.0,81.0,0.0
2025-03-13,18.0,82.0,0.0
2025-03-13,18.0,83.0,0.0
2025-03-13,18.0,84.0,0.0
2025-03-13,19.0,81.0,0.0
2025-03-13,19.0,82.0,0.0
2025-03-13,19.0,83.0,0.0
2025-03-13,19.0,84.0,0.0
2025-03-13,19.0,85.0,0.0
2025-03-13,20.0,81.0,0.0
2025-03-13,20.0,82.0,0.0
2025-03-13,20.0,83.0,0.0
2025-03-13,20.0,84.0,0.0
2025-03-13,20.0,85.0,0.0
2025-03-13,21.0,81.0,0.0
2025-03-13,21.0,82.0,0.0
2025-03-13,21.0,83.0,0.0
2025-03-13,21.0,84.0,0.0
2025-03-13,21.0,85.0,0.0
2025-03-13,22.0,81.0,0.0
2025-03-13,22.0,82.0,0.0
2025-03-13,22.0,83.0,0.0
2025-03-13,22.0,84.0,0.0
2025-03-13,22.0,85.0,0.0
2025-03-13,23.0,81.0,0.0
2025-03-13,23.0,82.0,0.0
2025-03-13,23.0,83.0,0.0
2025-03-13,23.0,84.0,0.0
2025-03-13,23.0,85.0,0.0
2025-03-13,24.0,81.0,0.0
2025-03-13,24.0,82.0,0.0
2025-03-13,24.0,83.0,0.0
2025-03-13,24.0,84.0,0.0
2025-03-13,24.0,85.0,0.0
2025-03-14,18.0,81.0,0.0
2025-03-14,18.0,82.0,0.0
2025-03-14,18.0,83.0,0.0
2025-03-14,18.0,84.0,0.0
2025-03-14,19.0,81.0,0.0
2025-03-14,19.0,82.0,0.0
2025-03-14,19.0,83.0,0.0
2025-03-14,19.0,84.0,0.0
2025-03-14,19.0,85.0,0.0
2025-03-14,20.0,81.0,0.0
2025-03-14,20.0,82.0,0.0
2025-03-14,20.0,83.0,0.0
2025-03-14,20.0,84.0,0.0
2025-03-14,20.0,85.0,0.0
2025-03-14,21.0,81.0,0.0
2025-03-14,21.0,82.0,0.0
2025-03-14,21.0,83.0,0.0
2025-03-14,21.0,84.0,0.0
2025-03-14,21.0,85.0,0.0
2025-03-14,22.0,81.0,0.0
2025-03-14,22.0,82.0,0.0
2025-03-14,22.0,83.0,0.0
2025-03-14,22.0,84.0,0.0
2025-03-14,22.0,85.0,0.0
2025-03-14,23.0,81.0,0.0
2025-03-14,23.0,82.0,0.0
2025-03-14,23.0,83.0,0.0
2025-03-14,23.0,84.0,0.0
2025-03-14,23.0,85.0,0.0
2025-03-14,24.0,81.0,0.0
2025-03-14,24.0,82.0,0.0
2025-03-14,24.0,83.0,0.0
2025-03-14,24.0,84.0,0.0
2025-03-14,24.0,85.0,0.0
2025-03-15,18.0,81.0,0.0
2025-03-15,18.0,82.0,0.0
2025-03-15,18.0,83.0,0.0
2025-03-15,18.0,84.0,0.0
2025-03-15,19.0,81.0,0.0
2025-03-15,19.0,82.0,0.0
2025-03-15,19.0,83.0,0.0
2025-03-15,19.0,84.0,0.0
2025-03-15,19.0,85.0,0.0
2025-03-15,20.0,81.0,0.0
2025-03-15,20.0,82.0,0.0
2025-03-15,20.0,83.0,0.0
2025-03-15,20.0,84.0,0.0
2025-03-15,20.0,85.0,0.0
2025-03-15,21.0,81.0,0.0
2025-03-15,21.0,82.0,0.0
2025-03-15,21.0,83.0,0.0
2025-03-15,21.0,84.0,0.0
2025-03-15,21.0,85.0,0.0
2025-03-15,22.0,81.0,0.0
2025-03-15,22.0,82.0,0.0
2025-03-15,22.0,83.0,0.0
2025-03-15,22.0,84.0,0.0
2025-03-15,22.0,85.0,0.0
2025-03-15,23.0,81.0,0.0
2025-03-15,23.0,82.0,0.0
2025-03-15,23.0,83.0,0.0
2025-03-15,23.0,84.0,0.0
2025-03-15,23.0,85.0,0.0
2025-03-15,24.0,81.0,0.0
2025-03-15,24.0,82.0,0.0
2025-03-15,24.0,83.0,0.0
2025-03-15,24.0,84.0,0.0
2025-03-15,24.0,85.0,0.0
2025-03-16,18.0,81.0,0.0
2025-03-16,18.0,82.0,0.0
2025-03-16,18.0,83.0,0.0
2025-03-16,18.0,84.0,0.0
2025-03-16,19.0,81.0,0.0
2025-03-16,19.0,82.0,0.0
2025-03-16,19.0,83.0,0.0
2025-03-16,19.0,84.0,0.0
2025-03-16,19.0,85.0,0.0
2025-03-16,20.0,81.0,0.0
2025-03-16,20.0,82.0,0.0
2025-03-16,20.0,83.0,0.0
2025-03-16,20.0,84.0,0.0
2025-03-16,20.0,85.0,0.0
2025-03-16,21.0,81.0,0.0
2025-03-16,21.0,82.0,0.0
2025-03-16,21.0,83.0,0.0
2025-03-16,21.0,84.0,0.0
2025-03-16,21.0,85.0,0.0
2025-03-16,22.0,81.0,0.0
2025-03-16,22.0,82.0,0.0
2025-03-16,22.0,83.0,0.0
2025-03-16,22.0,84.0,0.0
2025-03-16,22.0,85.0,0.0
2025-03-16,23.0,81.0,0.0
2025-03-16,23.0,82.0,0.0
2025-03-16,23.0,83.0,0.0
2025-03-16,23.0,84.0,0.0
2025-03-16,23.0,85.0,0.0
2025-03-16,24.0,81.0,0.0
2025-03-16,24.0,82.0,0.0
2025-03-16,24.0,83.0,0.0
2025-03-16,24.0,84.0,0.0
2025-03-16,24.0,85.0,0.0
2025-03-17,18.0,81.0,0.0
2025-03-17,18.0,82.0,0.0
2025-03-17,18.0,83.0,0.0
2025-03-17,18.0,84.0,0.0
2025-03-17,19.0,81.0,0.0
2025-03-17,19.0,82.0,0.0
2025-03-17,19.0,83.0,0.0
2025-03-17,19.0,84.0,0.0
2025-03-17,19.0,85.0,0.0
2025-03-17,20.0,81.0,0.0
2025-03-17,20.0,82.0,0.0
2025-03-17,20.0,83.0,0.0
2025-03-17,20.0,84.0,0.0
2025-03-17,20.0,85.0,0.0
2025-03-17,21.0,81.0,0.0
2025-03-17,21.0,82.0,0.0
2025-03-17,21.0,83.0,0.0
2025-03-17,21.0,84.0,0.126
2025-03-17,21.0,85.0,0.0
2025-03-17,22.0,81.0,0.0
2025-03-17,22.0,82.0,0.0
2025-03-17,22.0,83.0,0.0
2025-03-17,22.0,84.0,0.053599999999999995
2025-03-17,22.0,85.0,0.0
2025-03-17,23.0,81.0,0.0
2025-03-17,23.0,82.0,0.0
2025-03-17,23.0,83.0,0.0
2025-03-17,23.0,84.0,0.0
2025-03-17,23.0,85.0,0.0
2025-03-17,24.0,81.0,0.0
2025-03-17,24.0,82.0,0.0
2025-03-17,24.0,83.0,0.0
2025-03-17,24.0,84.0,0.1104
2025-03-17,24.0,85.0,0.0
2025-03-18,18.0,81.0,0.0
2025-03-18,18.0,82.0,0.0
2025-03-18,18.0,83.0,0.0
2025-03-18,18.0,84.0,0.0
2025-03-18,19.0,81.0,0.0
2025-03-18,19.0,82.0,0.0
2025-03-18,19.0,83.0,0.0
2025-03-18,19.0,84.0,0.0
2025-03-18,19.0,85.0,0.0
2025-03-18,20.0,81.0,0.0
2025-03-18,20.0,82.0,0.0
2025-03-18,20.0,83.0,0.0
2025-03-18,20.0,84.0,0.0
2025-03-18,20.0,85.0,0.0
2025-03-18,21.0,81.0,0.0
2025-03-18,21.0,82.0,0.0
2025-03-18,21.0,83.0,0.0
2025-03-18,21.0,84.0,0.0
2025-03-18,21.0,85.0,0.0
2025-03-18,22.0,81.0,0.0
2025-03-18,22.0,82.0,0.0
2025-03-18,22.0,83.0,0.0
2025-03-18,22.0,84.0,0.0
2025-03-18,22.0,85.0,0.0
2025-03-18,23.0,81.0,0.0
2025-03-18,23.0,82.0,0.0
2025-03-18,23.0,83.0,0.0
2025-03-18,23.0,84.0,0.0
2025-03-18,23.0,85.0,0.0
2025-03-18,24.0,81.0,0.0
2025-03-18,24.0,82.0,0.0
2025-03-18,24.0,83.0,0.0
2025-03-18,24.0,84.0,0.0
2025-03-18,24.0,85.0,0.0
2025-03-19,18.0,81.0,0.0
2025-03-19,18.0,82.0,0.0
2025-03-19,18.0,83.0,0.0
2025-03-19,18.0,84.0,0.0
2025-03-19,19.0,81.0,0.0
2025-03-19,19.0,82.0,0.0
2025-03-19,19.0,83.0,0.0
2025-03-19,19.0,84.0,0.0
2025-03-19,19.0,85.0,0.0
2025-03-19,20.0,81.0,0.0
2025-03-19,20.0,82.0,0.0
2025-03-19,20.0,83.0,0.0
2025-03-19,20.0,84.0,0.0
2025-03-19,20.0,85.0,0.0
2025-03-19,21.0,81.0,0.0
2025-03-19,21.0,82.0,0.0
2025-03-19,21.0,83.0,0.0
2025-03-19,21.0,84.0,0.0
2025-03-19,21.0,85.0,0.0
2025-03-19,22.0,81.0,0.0
2025-03-19,22.0,82.0,0.0
2025-03-19,22.0,83.0,0.0
2025-03-19,22.0,84.0,0.0
2025-03-19,22.0,85.0,0.0
2025-03-19,23.0,81.0,0.0
2025-03-19,23.0,82.0,0.0
2025-03-19,23.0,83.0,0.0
2025-03-19,23.0,84.0,0.0
2025-03-19,23.0,85.0,0.0
2025-03-19,24.0,81.0,0.0
2025-03-19,24.0,82.0,0.0
2025-03-19,24.0,83.0,0.0
2025-03-19,24.0,84.0,0.0
2025-03-19,24.0,85.0,0.0
2025-03-20,18.0,81.0,0.0
2025-03-20,18.0,82.0,0.0
2025-03-20,18.0,83.0,0.0
2025-03-20,18.0,84.0,0.0
2025-03-20,19.0,81.0,0.0
2025-03-20,19.0,82.0,0.0
2025-03-20,19.0,83.0,0.02888888888888889
2025-03-20,19.0,84.0,0.0
2025-03-20,19.0,85.0,0.0
2025-03-20,20.0,81.0,0.0
2025-03-20,20.0,82.0,0.0
2025-03-20,20.0,83.0,0.3446666666666667
2025-03-20,20.0,84.0,0.0
2025-03-20,20.0,85.0,0.0
2025-03-20,21.0,81.0,0.0
2025-03-20,21.0,82.0,0.4853333333333333
2025-03-20,21.0,83.0,2.697777777777778
2025-03-20,21.0,84.0,1.8073333333333332
2025-03-20,21.0,85.0,0.0
2025-03-20,22.0,81.0,0.0
2025-03-20,22.0,82.0,0.055999999999999994
2025-03-20,22.0,83.0,0.09533333333333333
2025-03-20,22.0,84.0,0.057600000000000005
2025-03-20,22.0,85.0,0.0
2025-03-20,23.0,81.0,0.0
2025-03-20,23.0,82.0,0.0
2025-03-20,23.0,83.0,0.0
2025-03-20,23.0,84.0,0.0
2025-03-20,23.0,85.0,0.0
2025-03-20,24.0,81.0,0.29933333333333334
2025-03-20,24.0,82.0,0.096
2025-03-20,24.0,83.0,0.0
2025-03-20,24.0,84.0,0.015600000000000001
2025-03-20,24.0,85.0,0.3
2025-03-21,18.0,81.0,0.0
2025-03-21,18.0,82.0,0.0
2025-03-21,18.0,83.0,0.0
2025-03-21,18.0,84.0,0.0
2025-03-21,19.0,81.0,0.0
2025-03-21,19.0,82.0,0.0
2025-03-21,19.0,83.0,0.0
2025-03-21,19.0,84.0,0.0
2025-03-21,19.0,85.0,0.0
2025-03-21,20.0,81.0,0.0
2025-03-21,20.0,82.0,0.0
2025-03-21,20.0,83.0,0.0
2025-03-21,20.0,84.0,0.0
2025-03-21,20.0,85.0,0.0
2025-03-21,21.0,81.0,0.0
2025-03-21,21.0,82.0,0.0
2025-03-21,21.0,83.0,0.0
2025-03-21,21.0,84.0,0.0
2025-03-21,21.0,85.0,0.0
2025-03-21,22.0,81.0,0.0
2025-03-21,22.0,82.0,0.0
2025-03-21,22.0,83.0,0.0
2025-03-21,22.0,84.0,0.0
2025-03-21,22.0,85.0,0.0
2025-03-21,23.0,81.0,0.2933333333333333
2025-03-21,23.0,82.0,0.5086666666666667
2025-03-21,23.0,83.0,0.0
2025-03-21,23.0,84.0,0.048
2025-03-21,23.0,85.0,1.6166666666666665
2025-03-21,24.0,81.0,8.477333333333332
2025-03-21,24.0,82.0,10.3116
2025-03-21,24.0,83.0,1.4426666666666668
2025-03-21,24.0,84.0,2.9608
2025-03-21,24.0,85.0,10.184000000000001
2025-03-22,18.0,81.0,0.10666666666666667
2025-03-22,18.0,82.0,0.0
2025-03-22,18.0,83.0,0.0
2025-03-22,18.0,84.0,0.0
2025-03-22,19.0,81.0,1.298888888888889
2025-03-22,19.0,82.0,0.5693333333333332
2025-03-22,19.0,83.0,1.3944444444444446
2025-03-22,19.0,84.0,0.0
2025-03-22,19.0,85.0,0.0
2025-03-22,20.0,81.0,3.6133333333333337
2025-03-22,20.0,82.0,2.2956
2025-03-22,20.0,83.0,3.6246666666666667
2025-03-22,20.0,84.0,0.036000000000000004
2025-03-22,20.0,85.0,0.0
2025-03-22,21.0,81.0,0.7511111111111111
2025-03-22,21.0,82.0,1.8113333333333332
2025-03-22,21.0,83.0,5.906666666666666
2025-03-22,21.0,84.0,0.896
2025-03-22,21.0,85.0,1.63
2025-03-22,22.0,81.0,0.08733333333333333
2025-03-22,22.0,82.0,1.6124
2025-03-22,22.0,83.0,4.1626666666666665
2025-03-22,22.0,84.0,4.3964
2025-03-22,22.0,85.0,10.276
2025-03-22,23.0,81.0,0.35000000000000003
2025-03-22,23.0,82.0,2.7159999999999997
2025-03-22,23.0,83.0,5.0344444444444445
2025-03-22,23.0,84.0,20.102666666666668
2025-03-22,23.0,85.0,40.20666666666667
2025-03-22,24.0,81.0,2.0986666666666665
2025-03-22,24.0,82.0,7.8404
2025-03-22,24.0,83.0,11.206
2025-03-22,24.0,84.0,14.0084
2025-03-22,24.0,85.0,23.846
2025-03-23,18.0,81.0,0.0
2025-03-23,18.0,82.0,0.0
2025-03-23,18.0,83.0,0.0
2025-03-23,18.0,84.0,0.0
2025-03-23,19.0,81.0,0.23888888888888887
2025-03-23,19.0,82.0,0.058666666666666666
2025-03-23,19.0,83.0,0.5811111111111111
2025-03-23,19.0,84.0,0.14857142857142858
2025-03-23,19.0,85.0,0.0
2025-03-23,20.0,81.0,0.06866666666666667
2025-03-23,20.0,82.0,1.108
2025-03-23,20.0,83.0,5.132
2025-03-23,20.0,84.0,8.6252
2025-03-23,20.0,85.0,21.488
2025-03-23,21.0,81.0,0.0
2025-03-23,21.0,82.0,0.2
2025-03-23,21.0,83.0,10.354444444444445
2025-03-23,21.0,84.0,3.752666666666667
2025-03-23,21.0,85.0,12.163333333333334
2025-03-23,22.0,81.0,0.10533333333333333
2025-03-23,22.0,82.0,0.1668
2025-03-23,22.0,83.0,3.2173333333333334
2025-03-23,22.0,84.0,6.414
2025-03-23,22.0,85.0,12.07
2025-03-23,23.0,81.0,0.0
2025-03-23,23.0,82.0,0.8306666666666668
2025-03-23,23.0,83.0,3.7799999999999994
2025-03-23,23.0,84.0,0.4686666666666666
2025-03-23,23.0,85.0,0.21333333333333335
2025-03-23,24.0,81.0,0.0
2025-03-23,24.0,82.0,0.0124
2025-03-23,24.0,83.0,4.026666666666666
2025-03-23,24.0,84.0,0.1148
2025-03-23,24.0,85.0,3.3659999999999997
2025-03-24,18.0,81.0,0.0
2025-03-24,18.0,82.0,4.786
2025-03-24,18.0,83.0,4.7
2025-03-24,18.0,84.0,2.06
2025-03-24,19.0,81.0,0.6333333333333333
2025-03-24,19.0,82.0,0.4393333333333333
2025-03-24,19.0,83.0,5.367777777777778
2025-03-24,19.0,84.0,10.889285714285714
2025-03-24,19.0,85.0,0.48
2025-03-24,20.0,81.0,1.4726666666666666
2025-03-24,20.0,82.0,0.8364
2025-03-24,20.0,83.0,2.414
2025-03-24,20.0,84.0,4.7048000000000005
2025-03-24,20.0,85.0,6.6579999999999995
2025-03-24,21.0,81.0,1.1322222222222222
2025-03-24,21.0,82.0,0.0
2025-03-24,21.0,83.0,2.2055555555555557
2025-03-24,21.0,84.0,0.0
2025-03-24,21.0,85.0,0.36999999999999994
2025-03-24,22.0,81.0,0.0
2025-03-24,22.0,82.0,0.0
2025-03-24,22.0,83.0,0.214
2025-03-24,22.0,84.0,0.43839999999999996
2025-03-24,22.0,85.0,1.438
2025-03-24,23.0,81.0,0.0
2025-03-24,23.0,82.0,0.0
2025-03-24,23.0,83.0,1.5955555555555554
2025-03-24,23.0,84.0,4.725333333333333
2025-03-24,23.0,85.0,3.813333333333333
2025-03-24,24.0,81.0,0.0
2025-03-24,24.0,82.0,0.0
2025-03-24,24.0,83.0,0.05533333333333333
2025-03-24,24.0,84.0,2.222
2025-03-24,24.0,85.0,6.01
2025-03-25,18.0,81.0,0.0
2025-03-25,18.0,82.0,1.1640000000000001
2025-03-25,18.0,83.0,2.973333333333333
2025-03-25,18.0,84.0,0.0
2025-03-25,19.0,81.0,0.0
2025-03-25,19.0,82.0,0.05466666666666666
2025-03-25,19.0,83.0,0.26
2025-03-25,19.0,84.0,0.0
2025-03-25,19.0,85.0,0.0
2025-03-25,20.0,81.0,0.0
2025-03-25,20.0,82.0,0.0
2025-03-25,20.0,83.0,0.0
2025-03-25,20.0,84.0,0.0
2025-03-25,20.0,85.0,0.0
2025-03-25,21.0,81.0,0.0
2025-03-25,21.0,82.0,0.0
2025-03-25,21.0,83.0,0.0
2025-03-25,21.0,84.0,0.8066666666666666
2025-03-25,21.0,85.0,0.0
2025-03-25,22.0,81.0,0.0
2025-03-25,22.0,82.0,0.0
2025-03-25,22.0,83.0,0.0
2025-03-25,22.0,84.0,0.0
2025-03-25,22.0,85.0,0.0
2025-03-25,23.0,81.0,0.0
2025-03-25,23.0,82.0,0.0
2025-03-25,23.0,83.0,0.0
2025-03-25,23.0,84.0,0.0
2025-03-25,23.0,85.0,0.0
2025-03-25,24.0,81.0,0.0
2025-03-25,24.0,82.0,0.0
2025-03-25,24.0,83.0,0.0
2025-03-25,24.0,84.0,0.0
2025-03-25,24.0,85.0,0.0
2025-03-26,18.0,81.0,0.0
2025-03-26,18.0,82.0,0.0
2025-03-26,18.0,83.0,5.636666666666667
2025-03-26,18.0,84.0,3.2266666666666666
2025-03-26,19.0,81.0,0.0
2025-03-26,19.0,82.0,0.0
2025-03-26,19.0,83.0,0.5044444444444445
2025-03-26,19.0,84.0,0.012857142857142857
2025-03-26,19.0,85.0,0.0
2025-03-26,20.0,81.0,0.0
2025-03-26,20.0,82.0,0.0
2025-03-26,20.0,83.0,0.0
2025-03-26,20.0,84.0,0.0
2025-03-26,20.0,85.0,0.0
2025-03-26,21.0,81.0,0.0
2025-03-26,21.0,82.0,0.0
2025-03-26,21.0,83.0,0.0
2025-03-26,21.0,84.0,0.0
2025-03-26,21.0,85.0,0.0
2025-03-26,22.0,81.0,0.0
2025-03-26,22.0,82.0,0.0
2025-03-26,22.0,83.0,0.0
2025-03-26,22.0,84.0,0.0
2025-03-26,22.0,85.0,0.0
2025-03-26,23.0,81.0,0.0
2025-03-26,23.0,82.0,0.0
2025-03-26,23.0,83.0,0.0
2025-03-26,23.0,84.0,0.0
2025-03-26,23.0,85.0,0.0
2025-03-26,24.0,81.0,0.0
2025-03-26,24.0,82.0,0.0
2025-03-26,24.0,83.0,0.0
2025-03-26,24.0,84.0,0.0
2025-03-26,24.0,85.0,0.0
2025-03-27,18.0,81.0,0.0
2025-03-27,18.0,82.0,0.9640000000000001
2025-03-27,18.0,83.0,0.7466666666666667
2025-03-27,18.0,84.0,0.0
2025-03-27,19.0,81.0,0.0
2025-03-27,19.0,82.0,0.048
2025-03-27,19.0,83.0,0.0
2025-03-27,19.0,84.0,0.0
2025-03-27,19.0,85.0,0.0
2025-03-27,20.0,81.0,0.0
2025-03-27,20.0,82.0,0.0
2025-03-27,20.0,83.0,0.0
2025-03-27,20.0,84.0,0.0
2025-03-27,20.0,85.0,0.0
2025-03-27,21.0,81.0,0.0
2025-03-27,21.0,82.0,0.0
2025-03-27,21.0,83.0,0.0
2025-03-27,21.0,84.0,0.0
2025-03-27,21.0,85.0,0.0
2025-03-27,22.0,81.0,0.0
2025-03-27,22.0,82.0,0.0
2025-03-27,22.0,83.0,0.0
2025-03-27,22.0,84.0,0.0
2025-03-27,22.0,85.0,0.0
2025-03-27,23.0,81.0,0.0
2025-03-27,23.0,82.0,0.0
2025-03-27,23.0,83.0,0.0
2025-03-27,23.0,84.0,0.0
2025-03-27,23.0,85.0,0.0
2025-03-27,24.0,81.0,0.0
2025-03-27,24.0,82.0,0.0
2025-03-27,24.0,83.0,0.0
2025-03-27,24.0,84.0,0.0
2025-03-27,24.0,85.0,0.0
2025-03-28,18.0,81.0,0.0
2025-03-28,18.0,82.0,0.0
2025-03-28,18.0,83.0,0.0
2025-03-28,18.0,84.0,0.0
2025-03-28,19.0,81.0,0.0
2025-03-28,19.0,82.0,0.0
2025-03-28,19.0,83.0,0.0
2025-03-28,19.0,84.0,0.0
2025-03-28,19.0,85.0,0.0
2025-03-28,20.0,81.0,0.0
2025-03-28,20.0,82.0,0.0
2025-03-28,20.0,83.0,0.0
2025-03-28,20.0,84.0,0.0
2025-03-28,20.0,85.0,0.0
2025-03-28,21.0,81.0,0.0
2025-03-28,21.0,82.0,0.0
2025-03-28,21.0,83.0,0.0
2025-03-28,21.0,84.0,0.0
2025-03-28,21.0,85.0,0.0
2025-03-28,22.0,81.0,0.0
2025-03-28,22.0,82.0,0.0
2025-03-28,22.0,83.0,0.0
2025-03-28,22.0,84.0,0.0
2025-03-28,22.0,85.0,0.0
2025-03-28,23.0,81.0,0.0
2025-03-28,23.0,82.0,0.0
2025-03-28,23.0,83.0,0.0
2025-03-28,23.0,84.0,0.0
2025-03-28,23.0,85.0,0.0
2025-03-28,24.0,81.0,0.0
2025-03-28,24.0,82.0,0.0
2025-03-28,24.0,83.0,0.0
2025-03-28,24.0,84.0,0.0
2025-03-28,24.0,85.0,0.0
2025-03-29,18.0,81.0,0.0
2025-03-29,18.0,82.0,0.0
2025-03-29,18.0,83.0,0.0
2025-03-29,18.0,84.0,0.0
2025-03-29,19.0,81.0,0.0
2025-03-29,19.0,82.0,0.0
2025-03-29,19.0,83.0,0.0
2025-03-29,19.0,84.0,0.0
2025-03-29,19.0,85.0,0.0
2025-03-29,20.0,81.0,0.0
2025-03-29,20.0,82.0,0.0
2025-03-29,20.0,83.0,0.0
2025-03-29,20.0,84.0,0.0
2025-03-29,20.0,85.0,0.0
2025-03-29,21.0,81.0,0.0
2025-03-29,21.0,82.0,0.0
2025-03-29,21.0,83.0,0.0
2025-03-29,21.0,84.0,0.0
2025-03-29,21.0,85.0,0.0
2025-03-29,22.0,81.0,0.0
2025-03-29,22.0,82.0,0.0
2025-03-29,22.0,83.0,0.0
2025-03-29,22.0,84.0,0.0
2025-03-29,22.0,85.0,0.0
2025-03-29,23.0,81.0,0.0
2025-03-29,23.0,82.0,0.0
2025-03-29,23.0,83.0,0.0
2025-03-29,23.0,84.0,0.0
2025-03-29,23.0,85.0,0.0
2025-03-29,24.0,81.0,0.0
2025-03-29,24.0,82.0,0.0
2025-03-29,24.0,83.0,0.0
2025-03-29,24.0,84.0,0.0
2025-03-29,24.0,85.0,0.0
2025-03-30,18.0,81.0,0.0
2025-03-30,18.0,82.0,0.0
2025-03-30,18.0,83.0,0.0
2025-03-30,18.0,84.0,0.0
2025-03-30,19.0,81.0,0.0
2025-03-30,19.0,82.0,0.0
2025-03-30,19.0,83.0,0.0
2025-03-30,19.0,84.0,0.0
2025-03-30,19.0,85.0,0.0
2025-03-30,20.0,81.0,0.0
2025-03-30,20.0,82.0,0.0
2025-03-30,20.0,83.0,0.0
2025-03-30,20.0,84.0,0.0
2025-03-30,20.0,85.0,0.0
2025-03-30,21.0,81.0,0.0
2025-03-30,21.0,82.0,0.0
2025-03-30,21.0,83.0,0.0
2025-03-30,21.0,84.0,0.0
2025-03-30,21.0,85.0,0.0
2025-03-30,22.0,81.0,0.0
2025-03-30,22.0,82.0,0.0
2025-03-30,22.0,83.0,0.0
2025-03-30,22.0,84.0,0.0
2025-03-30,22.0,85.0,0.0
2025-03-30,23.0,81.0,0.0
2025-03-30,23.0,82.0,0.0
2025-03-30,23.0,83.0,0.0
2025-03-30,23.0,84.0,0.0
2025-03-30,23.0,85.0,0.0
2025-03-30,24.0,81.0,0.0
2025-03-30,24.0,82.0,0.0
2025-03-30,24.0,83.0,0.0
2025-03-30,24.0,84.0,0.0
2025-03-30,24.0,85.0,0.0
2025-03-31,18.0,81.0,0.0
2025-03-31,18.0,82.0,0.0
2025-03-31,18.0,83.0,0.0
2025-03-31,18.0,84.0,0.0
2025-03-31,19.0,81.0,0.0
2025-03-31,19.0,82.0,0.0
2025-03-31,19.0,83.0,0.0
2025-03-31,19.0,84.0,0.0
2025-03-31,19.0,85.0,0.0
2025-03-31,20.0,81.0,0.0
2025-03-31,20.0,82.0,0.0
2025-03-31,20.0,83.0,0.0
2025-03-31,20.0,84.0,0.0
2025-03-31,20.0,85.0,0.0
2025-03-31,21.0,81.0,0.0
2025-03-31,21.0,82.0,0.0
2025-03-31,21.0,83.0,0.0
2025-03-31,21.0,84.0,0.0
2025-03-31,21.0,85.0,0.0
2025-03-31,22.0,81.0,0.0
2025-03-31,22.0,82.0,0.0
2025-03-31,22.0,83.0,0.0
2025-03-31,22.0,84.0,0.0
2025-03-31,22.0,85.0,0.0
2025-03-31,23.0,81.0,0.0
2025-03-31,23.0,82.0,0.0
2025-03-31,23.0,83.0,0.0
2025-03-31,23.0,84.0,0.0
2025-03-31,23.0,85.0,0.0
2025-03-31,24.0,81.0,0.0
2025-03-31,24.0,82.0,0.0
2025-03-31,24.0,83.0,0.0
2025-03-31,24.0,84.0,0.0
2025-03-31,24.0,85.0,0.0
2025-04-01,18.0,81.0,0.0
2025-04-01,18.0,82.0,0.192
2025-04-01,18.0,83.0,0.0
2025-04-01,18.0,84.0,0.0
2025-04-01,19.0,81.0,0.0
2025-04-01,19.0,82.0,0.0
2025-04-01,19.0,83.0,0.0
2025-04-01,19.0,84.0,0.0
2025-04-01,19.0,85.0,0.0
2025-04-01,20.0,81.0,0.0
2025-04-01,20.0,82.0,0.0
2025-04-01,20.0,83.0,0.0
2025-04-01,20.0,84.0,0.0
2025-04-01,20.0,85.0,0.0
2025-04-01,21.0,81.0,0.0
2025-04-01,21.0,82.0,0.0
2025-04-01,21.0,83.0,0.0
2025-04-01,21.0,84.0,0.0
2025-04-01,21.0,85.0,0.0
2025-04-01,22.0,81.0,0.0
2025-04-01,22.0,82.0,0.0
2025-04-01,22.0,83.0,0.0
2025-04-01,22.0,84.0,0.0
2025-04-01,22.0,85.0,0.0
2025-04-01,23.0,81.0,0.0
2025-04-01,23.0,82.0,0.0
2025-04-01,23.0,83.0,0.0
2025-04-01,23.0,84.0,0.0
2025-04-01,23.0,85.0,0.0
2025-04-01,24.0,81.0,0.0
2025-04-01,24.0,82.0,0.0
2025-04-01,24.0,83.0,0.0
2025-04-01,24.0,84.0,0.0
2025-04-01,24.0,85.0,0.0
2025-04-02,18.0,81.0,0.0
2025-04-02,18.0,82.0,0.0
2025-04-02,18.0,83.0,0.0
2025-04-02,18.0,84.0,0.0
2025-04-02,19.0,81.0,1.3733333333333333
2025-04-02,19.0,82.0,0.28933333333333333
2025-04-02,19.0,83.0,0.0
2025-04-02,19.0,84.0,0.0
2025-04-02,19.0,85.0,0.0
2025-04-02,20.0,81.0,2.6146666666666665
2025-04-02,20.0,82.0,1.7848
2025-04-02,20.0,83.0,0.432
2025-04-02,20.0,84.0,0.0
2025-04-02,20.0,85.0,0.0
2025-04-02,21.0,81.0,0.0
2025-04-02,21.0,82.0,0.0
2025-04-02,21.0,83.0,0.0
2025-04-02,21.0,84.0,3.9213333333333336
2025-04-02,21.0,85.0,0.0
2025-04-02,22.0,81.0,0.008666666666666666
2025-04-02,22.0,82.0,0.0
2025-04-02,22.0,83.0,0.0
2025-04-02,22.0,84.0,0.0
2025-04-02,22.0,85.0,0.0
2025-04-02,23.0,81.0,0.0
2025-04-02,23.0,82.0,0.0
2025-04-02,23.0,83.0,0.0
2025-04-02,23.0,84.0,0.0
2025-04-02,23.0,85.0,0.0
2025-04-02,24.0,81.0,0.0
2025-04-02,24.0,82.0,0.0
2025-04-02,24.0,83.0,0.0
2025-04-02,24.0,84.0,0.0
2025-04-02,24.0,85.0,0.0
2025-04-03,18.0,81.0,0.0
2025-04-03,18.0,82.0,0.0
2025-04-03,18.0,83.0,0.0
2025-04-03,18.0,84.0,0.0
2025-04-03,19.0,81.0,0.0
2025-04-03,19.0,82.0,0.018000000000000002
2025-04-03,19.0,83.0,1.6777777777777778
2025-04-03,19.0,84.0,0.0
2025-04-03,19.0,85.0,0.0
2025-04-03,20.0,81.0,0.0
2025-04-03,20.0,82.0,0.19519999999999998
2025-04-03,20.0,83.0,0.03266666666666666
2025-04-03,20.0,84.0,0.0
2025-04-03,20.0,85.0,0.0
2025-04-03,21.0,81.0,0.0
2025-04-03,21.0,82.0,0.0
2025-04-03,21.0,83.0,0.20777777777777776
2025-04-03,21.0,84.0,2.8113333333333332
2025-04-03,21.0,85.0,0.0
2025-04-03,22.0,81.0,0.0
2025-04-03,22.0,82.0,0.0044
2025-04-03,22.0,83.0,0.9766666666666666
2025-04-03,22.0,84.0,2.4276
2025-04-03,22.0,85.0,2.7
2025-04-03,23.0,81.0,0.06222222222222223
2025-04-03,23.0,82.0,0.016666666666666666
2025-04-03,23.0,83.0,0.0
2025-04-03,23.0,84.0,0.0
2025-04-03,23.0,85.0,0.06333333333333334
2025-04-03,24.0,81.0,0.0
2025-04-03,24.0,82.0,0.0416
2025-04-03,24.0,83.0,0.0
2025-04-03,24.0,84.0,0.0
2025-04-03,24.0,85.0,0.0
2025-04-04,18.0,81.0,37.53666666666667
2025-04-04,18.0,82.0,13.912
2025-04-04,18.0,83.0,10.993333333333334
2025-04-04,18.0,84.0,0.0
2025-04-04,19.0,81.0,30.373333333333335
2025-04-04,19.0,82.0,6.257333333333333
2025-04-04,19.0,83.0,2.9955555555555557
2025-04-04,19.0,84.0,0.0
2025-04-04,19.0,85.0,0.0
2025-04-04,20.0,81.0,14.201333333333334
2025-04-04,20.0,82.0,8.712
2025-04-04,20.0,83.0,1.5613333333333335
2025-04-04,20.0,84.0,0.49200000000000005
2025-04-04,20.0,85.0,0.0
2025-04-04,21.0,81.0,5.182222222222222
2025-04-04,21.0,82.0,5.276
2025-04-04,21.0,83.0,3.26
2025-04-04,21.0,84.0,1.2786666666666666
2025-04-04,21.0,85.0,0.0
2025-04-04,22.0,81.0,0.026000000000000002
2025-04-04,22.0,82.0,0.19879999999999998
2025-04-04,22.0,83.0,2.796666666666667
2025-04-04,22.0,84.0,4.1692
2025-04-04,22.0,85.0,2.462
2025-04-04,23.0,81.0,0.0
2025-04-04,23.0,82.0,0.0
2025-04-04,23.0,83.0,0.54
2025-04-04,23.0,84.0,6.197333333333334
2025-04-04,23.0,85.0,2.953333333333333
2025-04-04,24.0,81.0,0.0
2025-04-04,24.0,82.0,0.0
2025-04-04,24.0,83.0,0.0
2025-04-04,24.0,84.0,0.46240000000000003
2025-04-04,24.0,85.0,1.212
2025-04-05,18.0,81.0,0.8133333333333334
2025-04-05,18.0,82.0,0.8019999999999999
2025-04-05,18.0,83.0,8.206666666666667
2025-04-05,18.0,84.0,0.5033333333333333
2025-04-05,19.0,81.0,1.1377777777777778
2025-04-05,19.0,82.0,0.014666666666666666
2025-04-05,19.0,83.0,6.753333333333334
2025-04-05,19.0,84.0,3.5964285714285715
2025-04-05,19.0,85.0,0.28
2025-04-05,20.0,81.0,0.0
2025-04-05,20.0,82.0,0.0
2025-04-05,20.0,83.0,0.3626666666666667
2025-04-05,20.0,84.0,0.7248
2025-04-05,20.0,85.0,0.08399999999999999
2025-04-05,21.0,81.0,0.0
2025-04-05,21.0,82.0,0.0
2025-04-05,21.0,83.0,0.0
2025-04-05,21.0,84.0,0.0
2025-04-05,21.0,85.0,0.0
2025-04-05,22.0,81.0,0.0
2025-04-05,22.0,82.0,0.0
2025-04-05,22.0,83.0,0.0
2025-04-05,22.0,84.0,0.053200000000000004
2025-04-05,22.0,85.0,0.0
2025-04-05,23.0,81.0,0.0
2025-04-05,23.0,82.0,0.0
2025-04-05,23.0,83.0,0.0
2025-04-05,23.0,84.0,0.0
2025-04-05,23.0,85.0,0.0
2025-04-05,24.0,81.0,0.0
2025-04-05,24.0,82.0,0.0
2025-04-05,24.0,83.0,0.0
2025-04-05,24.0,84.0,0.0
2025-04-05,24.0,85.0,0.0
2025-04-06,18.0,81.0,0.0
2025-04-06,18.0,82.0,0.21400000000000002
2025-04-06,18.0,83.0,3.1199999999999997
2025-04-06,18.0,84.0,0.15
2025-04-06,19.0,81.0,0.0
2025-04-06,19.0,82.0,0.0
2025-04-06,19.0,83.0,0.4766666666666667
2025-04-06,19.0,84.0,0.21142857142857144
2025-04-06,19.0,85.0,1.18
2025-04-06,20.0,81.0,0.0
2025-04-06,20.0,82.0,0.0
2025-04-06,20.0,83.0,0.0
2025-04-06,20.0,84.0,0.0148
2025-04-06,20.0,85.0,0.028000000000000004
2025-04-06,21.0,81.0,0.0
2025-04-06,21.0,82.0,0.0
2025-04-06,21.0,83.0,0.0
2025-04-06,21.0,84.0,0.0
2025-04-06,21.0,85.0,0.0
2025-04-06,22.0,81.0,0.0
2025-04-06,22.0,82.0,0.0
2025-04-06,22.0,83.0,0.0
2025-04-06,22.0,84.0,0.0
2025-04-06,22.0,85.0,0.0
2025-04-06,23.0,81.0,0.0
2025-04-06,23.0,82.0,0.0
2025-04-06,23.0,83.0,0.0
2025-04-06,23.0,84.0,0.0
2025-04-06,23.0,85.0,0.0
2025-04-06,24.0,81.0,0.0
2025-04-06,24.0,82.0,0.0
2025-04-06,24.0,83.0,0.0
2025-04-06,24.0,84.0,0.0
2025-04-06,24.0,85.0,0.0
2025-04-07,18.0,81.0,0.0
2025-04-07,18.0,82.0,1.112
2025-04-07,18.0,83.0,3.25
2025-04-07,18.0,84.0,0.0
2025-04-07,19.0,81.0,0.0
2025-04-07,19.0,82.0,0.048
2025-04-07,19.0,83.0,0.75
2025-04-07,19.0,84.0,0.43714285714285717
2025-04-07,19.0,85.0,0.0
2025-04-07,20.0,81.0,0.0
2025-04-07,20.0,82.0,0.2076
2025-04-07,20.0,83.0,0.12866666666666668
2025-04-07,20.0,84.0,0.0
2025-04-07,20.0,85.0,0.0
2025-04-07,21.0,81.0,0.0
2025-04-07,21.0,82.0,1.4093333333333333
2025-04-07,21.0,83.0,0.47777777777777775
2025-04-07,21.0,84.0,0.0
2025-04-07,21.0,85.0,0.0
2025-04-07,22.0,81.0,0.0
2025-04-07,22.0,82.0,0.0916
2025-04-07,22.0,83.0,0.0
2025-04-07,22.0,84.0,0.0
2025-04-07,22.0,85.0,0.0
2025-04-07,23.0,81.0,0.0
2025-04-07,23.0,82.0,0.0
2025-04-07,23.0,83.0,0.0
2025-04-07,23.0,84.0,0.0
2025-04-07,23.0,85.0,0.0
2025-04-07,24.0,81.0,0.0
2025-04-07,24.0,82.0,0.0
2025-04-07,24.0,83.0,0.0
2025-04-07,24.0,84.0,0.0
2025-04-07,24.0,85.0,0.0
2025-04-08,18.0,81.0,2.7433333333333336
2025-04-08,18.0,82.0,0.368
2025-04-08,18.0,83.0,0.2833333333333333
2025-04-08,18.0,84.0,0.0
2025-04-08,19.0,81.0,5.271111111111111
2025-04-08,19.0,82.0,0.018000000000000002
2025-04-08,19.0,83.0,0.035555555555555556
2025-04-08,19.0,84.0,0.14357142857142854
2025-04-08,19.0,85.0,0.0
2025-04-08,20.0,81.0,2.3006666666666664
2025-04-08,20.0,82.0,0.08199999999999999
2025-04-08,20.0,83.0,0.3413333333333333
2025-04-08,20.0,84.0,0.20600000000000002
2025-04-08,20.0,85.0,0.0
2025-04-08,21.0,81.0,0.0
2025-04-08,21.0,82.0,0.0
2025-04-08,21.0,83.0,0.0
2025-04-08,21.0,84.0,0.0
2025-04-08,21.0,85.0,0.0
2025-04-08,22.0,81.0,0.0
2025-04-08,22.0,82.0,0.0
2025-04-08,22.0,83.0,0.0
2025-04-08,22.0,84.0,0.0
2025-04-08,22.0,85.0,0.0
2025-04-08,23.0,81.0,0.0
2025-04-08,23.0,82.0,0.0
2025-04-08,23.0,83.0,0.0
2025-04-08,23.0,84.0,0.0
2025-04-08,23.0,85.0,0.0
2025-04-08,24.0,81.0,0.0
2025-04-08,24.0,82.0,0.0
2025-04-08,24.0,83.0,0.0
2025-04-08,24.0,84.0,0.0
2025-04-08,24.0,85.0,0.0
2025-04-09,18.0,81.0,11.920000000000002
2025-04-09,18.0,82.0,0.374
2025-04-09,18.0,83.0,0.06666666666666667
2025-04-09,18.0,84.0,0.08333333333333333
2025-04-09,19.0,81.0,3.468888888888889
2025-04-09,19.0,82.0,0.022000000000000002
2025-04-09,19.0,83.0,0.548888888888889
2025-04-09,19.0,84.0,0.9764285714285714
2025-04-09,19.0,85.0,2.37
2025-04-09,20.0,81.0,0.2
2025-04-09,20.0,82.0,0.039599999999999996
2025-04-09,20.0,83.0,1.1693333333333333
2025-04-09,20.0,84.0,3.6488
2025-04-09,20.0,85.0,0.8
2025-04-09,21.0,81.0,0.0
2025-04-09,21.0,82.0,0.0
2025-04-09,21.0,83.0,0.0
2025-04-09,21.0,84.0,0.0
2025-04-09,21.0,85.0,0.0
2025-04-09,22.0,81.0,0.0
2025-04-09,22.0,82.0,0.0
2025-04-09,22.0,83.0,0.0
2025-04-09,22.0,84.0,0.0
2025-04-09,22.0,85.0,0.0
2025-04-09,23.0,81.0,0.0
2025-04-09,23.0,82.0,0.0
2025-04-09,23.0,83.0,0.0
2025-04-09,23.0,84.0,0.0
2025-04-09,23.0,85.0,0.0
2025-04-09,24.0,81.0,0.0
2025-04-09,24.0,82.0,0.0
2025-04-09,24.0,83.0,0.0
2025-04-09,24.0,84.0,0.0
2025-04-09,24.0,85.0,0.0
2025-04-10,18.0,81.0,2.8266666666666667
2025-04-10,18.0,82.0,0.05
2025-04-10,18.0,83.0,0.0
2025-04-10,18.0,84.0,0.0
2025-04-10,19.0,81.0,2.4222222222222225
2025-04-10,19.0,82.0,0.0
2025-04-10,19.0,83.0,0.012222222222222223
2025-04-10,19.0,84.0,0.04785714285714286
2025-04-10,19.0,85.0,0.0
2025-04-10,20.0,81.0,0.06733333333333333
2025-04-10,20.0,82.0,0.0
2025-04-10,20.0,83.0,3.291333333333333
2025-04-10,20.0,84.0,1.9768000000000001
2025-04-10,20.0,85.0,0.0
2025-04-10,21.0,81.0,0.0
2025-04-10,21.0,82.0,0.0
2025-04-10,21.0,83.0,0.0
2025-04-10,21.0,84.0,0.0
2025-04-10,21.0,85.0,0.0
2025-04-10,22.0,81.0,4.992
2025-04-10,22.0,82.0,0.868
2025-04-10,22.0,83.0,0.0
2025-04-10,22.0,84.0,0.0
2025-04-10,22.0,85.0,0.0
2025-04-10,23.0,81.0,1.8211111111111111
2025-04-10,23.0,82.0,0.0
2025-04-10,23.0,83.0,0.0
2025-04-10,23.0,84.0,0.009333333333333334
2025-04-10,23.0,85.0,0.0
2025-04-10,24.0,81.0,0.0
2025-04-10,24.0,82.0,0.0
2025-04-10,24.0,83.0,0.027333333333333334
2025-04-10,24.0,84.0,0.7067999999999999
2025-04-10,24.0,85.0,0.488
2025-04-11,18.0,81.0,0.08666666666666667
2025-04-11,18.0,82.0,7.072
2025-04-11,18.0,83.0,14.280000000000001
2025-04-11,18.0,84.0,3.94
2025-04-11,19.0,81.0,0.09444444444444446
2025-04-11,19.0,82.0,4.331333333333333
2025-04-11,19.0,83.0,15.770000000000001
2025-04-11,19.0,84.0,0.18857142857142858
2025-04-11,19.0,85.0,0.0
2025-04-11,20.0,81.0,0.0
2025-04-11,20.0,82.0,0.31
2025-04-11,20.0,83.0,4.414666666666666
2025-04-11,20.0,84.0,2.22
2025-04-11,20.0,85.0,0.93
2025-04-11,21.0,81.0,0.0
2025-04-11,21.0,82.0,0.0
2025-04-11,21.0,83.0,0.49444444444444446
2025-04-11,21.0,84.0,0.13533333333333333
2025-04-11,21.0,85.0,2.7566666666666664
2025-04-11,22.0,81.0,0.0
2025-04-11,22.0,82.0,0.2908
2025-04-11,22.0,83.0,0.6013333333333333
2025-04-11,22.0,84.0,1.8752000000000002
2025-04-11,22.0,85.0,4.933999999999999
2025-04-11,23.0,81.0,1.0755555555555556
2025-04-11,23.0,82.0,1.986
2025-04-11,23.0,83.0,1.152222222222222
2025-04-11,23.0,84.0,4.068
2025-04-11,23.0,85.0,16.993333333333336
2025-04-11,24.0,81.0,0.01
2025-04-11,24.0,82.0,0.49200000000000005
2025-04-11,24.0,83.0,3.4126666666666665
2025-04-11,24.0,84.0,6.256
2025-04-11,24.0,85.0,15.959999999999999
2025-04-12,18.0,81.0,0.0
2025-04-12,18.0,82.0,0.0
2025-04-12,18.0,83.0,0.0
2025-04-12,18.0,84.0,0.0
2025-04-12,19.0,81.0,0.0
2025-04-12,19.0,82.0,0.016
2025-04-12,19.0,83.0,0.18555555555555556
2025-04-12,19.0,84.0,0.14357142857142854
2025-04-12,19.0,85.0,0.0
2025-04-12,20.0,81.0,0.07733333333333332
2025-04-12,20.0,82.0,0.4316
2025-04-12,20.0,83.0,0.8146666666666668
2025-04-12,20.0,84.0,1.6396000000000002
2025-04-12,20.0,85.0,0.0
2025-04-12,21.0,81.0,0.0
2025-04-12,21.0,82.0,0.017333333333333333
2025-04-12,21.0,83.0,1.23
2025-04-12,21.0,84.0,0.0
2025-04-12,21.0,85.0,0.0
2025-04-12,22.0,81.0,0.0
2025-04-12,22.0,82.0,0.0248
2025-04-12,22.0,83.0,0.11800000000000001
2025-04-12,22.0,84.0,0.0
2025-04-12,22.0,85.0,0.054000000000000006
2025-04-12,23.0,81.0,0.0
2025-04-12,23.0,82.0,0.26799999999999996
2025-04-12,23.0,83.0,0.39222222222222225
2025-04-12,23.0,84.0,0.7693333333333333
2025-04-12,23.0,85.0,1.9233333333333336
2025-04-12,24.0,81.0,0.0
2025-04-12,24.0,82.0,0.3496
2025-04-12,24.0,83.0,0.9946666666666667
2025-04-12,24.0,84.0,1.3352000000000002
2025-04-12,24.0,85.0,2.946
2025-04-13,18.0,81.0,0.0
2025-04-13,18.0,82.0,0.624
2025-04-13,18.0,83.0,1.0766666666666667
2025-04-13,18.0,84.0,0.31
2025-04-13,19.0,81.0,0.0
2025-04-13,19.0,82.0,0.788
2025-04-13,19.0,83.0,3.55
2025-04-13,19.0,84.0,0.625
2025-04-13,19.0,85.0,2.4
2025-04-13,20.0,81.0,0.0
2025-04-13,20.0,82.0,0.8964
2025-04-13,20.0,83.0,2.0406666666666666
2025-04-13,20.0,84.0,4.136
2025-04-13,20.0,85.0,2.282
2025-04-13,21.0,81.0,0.0
2025-04-13,21.0,82.0,0.15
2025-04-13,21.0,83.0,1.4266666666666667
2025-04-13,21.0,84.0,1.7426666666666668
2025-04-13,21.0,85.0,4.246666666666667
2025-04-13,22.0,81.0,0.0
2025-04-13,22.0,82.0,0.0
2025-04-13,22.0,83.0,0.1593333333333333
2025-04-13,22.0,84.0,0.0
2025-04-13,22.0,85.0,0.5740000000000001
2025-04-13,23.0,81.0,0.28444444444444444
2025-04-13,23.0,82.0,0.0
2025-04-13,23.0,83.0,0.0
2025-04-13,23.0,84.0,0.0
2025-04-13,23.0,85.0,0.0
2025-04-13,24.0,81.0,0.362
2025-04-13,24.0,82.0,0.0
2025-04-13,24.0,83.0,0.0
2025-04-13,24.0,84.0,0.028399999999999998
2025-04-13,24.0,85.0,0.0
2025-04-14,18.0,81.0,0.8300000000000001
2025-04-14,18.0,82.0,7.056
2025-04-14,18.0,83.0,8.486666666666666
2025-04-14,18.0,84.0,0.0
2025-04-14,19.0,81.0,0.7388888888888889
2025-04-14,19.0,82.0,3.8133333333333335
2025-04-14,19.0,83.0,1.5733333333333333
2025-04-14,19.0,84.0,0.04785714285714286
2025-04-14,19.0,85.0,0.0
2025-04-14,20.0,81.0,1.692
2025-04-14,20.0,82.0,0.8756
2025-04-14,20.0,83.0,0.912
2025-04-14,20.0,84.0,2.9372
2025-04-14,20.0,85.0,5.068
2025-04-14,21.0,81.0,0.09666666666666666
2025-04-14,21.0,82.0,0.022000000000000002
2025-04-14,21.0,83.0,0.0
2025-04-14,21.0,84.0,4.647333333333333
2025-04-14,21.0,85.0,2.1933333333333334
2025-04-14,22.0,81.0,0.06666666666666667
2025-04-14,22.0,82.0,0.016399999999999998
2025-04-14,22.0,83.0,0.0
2025-04-14,22.0,84.0,0.0
2025-04-14,22.0,85.0,0.0
2025-04-14,23.0,81.0,0.33
2025-04-14,23.0,82.0,0.5406666666666666
2025-04-14,23.0,83.0,0.0
2025-04-14,23.0,84.0,0.0
2025-04-14,23.0,85.0,0.0
2025-04-14,24.0,81.0,0.016
2025-04-14,24.0,82.0,0.2648
2025-04-14,24.0,83.0,0.08066666666666666
2025-04-14,24.0,84.0,0.0
2025-04-14,24.0,85.0,0.0
2025-04-15,18.0,81.0,0.0
2025-04-15,18.0,82.0,0.0
2025-04-15,18.0,83.0,0.0
2025-04-15,18.0,84.0,0.0
2025-04-15,19.0,81.0,0.0
2025-04-15,19.0,82.0,0.16000000000000003
2025-04-15,19.0,83.0,1.1422222222222222
2025-04-15,19.0,84.0,0.0
2025-04-15,19.0,85.0,0.0
2025-04-15,20.0,81.0,0.008
2025-04-15,20.0,82.0,0.5087999999999999
2025-04-15,20.0,83.0,2.658
2025-04-15,20.0,84.0,0.4008
2025-04-15,20.0,85.0,0.0
2025-04-15,21.0,81.0,0.0
2025-04-15,21.0,82.0,0.04933333333333333
2025-04-15,21.0,83.0,6.2988888888888885
2025-04-15,21.0,84.0,0.8160000000000001
2025-04-15,21.0,85.0,2.0066666666666664
2025-04-15,22.0,81.0,0.0
2025-04-15,22.0,82.0,0.0
2025-04-15,22.0,83.0,0.6053333333333334
2025-04-15,22.0,84.0,0.08839999999999999
2025-04-15,22.0,85.0,0.096
2025-04-15,23.0,81.0,0.0
2025-04-15,23.0,82.0,0.0
2025-04-15,23.0,83.0,0.0
2025-04-15,23.0,84.0,0.07
2025-04-15,23.0,85.0,1.2333333333333334
2025-04-15,24.0,81.0,0.0
2025-04-15,24.0,82.0,0.0
2025-04-15,24.0,83.0,0.19066666666666665
2025-04-15,24.0,84.0,2.2640000000000002
2025-04-15,24.0,85.0,17.137999999999998
2025-04-16,18.0,81.0,9.19
2025-04-16,18.0,82.0,10.722
2025-04-16,18.0,83.0,8.596666666666666
2025-04-16,18.0,84.0,4.63
2025-04-16,19.0,81.0,9.615555555555556
2025-04-16,19.0,82.0,4.299333333333333
2025-04-16,19.0,83.0,6.5488888888888885
2025-04-16,19.0,84.0,12.685714285714285
2025-04-16,19.0,85.0,0.0
2025-04-16,20.0,81.0,10.834
2025-04-16,20.0,82.0,6.7876
2025-04-16,20.0,83.0,7.640666666666666
2025-04-16,20.0,84.0,10.6544
2025-04-16,20.0,85.0,8.638
2025-04-16,21.0,81.0,1.338888888888889
2025-04-16,21.0,82.0,1.214
2025-04-16,21.0,83.0,1.698888888888889
2025-04-16,21.0,84.0,12.304666666666666
2025-04-16,21.0,85.0,1.8133333333333335
2025-04-16,22.0,81.0,0.19266666666666665
2025-04-16,22.0,82.0,0.618
2025-04-16,22.0,83.0,0.30533333333333335
2025-04-16,22.0,84.0,1.8507999999999998
2025-04-16,22.0,85.0,5.116
2025-04-16,23.0,81.0,0.0
2025-04-16,23.0,82.0,0.018000000000000002
2025-04-16,23.0,83.0,0.21555555555555556
2025-04-16,23.0,84.0,1.3146666666666667
2025-04-16,23.0,85.0,8.0
2025-04-16,24.0,81.0,0.0
2025-04-16,24.0,82.0,0.0
2025-04-16,24.0,83.0,0.0
2025-04-16,24.0,84.0,3.5063999999999997
2025-04-16,24.0,85.0,3.696
2025-04-17,18.0,81.0,0.0
2025-04-17,18.0,82.0,0.968
2025-04-17,18.0,83.0,4.16
2025-04-17,18.0,84.0,0.9033333333333333
2025-04-17,19.0,81.0,0.0
2025-04-17,19.0,82.0,0.04466666666666667
2025-04-17,19.0,83.0,0.6533333333333333
2025-04-17,19.0,84.0,2.1892857142857145
2025-04-17,19.0,85.0,0.0
2025-04-17,20.0,81.0,0.0
2025-04-17,20.0,82.0,0.3272
2025-04-17,20.0,83.0,0.5533333333333333
2025-04-17,20.0,84.0,0.9375999999999999
2025-04-17,20.0,85.0,0.0
2025-04-17,21.0,81.0,0.0
2025-04-17,21.0,82.0,0.028
2025-04-17,21.0,83.0,0.0
2025-04-17,21.0,84.0,0.062000000000000006
2025-04-17,21.0,85.0,0.0
2025-04-17,22.0,81.0,0.0
2025-04-17,22.0,82.0,0.0
2025-04-17,22.0,83.0,0.0
2025-04-17,22.0,84.0,0.156
2025-04-17,22.0,85.0,0.0
2025-04-17,23.0,81.0,0.0
2025-04-17,23.0,82.0,0.0
2025-04-17,23.0,83.0,0.20777777777777778
2025-04-17,23.0,84.0,0.49666666666666665
2025-04-17,23.0,85.0,0.0
2025-04-17,24.0,81.0,0.0
2025-04-17,24.0,82.0,0.0
2025-04-17,24.0,83.0,0.06533333333333333
2025-04-17,24.0,84.0,0.0
2025-04-17,24.0,85.0,0.032
2025-04-18,18.0,81.0,0.0
2025-04-18,18.0,82.0,0.284
2025-04-18,18.0,83.0,1.1466666666666667
2025-04-18,18.0,84.0,0.0
2025-04-18,19.0,81.0,0.0
2025-04-18,19.0,82.0,0.18066666666666667
2025-04-18,19.0,83.0,1.8688888888888888
2025-04-18,19.0,84.0,0.0
2025-04-18,19.0,85.0,0.0
2025-04-18,20.0,81.0,0.0
2025-04-18,20.0,82.0,0.0
2025-04-18,20.0,83.0,0.7740000000000001
2025-04-18,20.0,84.0,0.0636
2025-04-18,20.0,85.0,0.057999999999999996
2025-04-18,21.0,81.0,0.0
2025-04-18,21.0,82.0,0.011333333333333334
2025-04-18,21.0,83.0,0.0
2025-04-18,21.0,84.0,0.028
2025-04-18,21.0,85.0,0.22
2025-04-18,22.0,81.0,0.0
2025-04-18,22.0,82.0,0.0
2025-04-18,22.0,83.0,0.18999999999999997
2025-04-18,22.0,84.0,0.0
2025-04-18,22.0,85.0,0.0
2025-04-18,23.0,81.0,0.0
2025-04-18,23.0,82.0,0.0
2025-04-18,23.0,83.0,0.0
2025-04-18,23.0,84.0,0.0
2025-04-18,23.0,85.0,0.0
2025-04-18,24.0,81.0,0.0
2025-04-18,24.0,82.0,0.0
2025-04-18,24.0,83.0,0.0
2025-04-18,24.0,84.0,0.0
2025-04-18,24.0,85.0,0.0
2025-04-19,18.0,81.0,0.0
2025-04-19,18.0,82.0,1.308
2025-04-19,18.0,83.0,14.883333333333333
2025-04-19,18.0,84.0,2.6566666666666667
2025-04-19,19.0,81.0,0.0
2025-04-19,19.0,82.0,0.8093333333333333
2025-04-19,19.0,83.0,9.47111111111111
2025-04-19,19.0,84.0,0.8278571428571428
2025-04-19,19.0,85.0,12.29
2025-04-19,20.0,81.0,0.0
2025-04-19,20.0,82.0,1.0051999999999999
2025-04-19,20.0,83.0,0.8693333333333334
2025-04-19,20.0,84.0,5.0451999999999995
2025-04-19,20.0,85.0,3.19
2025-04-19,21.0,81.0,0.0
2025-04-19,21.0,82.0,0.8906666666666666
2025-04-19,21.0,83.0,0.3666666666666667
2025-04-19,21.0,84.0,4.414
2025-04-19,21.0,85.0,0.14333333333333334
2025-04-19,22.0,81.0,0.0
2025-04-19,22.0,82.0,0.05
2025-04-19,22.0,83.0,0.0
2025-04-19,22.0,84.0,1.6548000000000003
2025-04-19,22.0,85.0,0.45
2025-04-19,23.0,81.0,0.0
2025-04-19,23.0,82.0,0.7033333333333334
2025-04-19,23.0,83.0,0.14444444444444446
2025-04-19,23.0,84.0,0.23733333333333334
2025-04-19,23.0,85.0,5.146666666666667
2025-04-19,24.0,81.0,0.0
2025-04-19,24.0,82.0,0.0
2025-04-19,24.0,83.0,0.0
2025-04-19,24.0,84.0,0.018799999999999997
2025-04-19,24.0,85.0,1.6079999999999999
2025-04-20,18.0,81.0,0.0
2025-04-20,18.0,82.0,0.124
2025-04-20,18.0,83.0,2.103333333333333
2025-04-20,18.0,84.0,0.0
2025-04-20,19.0,81.0,0.0
2025-04-20,19.0,82.0,0.0
2025-04-20,19.0,83.0,0.5644444444444444
2025-04-20,19.0,84.0,0.0
2025-04-20,19.0,85.0,0.0
2025-04-20,20.0,81.0,0.0
2025-04-20,20.0,82.0,0.0
2025-04-20,20.0,83.0,1.8459999999999999
2025-04-20,20.0,84.0,0.0848
2025-04-20,20.0,85.0,0.11599999999999999
2025-04-20,21.0,81.0,0.0
2025-04-20,21.0,82.0,0.048
2025-04-20,21.0,83.0,9.28888888888889
2025-04-20,21.0,84.0,0.09733333333333333
2025-04-20,21.0,85.0,0.44
2025-04-20,22.0,81.0,0.0
2025-04-20,22.0,82.0,0.40240000000000004
2025-04-20,22.0,83.0,0.7013333333333333
2025-04-20,22.0,84.0,0.7604000000000001
2025-04-20,22.0,85.0,2.032
2025-04-20,23.0,81.0,0.0
2025-04-20,23.0,82.0,1.432
2025-04-20,23.0,83.0,0.0
2025-04-20,23.0,84.0,0.048
2025-04-20,23.0,85.0,1.2233333333333334
2025-04-20,24.0,81.0,0.188
2025-04-20,24.0,82.0,0.6467999999999999
2025-04-20,24.0,83.0,0.0
2025-04-20,24.0,84.0,0.0
2025-04-20,24.0,85.0,0.034
2025-04-21,18.0,81.0,6.420000000000001
2025-04-21,18.0,82.0,17.934
2025-04-21,18.0,83.0,3.3166666666666664
2025-04-21,18.0,84.0,0.0
2025-04-21,19.0,81.0,1.8466666666666665
2025-04-21,19.0,82.0,14.937999999999999
2025-04-21,19.0,83.0,3.6144444444444446
2025-04-21,19.0,84.0,0.04785714285714286
2025-04-21,19.0,85.0,0.0
2025-04-21,20.0,81.0,0.018666666666666668
2025-04-21,20.0,82.0,0.6148
2025-04-21,20.0,83.0,2.274
2025-04-21,20.0,84.0,3.6444
2025-04-21,20.0,85.0,7.182
2025-04-21,21.0,81.0,0.08222222222222222
2025-04-21,21.0,82.0,0.08133333333333333
2025-04-21,21.0,83.0,0.0
2025-04-21,21.0,84.0,2.8526666666666665
2025-04-21,21.0,85.0,14.533333333333333
2025-04-21,22.0,81.0,0.0
2025-04-21,22.0,82.0,0.0
2025-04-21,22.0,83.0,0.0
2025-04-21,22.0,84.0,0.0
2025-04-21,22.0,85.0,0.0
2025-04-21,23.0,81.0,0.0
2025-04-21,23.0,82.0,0.0
2025-04-21,23.0,83.0,0.0
2025-04-21,23.0,84.0,0.0
2025-04-21,23.0,85.0,0.0
2025-04-21,24.0,81.0,0.0
2025-04-21,24.0,82.0,0.0
2025-04-21,24.0,83.0,0.0
2025-04-21,24.0,84.0,0.0
2025-04-21,24.0,85.0,0.0
2025-04-22,18.0,81.0,0.0
2025-04-22,18.0,82.0,0.406
2025-04-22,18.0,83.0,2.3233333333333333
2025-04-22,18.0,84.0,0.0
2025-04-22,19.0,81.0,0.0
2025-04-22,19.0,82.0,0.014
2025-04-22,19.0,83.0,0.5644444444444444
2025-04-22,19.0,84.0,0.0
2025-04-22,19.0,85.0,0.0
2025-04-22,20.0,81.0,0.0
2025-04-22,20.0,82.0,0.0
2025-04-22,20.0,83.0,0.0
2025-04-22,20.0,84.0,0.9275999999999999
2025-04-22,20.0,85.0,0.0
2025-04-22,21.0,81.0,0.0
2025-04-22,21.0,82.0,0.0
2025-04-22,21.0,83.0,0.0
2025-04-22,21.0,84.0,0.16000000000000003
2025-04-22,21.0,85.0,0.0
2025-04-22,22.0,81.0,0.0
2025-04-22,22.0,82.0,0.0
2025-04-22,22.0,83.0,0.0
2025-04-22,22.0,84.0,0.0
2025-04-22,22.0,85.0,0.0
2025-04-22,23.0,81.0,0.0
2025-04-22,23.0,82.0,0.0
2025-04-22,23.0,83.0,0.0
2025-04-22,23.0,84.0,0.0
2025-04-22,23.0,85.0,0.0
2025-04-22,24.0,81.0,0.0
2025-04-22,24.0,82.0,0.0
2025-04-22,24.0,83.0,0.0
2025-04-22,24.0,84.0,0.0
2025-04-22,24.0,85.0,0.0
2025-04-23,18.0,81.0,0.0
2025-04-23,18.0,82.0,3.654
2025-04-23,18.0,83.0,7.296666666666667
2025-04-23,18.0,84.0,0.0
2025-04-23,19.0,81.0,0.8300000000000001
2025-04-23,19.0,82.0,0.21866666666666665
2025-04-23,19.0,83.0,3.8188888888888894
2025-04-23,19.0,84.0,0.2735714285714286
2025-04-23,19.0,85.0,0.0
2025-04-23,20.0,81.0,1.4086666666666665
2025-04-23,20.0,82.0,0.33039999999999997
2025-04-23,20.0,83.0,0.44933333333333336
2025-04-23,20.0,84.0,1.06
2025-04-23,20.0,85.0,0.0
2025-04-23,21.0,81.0,0.0
2025-04-23,21.0,82.0,0.0
2025-04-23,21.0,83.0,0.0
2025-04-23,21.0,84.0,0.16000000000000003
2025-04-23,21.0,85.0,0.0
2025-04-23,22.0,81.0,0.0
2025-04-23,22.0,82.0,0.0
2025-04-23,22.0,83.0,0.0
2025-04-23,22.0,84.0,0.0
2025-04-23,22.0,85.0,0.0
2025-04-23,23.0,81.0,0.0
2025-04-23,23.0,82.0,0.0
2025-04-23,23.0,83.0,0.0
2025-04-23,23.0,84.0,0.0
2025-04-23,23.0,85.0,0.0
2025-04-23,24.0,81.0,0.0
2025-04-23,24.0,82.0,0.0
2025-04-23,24.0,83.0,0.0
2025-04-23,24.0,84.0,0.0
2025-04-23,24.0,85.0,0.0
2025-04-24,18.0,81.0,0.0
2025-04-24,18.0,82.0,0.538
2025-04-24,18.0,83.0,9.136666666666667
2025-04-24,18.0,84.0,0.0
2025-04-24,19.0,81.0,0.0
2025-04-24,19.0,82.0,0.0
2025-04-24,19.0,83.0,2.4522222222222223
2025-04-24,19.0,84.0,0.0
2025-04-24,19.0,85.0,0.0
2025-04-24,20.0,81.0,0.0
2025-04-24,20.0,82.0,0.0
2025-04-24,20.0,83.0,0.0
2025-04-24,20.0,84.0,0.0
2025-04-24,20.0,85.0,0.0
2025-04-24,21.0,81.0,0.0
2025-04-24,21.0,82.0,0.0
2025-04-24,21.0,83.0,0.0
2025-04-24,21.0,84.0,0.0
2025-04-24,21.0,85.0,0.0
2025-04-24,22.0,81.0,0.0
2025-04-24,22.0,82.0,0.0
2025-04-24,22.0,83.0,0.0
2025-04-24,22.0,84.0,0.0
2025-04-24,22.0,85.0,0.0
2025-04-24,23.0,81.0,0.0
2025-04-24,23.0,82.0,0.0
2025-04-24,23.0,83.0,0.0
2025-04-24,23.0,84.0,0.0
2025-04-24,23.0,85.0,0.0
2025-04-24,24.0,81.0,0.0
2025-04-24,24.0,82.0,0.0
2025-04-24,24.0,83.0,0.0
2025-04-24,24.0,84.0,0.0
2025-04-24,24.0,85.0,0.0
2025-04-25,18.0,81.0,0.0
2025-04-25,18.0,82.0,0.0
2025-04-25,18.0,83.0,0.0
2025-04-25,18.0,84.0,0.0
2025-04-25,19.0,81.0,0.0
2025-04-25,19.0,82.0,0.0
2025-04-25,19.0,83.0,0.0
2025-04-25,19.0,84.0,0.0
2025-04-25,19.0,85.0,0.0
2025-04-25,20.0,81.0,0.0
2025-04-25,20.0,82.0,0.0
2025-04-25,20.0,83.0,0.0
2025-04-25,20.0,84.0,0.0
2025-04-25,20.0,85.0,0.0
2025-04-25,21.0,81.0,0.0
2025-04-25,21.0,82.0,0.0
2025-04-25,21.0,83.0,0.0
2025-04-25,21.0,84.0,0.10933333333333334
2025-04-25,21.0,85.0,0.0
2025-04-25,22.0,81.0,0.0
2025-04-25,22.0,82.0,0.0
2025-04-25,22.0,83.0,0.0
2025-04-25,22.0,84.0,0.04479999999999999
2025-04-25,22.0,85.0,0.0
2025-04-25,23.0,81.0,0.0
2025-04-25,23.0,82.0,0.0
2025-04-25,23.0,83.0,0.0
2025-04-25,23.0,84.0,0.0
2025-04-25,23.0,85.0,0.0
2025-04-25,24.0,81.0,0.0
2025-04-25,24.0,82.0,0.0
2025-04-25,24.0,83.0,0.0
2025-04-25,24.0,84.0,0.0
2025-04-25,24.0,85.0,0.0
2025-04-26,18.0,81.0,0.0
2025-04-26,18.0,82.0,0.0
2025-04-26,18.0,83.0,0.13
2025-04-26,18.0,84.0,0.0
2025-04-26,19.0,81.0,0.0
2025-04-26,19.0,82.0,0.0
2025-04-26,19.0,83.0,2.0666666666666664
2025-04-26,19.0,84.0,0.0
2025-04-26,19.0,85.0,0.0
2025-04-26,20.0,81.0,0.0
2025-04-26,20.0,82.0,0.0
2025-04-26,20.0,83.0,0.0
2025-04-26,20.0,84.0,0.0
2025-04-26,20.0,85.0,0.0
2025-04-26,21.0,81.0,0.0
2025-04-26,21.0,82.0,0.0
2025-04-26,21.0,83.0,0.0
2025-04-26,21.0,84.0,0.0
2025-04-26,21.0,85.0,0.0
2025-04-26,22.0,81.0,0.0
2025-04-26,22.0,82.0,0.0
2025-04-26,22.0,83.0,0.0
2025-04-26,22.0,84.0,0.0
2025-04-26,22.0,85.0,0.0
2025-04-26,23.0,81.0,0.0
2025-04-26,23.0,82.0,0.0
2025-04-26,23.0,83.0,0.0
2025-04-26,23.0,84.0,0.0
2025-04-26,23.0,85.0,0.0
2025-04-26,24.0,81.0,0.0
2025-04-26,24.0,82.0,0.0
2025-04-26,24.0,83.0,0.0
2025-04-26,24.0,84.0,0.0
2025-04-26,24.0,85.0,0.0
2025-04-27,18.0,81.0,0.0
2025-04-27,18.0,82.0,0.158
2025-04-27,18.0,83.0,0.11
2025-04-27,18.0,84.0,0.0
2025-04-27,19.0,81.0,24.74777777777778
2025-04-27,19.0,82.0,0.45666666666666667
2025-04-27,19.0,83.0,2.1644444444444444
2025-04-27,19.0,84.0,0.0
2025-04-27,19.0,85.0,0.0
2025-04-27,20.0,81.0,22.133333333333333
2025-04-27,20.0,82.0,19.3896
2025-04-27,20.0,83.0,12.269333333333332
2025-04-27,20.0,84.0,8.742
2025-04-27,20.0,85.0,2.5460000000000003
2025-04-27,21.0,81.0,4.336666666666667
2025-04-27,21.0,82.0,9.937333333333333
2025-04-27,21.0,83.0,17.32
2025-04-27,21.0,84.0,3.046
2025-04-27,21.0,85.0,7.956666666666666
2025-04-27,22.0,81.0,0.10866666666666666
2025-04-27,22.0,82.0,0.0316
2025-04-27,22.0,83.0,1.5993333333333333
2025-04-27,22.0,84.0,1.3844
2025-04-27,22.0,85.0,1.796
2025-04-27,23.0,81.0,0.06222222222222223
2025-04-27,23.0,82.0,0.0
2025-04-27,23.0,83.0,0.0
2025-04-27,23.0,84.0,0.12200000000000001
2025-04-27,23.0,85.0,0.0
2025-04-27,24.0,81.0,0.0
2025-04-27,24.0,82.0,0.0
2025-04-27,24.0,83.0,0.0
2025-04-27,24.0,84.0,0.0
2025-04-27,24.0,85.0,0.0
2025-04-28,18.0,81.0,0.0
2025-04-28,18.0,82.0,0.0
2025-04-28,18.0,83.0,0.0
2025-04-28,18.0,84.0,0.0
2025-04-28,19.0,81.0,0.1211111111111111
2025-04-28,19.0,82.0,0.0
2025-04-28,19.0,83.0,0.0
2025-04-28,19.0,84.0,0.6157142857142857
2025-04-28,19.0,85.0,0.0
2025-04-28,20.0,81.0,0.0
2025-04-28,20.0,82.0,0.0
2025-04-28,20.0,83.0,0.8293333333333333
2025-04-28,20.0,84.0,1.6392000000000002
2025-04-28,20.0,85.0,0.0
2025-04-28,21.0,81.0,1.3533333333333333
2025-04-28,21.0,82.0,1.1613333333333336
2025-04-28,21.0,83.0,1.8155555555555556
2025-04-28,21.0,84.0,0.6460000000000001
2025-04-28,21.0,85.0,0.0
2025-04-28,22.0,81.0,2.6446666666666667
2025-04-28,22.0,82.0,0.9704
2025-04-28,22.0,83.0,0.4253333333333334
2025-04-28,22.0,84.0,0.6531999999999999
2025-04-28,22.0,85.0,0.0
2025-04-28,23.0,81.0,0.3522222222222222
2025-04-28,23.0,82.0,2.466
2025-04-28,23.0,83.0,0.016666666666666666
2025-04-28,23.0,84.0,0.0
2025-04-28,23.0,85.0,0.0
2025-04-28,24.0,81.0,2.158666666666667
2025-04-28,24.0,82.0,1.0356
2025-04-28,24.0,83.0,0.08733333333333333
2025-04-28,24.0,84.0,0.30920000000000003
2025-04-28,24.0,85.0,0.596
2025-04-29,18.0,81.0,0.0
2025-04-29,18.0,82.0,4.728
2025-04-29,18.0,83.0,13.003333333333332
2025-04-29,18.0,84.0,3.0533333333333332
2025-04-29,19.0,81.0,0.0
2025-04-29,19.0,82.0,3.3093333333333335
2025-04-29,19.0,83.0,12.734444444444444
2025-04-29,19.0,84.0,10.105714285714287
2025-04-29,19.0,85.0,3.36
2025-04-29,20.0,81.0,0.0
2025-04-29,20.0,82.0,7.3591999999999995
2025-04-29,20.0,83.0,4.514666666666667
2025-04-29,20.0,84.0,4.7424
2025-04-29,20.0,85.0,5.7700000000000005
2025-04-29,21.0,81.0,2.3866666666666667
2025-04-29,21.0,82.0,6.397333333333333
2025-04-29,21.0,83.0,15.723333333333333
2025-04-29,21.0,84.0,2.1319999999999997
2025-04-29,21.0,85.0,0.14333333333333334
2025-04-29,22.0,81.0,0.8666666666666667
2025-04-29,22.0,82.0,1.4844
2025-04-29,22.0,83.0,2.2366666666666664
2025-04-29,22.0,84.0,0.6004
2025-04-29,22.0,85.0,0.0
2025-04-29,23.0,81.0,0.09222222222222223
2025-04-29,23.0,82.0,5.282666666666667
2025-04-29,23.0,83.0,10.032222222222222
2025-04-29,23.0,84.0,0.7686666666666667
2025-04-29,23.0,85.0,0.0
2025-04-29,24.0,81.0,0.0
2025-04-29,24.0,82.0,0.7143999999999999
2025-04-29,24.0,83.0,0.978
2025-04-29,24.0,84.0,2.6264
2025-04-29,24.0,85.0,0.0
2025-04-30,18.0,81.0,0.0
2025-04-30,18.0,82.0,1.97
2025-04-30,18.0,83.0,4.79
2025-04-30,18.0,84.0,13.633333333333335
2025-04-30,19.0,81.0,0.0
2025-04-30,19.0,82.0,1.0286666666666666
2025-04-30,19.0,83.0,4.8533333333333335
2025-04-30,19.0,84.0,16.79642857142857
2025-04-30,19.0,85.0,3.72
2025-04-30,20.0,81.0,1.6686666666666667
2025-04-30,20.0,82.0,7.740399999999999
2025-04-30,20.0,83.0,3.988
2025-04-30,20.0,84.0,12.9104
2025-04-30,20.0,85.0,19.052
2025-04-30,21.0,81.0,3.676666666666667
2025-04-30,21.0,82.0,4.6706666666666665
2025-04-30,21.0,83.0,1.4855555555555555
2025-04-30,21.0,84.0,5.272
2025-04-30,21.0,85.0,30.713333333333335
2025-04-30,22.0,81.0,0.8133333333333332
2025-04-30,22.0,82.0,2.0904
2025-04-30,22.0,83.0,2.8306666666666667
2025-04-30,22.0,84.0,10.228
2025-04-30,22.0,85.0,14.307999999999998
2025-04-30,23.0,81.0,1.8966666666666667
2025-04-30,23.0,82.0,6.223333333333333
2025-04-30,23.0,83.0,2.271111111111111
2025-04-30,23.0,84.0,8.363333333333333
2025-04-30,23.0,85.0,17.146666666666665
2025-04-30,24.0,81.0,0.02333333333333333
2025-04-30,24.0,82.0,0.9836
2025-04-30,24.0,83.0,2.5326666666666666
2025-04-30,24.0,84.0,1.7984
2025-04-30,24.0,85.0,1.498
2025-05-01,18.0,81.0,11.653333333333334
2025-05-01,18.0,82.0,4.4399999999999995
2025-05-01,18.0,83.0,9.153333333333334
2025-05-01,18.0,84.0,7.506666666666667
2025-05-01,19.0,81.0,6.024444444444445
2025-05-01,19.0,82.0,5.022
2025-05-01,19.0,83.0,3.7422222222222223
2025-05-01,19.0,84.0,2.4442857142857144
2025-05-01,19.0,85.0,0.0
2025-05-01,20.0,81.0,0.0
2025-05-01,20.0,82.0,1.2664
2025-05-01,20.0,83.0,2.0793333333333335
2025-05-01,20.0,84.0,1.916
2025-05-01,20.0,85.0,0.0
2025-05-01,21.0,81.0,0.0
2025-05-01,21.0,82.0,0.0
2025-05-01,21.0,83.0,2.3866666666666667
2025-05-01,21.0,84.0,1.4206666666666665
2025-05-01,21.0,85.0,0.0
2025-05-01,22.0,81.0,0.0
2025-05-01,22.0,82.0,0.218
2025-05-01,22.0,83.0,1.8826666666666665
2025-05-01,22.0,84.0,0.3728
2025-05-01,22.0,85.0,0.0
2025-05-01,23.0,81.0,0.0
2025-05-01,23.0,82.0,0.6080000000000001
2025-05-01,23.0,83.0,0.0
2025-05-01,23.0,84.0,0.0
2025-05-01,23.0,85.0,0.0
2025-05-01,24.0,81.0,0.14266666666666666
2025-05-01,24.0,82.0,0.49200000000000005
2025-05-01,24.0,83.0,0.0
2025-05-01,24.0,84.0,0.0
2025-05-01,24.0,85.0,0.0
2025-05-02,18.0,81.0,5.286666666666666
2025-05-02,18.0,82.0,7.044
2025-05-02,18.0,83.0,10.486666666666666
2025-05-02,18.0,84.0,9.516666666666667
2025-05-02,19.0,81.0,11.536666666666667
2025-05-02,19.0,82.0,2.0893333333333333
2025-05-02,19.0,83.0,4.46
2025-05-02,19.0,84.0,13.746428571428572
2025-05-02,19.0,85.0,3.81
2025-05-02,20.0,81.0,4.208666666666667
2025-05-02,20.0,82.0,4.894
2025-05-02,20.0,83.0,8.37
2025-05-02,20.0,84.0,12.5712
2025-05-02,20.0,85.0,3.056
2025-05-02,21.0,81.0,6.775555555555556
2025-05-02,21.0,82.0,7.961333333333333
2025-05-02,21.0,83.0,9.498888888888889
2025-05-02,21.0,84.0,3.279333333333333
2025-05-02,21.0,85.0,9.01
2025-05-02,22.0,81.0,2.022666666666667
2025-05-02,22.0,82.0,6.843999999999999
2025-05-02,22.0,83.0,4.271333333333333
2025-05-02,22.0,84.0,0.9808
2025-05-02,22.0,85.0,8.064
2025-05-02,23.0,81.0,9.703333333333333
2025-05-02,23.0,82.0,5.3726666666666665
2025-05-02,23.0,83.0,0.2944444444444445
2025-05-02,23.0,84.0,0.41133333333333333
2025-05-02,23.0,85.0,0.9466666666666667
2025-05-02,24.0,81.0,1.6506666666666667
2025-05-02,24.0,82.0,3.2188
2025-05-02,24.0,83.0,1.2266666666666666
2025-05-02,24.0,84.0,5.630799999999999
2025-05-02,24.0,85.0,8.236
2025-05-03,18.0,81.0,0.0
2025-05-03,18.0,82.0,0.11400000000000002
2025-05-03,18.0,83.0,0.08666666666666667
2025-05-03,18.0,84.0,0.0
2025-05-03,19.0,81.0,0.0
2025-05-03,19.0,82.0,0.0
2025-05-03,19.0,83.0,0.0
2025-05-03,19.0,84.0,0.0
2025-05-03,19.0,85.0,0.0
2025-05-03,20.0,81.0,0.0
2025-05-03,20.0,82.0,0.0
2025-05-03,20.0,83.0,0.0
2025-05-03,20.0,84.0,0.0
2025-05-03,20.0,85.0,0.0
2025-05-03,21.0,81.0,0.0
2025-05-03,21.0,82.0,0.0
2025-05-03,21.0,83.0,0.0
2025-05-03,21.0,84.0,0.0
2025-05-03,21.0,85.0,0.0
2025-05-03,22.0,81.0,0.30866666666666664
2025-05-03,22.0,82.0,0.1176
2025-05-03,22.0,83.0,0.0
2025-05-03,22.0,84.0,0.0
2025-05-03,22.0,85.0,0.0
2025-05-03,23.0,81.0,0.6277777777777778
2025-05-03,23.0,82.0,0.22333333333333333
2025-05-03,23.0,83.0,0.0
2025-05-03,23.0,84.0,0.0
2025-05-03,23.0,85.0,2.22
2025-05-03,24.0,81.0,0.058
2025-05-03,24.0,82.0,0.2004
2025-05-03,24.0,83.0,0.0
2025-05-03,24.0,84.0,0.0
2025-05-03,24.0,85.0,0.27999999999999997
2025-05-04,18.0,81.0,13.746666666666668
2025-05-04,18.0,82.0,8.242
2025-05-04,18.0,83.0,10.483333333333333
2025-05-04,18.0,84.0,1.0766666666666667
2025-05-04,19.0,81.0,16.844444444444445
2025-05-04,19.0,82.0,5.080666666666667
2025-05-04,19.0,83.0,19.20777777777778
2025-05-04,19.0,84.0,5.454999999999999
2025-05-04,19.0,85.0,2.89
2025-05-04,20.0,81.0,9.976666666666667
2025-05-04,20.0,82.0,12.594000000000001
2025-05-04,20.0,83.0,14.357333333333335
2025-05-04,20.0,84.0,14.5424
2025-05-04,20.0,85.0,5.66
2025-05-04,21.0,81.0,3.8966666666666665
2025-05-04,21.0,82.0,3.732666666666667
2025-05-04,21.0,83.0,5.297777777777778
2025-05-04,21.0,84.0,13.026
2025-05-04,21.0,85.0,16.996666666666666
2025-05-04,22.0,81.0,6.471333333333333
2025-05-04,22.0,82.0,5.582000000000001
2025-05-04,22.0,83.0,8.235333333333333
2025-05-04,22.0,84.0,10.357999999999999
2025-05-04,22.0,85.0,19.142
2025-05-04,23.0,81.0,1.0477777777777777
2025-05-04,23.0,82.0,8.405333333333333
2025-05-04,23.0,83.0,15.433333333333334
2025-05-04,23.0,84.0,4.438666666666666
2025-05-04,23.0,85.0,5.6866666666666665
2025-05-04,24.0,81.0,2.2426666666666666
2025-05-04,24.0,82.0,7.0476
2025-05-04,24.0,83.0,3.4433333333333334
2025-05-04,24.0,84.0,1.9043999999999999
2025-05-04,24.0,85.0,2.7199999999999998
2025-05-05,18.0,81.0,0.0
2025-05-05,18.0,82.0,3.8199999999999994
2025-05-05,18.0,83.0,1.01
2025-05-05,18.0,84.0,0.0
2025-05-05,19.0,81.0,0.0
2025-05-05,19.0,82.0,0.9253333333333332
2025-05-05,19.0,83.0,2.2544444444444443
2025-05-05,19.0,84.0,0.0
2025-05-05,19.0,85.0,0.0
2025-05-05,20.0,81.0,0.114
2025-05-05,20.0,82.0,0.0
2025-05-05,20.0,83.0,0.08466666666666667
2025-05-05,20.0,84.0,0.0
2025-05-05,20.0,85.0,0.0
2025-05-05,21.0,81.0,0.4855555555555556
2025-05-05,21.0,82.0,0.43200000000000005
2025-05-05,21.0,83.0,0.22111111111111112
2025-05-05,21.0,84.0,0.0
2025-05-05,21.0,85.0,0.0
2025-05-05,22.0,81.0,1.6933333333333331
2025-05-05,22.0,82.0,0.5056
2025-05-05,22.0,83.0,0.14466666666666667
2025-05-05,22.0,84.0,0.0
2025-05-05,22.0,85.0,0.0
2025-05-05,23.0,81.0,0.4955555555555555
2025-05-05,23.0,82.0,4.34
2025-05-05,23.0,83.0,1.6755555555555555
2025-05-05,23.0,84.0,0.10400000000000001
2025-05-05,23.0,85.0,0.13666666666666666
2025-05-05,24.0,81.0,0.042666666666666665
2025-05-05,24.0,82.0,0.8956000000000001
2025-05-05,24.0,83.0,2.3766666666666665
2025-05-05,24.0,84.0,1.7963999999999998
2025-05-05,24.0,85.0,2.668
2025-05-06,18.0,81.0,0.15
2025-05-06,18.0,82.0,0.0
2025-05-06,18.0,83.0,0.0
2025-05-06,18.0,84.0,0.0
2025-05-06,19.0,81.0,0.7366666666666667
2025-05-06,19.0,82.0,1.6713333333333333
2025-05-06,19.0,83.0,2.111111111111111
2025-05-06,19.0,84.0,0.0
2025-05-06,19.0,85.0,0.0
2025-05-06,20.0,81.0,3.0233333333333334
2025-05-06,20.0,82.0,2.6763999999999997
2025-05-06,20.0,83.0,1.8359999999999999
2025-05-06,20.0,84.0,2.116
2025-05-06,20.0,85.0,0.45
2025-05-06,21.0,81.0,1.7266666666666668
2025-05-06,21.0,82.0,0.21866666666666665
2025-05-06,21.0,83.0,0.09888888888888889
2025-05-06,21.0,84.0,1.8786666666666667
2025-05-06,21.0,85.0,2.07
2025-05-06,22.0,81.0,0.8326666666666667
2025-05-06,22.0,82.0,1.6835999999999998
2025-05-06,22.0,83.0,1.2833333333333334
2025-05-06,22.0,84.0,4.010400000000001
2025-05-06,22.0,85.0,3.8619999999999997
2025-05-06,23.0,81.0,0.0
2025-05-06,23.0,82.0,1.1593333333333333
2025-05-06,23.0,83.0,0.3611111111111111
2025-05-06,23.0,84.0,0.6613333333333333
2025-05-06,23.0,85.0,0.9366666666666666
2025-05-06,24.0,81.0,1.6186666666666667
2025-05-06,24.0,82.0,1.7431999999999999
2025-05-06,24.0,83.0,0.33999999999999997
2025-05-06,24.0,84.0,2.5008
2025-05-06,24.0,85.0,10.607999999999999
2025-05-07,18.0,81.0,0.0
2025-05-07,18.0,82.0,0.254
2025-05-07,18.0,83.0,0.19666666666666666
2025-05-07,18.0,84.0,0.0
2025-05-07,19.0,81.0,0.0
2025-05-07,19.0,82.0,0.012666666666666666
2025-05-07,19.0,83.0,0.0
2025-05-07,19.0,84.0,0.3535714285714286
2025-05-07,19.0,85.0,0.4
2025-05-07,20.0,81.0,0.07066666666666667
2025-05-07,20.0,82.0,0.0
2025-05-07,20.0,83.0,0.0
2025-05-07,20.0,84.0,0.0
2025-05-07,20.0,85.0,0.32599999999999996
2025-05-07,21.0,81.0,0.0
2025-05-07,21.0,82.0,0.0
2025-05-07,21.0,83.0,0.0
2025-05-07,21.0,84.0,0.0
2025-05-07,21.0,85.0,0.0
2025-05-07,22.0,81.0,0.0
2025-05-07,22.0,82.0,0.0
2025-05-07,22.0,83.0,0.0
2025-05-07,22.0,84.0,0.0
2025-05-07,22.0,85.0,0.0
2025-05-07,23.0,81.0,0.017777777777777778
2025-05-07,23.0,82.0,0.31466666666666665
2025-05-07,23.0,83.0,0.0
2025-05-07,23.0,84.0,0.0
2025-05-07,23.0,85.0,0.0
2025-05-07,24.0,81.0,0.082
2025-05-07,24.0,82.0,3.2788
2025-05-07,24.0,83.0,0.11066666666666668
2025-05-07,24.0,84.0,0.0
2025-05-07,24.0,85.0,0.0
2025-05-08,18.0,81.0,0.0
2025-05-08,18.0,82.0,1.778
2025-05-08,18.0,83.0,2.6599999999999997
2025-05-08,18.0,84.0,0.0
2025-05-08,19.0,81.0,9.027777777777779
2025-05-08,19.0,82.0,0.7673333333333333
2025-05-08,19.0,83.0,4.6
2025-05-08,19.0,84.0,1.602857142857143
2025-05-08,19.0,85.0,0.0
2025-05-08,20.0,81.0,2.001333333333333
2025-05-08,20.0,82.0,0.9436000000000001
2025-05-08,20.0,83.0,0.2786666666666667
2025-05-08,20.0,84.0,0.598
2025-05-08,20.0,85.0,0.0
2025-05-08,21.0,81.0,0.0
2025-05-08,21.0,82.0,0.0
2025-05-08,21.0,83.0,0.10777777777777778
2025-05-08,21.0,84.0,0.009333333333333334
2025-05-08,21.0,85.0,0.0
2025-05-08,22.0,81.0,0.0
2025-05-08,22.0,82.0,0.0
2025-05-08,22.0,83.0,0.0
2025-05-08,22.0,84.0,1.192
2025-05-08,22.0,85.0,0.0
2025-05-08,23.0,81.0,0.0
2025-05-08,23.0,82.0,0.0
2025-05-08,23.0,83.0,0.0
2025-05-08,23.0,84.0,1.394
2025-05-08,23.0,85.0,0.0
2025-05-08,24.0,81.0,0.020666666666666667
2025-05-08,24.0,82.0,0.3496
2025-05-08,24.0,83.0,0.043333333333333335
2025-05-08,24.0,84.0,0.0148
2025-05-08,24.0,85.0,0.0
2025-05-09,18.0,81.0,9.636666666666667
2025-05-09,18.0,82.0,3.166
2025-05-09,18.0,83.0,2.8699999999999997
2025-05-09,18.0,84.0,0.0
2025-05-09,19.0,81.0,16.63111111111111
2025-05-09,19.0,82.0,3.792666666666667
2025-05-09,19.0,83.0,4.121111111111111
2025-05-09,19.0,84.0,0.2957142857142857
2025-05-09,19.0,85.0,0.0
2025-05-09,20.0,81.0,6.713333333333334
2025-05-09,20.0,82.0,4.0424
2025-05-09,20.0,83.0,0.7593333333333334
2025-05-09,20.0,84.0,2.9412000000000003
2025-05-09,20.0,85.0,0.0
2025-05-09,21.0,81.0,0.05
2025-05-09,21.0,82.0,6.695333333333334
2025-05-09,21.0,83.0,0.26111111111111107
2025-05-09,21.0,84.0,1.0306666666666666
2025-05-09,21.0,85.0,0.0
2025-05-09,22.0,81.0,0.0
2025-05-09,22.0,82.0,0.308
2025-05-09,22.0,83.0,0.08333333333333333
2025-05-09,22.0,84.0,0.0
2025-05-09,22.0,85.0,0.10800000000000001
2025-05-09,23.0,81.0,0.06222222222222223
2025-05-09,23.0,82.0,0.5146666666666667
2025-05-09,23.0,83.0,0.23888888888888887
2025-05-09,23.0,84.0,0.007333333333333333
2025-05-09,23.0,85.0,0.0
2025-05-09,24.0,81.0,0.10866666666666666
2025-05-09,24.0,82.0,0.1852
2025-05-09,24.0,83.0,0.9206666666666667
2025-05-09,24.0,84.0,0.28800000000000003
2025-05-09,24.0,85.0,0.0
2025-05-10,18.0,81.0,0.0
2025-05-10,18.0,82.0,0.0
2025-05-10,18.0,83.0,0.05333333333333334
2025-05-10,18.0,84.0,0.0
2025-05-10,19.0,81.0,0.0
2025-05-10,19.0,82.0,0.0
2025-05-10,19.0,83.0,0.5522222222222222
2025-05-10,19.0,84.0,0.04214285714285714
2025-05-10,19.0,85.0,0.0
2025-05-10,20.0,81.0,0.0
2025-05-10,20.0,82.0,0.0
2025-05-10,20.0,83.0,0.0
2025-05-10,20.0,84.0,0.8604
2025-05-10,20.0,85.0,0.0
2025-05-10,21.0,81.0,0.0
2025-05-10,21.0,82.0,0.0
2025-05-10,21.0,83.0,0.0
2025-05-10,21.0,84.0,0.034
2025-05-10,21.0,85.0,0.0
2025-05-10,22.0,81.0,0.0
2025-05-10,22.0,82.0,0.0
2025-05-10,22.0,83.0,0.0
2025-05-10,22.0,84.0,0.0
2025-05-10,22.0,85.0,0.0
2025-05-10,23.0,81.0,0.0
2025-05-10,23.0,82.0,0.15
2025-05-10,23.0,83.0,0.0
2025-05-10,23.0,84.0,0.0
2025-05-10,23.0,85.0,0.0
2025-05-10,24.0,81.0,0.62
2025-05-10,24.0,82.0,0.15839999999999999
2025-05-10,24.0,83.0,0.38866666666666666
2025-05-10,24.0,84.0,0.15839999999999999
2025-05-10,24.0,85.0,0.0
2025-05-11,18.0,81.0,0.0
2025-05-11,18.0,82.0,0.0
2025-05-11,18.0,83.0,0.0
2025-05-11,18.0,84.0,0.0
2025-05-11,19.0,81.0,0.0
2025-05-11,19.0,82.0,0.0
2025-05-11,19.0,83.0,0.0
2025-05-11,19.0,84.0,0.0
2025-05-11,19.0,85.0,0.0
2025-05-11,20.0,81.0,0.0
2025-05-11,20.0,82.0,0.0
2025-05-11,20.0,83.0,0.0
2025-05-11,20.0,84.0,0.0
2025-05-11,20.0,85.0,0.0
2025-05-11,21.0,81.0,0.22555555555555554
2025-05-11,21.0,82.0,0.2
2025-05-11,21.0,83.0,0.0
2025-05-11,21.0,84.0,0.0
2025-05-11,21.0,85.0,0.0
2025-05-11,22.0,81.0,0.2233333333333333
2025-05-11,22.0,82.0,0.0268
2025-05-11,22.0,83.0,0.0
2025-05-11,22.0,84.0,0.0
2025-05-11,22.0,85.0,0.0
2025-05-11,23.0,81.0,1.2577777777777779
2025-05-11,23.0,82.0,0.46799999999999997
2025-05-11,23.0,83.0,0.0
2025-05-11,23.0,84.0,0.0
2025-05-11,23.0,85.0,0.0
2025-05-11,24.0,81.0,2.45
2025-05-11,24.0,82.0,1.6076
2025-05-11,24.0,83.0,0.08466666666666667
2025-05-11,24.0,84.0,0.0
2025-05-11,24.0,85.0,0.10600000000000001
2025-05-12,18.0,81.0,0.0
2025-05-12,18.0,82.0,0.0
2025-05-12,18.0,83.0,0.16333333333333336
2025-05-12,18.0,84.0,0.0
2025-05-12,19.0,81.0,0.0
2025-05-12,19.0,82.0,0.0
2025-05-12,19.0,83.0,2.3377777777777777
2025-05-12,19.0,84.0,0.0
2025-05-12,19.0,85.0,0.0
2025-05-12,20.0,81.0,0.1753333333333333
2025-05-12,20.0,82.0,0.0
2025-05-12,20.0,83.0,0.9706666666666667
2025-05-12,20.0,84.0,0.1956
2025-05-12,20.0,85.0,0.0
2025-05-12,21.0,81.0,0.0
2025-05-12,21.0,82.0,0.3186666666666667
2025-05-12,21.0,83.0,1.041111111111111
2025-05-12,21.0,84.0,0.050666666666666665
2025-05-12,21.0,85.0,0.0
2025-05-12,22.0,81.0,0.0
2025-05-12,22.0,82.0,0.7088000000000001
2025-05-12,22.0,83.0,0.158
2025-05-12,22.0,84.0,0.0048
2025-05-12,22.0,85.0,0.0
2025-05-12,23.0,81.0,0.0
2025-05-12,23.0,82.0,0.12266666666666667
2025-05-12,23.0,83.0,0.0
2025-05-12,23.0,84.0,0.0
2025-05-12,23.0,85.0,0.0
2025-05-12,24.0,81.0,0.04066666666666666
2025-05-12,24.0,82.0,0.1184
2025-05-12,24.0,83.0,1.0673333333333335
2025-05-12,24.0,84.0,0.0
2025-05-12,24.0,85.0,0.0
2025-05-13,18.0,81.0,0.0
2025-05-13,18.0,82.0,0.057999999999999996
2025-05-13,18.0,83.0,2.3666666666666667
2025-05-13,18.0,84.0,6.386666666666667
2025-05-13,19.0,81.0,0.0
2025-05-13,19.0,82.0,0.076
2025-05-13,19.0,83.0,2.977777777777778
2025-05-13,19.0,84.0,9.525714285714287
2025-05-13,19.0,85.0,10.34
2025-05-13,20.0,81.0,0.09066666666666666
2025-05-13,20.0,82.0,0.0
2025-05-13,20.0,83.0,1.7073333333333334
2025-05-13,20.0,84.0,0.9128000000000001
2025-05-13,20.0,85.0,1.834
2025-05-13,21.0,81.0,0.0
2025-05-13,21.0,82.0,0.05533333333333334
2025-05-13,21.0,83.0,3.888888888888889
2025-05-13,21.0,84.0,0.0
2025-05-13,21.0,85.0,0.0
2025-05-13,22.0,81.0,0.0
2025-05-13,22.0,82.0,0.0
2025-05-13,22.0,83.0,0.40399999999999997
2025-05-13,22.0,84.0,0.36879999999999996
2025-05-13,22.0,85.0,0.6859999999999999
2025-05-13,23.0,81.0,0.0
2025-05-13,23.0,82.0,0.0
2025-05-13,23.0,83.0,0.0
2025-05-13,23.0,84.0,0.104
2025-05-13,23.0,85.0,0.5566666666666666
2025-05-13,24.0,81.0,0.0
2025-05-13,24.0,82.0,0.0
2025-05-13,24.0,83.0,0.0
2025-05-13,24.0,84.0,0.0
2025-05-13,24.0,85.0,0.078
2025-05-14,18.0,81.0,26.58
2025-05-14,18.0,82.0,1.466
2025-05-14,18.0,83.0,0.9433333333333334
2025-05-14,18.0,84.0,0.0
2025-05-14,19.0,81.0,14.443333333333335
2025-05-14,19.0,82.0,0.7539999999999999
2025-05-14,19.0,83.0,15.050000000000002
2025-05-14,19.0,84.0,0.78
2025-05-14,19.0,85.0,0.43
2025-05-14,20.0,81.0,0.12200000000000001
2025-05-14,20.0,82.0,1.9496
2025-05-14,20.0,83.0,3.332
2025-05-14,20.0,84.0,8.562000000000001
2025-05-14,20.0,85.0,2.168
2025-05-14,21.0,81.0,0.15555555555555556
2025-05-14,21.0,82.0,0.082
2025-05-14,21.0,83.0,5.31
2025-05-14,21.0,84.0,3.491333333333333
2025-05-14,21.0,85.0,1.47
2025-05-14,22.0,81.0,4.6693333333333324
2025-05-14,22.0,82.0,0.2772
2025-05-14,22.0,83.0,2.064
2025-05-14,22.0,84.0,1.9007999999999998
2025-05-14,22.0,85.0,4.1419999999999995
2025-05-14,23.0,81.0,0.9655555555555557
2025-05-14,23.0,82.0,0.0
2025-05-14,23.0,83.0,0.0
2025-05-14,23.0,84.0,0.4126666666666666
2025-05-14,23.0,85.0,0.0
2025-05-14,24.0,81.0,0.0
2025-05-14,24.0,82.0,0.0
2025-05-14,24.0,83.0,0.0
2025-05-14,24.0,84.0,0.055600000000000004
2025-05-14,24.0,85.0,0.0
2025-05-15,18.0,81.0,1.6866666666666668
2025-05-15,18.0,82.0,8.074000000000002
2025-05-15,18.0,83.0,4.183333333333334
2025-05-15,18.0,84.0,1.1733333333333333
2025-05-15,19.0,81.0,0.7466666666666666
2025-05-15,19.0,82.0,0.2833333333333333
2025-05-15,19.0,83.0,0.24444444444444446
2025-05-15,19.0,84.0,12.438571428571427
2025-05-15,19.0,85.0,5.07
2025-05-15,20.0,81.0,0.3106666666666667
2025-05-15,20.0,82.0,1.74
2025-05-15,20.0,83.0,4.121333333333334
2025-05-15,20.0,84.0,9.6264
2025-05-15,20.0,85.0,5.458
2025-05-15,21.0,81.0,0.0
2025-05-15,21.0,82.0,0.02733333333333333
2025-05-15,21.0,83.0,4.721111111111111
2025-05-15,21.0,84.0,3.1246666666666667
2025-05-15,21.0,85.0,9.776666666666666
2025-05-15,22.0,81.0,0.0
2025-05-15,22.0,82.0,0.0
2025-05-15,22.0,83.0,0.402
2025-05-15,22.0,84.0,0.0
2025-05-15,22.0,85.0,0.0
2025-05-15,23.0,81.0,0.0
2025-05-15,23.0,82.0,0.03866666666666667
2025-05-15,23.0,83.0,0.051111111111111114
2025-05-15,23.0,84.0,0.21133333333333332
2025-05-15,23.0,85.0,0.0
2025-05-15,24.0,81.0,0.0
2025-05-15,24.0,82.0,0.0
2025-05-15,24.0,83.0,0.0
2025-05-15,24.0,84.0,0.1728
2025-05-15,24.0,85.0,0.0
2025-05-16,18.0,81.0,24.956666666666667
2025-05-16,18.0,82.0,2.8600000000000003
2025-05-16,18.0,83.0,5.830000000000001
2025-05-16,18.0,84.0,1.6533333333333333
2025-05-16,19.0,81.0,17.263333333333335
2025-05-16,19.0,82.0,1.4040000000000001
2025-05-16,19.0,83.0,7.115555555555556
2025-05-16,19.0,84.0,0.185
2025-05-16,19.0,85.0,0.0
2025-05-16,20.0,81.0,4.456
2025-05-16,20.0,82.0,5.4364
2025-05-16,20.0,83.0,3.329333333333333
2025-05-16,20.0,84.0,4.5152
2025-05-16,20.0,85.0,0.0
2025-05-16,21.0,81.0,0.5544444444444444
2025-05-16,21.0,82.0,9.136
2025-05-16,21.0,83.0,6.568888888888889
2025-05-16,21.0,84.0,0.6873333333333334
2025-05-16,21.0,85.0,5.4799999999999995
2025-05-16,22.0,81.0,0.36133333333333334
2025-05-16,22.0,82.0,0.4364
2025-05-16,22.0,83.0,3.457333333333333
2025-05-16,22.0,84.0,0.8640000000000001
2025-05-16,22.0,85.0,3.162
2025-05-16,23.0,81.0,0.021111111111111112
2025-05-16,23.0,82.0,0.012666666666666666
2025-05-16,23.0,83.0,1.03
2025-05-16,23.0,84.0,0.0
2025-05-16,23.0,85.0,2.606666666666667
2025-05-16,24.0,81.0,0.0
2025-05-16,24.0,82.0,0.0
2025-05-16,24.0,83.0,0.0
2025-05-16,24.0,84.0,0.0
2025-05-16,24.0,85.0,0.0
2025-05-17,18.0,81.0,1.1766666666666667
2025-05-17,18.0,82.0,0.44800000000000006
2025-05-17,18.0,83.0,3.6633333333333336
2025-05-17,18.0,84.0,0.06666666666666667
2025-05-17,19.0,81.0,7.141111111111111
2025-05-17,19.0,82.0,0.41333333333333333
2025-05-17,19.0,83.0,5.435555555555556
2025-05-17,19.0,84.0,4.196428571428571
2025-05-17,19.0,85.0,0.0
2025-05-17,20.0,81.0,12.847333333333333
2025-05-17,20.0,82.0,11.6088
2025-05-17,20.0,83.0,5.287333333333334
2025-05-17,20.0,84.0,6.8488
2025-05-17,20.0,85.0,5.866
2025-05-17,21.0,81.0,12.47
2025-05-17,21.0,82.0,15.548666666666666
2025-05-17,21.0,83.0,3.453333333333333
2025-05-17,21.0,84.0,0.16666666666666666
2025-05-17,21.0,85.0,2.1
2025-05-17,22.0,81.0,5.131333333333333
2025-05-17,22.0,82.0,2.4032
2025-05-17,22.0,83.0,0.112
2025-05-17,22.0,84.0,0.6472
2025-05-17,22.0,85.0,0.0
2025-05-17,23.0,81.0,0.0
2025-05-17,23.0,82.0,0.0
2025-05-17,23.0,83.0,0.0
2025-05-17,23.0,84.0,0.40066666666666667
2025-05-17,23.0,85.0,8.436666666666667
2025-05-17,24.0,81.0,0.0
2025-05-17,24.0,82.0,0.0
2025-05-17,24.0,83.0,0.0
2025-05-17,24.0,84.0,0.0
2025-05-17,24.0,85.0,1.254
2025-05-18,18.0,81.0,0.0
2025-05-18,18.0,82.0,2.932
2025-05-18,18.0,83.0,10.47
2025-05-18,18.0,84.0,2.65
2025-05-18,19.0,81.0,0.0
2025-05-18,19.0,82.0,0.6686666666666666
2025-05-18,19.0,83.0,3.632222222222222
2025-05-18,19.0,84.0,1.0435714285714286
2025-05-18,19.0,85.0,1.06
2025-05-18,20.0,81.0,0.08600000000000001
2025-05-18,20.0,82.0,0.4668
2025-05-18,20.0,83.0,0.4726666666666667
2025-05-18,20.0,84.0,1.8772
2025-05-18,20.0,85.0,0.82
2025-05-18,21.0,81.0,0.7722222222222223
2025-05-18,21.0,82.0,1.144
2025-05-18,21.0,83.0,0.3422222222222222
2025-05-18,21.0,84.0,0.17600000000000002
2025-05-18,21.0,85.0,0.0
2025-05-18,22.0,81.0,2.9373333333333336
2025-05-18,22.0,82.0,5.4688
2025-05-18,22.0,83.0,0.078
2025-05-18,22.0,84.0,1.3844
2025-05-18,22.0,85.0,4.36
2025-05-18,23.0,81.0,1.1666666666666667
2025-05-18,23.0,82.0,4.6466666666666665
2025-05-18,23.0,83.0,1.2644444444444445
2025-05-18,23.0,84.0,0.31799999999999995
2025-05-18,23.0,85.0,8.413333333333332
2025-05-18,24.0,81.0,0.04733333333333333
2025-05-18,24.0,82.0,0.1696
2025-05-18,24.0,83.0,0.42533333333333334
2025-05-18,24.0,84.0,0.0124
2025-05-18,24.0,85.0,1.998
2025-05-19,18.0,81.0,0.0
2025-05-19,18.0,82.0,0.7
2025-05-19,18.0,83.0,3.2099999999999995
2025-05-19,18.0,84.0,3.0499999999999994
2025-05-19,19.0,81.0,0.0
2025-05-19,19.0,82.0,0.032
2025-05-19,19.0,83.0,2.1622222222222223
2025-05-19,19.0,84.0,6.772142857142858
2025-05-19,19.0,85.0,1.44
2025-05-19,20.0,81.0,0.21866666666666668
2025-05-19,20.0,82.0,0.47840000000000005
2025-05-19,20.0,83.0,0.05466666666666666
2025-05-19,20.0,84.0,1.0856000000000001
2025-05-19,20.0,85.0,0.324
2025-05-19,21.0,81.0,0.9355555555555556
2025-05-19,21.0,82.0,1.8526666666666667
2025-05-19,21.0,83.0,0.9422222222222223
2025-05-19,21.0,84.0,0.39666666666666667
2025-05-19,21.0,85.0,0.0
2025-05-19,22.0,81.0,0.38466666666666666
2025-05-19,22.0,82.0,0.3328
2025-05-19,22.0,83.0,0.444
2025-05-19,22.0,84.0,3.7184
2025-05-19,22.0,85.0,7.202000000000001
2025-05-19,23.0,81.0,0.09111111111111111
2025-05-19,23.0,82.0,0.7386666666666667
2025-05-19,23.0,83.0,0.051111111111111114
2025-05-19,23.0,84.0,3.4466666666666668
2025-05-19,23.0,85.0,11.646666666666667
2025-05-19,24.0,81.0,1.0126666666666666
2025-05-19,24.0,82.0,2.0727999999999995
2025-05-19,24.0,83.0,1.0213333333333334
2025-05-19,24.0,84.0,0.4568
2025-05-19,24.0,85.0,2.932
2025-05-20,18.0,81.0,9.463333333333333
2025-05-20,18.0,82.0,3.474
2025-05-20,18.0,83.0,6.546666666666667
2025-05-20,18.0,84.0,17.123333333333335
2025-05-20,19.0,81.0,3.051111111111111
2025-05-20,19.0,82.0,1.082
2025-05-20,19.0,83.0,0.8966666666666667
2025-05-20,19.0,84.0,4.505714285714285
2025-05-20,19.0,85.0,12.28
2025-05-20,20.0,81.0,2.6146666666666665
2025-05-20,20.0,82.0,0.5372
2025-05-20,20.0,83.0,0.016
2025-05-20,20.0,84.0,1.7435999999999998
2025-05-20,20.0,85.0,2.306
2025-05-20,21.0,81.0,0.0
2025-05-20,21.0,82.0,0.0
2025-05-20,21.0,83.0,0.2688888888888889
2025-05-20,21.0,84.0,0.02266666666666667
2025-05-20,21.0,85.0,0.0
2025-05-20,22.0,81.0,0.8173333333333334
2025-05-20,22.0,82.0,1.5292000000000001
2025-05-20,22.0,83.0,0.03066666666666667
2025-05-20,22.0,84.0,2.1864
2025-05-20,22.0,85.0,0.066
2025-05-20,23.0,81.0,7.196666666666666
2025-05-20,23.0,82.0,1.7800000000000002
2025-05-20,23.0,83.0,0.0
2025-05-20,23.0,84.0,0.9186666666666666
2025-05-20,23.0,85.0,0.0
2025-05-20,24.0,81.0,0.9760000000000001
2025-05-20,24.0,82.0,3.2828
2025-05-20,24.0,83.0,0.15533333333333335
2025-05-20,24.0,84.0,0.8964
2025-05-20,24.0,85.0,0.0
2025-05-21,18.0,81.0,0.3433333333333333
2025-05-21,18.0,82.0,4.608
2025-05-21,18.0,83.0,8.646666666666667
2025-05-21,18.0,84.0,5.763333333333333
2025-05-21,19.0,81.0,1.9122222222222218
2025-05-21,19.0,82.0,0.18533333333333332
2025-05-21,19.0,83.0,1.3033333333333335
2025-05-21,19.0,84.0,7.498571428571429
2025-05-21,19.0,85.0,16.96
2025-05-21,20.0,81.0,0.42066666666666663
2025-05-21,20.0,82.0,0.0
2025-05-21,20.0,83.0,0.5660000000000001
2025-05-21,20.0,84.0,2.108
2025-05-21,20.0,85.0,4.35
2025-05-21,21.0,81.0,0.36000000000000004
2025-05-21,21.0,82.0,0.388
2025-05-21,21.0,83.0,0.0
2025-05-21,21.0,84.0,0.0
2025-05-21,21.0,85.0,0.0
2025-05-21,22.0,81.0,1.1066666666666667
2025-05-21,22.0,82.0,0.8592
2025-05-21,22.0,83.0,0.0
2025-05-21,22.0,84.0,0.22200000000000003
2025-05-21,22.0,85.0,0.44800000000000006
2025-05-21,23.0,81.0,0.9944444444444446
2025-05-21,23.0,82.0,0.226
2025-05-21,23.0,83.0,0.0
2025-05-21,23.0,84.0,0.5053333333333333
2025-05-21,23.0,85.0,1.36
2025-05-21,24.0,81.0,0.034
2025-05-21,24.0,82.0,0.032
2025-05-21,24.0,83.0,0.16
2025-05-21,24.0,84.0,1.7436
2025-05-21,24.0,85.0,8.692
2025-05-22,18.0,81.0,9.71
2025-05-22,18.0,82.0,4.176
2025-05-22,18.0,83.0,7.176666666666667
2025-05-22,18.0,84.0,1.7166666666666666
2025-05-22,19.0,81.0,14.834444444444443
2025-05-22,19.0,82.0,4.484
2025-05-22,19.0,83.0,3.7877777777777775
2025-05-22,19.0,84.0,3.8228571428571425
2025-05-22,19.0,85.0,0.0
2025-05-22,20.0,81.0,17.211333333333336
2025-05-22,20.0,82.0,5.215199999999999
2025-05-22,20.0,83.0,2.0733333333333333
2025-05-22,20.0,84.0,1.7116
2025-05-22,20.0,85.0,0.174
2025-05-22,21.0,81.0,13.775555555555556
2025-05-22,21.0,82.0,6.648666666666667
2025-05-22,21.0,83.0,6.613333333333333
2025-05-22,21.0,84.0,2.253333333333333
2025-05-22,21.0,85.0,0.13333333333333333
2025-05-22,22.0,81.0,9.692666666666666
2025-05-22,22.0,82.0,9.5296
2025-05-22,22.0,83.0,2.1786666666666665
2025-05-22,22.0,84.0,2.2324
2025-05-22,22.0,85.0,3.8019999999999996
2025-05-22,23.0,81.0,0.0
2025-05-22,23.0,82.0,4.386
2025-05-22,23.0,83.0,0.9355555555555556
2025-05-22,23.0,84.0,7.87
2025-05-22,23.0,85.0,13.186666666666667
2025-05-22,24.0,81.0,2.734
2025-05-22,24.0,82.0,2.0776
2025-05-22,24.0,83.0,1.0633333333333332
2025-05-22,24.0,84.0,3.6808000000000005
2025-05-22,24.0,85.0,12.001999999999999
2025-05-23,18.0,81.0,5.163333333333333
2025-05-23,18.0,82.0,20.264
2025-05-23,18.0,83.0,10.506666666666668
2025-05-23,18.0,84.0,0.0
2025-05-23,19.0,81.0,38.035555555555554
2025-05-23,19.0,82.0,39.32866666666666
2025-05-23,19.0,83.0,45.10555555555556
2025-05-23,19.0,84.0,6.713571428571428
2025-05-23,19.0,85.0,0.44
2025-05-23,20.0,81.0,32.766
2025-05-23,20.0,82.0,26.522800000000004
2025-05-23,20.0,83.0,26.098000000000003
2025-05-23,20.0,84.0,31.6784
2025-05-23,20.0,85.0,30.368000000000002
2025-05-23,21.0,81.0,4.053333333333333
2025-05-23,21.0,82.0,1.8719999999999999
2025-05-23,21.0,83.0,23.503333333333334
2025-05-23,21.0,84.0,25.98
2025-05-23,21.0,85.0,15.15
2025-05-23,22.0,81.0,0.05
2025-05-23,22.0,82.0,0.22039999999999998
2025-05-23,22.0,83.0,1.1660000000000001
2025-05-23,22.0,84.0,3.1064
2025-05-23,22.0,85.0,2.6380000000000003
2025-05-23,23.0,81.0,0.0
2025-05-23,23.0,82.0,0.0
2025-05-23,23.0,83.0,1.3788888888888886
2025-05-23,23.0,84.0,0.022000000000000002
2025-05-23,23.0,85.0,0.0
2025-05-23,24.0,81.0,0.01933333333333333
2025-05-23,24.0,82.0,0.0
2025-05-23,24.0,83.0,16.063333333333333
2025-05-23,24.0,84.0,3.1532
2025-05-23,24.0,85.0,0.29
2025-05-24,18.0,81.0,0.31333333333333335
2025-05-24,18.0,82.0,0.0
2025-05-24,18.0,83.0,1.7533333333333332
2025-05-24,18.0,84.0,0.94
2025-05-24,19.0,81.0,0.29444444444444445
2025-05-24,19.0,82.0,0.362
2025-05-24,19.0,83.0,1.3144444444444445
2025-05-24,19.0,84.0,0.0
2025-05-24,19.0,85.0,6.71
2025-05-24,20.0,81.0,3.6893333333333334
2025-05-24,20.0,82.0,0.9884000000000001
2025-05-24,20.0,83.0,3.1719999999999997
2025-05-24,20.0,84.0,11.362
2025-05-24,20.0,85.0,29.172000000000004
2025-05-24,21.0,81.0,12.115555555555554
2025-05-24,21.0,82.0,5.884666666666666
2025-05-24,21.0,83.0,11.957777777777778
2025-05-24,21.0,84.0,13.249333333333334
2025-05-24,21.0,85.0,13.64
2025-05-24,22.0,81.0,0.1
2025-05-24,22.0,82.0,0.5352
2025-05-24,22.0,83.0,3.4440000000000004
2025-05-24,22.0,84.0,4.0272
2025-05-24,22.0,85.0,5.66
2025-05-24,23.0,81.0,0.23666666666666666
2025-05-24,23.0,82.0,0.29933333333333334
2025-05-24,23.0,83.0,0.04111111111111111
2025-05-24,23.0,84.0,0.30999999999999994
2025-05-24,23.0,85.0,0.37999999999999995
2025-05-24,24.0,81.0,5.361999999999999
2025-05-24,24.0,82.0,0.6672
2025-05-24,24.0,83.0,1.7093333333333334
2025-05-24,24.0,84.0,2.2276
2025-05-24,24.0,85.0,0.6779999999999999
2025-05-25,18.0,81.0,2.12
2025-05-25,18.0,82.0,1.954
2025-05-25,18.0,83.0,2.92
2025-05-25,18.0,84.0,1.2566666666666666
2025-05-25,19.0,81.0,6.12
2025-05-25,19.0,82.0,0.3793333333333333
2025-05-25,19.0,83.0,13.053333333333335
2025-05-25,19.0,84.0,0.05357142857142857
2025-05-25,19.0,85.0,0.0
2025-05-25,20.0,81.0,10.062666666666667
2025-05-25,20.0,82.0,3.1519999999999997
2025-05-25,20.0,83.0,9.413333333333332
2025-05-25,20.0,84.0,9.2772
2025-05-25,20.0,85.0,17.21
2025-05-25,21.0,81.0,16.705555555555556
2025-05-25,21.0,82.0,13.913333333333332
2025-05-25,21.0,83.0,5.6433333333333335
2025-05-25,21.0,84.0,3.869333333333333
2025-05-25,21.0,85.0,5.670000000000001
2025-05-25,22.0,81.0,4.092
2025-05-25,22.0,82.0,4.758
2025-05-25,22.0,83.0,2.941333333333333
2025-05-25,22.0,84.0,4.9436
2025-05-25,22.0,85.0,7.5280000000000005
2025-05-25,23.0,81.0,4.975555555555555
2025-05-25,23.0,82.0,3.804666666666667
2025-05-25,23.0,83.0,7.108888888888889
2025-05-25,23.0,84.0,1.7013333333333334
2025-05-25,23.0,85.0,0.0
2025-05-25,24.0,81.0,0.6066666666666667
2025-05-25,24.0,82.0,6.7172
2025-05-25,24.0,83.0,4.3966666666666665
2025-05-25,24.0,84.0,4.0936
2025-05-25,24.0,85.0,4.766
2025-05-26,18.0,81.0,0.0
2025-05-26,18.0,82.0,3.022
2025-05-26,18.0,83.0,16.966666666666665
2025-05-26,18.0,84.0,10.08
2025-05-26,19.0,81.0,0.0
2025-05-26,19.0,82.0,0.14133333333333334
2025-05-26,19.0,83.0,3.6611111111111114
2025-05-26,19.0,84.0,9.522857142857143
2025-05-26,19.0,85.0,5.45
2025-05-26,20.0,81.0,1.2280000000000002
2025-05-26,20.0,82.0,2.8939999999999997
2025-05-26,20.0,83.0,0.8966666666666666
2025-05-26,20.0,84.0,8.139199999999999
2025-05-26,20.0,85.0,1.08
2025-05-26,21.0,81.0,3.974444444444444
2025-05-26,21.0,82.0,5.884666666666666
2025-05-26,21.0,83.0,8.103333333333332
2025-05-26,21.0,84.0,2.8179999999999996
2025-05-26,21.0,85.0,1.38
2025-05-26,22.0,81.0,1.8046666666666666
2025-05-26,22.0,82.0,2.256
2025-05-26,22.0,83.0,3.6473333333333335
2025-05-26,22.0,84.0,9.0252
2025-05-26,22.0,85.0,1.886
2025-05-26,23.0,81.0,2.8755555555555556
2025-05-26,23.0,82.0,2.5686666666666667
2025-05-26,23.0,83.0,2.106666666666667
2025-05-26,23.0,84.0,4.518
2025-05-26,23.0,85.0,14.586666666666668
2025-05-26,24.0,81.0,0.24666666666666665
2025-05-26,24.0,82.0,1.5784
2025-05-26,24.0,83.0,2.7146666666666666
2025-05-26,24.0,84.0,3.2924
2025-05-26,24.0,85.0,18.814
2025-05-27,18.0,81.0,0.0
2025-05-27,18.0,82.0,4.17
2025-05-27,18.0,83.0,6.453333333333333
2025-05-27,18.0,84.0,11.273333333333333
2025-05-27,19.0,81.0,8.025555555555556
2025-05-27,19.0,82.0,14.832666666666666
2025-05-27,19.0,83.0,11.873333333333333
2025-05-27,19.0,84.0,4.823571428571428
2025-05-27,19.0,85.0,0.0
2025-05-27,20.0,81.0,7.976
2025-05-27,20.0,82.0,21.5744
2025-05-27,20.0,83.0,16.88266666666667
2025-05-27,20.0,84.0,5.377999999999999
2025-05-27,20.0,85.0,0.6759999999999999
2025-05-27,21.0,81.0,1.3288888888888888
2025-05-27,21.0,82.0,2.614
2025-05-27,21.0,83.0,13.193333333333333
2025-05-27,21.0,84.0,1.9466666666666665
2025-05-27,21.0,85.0,13.506666666666666
2025-05-27,22.0,81.0,1.1173333333333335
2025-05-27,22.0,82.0,2.6244
2025-05-27,22.0,83.0,1.6640000000000001
2025-05-27,22.0,84.0,6.530399999999999
2025-05-27,22.0,85.0,5.414
2025-05-27,23.0,81.0,0.9522222222222223
2025-05-27,23.0,82.0,1.316
2025-05-27,23.0,83.0,2.2066666666666666
2025-05-27,23.0,84.0,1.4466666666666665
2025-05-27,23.0,85.0,0.0
2025-05-27,24.0,81.0,0.082
2025-05-27,24.0,82.0,0.18960000000000002
2025-05-27,24.0,83.0,1.0846666666666667
2025-05-27,24.0,84.0,0.722
2025-05-27,24.0,85.0,10.342
2025-05-28,18.0,81.0,58.830000000000005
2025-05-28,18.0,82.0,5.178
2025-05-28,18.0,83.0,28.103333333333335
2025-05-28,18.0,84.0,24.62
2025-05-28,19.0,81.0,27.006666666666668
2025-05-28,19.0,82.0,2.146666666666667
2025-05-28,19.0,83.0,18.186666666666667
2025-05-28,19.0,84.0,49.04642857142857
2025-05-28,19.0,85.0,21.75
2025-05-28,20.0,81.0,10.005333333333333
2025-05-28,20.0,82.0,5.5428
2025-05-28,20.0,83.0,16.650666666666666
2025-05-28,20.0,84.0,23.7944
2025-05-28,20.0,85.0,0.632
2025-05-28,21.0,81.0,14.597777777777777
2025-05-28,21.0,82.0,8.725333333333333
2025-05-28,21.0,83.0,3.4033333333333333
2025-05-28,21.0,84.0,16.963333333333335
2025-05-28,21.0,85.0,2.9066666666666667
2025-05-28,22.0,81.0,5.585333333333334
2025-05-28,22.0,82.0,7.981599999999999
2025-05-28,22.0,83.0,16.359333333333336
2025-05-28,22.0,84.0,14.040799999999999
2025-05-28,22.0,85.0,4.148
2025-05-28,23.0,81.0,5.1033333333333335
2025-05-28,23.0,82.0,2.0993333333333335
2025-05-28,23.0,83.0,13.325555555555557
2025-05-28,23.0,84.0,6.477333333333333
2025-05-28,23.0,85.0,0.0
2025-05-28,24.0,81.0,0.0
2025-05-28,24.0,82.0,0.3824
2025-05-28,24.0,83.0,1.63
2025-05-28,24.0,84.0,9.124400000000001
2025-05-28,24.0,85.0,0.27799999999999997
2025-05-29,18.0,81.0,5.3566666666666665
2025-05-29,18.0,82.0,7.215999999999999
2025-05-29,18.0,83.0,4.913333333333334
2025-05-29,18.0,84.0,1.4566666666666668
2025-05-29,19.0,81.0,1.5566666666666666
2025-05-29,19.0,82.0,11.296
2025-05-29,19.0,83.0,6.026666666666667
2025-05-29,19.0,84.0,5.947142857142857
2025-05-29,19.0,85.0,30.72
2025-05-29,20.0,81.0,2.405333333333333
2025-05-29,20.0,82.0,5.7784
2025-05-29,20.0,83.0,18.673333333333336
2025-05-29,20.0,84.0,22.7
2025-05-29,20.0,85.0,21.616
2025-05-29,21.0,81.0,8.437777777777777
2025-05-29,21.0,82.0,1.0926666666666667
2025-05-29,21.0,83.0,15.58888888888889
2025-05-29,21.0,84.0,27.262666666666668
2025-05-29,21.0,85.0,16.27
2025-05-29,22.0,81.0,9.383333333333333
2025-05-29,22.0,82.0,0.9668000000000001
2025-05-29,22.0,83.0,5.322666666666667
2025-05-29,22.0,84.0,6.2896
2025-05-29,22.0,85.0,2.4979999999999998
2025-05-29,23.0,81.0,3.101111111111111
2025-05-29,23.0,82.0,0.27799999999999997
2025-05-29,23.0,83.0,6.634444444444444
2025-05-29,23.0,84.0,0.8073333333333333
2025-05-29,23.0,85.0,3.19
2025-05-29,24.0,81.0,1.358
2025-05-29,24.0,82.0,0.5284
2025-05-29,24.0,83.0,0.12733333333333333
2025-05-29,24.0,84.0,0.1796
2025-05-29,24.0,85.0,1.204
2025-05-30,18.0,81.0,4.223333333333334
2025-05-30,18.0,82.0,10.336
2025-05-30,18.0,83.0,0.8866666666666667
2025-05-30,18.0,84.0,0.71
2025-05-30,19.0,81.0,3.058888888888889
2025-05-30,19.0,82.0,6.683333333333334
2025-05-30,19.0,83.0,2.251111111111111
2025-05-30,19.0,84.0,2.2714285714285714
2025-05-30,19.0,85.0,1.07
2025-05-30,20.0,81.0,5.952
2025-05-30,20.0,82.0,0.5472
2025-05-30,20.0,83.0,5.281333333333333
2025-05-30,20.0,84.0,3.0892
2025-05-30,20.0,85.0,0.022
2025-05-30,21.0,81.0,1.0644444444444443
2025-05-30,21.0,82.0,3.009333333333333
2025-05-30,21.0,83.0,5.838888888888889
2025-05-30,21.0,84.0,7.376666666666667
2025-05-30,21.0,85.0,0.0
2025-05-30,22.0,81.0,6.896
2025-05-30,22.0,82.0,2.8336
2025-05-30,22.0,83.0,4.124
2025-05-30,22.0,84.0,8.02
2025-05-30,22.0,85.0,7.775999999999999
2025-05-30,23.0,81.0,2.811111111111111
2025-05-30,23.0,82.0,1.9720000000000002
2025-05-30,23.0,83.0,1.4566666666666666
2025-05-30,23.0,84.0,4.551333333333333
2025-05-30,23.0,85.0,2.05
2025-05-30,24.0,81.0,0.09466666666666666
2025-05-30,24.0,82.0,0.8648
2025-05-30,24.0,83.0,1.9839999999999998
2025-05-30,24.0,84.0,0.9872
2025-05-30,24.0,85.0,0.1
2025-05-31,18.0,81.0,18.416666666666668
2025-05-31,18.0,82.0,10.4
2025-05-31,18.0,83.0,28.48333333333333
2025-05-31,18.0,84.0,29.273333333333337
2025-05-31,19.0,81.0,27.36333333333333
2025-05-31,19.0,82.0,2.1233333333333335
2025-05-31,19.0,83.0,11.05
2025-05-31,19.0,84.0,5.935714285714286
2025-05-31,19.0,85.0,3.61
2025-05-31,20.0,81.0,9.661333333333333
2025-05-31,20.0,82.0,5.8724
2025-05-31,20.0,83.0,38.172000000000004
2025-05-31,20.0,84.0,10.864
2025-05-31,20.0,85.0,28.682
2025-05-31,21.0,81.0,1.6711111111111112
2025-05-31,21.0,82.0,12.058
2025-05-31,21.0,83.0,26.99222222222222
2025-05-31,21.0,84.0,9.697333333333335
2025-05-31,21.0,85.0,19.533333333333335
2025-05-31,22.0,81.0,0.48133333333333334
2025-05-31,22.0,82.0,3.7568
2025-05-31,22.0,83.0,12.848666666666666
2025-05-31,22.0,84.0,24.7332
2025-05-31,22.0,85.0,20.838
2025-05-31,23.0,81.0,0.0
2025-05-31,23.0,82.0,0.296
2025-05-31,23.0,83.0,0.4155555555555555
2025-05-31,23.0,84.0,8.232
2025-05-31,23.0,85.0,40.43666666666667
2025-05-31,24.0,81.0,1.502
2025-05-31,24.0,82.0,0.25279999999999997
2025-05-31,24.0,83.0,10.815333333333333
2025-05-31,24.0,84.0,8.1804
2025-05-31,24.0,85.0,20.676
2025-06-01,18.0,81.0,0.0
2025-06-01,18.0,82.0,0.13999999999999999
2025-06-01,18.0,83.0,0.04666666666666667
2025-06-01,18.0,84.0,19.74
2025-06-01,19.0,81.0,0.0
2025-06-01,19.0,82.0,0.2626666666666667
2025-06-01,19.0,83.0,1.7044444444444444
2025-06-01,19.0,84.0,6.940714285714286
2025-06-01,19.0,85.0,1.17
2025-06-01,20.0,81.0,0.0
2025-06-01,20.0,82.0,0.536
2025-06-01,20.0,83.0,2.6206666666666667
2025-06-01,20.0,84.0,0.3848
2025-06-01,20.0,85.0,3.9520000000000004
2025-06-01,21.0,81.0,0.1322222222222222
2025-06-01,21.0,82.0,7.816666666666666
2025-06-01,21.0,83.0,2.7755555555555556
2025-06-01,21.0,84.0,0.876
2025-06-01,21.0,85.0,0.09999999999999999
2025-06-01,22.0,81.0,2.8153333333333332
2025-06-01,22.0,82.0,2.3444
2025-06-01,22.0,83.0,1.3419999999999999
2025-06-01,22.0,84.0,5.6212
2025-06-01,22.0,85.0,10.8
2025-06-01,23.0,81.0,2.114444444444444
2025-06-01,23.0,82.0,2.6599999999999997
2025-06-01,23.0,83.0,27.92888888888889
2025-06-01,23.0,84.0,12.981333333333334
2025-06-01,23.0,85.0,10.54
2025-06-01,24.0,81.0,0.316
2025-06-01,24.0,82.0,2.71
2025-06-01,24.0,83.0,4.370666666666667
2025-06-01,24.0,84.0,3.7152
2025-06-01,24.0,85.0,7.506
2025-06-02,18.0,81.0,0.31666666666666665
2025-06-02,18.0,82.0,0.0
2025-06-02,18.0,83.0,0.0
2025-06-02,18.0,84.0,0.0
2025-06-02,19.0,81.0,0.20888888888888887
2025-06-02,19.0,82.0,0.0
2025-06-02,19.0,83.0,0.0
2025-06-02,19.0,84.0,0.0
2025-06-02,19.0,85.0,0.0
2025-06-02,20.0,81.0,0.0
2025-06-02,20.0,82.0,0.0
2025-06-02,20.0,83.0,0.0
2025-06-02,20.0,84.0,0.0
2025-06-02,20.0,85.0,0.0
2025-06-02,21.0,81.0,0.0
2025-06-02,21.0,82.0,0.0
2025-06-02,21.0,83.0,0.0
2025-06-02,21.0,84.0,0.0
2025-06-02,21.0,85.0,0.0
2025-06-02,22.0,81.0,0.01
2025-06-02,22.0,82.0,0.0368
2025-06-02,22.0,83.0,0.0
2025-06-02,22.0,84.0,0.0124
2025-06-02,22.0,85.0,0.0
2025-06-02,23.0,81.0,0.19111111111111112
2025-06-02,23.0,82.0,0.31666666666666665
2025-06-02,23.0,83.0,0.5833333333333334
2025-06-02,23.0,84.0,0.19866666666666666
2025-06-02,23.0,85.0,0.24666666666666667
2025-06-02,24.0,81.0,0.054000000000000006
2025-06-02,24.0,82.0,0.21
2025-06-02,24.0,83.0,2.5320000000000005
2025-06-02,24.0,84.0,3.4120000000000004
2025-06-02,24.0,85.0,1.272
2025-06-03,18.0,81.0,0.0
2025-06-03,18.0,82.0,0.248
2025-06-03,18.0,83.0,0.0
2025-06-03,18.0,84.0,0.0
2025-06-03,19.0,81.0,0.0
2025-06-03,19.0,82.0,0.0
2025-06-03,19.0,83.0,0.0
2025-06-03,19.0,84.0,0.15714285714285717
2025-06-03,19.0,85.0,0.0
2025-06-03,20.0,81.0,0.0
2025-06-03,20.0,82.0,0.0212
2025-06-03,20.0,83.0,0.0
2025-06-03,20.0,84.0,0.0
2025-06-03,20.0,85.0,0.0
2025-06-03,21.0,81.0,0.061111111111111116
2025-06-03,21.0,82.0,0.0
2025-06-03,21.0,83.0,0.0
2025-06-03,21.0,84.0,0.7453333333333333
2025-06-03,21.0,85.0,0.0
2025-06-03,22.0,81.0,0.6133333333333333
2025-06-03,22.0,82.0,0.4644
2025-06-03,22.0,83.0,0.16999999999999998
2025-06-03,22.0,84.0,0.0
2025-06-03,22.0,85.0,0.0
2025-06-03,23.0,81.0,8.482222222222223
2025-06-03,23.0,82.0,2.21
2025-06-03,23.0,83.0,3.1644444444444444
2025-06-03,23.0,84.0,0.35400000000000004
2025-06-03,23.0,85.0,0.0
2025-06-03,24.0,81.0,2.3853333333333335
2025-06-03,24.0,82.0,1.8484
2025-06-03,24.0,83.0,0.3446666666666667
2025-06-03,24.0,84.0,0.4304
2025-06-03,24.0,85.0,0.0
2025-06-04,18.0,81.0,1.1333333333333333
2025-06-04,18.0,82.0,0.0
2025-06-04,18.0,83.0,0.0
2025-06-04,18.0,84.0,0.0
2025-06-04,19.0,81.0,0.6233333333333334
2025-06-04,19.0,82.0,0.0
2025-06-04,19.0,83.0,0.0
2025-06-04,19.0,84.0,0.3335714285714286
2025-06-04,19.0,85.0,1.11
2025-06-04,20.0,81.0,0.10266666666666667
2025-06-04,20.0,82.0,0.0
2025-06-04,20.0,83.0,0.4086666666666667
2025-06-04,20.0,84.0,1.0944
2025-06-04,20.0,85.0,0.33799999999999997
2025-06-04,21.0,81.0,0.08666666666666667
2025-06-04,21.0,82.0,0.025333333333333333
2025-06-04,21.0,83.0,0.0
2025-06-04,21.0,84.0,0.0
2025-06-04,21.0,85.0,0.0
2025-06-04,22.0,81.0,0.0
2025-06-04,22.0,82.0,0.0
2025-06-04,22.0,83.0,0.0
2025-06-04,22.0,84.0,0.7328
2025-06-04,22.0,85.0,1.1380000000000001
2025-06-04,23.0,81.0,0.0
2025-06-04,23.0,82.0,0.29733333333333334
2025-06-04,23.0,83.0,0.07
2025-06-04,23.0,84.0,2.1973333333333334
2025-06-04,23.0,85.0,2.2733333333333334
2025-06-04,24.0,81.0,0.7226666666666667
2025-06-04,24.0,82.0,1.1112
2025-06-04,24.0,83.0,0.168
2025-06-04,24.0,84.0,0.6688
2025-06-04,24.0,85.0,0.8280000000000001
2025-06-05,18.0,81.0,0.0
2025-06-05,18.0,82.0,1.1920000000000002
2025-06-05,18.0,83.0,7.126666666666666
2025-06-05,18.0,84.0,9.363333333333333
2025-06-05,19.0,81.0,11.665555555555557
2025-06-05,19.0,82.0,1.9966666666666666
2025-06-05,19.0,83.0,0.7344444444444443
2025-06-05,19.0,84.0,2.790714285714286
2025-06-05,19.0,85.0,11.12
2025-06-05,20.0,81.0,9.333333333333334
2025-06-05,20.0,82.0,3.3984000000000005
2025-06-05,20.0,83.0,0.29
2025-06-05,20.0,84.0,5.6228
2025-06-05,20.0,85.0,0.5740000000000001
2025-06-05,21.0,81.0,4.57
2025-06-05,21.0,82.0,0.21866666666666668
2025-06-05,21.0,83.0,1.0477777777777777
2025-06-05,21.0,84.0,3.4560000000000004
2025-06-05,21.0,85.0,0.0
2025-06-05,22.0,81.0,0.04533333333333333
2025-06-05,22.0,82.0,0.6844000000000001
2025-06-05,22.0,83.0,0.11066666666666666
2025-06-05,22.0,84.0,2.0996
2025-06-05,22.0,85.0,1.544
2025-06-05,23.0,81.0,1.3444444444444443
2025-06-05,23.0,82.0,0.8786666666666666
2025-06-05,23.0,83.0,2.9755555555555557
2025-06-05,23.0,84.0,7.927333333333333
2025-06-05,23.0,85.0,14.396666666666667
2025-06-05,24.0,81.0,1.7020000000000002
2025-06-05,24.0,82.0,0.152
2025-06-05,24.0,83.0,3.74
2025-06-05,24.0,84.0,2.3724000000000003
2025-06-05,24.0,85.0,9.602
2025-06-06,18.0,81.0,0.0
2025-06-06,18.0,82.0,3.2920000000000003
2025-06-06,18.0,83.0,3.41
2025-06-06,18.0,84.0,1.7133333333333336
2025-06-06,19.0,81.0,0.0
2025-06-06,19.0,82.0,1.4066666666666667
2025-06-06,19.0,83.0,0.4633333333333333
2025-06-06,19.0,84.0,1.6464285714285716
2025-06-06,19.0,85.0,1.26
2025-06-06,20.0,81.0,0.11266666666666666
2025-06-06,20.0,82.0,0.5851999999999999
2025-06-06,20.0,83.0,2.9233333333333333
2025-06-06,20.0,84.0,0.5588000000000001
2025-06-06,20.0,85.0,2.806
2025-06-06,21.0,81.0,0.0
2025-06-06,21.0,82.0,0.644
2025-06-06,21.0,83.0,3.211111111111111
2025-06-06,21.0,84.0,0.12133333333333333
2025-06-06,21.0,85.0,0.0
2025-06-06,22.0,81.0,0.0
2025-06-06,22.0,82.0,0.8396000000000001
2025-06-06,22.0,83.0,0.3606666666666667
2025-06-06,22.0,84.0,0.0208
2025-06-06,22.0,85.0,0.0
2025-06-06,23.0,81.0,0.4122222222222222
2025-06-06,23.0,82.0,0.09266666666666666
2025-06-06,23.0,83.0,0.027777777777777776
2025-06-06,23.0,84.0,0.0
2025-06-06,23.0,85.0,0.0
2025-06-06,24.0,81.0,0.009333333333333334
2025-06-06,24.0,82.0,0.138
2025-06-06,24.0,83.0,1.028
2025-06-06,24.0,84.0,0.8932000000000001
2025-06-06,24.0,85.0,0.0
2025-06-07,18.0,81.0,0.0
2025-06-07,18.0,82.0,0.312
2025-06-07,18.0,83.0,0.5266666666666667
2025-06-07,18.0,84.0,2.39
2025-06-07,19.0,81.0,0.0
2025-06-07,19.0,82.0,0.015333333333333334
2025-06-07,19.0,83.0,0.22
2025-06-07,19.0,84.0,8.257142857142856
2025-06-07,19.0,85.0,37.35
2025-06-07,20.0,81.0,0.0
2025-06-07,20.0,82.0,1.8428
2025-06-07,20.0,83.0,2.1286666666666667
2025-06-07,20.0,84.0,2.714
2025-06-07,20.0,85.0,7.336
2025-06-07,21.0,81.0,0.0
2025-06-07,21.0,82.0,0.20933333333333332
2025-06-07,21.0,83.0,0.0
2025-06-07,21.0,84.0,0.762
2025-06-07,21.0,85.0,1.0766666666666667
2025-06-07,22.0,81.0,0.0
2025-06-07,22.0,82.0,0.0
2025-06-07,22.0,83.0,0.0
2025-06-07,22.0,84.0,1.2832
2025-06-07,22.0,85.0,0.922
2025-06-07,23.0,81.0,0.0
2025-06-07,23.0,82.0,0.0
2025-06-07,23.0,83.0,0.0
2025-06-07,23.0,84.0,0.21
2025-06-07,23.0,85.0,0.0
2025-06-07,24.0,81.0,0.0
2025-06-07,24.0,82.0,0.0
2025-06-07,24.0,83.0,0.0
2025-06-07,24.0,84.0,0.0
2025-06-07,24.0,85.0,0.0
2025-06-08,18.0,81.0,1.09
2025-06-08,18.0,82.0,0.0
2025-06-08,18.0,83.0,0.8066666666666666
2025-06-08,18.0,84.0,0.0
2025-06-08,19.0,81.0,0.5422222222222222
2025-06-08,19.0,82.0,2.5366666666666666
2025-06-08,19.0,83.0,0.034444444444444444
2025-06-08,19.0,84.0,2.432857142857143
2025-06-08,19.0,85.0,0.49
2025-06-08,20.0,81.0,0.0
2025-06-08,20.0,82.0,2.7112
2025-06-08,20.0,83.0,7.332666666666666
2025-06-08,20.0,84.0,3.1648
2025-06-08,20.0,85.0,0.0
2025-06-08,21.0,81.0,0.0
2025-06-08,21.0,82.0,0.021333333333333333
2025-06-08,21.0,83.0,2.0677777777777777
2025-06-08,21.0,84.0,1.8926666666666667
2025-06-08,21.0,85.0,0.0
2025-06-08,22.0,81.0,0.009333333333333334
2025-06-08,22.0,82.0,0.0
2025-06-08,22.0,83.0,0.14333333333333334
2025-06-08,22.0,84.0,0.8948
2025-06-08,22.0,85.0,3.664
2025-06-08,23.0,81.0,0.0
2025-06-08,23.0,82.0,0.0
2025-06-08,23.0,83.0,0.0
2025-06-08,23.0,84.0,1.7593333333333334
2025-06-08,23.0,85.0,5.723333333333334
2025-06-08,24.0,81.0,0.0
2025-06-08,24.0,82.0,0.0
2025-06-08,24.0,83.0,0.0
2025-06-08,24.0,84.0,0.4
2025-06-08,24.0,85.0,0.194
2025-06-09,18.0,81.0,0.0
2025-06-09,18.0,82.0,0.0
2025-06-09,18.0,83.0,0.08333333333333333
2025-06-09,18.0,84.0,0.0
2025-06-09,19.0,81.0,2.5288888888888885
2025-06-09,19.0,82.0,0.73
2025-06-09,19.0,83.0,2.2344444444444442
2025-06-09,19.0,84.0,0.0
2025-06-09,19.0,85.0,0.0
2025-06-09,20.0,81.0,6.826666666666666
2025-06-09,20.0,82.0,0.7264
2025-06-09,20.0,83.0,0.5079999999999999
2025-06-09,20.0,84.0,0.0
2025-06-09,20.0,85.0,0.0
2025-06-09,21.0,81.0,1.481111111111111
2025-06-09,21.0,82.0,0.5333333333333333
2025-06-09,21.0,83.0,0.0
2025-06-09,21.0,84.0,0.0
2025-06-09,21.0,85.0,0.0
2025-06-09,22.0,81.0,0.26999999999999996
2025-06-09,22.0,82.0,0.8456
2025-06-09,22.0,83.0,0.0
2025-06-09,22.0,84.0,0.0
2025-06-09,22.0,85.0,0.0
2025-06-09,23.0,81.0,0.0
2025-06-09,23.0,82.0,0.0
2025-06-09,23.0,83.0,0.0
2025-06-09,23.0,84.0,0.0
2025-06-09,23.0,85.0,0.0
2025-06-09,24.0,81.0,0.0
2025-06-09,24.0,82.0,0.0
2025-06-09,24.0,83.0,0.0
2025-06-09,24.0,84.0,0.0
2025-06-09,24.0,85.0,0.0
2025-06-10,18.0,81.0,0.0
2025-06-10,18.0,82.0,0.5039999999999999
2025-06-10,18.0,83.0,0.3466666666666667
2025-06-10,18.0,84.0,0.5933333333333333
2025-06-10,19.0,81.0,0.8555555555555556
2025-06-10,19.0,82.0,0.02
2025-06-10,19.0,83.0,0.11333333333333334
2025-06-10,19.0,84.0,13.547857142857142
2025-06-10,19.0,85.0,15.36
2025-06-10,20.0,81.0,0.35400000000000004
2025-06-10,20.0,82.0,0.4936
2025-06-10,20.0,83.0,6.051333333333333
2025-06-10,20.0,84.0,16.9876
2025-06-10,20.0,85.0,28.438
2025-06-10,21.0,81.0,4.0633333333333335
2025-06-10,21.0,82.0,0.386
2025-06-10,21.0,83.0,1.2722222222222221
2025-06-10,21.0,84.0,26.423333333333336
2025-06-10,21.0,85.0,28.433333333333334
2025-06-10,22.0,81.0,0.8166666666666667
2025-06-10,22.0,82.0,0.08800000000000001
2025-06-10,22.0,83.0,0.011333333333333334
2025-06-10,22.0,84.0,6.004
2025-06-10,22.0,85.0,3.2520000000000002
2025-06-10,23.0,81.0,0.04555555555555556
2025-06-10,23.0,82.0,0.0
2025-06-10,23.0,83.0,0.0
2025-06-10,23.0,84.0,0.010666666666666666
2025-06-10,23.0,85.0,0.0
2025-06-10,24.0,81.0,0.0
2025-06-10,24.0,82.0,0.0
2025-06-10,24.0,83.0,0.0
2025-06-10,24.0,84.0,0.0
2025-06-10,24.0,85.0,0.0
2025-06-11,18.0,81.0,12.186666666666667
2025-06-11,18.0,82.0,2.006
2025-06-11,18.0,83.0,2.64
2025-06-11,18.0,84.0,8.973333333333334
2025-06-11,19.0,81.0,5.961111111111111
2025-06-11,19.0,82.0,0.1953333333333333
2025-06-11,19.0,83.0,11.853333333333333
2025-06-11,19.0,84.0,11.565714285714288
2025-06-11,19.0,85.0,2.13
2025-06-11,20.0,81.0,10.601333333333335
2025-06-11,20.0,82.0,2.3287999999999998
2025-06-11,20.0,83.0,17.84466666666667
2025-06-11,20.0,84.0,5.9024
2025-06-11,20.0,85.0,1.884
2025-06-11,21.0,81.0,7.771111111111111
2025-06-11,21.0,82.0,1.408
2025-06-11,21.0,83.0,0.5833333333333334
2025-06-11,21.0,84.0,0.27066666666666667
2025-06-11,21.0,85.0,11.266666666666666
2025-06-11,22.0,81.0,5.033333333333333
2025-06-11,22.0,82.0,7.7452
2025-06-11,22.0,83.0,1.016
2025-06-11,22.0,84.0,0.7996
2025-06-11,22.0,85.0,3.934
2025-06-11,23.0,81.0,3.022222222222222
2025-06-11,23.0,82.0,3.5273333333333334
2025-06-11,23.0,83.0,2.281111111111111
2025-06-11,23.0,84.0,0.02666666666666667
2025-06-11,23.0,85.0,0.31666666666666665
2025-06-11,24.0,81.0,0.0
2025-06-11,24.0,82.0,0.19880000000000003
2025-06-11,24.0,83.0,0.09000000000000001
2025-06-11,24.0,84.0,0.14520000000000002
2025-06-11,24.0,85.0,0.0
2025-06-12,18.0,81.0,0.0
2025-06-12,18.0,82.0,1.23
2025-06-12,18.0,83.0,4.046666666666667
2025-06-12,18.0,84.0,24.266666666666666
2025-06-12,19.0,81.0,4.745555555555556
2025-06-12,19.0,82.0,2.3306666666666667
2025-06-12,19.0,83.0,3.506666666666667
2025-06-12,19.0,84.0,12.154285714285715
2025-06-12,19.0,85.0,10.26
2025-06-12,20.0,81.0,8.441333333333334
2025-06-12,20.0,82.0,1.5179999999999998
2025-06-12,20.0,83.0,2.2786666666666666
2025-06-12,20.0,84.0,9.8412
2025-06-12,20.0,85.0,18.294
2025-06-12,21.0,81.0,0.07666666666666666
2025-06-12,21.0,82.0,0.03866666666666666
2025-06-12,21.0,83.0,0.1711111111111111
2025-06-12,21.0,84.0,8.327333333333334
2025-06-12,21.0,85.0,5.636666666666667
2025-06-12,22.0,81.0,0.0
2025-06-12,22.0,82.0,0.0
2025-06-12,22.0,83.0,0.0
2025-06-12,22.0,84.0,0.4368
2025-06-12,22.0,85.0,0.638
2025-06-12,23.0,81.0,0.0
2025-06-12,23.0,82.0,0.02
2025-06-12,23.0,83.0,0.0
2025-06-12,23.0,84.0,0.15933333333333335
2025-06-12,23.0,85.0,0.13999999999999999
2025-06-12,24.0,81.0,0.21133333333333332
2025-06-12,24.0,82.0,1.14
2025-06-12,24.0,83.0,0.0
2025-06-12,24.0,84.0,0.0
2025-06-12,24.0,85.0,0.0
2025-06-13,18.0,81.0,4.67
2025-06-13,18.0,82.0,0.438
2025-06-13,18.0,83.0,0.93
2025-06-13,18.0,84.0,4.323333333333333
2025-06-13,19.0,81.0,2.3477777777777775
2025-06-13,19.0,82.0,1.474
2025-06-13,19.0,83.0,1.6700000000000002
2025-06-13,19.0,84.0,2.6485714285714286
2025-06-13,19.0,85.0,3.65
2025-06-13,20.0,81.0,0.2866666666666667
2025-06-13,20.0,82.0,0.10719999999999999
2025-06-13,20.0,83.0,1.5246666666666668
2025-06-13,20.0,84.0,2.2788
2025-06-13,20.0,85.0,5.756
2025-06-13,21.0,81.0,0.02333333333333333
2025-06-13,21.0,82.0,0.0
2025-06-13,21.0,83.0,0.6433333333333333
2025-06-13,21.0,84.0,2.674
2025-06-13,21.0,85.0,3.1366666666666667
2025-06-13,22.0,81.0,0.03066666666666667
2025-06-13,22.0,82.0,0.0
2025-06-13,22.0,83.0,0.0
2025-06-13,22.0,84.0,0.2864
2025-06-13,22.0,85.0,0.42000000000000004
2025-06-13,23.0,81.0,0.0
2025-06-13,23.0,82.0,0.0
2025-06-13,23.0,83.0,0.0
2025-06-13,23.0,84.0,0.0
2025-06-13,23.0,85.0,0.0
2025-06-13,24.0,81.0,0.0
2025-06-13,24.0,82.0,0.0
2025-06-13,24.0,83.0,0.0
2025-06-13,24.0,84.0,0.0
2025-06-13,24.0,85.0,0.0
2025-06-14,18.0,81.0,5.703333333333333
2025-06-14,18.0,82.0,5.994
2025-06-14,18.0,83.0,2.8699999999999997
2025-06-14,18.0,84.0,4.166666666666667
2025-06-14,19.0,81.0,0.19555555555555557
2025-06-14,19.0,82.0,1.976
2025-06-14,19.0,83.0,7.9544444444444435
2025-06-14,19.0,84.0,0.6821428571428572
2025-06-14,19.0,85.0,3.94
2025-06-14,20.0,81.0,0.5273333333333333
2025-06-14,20.0,82.0,0.4456
2025-06-14,20.0,83.0,0.274
2025-06-14,20.0,84.0,0.33520000000000005
2025-06-14,20.0,85.0,1.24
2025-06-14,21.0,81.0,1.7933333333333334
2025-06-14,21.0,82.0,3.3666666666666667
2025-06-14,21.0,83.0,0.0
2025-06-14,21.0,84.0,0.0
2025-06-14,21.0,85.0,0.0
2025-06-14,22.0,81.0,0.336
2025-06-14,22.0,82.0,0.16119999999999998
2025-06-14,22.0,83.0,0.0
2025-06-14,22.0,84.0,0.0
2025-06-14,22.0,85.0,0.0
2025-06-14,23.0,81.0,0.0
2025-06-14,23.0,82.0,0.0
2025-06-14,23.0,83.0,0.0
2025-06-14,23.0,84.0,0.0
2025-06-14,23.0,85.0,0.0
2025-06-14,24.0,81.0,0.0
2025-06-14,24.0,82.0,0.0
2025-06-14,24.0,83.0,0.0
2025-06-14,24.0,84.0,0.33399999999999996
2025-06-14,24.0,85.0,0.0
2025-06-15,18.0,81.0,4.4766666666666675
2025-06-15,18.0,82.0,9.268
2025-06-15,18.0,83.0,21.543333333333333
2025-06-15,18.0,84.0,6.2299999999999995
2025-06-15,19.0,81.0,2.9066666666666667
2025-06-15,19.0,82.0,3.1813333333333333
2025-06-15,19.0,83.0,9.394444444444444
2025-06-15,19.0,84.0,6.860714285714286
2025-06-15,19.0,85.0,0.0
2025-06-15,20.0,81.0,0.6013333333333333
2025-06-15,20.0,82.0,3.7072000000000003
2025-06-15,20.0,83.0,5.754666666666666
2025-06-15,20.0,84.0,4.2816
2025-06-15,20.0,85.0,6.17
2025-06-15,21.0,81.0,0.838888888888889
2025-06-15,21.0,82.0,0.8833333333333333
2025-06-15,21.0,83.0,3.9566666666666666
2025-06-15,21.0,84.0,2.074666666666667
2025-06-15,21.0,85.0,0.0
2025-06-15,22.0,81.0,1.5953333333333333
2025-06-15,22.0,82.0,2.1108000000000002
2025-06-15,22.0,83.0,3.631333333333333
2025-06-15,22.0,84.0,0.053200000000000004
2025-06-15,22.0,85.0,0.0
2025-06-15,23.0,81.0,2.7577777777777777
2025-06-15,23.0,82.0,3.5986666666666665
2025-06-15,23.0,83.0,0.0
2025-06-15,23.0,84.0,0.037333333333333336
2025-06-15,23.0,85.0,0.0
2025-06-15,24.0,81.0,3.052
2025-06-15,24.0,82.0,1.7272
2025-06-15,24.0,83.0,0.0
2025-06-15,24.0,84.0,0.036000000000000004
2025-06-15,24.0,85.0,0.0
2025-06-16,18.0,81.0,3.1266666666666665
2025-06-16,18.0,82.0,1.106
2025-06-16,18.0,83.0,0.47333333333333333
2025-06-16,18.0,84.0,0.0
2025-06-16,19.0,81.0,2.0700000000000003
2025-06-16,19.0,82.0,1.2013333333333334
2025-06-16,19.0,83.0,3.638888888888889
2025-06-16,19.0,84.0,3.4971428571428573
2025-06-16,19.0,85.0,0.33
2025-06-16,20.0,81.0,0.16999999999999998
2025-06-16,20.0,82.0,3.8760000000000003
2025-06-16,20.0,83.0,6.296
2025-06-16,20.0,84.0,16.418400000000002
2025-06-16,20.0,85.0,17.396
2025-06-16,21.0,81.0,0.05444444444444444
2025-06-16,21.0,82.0,8.157333333333334
2025-06-16,21.0,83.0,11.549999999999999
2025-06-16,21.0,84.0,23.59
2025-06-16,21.0,85.0,31.963333333333335
2025-06-16,22.0,81.0,11.386
2025-06-16,22.0,82.0,8.4984
2025-06-16,22.0,83.0,5.227333333333333
2025-06-16,22.0,84.0,16.1436
2025-06-16,22.0,85.0,5.956
2025-06-16,23.0,81.0,6.71
2025-06-16,23.0,82.0,8.566
2025-06-16,23.0,83.0,1.8688888888888888
2025-06-16,23.0,84.0,3.312666666666667
2025-06-16,23.0,85.0,14.643333333333333
2025-06-16,24.0,81.0,4.598666666666667
2025-06-16,24.0,82.0,3.6984000000000004
2025-06-16,24.0,83.0,2.6213333333333333
2025-06-16,24.0,84.0,3.4868
2025-06-16,24.0,85.0,5.194
2025-06-17,18.0,81.0,0.2866666666666667
2025-06-17,18.0,82.0,0.726
2025-06-17,18.0,83.0,8.316666666666666
2025-06-17,18.0,84.0,5.256666666666667
2025-06-17,19.0,81.0,5.764444444444445
2025-06-17,19.0,82.0,5.338666666666667
2025-06-17,19.0,83.0,5.803333333333333
2025-06-17,19.0,84.0,2.0614285714285714
2025-06-17,19.0,85.0,0.33
2025-06-17,20.0,81.0,8.038666666666666
2025-06-17,20.0,82.0,13.3812
2025-06-17,20.0,83.0,7.634666666666666
2025-06-17,20.0,84.0,13.634400000000001
2025-06-17,20.0,85.0,1.3
2025-06-17,21.0,81.0,0.20777777777777778
2025-06-17,21.0,82.0,2.7973333333333334
2025-06-17,21.0,83.0,6.184444444444444
2025-06-17,21.0,84.0,2.3746666666666667
2025-06-17,21.0,85.0,5.173333333333333
2025-06-17,22.0,81.0,0.9906666666666666
2025-06-17,22.0,82.0,6.081999999999999
2025-06-17,22.0,83.0,9.603333333333333
2025-06-17,22.0,84.0,23.5808
2025-06-17,22.0,85.0,39.548
2025-06-17,23.0,81.0,4.605555555555556
2025-06-17,23.0,82.0,0.7546666666666667
2025-06-17,23.0,83.0,5.674444444444444
2025-06-17,23.0,84.0,15.196
2025-06-17,23.0,85.0,26.036666666666665
2025-06-17,24.0,81.0,7.742
2025-06-17,24.0,82.0,3.2363999999999997
2025-06-17,24.0,83.0,5.989333333333334
2025-06-17,24.0,84.0,18.483600000000003
2025-06-17,24.0,85.0,11.73
2025-06-18,18.0,81.0,0.6666666666666666
2025-06-18,18.0,82.0,0.22999999999999998
2025-06-18,18.0,83.0,0.13
2025-06-18,18.0,84.0,0.0
2025-06-18,19.0,81.0,1.2277777777777779
2025-06-18,19.0,82.0,0.17733333333333334
2025-06-18,19.0,83.0,0.7244444444444444
2025-06-18,19.0,84.0,0.45785714285714285
2025-06-18,19.0,85.0,0.0
2025-06-18,20.0,81.0,0.996
2025-06-18,20.0,82.0,0.8503999999999999
2025-06-18,20.0,83.0,0.7926666666666667
2025-06-18,20.0,84.0,2.656
2025-06-18,20.0,85.0,2.94
2025-06-18,21.0,81.0,6.494444444444444
2025-06-18,21.0,82.0,0.856
2025-06-18,21.0,83.0,1.2577777777777779
2025-06-18,21.0,84.0,13.354666666666667
2025-06-18,21.0,85.0,21.463333333333335
2025-06-18,22.0,81.0,2.025333333333333
2025-06-18,22.0,82.0,0.1884
2025-06-18,22.0,83.0,3.001333333333333
2025-06-18,22.0,84.0,14.008799999999999
2025-06-18,22.0,85.0,38.888
2025-06-18,23.0,81.0,5.36
2025-06-18,23.0,82.0,7.482666666666666
2025-06-18,23.0,83.0,20.594444444444445
2025-06-18,23.0,84.0,13.326666666666666
2025-06-18,23.0,85.0,43.64666666666667
2025-06-18,24.0,81.0,3.58
2025-06-18,24.0,82.0,11.439200000000001
2025-06-18,24.0,83.0,14.229333333333333
2025-06-18,24.0,84.0,19.7332
2025-06-18,24.0,85.0,65.08
2025-06-19,18.0,81.0,0.0
2025-06-19,18.0,82.0,0.028000000000000004
2025-06-19,18.0,83.0,0.48666666666666664
2025-06-19,18.0,84.0,0.0
2025-06-19,19.0,81.0,0.0
2025-06-19,19.0,82.0,2.2306666666666666
2025-06-19,19.0,83.0,1.9000000000000001
2025-06-19,19.0,84.0,0.0
2025-06-19,19.0,85.0,0.0
2025-06-19,20.0,81.0,1.2326666666666666
2025-06-19,20.0,82.0,7.9968
2025-06-19,20.0,83.0,9.164
2025-06-19,20.0,84.0,11.3016
2025-06-19,20.0,85.0,1.8399999999999999
2025-06-19,21.0,81.0,0.14555555555555555
2025-06-19,21.0,82.0,1.0326666666666666
2025-06-19,21.0,83.0,13.885555555555555
2025-06-19,21.0,84.0,15.589333333333334
2025-06-19,21.0,85.0,16.433333333333334
2025-06-19,22.0,81.0,0.0
2025-06-19,22.0,82.0,0.3616
2025-06-19,22.0,83.0,5.569999999999999
2025-06-19,22.0,84.0,25.226399999999998
2025-06-19,22.0,85.0,35.525999999999996
2025-06-19,23.0,81.0,0.0
2025-06-19,23.0,82.0,4.596666666666667
2025-06-19,23.0,83.0,5.875555555555555
2025-06-19,23.0,84.0,34.20399999999999
2025-06-19,23.0,85.0,73.10000000000001
2025-06-19,24.0,81.0,0.296
2025-06-19,24.0,82.0,2.0380000000000003
2025-06-19,24.0,83.0,4.1946666666666665
2025-06-19,24.0,84.0,62.046800000000005
2025-06-19,24.0,85.0,134.64000000000001
2025-06-20,18.0,81.0,0.17666666666666667
2025-06-20,18.0,82.0,1.6460000000000001
2025-06-20,18.0,83.0,0.08333333333333333
2025-06-20,18.0,84.0,0.0
2025-06-20,19.0,81.0,0.09888888888888889
2025-06-20,19.0,82.0,5.174
2025-06-20,19.0,83.0,5.214444444444444
2025-06-20,19.0,84.0,1.0321428571428573
2025-06-20,19.0,85.0,0.11
2025-06-20,20.0,81.0,3.258666666666666
2025-06-20,20.0,82.0,3.8412
2025-06-20,20.0,83.0,14.447333333333331
2025-06-20,20.0,84.0,13.9828
2025-06-20,20.0,85.0,4.764
2025-06-20,21.0,81.0,2.93
2025-06-20,21.0,82.0,2.3366666666666664
2025-06-20,21.0,83.0,6.278888888888889
2025-06-20,21.0,84.0,11.068000000000001
2025-06-20,21.0,85.0,7.8999999999999995
2025-06-20,22.0,81.0,3.156
2025-06-20,22.0,82.0,1.2111999999999998
2025-06-20,22.0,83.0,8.376666666666667
2025-06-20,22.0,84.0,28.232
2025-06-20,22.0,85.0,28.52
2025-06-20,23.0,81.0,8.19111111111111
2025-06-20,23.0,82.0,2.6326666666666667
2025-06-20,23.0,83.0,7.7666666666666675
2025-06-20,23.0,84.0,52.638
2025-06-20,23.0,85.0,89.58666666666666
2025-06-20,24.0,81.0,9.766666666666667
2025-06-20,24.0,82.0,6.0336
2025-06-20,24.0,83.0,14.833333333333334
2025-06-20,24.0,84.0,47.035599999999995
2025-06-20,24.0,85.0,76.104
2025-06-21,18.0,81.0,2.9766666666666666
2025-06-21,18.0,82.0,1.598
2025-06-21,18.0,83.0,0.9700000000000001
2025-06-21,18.0,84.0,0.0
2025-06-21,19.0,81.0,2.1688888888888886
2025-06-21,19.0,82.0,1.2473333333333334
2025-06-21,19.0,83.0,0.26
2025-06-21,19.0,84.0,0.0
2025-06-21,19.0,85.0,0.0
2025-06-21,20.0,81.0,3.572666666666666
2025-06-21,20.0,82.0,0.122
2025-06-21,20.0,83.0,0.3933333333333333
2025-06-21,20.0,84.0,0.46480000000000005
2025-06-21,20.0,85.0,0.0
2025-06-21,21.0,81.0,0.5955555555555556
2025-06-21,21.0,82.0,0.25133333333333335
2025-06-21,21.0,83.0,0.06888888888888889
2025-06-21,21.0,84.0,0.336
2025-06-21,21.0,85.0,0.09000000000000001
2025-06-21,22.0,81.0,4.516666666666667
2025-06-21,22.0,82.0,2.4144
2025-06-21,22.0,83.0,1.45
2025-06-21,22.0,84.0,0.7692
2025-06-21,22.0,85.0,1.734
2025-06-21,23.0,81.0,7.486666666666666
2025-06-21,23.0,82.0,1.0793333333333335
2025-06-21,23.0,83.0,4.568888888888889
2025-06-21,23.0,84.0,12.315333333333333
2025-06-21,23.0,85.0,6.273333333333333
2025-06-21,24.0,81.0,2.7920000000000003
2025-06-21,24.0,82.0,12.856
2025-06-21,24.0,83.0,33.044000000000004
2025-06-21,24.0,84.0,37.9804
2025-06-21,24.0,85.0,24.21
2025-06-22,18.0,81.0,5.343333333333334
2025-06-22,18.0,82.0,9.48
2025-06-22,18.0,83.0,2.953333333333333
2025-06-22,18.0,84.0,0.0
2025-06-22,19.0,81.0,2.441111111111111
2025-06-22,19.0,82.0,8.682666666666668
2025-06-22,19.0,83.0,2.537777777777778
2025-06-22,19.0,84.0,0.0
2025-06-22,19.0,85.0,0.0
2025-06-22,20.0,81.0,5.826666666666666
2025-06-22,20.0,82.0,1.4731999999999998
2025-06-22,20.0,83.0,0.16533333333333333
2025-06-22,20.0,84.0,1.09
2025-06-22,20.0,85.0,8.174
2025-06-22,21.0,81.0,1.8944444444444446
2025-06-22,21.0,82.0,0.32933333333333337
2025-06-22,21.0,83.0,0.0
2025-06-22,21.0,84.0,1.814
2025-06-22,21.0,85.0,0.0
2025-06-22,22.0,81.0,0.49266666666666664
2025-06-22,22.0,82.0,0.3444
2025-06-22,22.0,83.0,0.48933333333333334
2025-06-22,22.0,84.0,2.122
2025-06-22,22.0,85.0,2.4219999999999997
2025-06-22,23.0,81.0,7.640000000000001
2025-06-22,23.0,82.0,0.7666666666666667
2025-06-22,23.0,83.0,0.09555555555555556
2025-06-22,23.0,84.0,2.8040000000000003
2025-06-22,23.0,85.0,0.6333333333333334
2025-06-22,24.0,81.0,18.63133333333333
2025-06-22,24.0,82.0,11.1728
2025-06-22,24.0,83.0,9.074666666666667
2025-06-22,24.0,84.0,3.2952
2025-06-22,24.0,85.0,0.9460000000000001
2025-06-23,18.0,81.0,12.553333333333335
2025-06-23,18.0,82.0,11.674000000000001
2025-06-23,18.0,83.0,8.84
2025-06-23,18.0,84.0,1.7966666666666666
2025-06-23,19.0,81.0,32.095555555555556
2025-06-23,19.0,82.0,28.647333333333332
2025-06-23,19.0,83.0,21.785555555555554
2025-06-23,19.0,84.0,2.3992857142857145
2025-06-23,19.0,85.0,4.05
2025-06-23,20.0,81.0,19.87
2025-06-23,20.0,82.0,18.264400000000002
2025-06-23,20.0,83.0,21.373333333333335
2025-06-23,20.0,84.0,8.2284
2025-06-23,20.0,85.0,8.488
2025-06-23,21.0,81.0,3.5633333333333335
2025-06-23,21.0,82.0,6.907333333333333
2025-06-23,21.0,83.0,4.956666666666667
2025-06-23,21.0,84.0,1.974
2025-06-23,21.0,85.0,0.39999999999999997
2025-06-23,22.0,81.0,3.5720000000000005
2025-06-23,22.0,82.0,3.5671999999999997
2025-06-23,22.0,83.0,2.7246666666666663
2025-06-23,22.0,84.0,0.08120000000000001
2025-06-23,22.0,85.0,1.334
2025-06-23,23.0,81.0,9.103333333333333
2025-06-23,23.0,82.0,5.322
2025-06-23,23.0,83.0,1.2622222222222221
2025-06-23,23.0,84.0,2.866
2025-06-23,23.0,85.0,10.65
2025-06-23,24.0,81.0,4.637333333333333
2025-06-23,24.0,82.0,4.3632
2025-06-23,24.0,83.0,6.1066666666666665
2025-06-23,24.0,84.0,5.957999999999999
2025-06-23,24.0,85.0,0.9640000000000001
2025-06-24,18.0,81.0,3.1366666666666667
2025-06-24,18.0,82.0,7.944
2025-06-24,18.0,83.0,9.786666666666667
2025-06-24,18.0,84.0,7.343333333333334
2025-06-24,19.0,81.0,17.15777777777778
2025-06-24,19.0,82.0,14.428
2025-06-24,19.0,83.0,22.45777777777778
2025-06-24,19.0,84.0,7.796428571428572
2025-06-24,19.0,85.0,7.09
2025-06-24,20.0,81.0,35.61866666666666
2025-06-24,20.0,82.0,17.0324
2025-06-24,20.0,83.0,12.376000000000001
2025-06-24,20.0,84.0,16.8028
2025-06-24,20.0,85.0,13.857999999999999
2025-06-24,21.0,81.0,19.976666666666667
2025-06-24,21.0,82.0,13.464666666666666
2025-06-24,21.0,83.0,3.1866666666666665
2025-06-24,21.0,84.0,14.334666666666667
2025-06-24,21.0,85.0,7.22
2025-06-24,22.0,81.0,18.496
2025-06-24,22.0,82.0,9.0496
2025-06-24,22.0,83.0,19.766666666666666
2025-06-24,22.0,84.0,7.191600000000001
2025-06-24,22.0,85.0,4.220000000000001
2025-06-24,23.0,81.0,39.446666666666665
2025-06-24,23.0,82.0,11.637333333333334
2025-06-24,23.0,83.0,5.351111111111112
2025-06-24,23.0,84.0,6.504666666666666
2025-06-24,23.0,85.0,1.2633333333333334
2025-06-24,24.0,81.0,36.12
2025-06-24,24.0,82.0,4.8804
2025-06-24,24.0,83.0,11.576666666666666
2025-06-24,24.0,84.0,12.638399999999999
2025-06-24,24.0,85.0,8.528
2025-06-25,18.0,81.0,19.44333333333333
2025-06-25,18.0,82.0,9.248000000000001
2025-06-25,18.0,83.0,6.25
2025-06-25,18.0,84.0,3.0933333333333333
2025-06-25,19.0,81.0,24.221111111111114
2025-06-25,19.0,82.0,8.360000000000001
2025-06-25,19.0,83.0,12.31
2025-06-25,19.0,84.0,4.772142857142858
2025-06-25,19.0,85.0,1.09
2025-06-25,20.0,81.0,39.367333333333335
2025-06-25,20.0,82.0,13.014000000000001
2025-06-25,20.0,83.0,10.584
2025-06-25,20.0,84.0,9.1716
2025-06-25,20.0,85.0,0.27
2025-06-25,21.0,81.0,29.256666666666668
2025-06-25,21.0,82.0,11.393333333333334
2025-06-25,21.0,83.0,4.363333333333333
2025-06-25,21.0,84.0,2.7939999999999996
2025-06-25,21.0,85.0,1.99
2025-06-25,22.0,81.0,8.071333333333333
2025-06-25,22.0,82.0,2.3731999999999998
2025-06-25,22.0,83.0,9.767333333333333
2025-06-25,22.0,84.0,3.2556
2025-06-25,22.0,85.0,1.044
2025-06-25,23.0,81.0,25.36
2025-06-25,23.0,82.0,5.845333333333333
2025-06-25,23.0,83.0,12.648888888888889
2025-06-25,23.0,84.0,17.243333333333332
2025-06-25,23.0,85.0,14.049999999999999
2025-06-25,24.0,81.0,35.83266666666667
2025-06-25,24.0,82.0,27.792399999999997
2025-06-25,24.0,83.0,3.990666666666667
2025-06-25,24.0,84.0,5.1468
2025-06-25,24.0,85.0,17.772
2025-06-26,18.0,81.0,14.913333333333332
2025-06-26,18.0,82.0,7.814
2025-06-26,18.0,83.0,10.020000000000001
2025-06-26,18.0,84.0,4.7
2025-06-26,19.0,81.0,8.373333333333333
2025-06-26,19.0,82.0,11.34
2025-06-26,19.0,83.0,27.105555555555554
2025-06-26,19.0,84.0,6.5564285714285715
2025-06-26,19.0,85.0,0.0
2025-06-26,20.0,81.0,9.044666666666666
2025-06-26,20.0,82.0,24.5848
2025-06-26,20.0,83.0,36.26933333333333
2025-06-26,20.0,84.0,13.0736
2025-06-26,20.0,85.0,11.298
2025-06-26,21.0,81.0,10.208888888888888
2025-06-26,21.0,82.0,14.508000000000001
2025-06-26,21.0,83.0,34.471111111111114
2025-06-26,21.0,84.0,56.806000000000004
2025-06-26,21.0,85.0,51.52333333333333
2025-06-26,22.0,81.0,6.013333333333334
2025-06-26,22.0,82.0,32.17
2025-06-26,22.0,83.0,26.084
2025-06-26,22.0,84.0,25.354
2025-06-26,22.0,85.0,21.328
2025-06-26,23.0,81.0,5.463333333333334
2025-06-26,23.0,82.0,26.601333333333333
2025-06-26,23.0,83.0,29.39222222222222
2025-06-26,23.0,84.0,16.584666666666667
2025-06-26,23.0,85.0,25.866666666666664
2025-06-26,24.0,81.0,10.520000000000001
2025-06-26,24.0,82.0,24.538
2025-06-26,24.0,83.0,17.454666666666665
2025-06-26,24.0,84.0,6.388400000000001
2025-06-26,24.0,85.0,8.658
2025-06-27,18.0,81.0,9.503333333333332
2025-06-27,18.0,82.0,6.7379999999999995
2025-06-27,18.0,83.0,4.803333333333334
2025-06-27,18.0,84.0,0.7366666666666667
2025-06-27,19.0,81.0,13.822222222222223
2025-06-27,19.0,82.0,10.238666666666667
2025-06-27,19.0,83.0,10.494444444444445
2025-06-27,19.0,84.0,0.20285714285714285
2025-06-27,19.0,85.0,0.33
2025-06-27,20.0,81.0,10.334
2025-06-27,20.0,82.0,4.6716
2025-06-27,20.0,83.0,9.844
2025-06-27,20.0,84.0,7.2063999999999995
2025-06-27,20.0,85.0,2.798
2025-06-27,21.0,81.0,6.982222222222222
2025-06-27,21.0,82.0,2.0473333333333334
2025-06-27,21.0,83.0,10.75
2025-06-27,21.0,84.0,16.502
2025-06-27,21.0,85.0,5.003333333333333
2025-06-27,22.0,81.0,2.4033333333333333
2025-06-27,22.0,82.0,6.034800000000001
2025-06-27,22.0,83.0,0.7206666666666667
2025-06-27,22.0,84.0,4.458
2025-06-27,22.0,85.0,4.546
2025-06-27,23.0,81.0,19.884444444444444
2025-06-27,23.0,82.0,7.494
2025-06-27,23.0,83.0,24.15888888888889
2025-06-27,23.0,84.0,15.741333333333333
2025-06-27,23.0,85.0,7.656666666666666
2025-06-27,24.0,81.0,15.518
2025-06-27,24.0,82.0,14.9196
2025-06-27,24.0,83.0,20.829333333333334
2025-06-27,24.0,84.0,20.592
2025-06-27,24.0,85.0,9.918
2025-06-28,18.0,81.0,0.0
2025-06-28,18.0,82.0,1.224
2025-06-28,18.0,83.0,0.0
2025-06-28,18.0,84.0,0.0
2025-06-28,19.0,81.0,1.231111111111111
2025-06-28,19.0,82.0,2.9133333333333336
2025-06-28,19.0,83.0,5.5566666666666675
2025-06-28,19.0,84.0,0.08642857142857142
2025-06-28,19.0,85.0,0.0
2025-06-28,20.0,81.0,5.925333333333333
2025-06-28,20.0,82.0,5.8608
2025-06-28,20.0,83.0,6.683333333333334
2025-06-28,20.0,84.0,2.1236
2025-06-28,20.0,85.0,0.054000000000000006
2025-06-28,21.0,81.0,9.516666666666666
2025-06-28,21.0,82.0,8.535333333333334
2025-06-28,21.0,83.0,7.37
2025-06-28,21.0,84.0,1.2
2025-06-28,21.0,85.0,3.59
2025-06-28,22.0,81.0,18.653333333333332
2025-06-28,22.0,82.0,12.3532
2025-06-28,22.0,83.0,6.040666666666667
2025-06-28,22.0,84.0,6.0691999999999995
2025-06-28,22.0,85.0,6.182
2025-06-28,23.0,81.0,48.43555555555556
2025-06-28,23.0,82.0,8.396666666666667
2025-06-28,23.0,83.0,9.389999999999999
2025-06-28,23.0,84.0,0.972
2025-06-28,23.0,85.0,8.546666666666667
2025-06-28,24.0,81.0,18.782666666666668
2025-06-28,24.0,82.0,12.1544
2025-06-28,24.0,83.0,9.868666666666666
2025-06-28,24.0,84.0,6.651599999999999
2025-06-28,24.0,85.0,8.046000000000001
2025-06-29,18.0,81.0,1.4566666666666668
2025-06-29,18.0,82.0,22.228
2025-06-29,18.0,83.0,24.483333333333334
2025-06-29,18.0,84.0,10.493333333333334
2025-06-29,19.0,81.0,2.618888888888889
2025-06-29,19.0,82.0,22.574
2025-06-29,19.0,83.0,35.13333333333333
2025-06-29,19.0,84.0,5.347857142857143
2025-06-29,19.0,85.0,0.0
2025-06-29,20.0,81.0,4.911333333333333
2025-06-29,20.0,82.0,3.7092
2025-06-29,20.0,83.0,8.549333333333333
2025-06-29,20.0,84.0,5.3308
2025-06-29,20.0,85.0,1.056
2025-06-29,21.0,81.0,4.685555555555556
2025-06-29,21.0,82.0,2.73
2025-06-29,21.0,83.0,9.891111111111112
2025-06-29,21.0,84.0,33.38666666666666
2025-06-29,21.0,85.0,45.04333333333333
2025-06-29,22.0,81.0,10.742666666666668
2025-06-29,22.0,82.0,7.1264
2025-06-29,22.0,83.0,12.194666666666667
2025-06-29,22.0,84.0,25.974
2025-06-29,22.0,85.0,22.464
2025-06-29,23.0,81.0,7.489999999999999
2025-06-29,23.0,82.0,2.572666666666666
2025-06-29,23.0,83.0,5.926666666666667
2025-06-29,23.0,84.0,5.026666666666667
2025-06-29,23.0,85.0,11.666666666666666
2025-06-29,24.0,81.0,0.348
2025-06-29,24.0,82.0,1.1932
2025-06-29,24.0,83.0,2.418
2025-06-29,24.0,84.0,14.310799999999999
2025-06-29,24.0,85.0,10.512
2025-06-30,18.0,81.0,15.456666666666665
2025-06-30,18.0,82.0,18.009999999999998
2025-06-30,18.0,83.0,7.94
2025-06-30,18.0,84.0,7.82
2025-06-30,19.0,81.0,16.41888888888889
2025-06-30,19.0,82.0,25.613333333333333
2025-06-30,19.0,83.0,18.193333333333335
2025-06-30,19.0,84.0,6.059285714285714
2025-06-30,19.0,85.0,6.25
2025-06-30,20.0,81.0,32.19866666666667
2025-06-30,20.0,82.0,25.8748
2025-06-30,20.0,83.0,23.684666666666665
2025-06-30,20.0,84.0,9.1928
2025-06-30,20.0,85.0,1.484
2025-06-30,21.0,81.0,22.284444444444446
2025-06-30,21.0,82.0,35.525333333333336
2025-06-30,21.0,83.0,8.41111111111111
2025-06-30,21.0,84.0,5.693333333333333
2025-06-30,21.0,85.0,7.1066666666666665
2025-06-30,22.0,81.0,18.988
2025-06-30,22.0,82.0,7.9408
2025-06-30,22.0,83.0,0.9573333333333333
2025-06-30,22.0,84.0,7.154
2025-06-30,22.0,85.0,21.232
2025-06-30,23.0,81.0,11.304444444444444
2025-06-30,23.0,82.0,0.9453333333333334
2025-06-30,23.0,83.0,1.6477777777777778
2025-06-30,23.0,84.0,14.534666666666668
2025-06-30,23.0,85.0,13.013333333333334
2025-06-30,24.0,81.0,0.9753333333333333
2025-06-30,24.0,82.0,1.7536
2025-06-30,24.0,83.0,7.814666666666667
2025-06-30,24.0,84.0,24.117199999999997
2025-06-30,24.0,85.0,19.814
2025-07-01,18.0,81.0,20.023333333333333
2025-07-01,18.0,82.0,14.208000000000002
2025-07-01,18.0,83.0,11.280000000000001
2025-07-01,18.0,84.0,13.663333333333332
2025-07-01,19.0,81.0,22.938888888888886
2025-07-01,19.0,82.0,35.45933333333333
2025-07-01,19.0,83.0,38.968888888888884
2025-07-01,19.0,84.0,8.61142857142857
2025-07-01,19.0,85.0,1.07
2025-07-01,20.0,81.0,44.13333333333333
2025-07-01,20.0,82.0,39.5276
2025-07-01,20.0,83.0,30.18133333333333
2025-07-01,20.0,84.0,9.4052
2025-07-01,20.0,85.0,0.618
2025-07-01,21.0,81.0,60.70666666666667
2025-07-01,21.0,82.0,22.883333333333333
2025-07-01,21.0,83.0,7.003333333333333
2025-07-01,21.0,84.0,5.119333333333333
2025-07-01,21.0,85.0,11.286666666666667
2025-07-01,22.0,81.0,11.296
2025-07-01,22.0,82.0,2.53
2025-07-01,22.0,83.0,9.1
2025-07-01,22.0,84.0,17.233600000000003
2025-07-01,22.0,85.0,30.412
2025-07-01,23.0,81.0,7.826666666666666
2025-07-01,23.0,82.0,3.466666666666667
2025-07-01,23.0,83.0,7.794444444444445
2025-07-01,23.0,84.0,30.495333333333335
2025-07-01,23.0,85.0,34.513333333333335
2025-07-01,24.0,81.0,2.981333333333333
2025-07-01,24.0,82.0,4.0728
2025-07-01,24.0,83.0,16.416
2025-07-01,24.0,84.0,37.1352
2025-07-01,24.0,85.0,34.528
2025-07-02,18.0,81.0,45.93666666666667
2025-07-02,18.0,82.0,20.478
2025-07-02,18.0,83.0,19.30666666666667
2025-07-02,18.0,84.0,20.08666666666667
2025-07-02,19.0,81.0,41.63111111111111
2025-07-02,19.0,82.0,36.892
2025-07-02,19.0,83.0,55.19444444444444
2025-07-02,19.0,84.0,11.293571428571427
2025-07-02,19.0,85.0,0.0
2025-07-02,20.0,81.0,36.93
2025-07-02,20.0,82.0,40.8576
2025-07-02,20.0,83.0,32.19466666666667
2025-07-02,20.0,84.0,11.3568
2025-07-02,20.0,85.0,1.972
2025-07-02,21.0,81.0,23.7
2025-07-02,21.0,82.0,5.922666666666667
2025-07-02,21.0,83.0,5.47111111111111
2025-07-02,21.0,84.0,12.372666666666667
2025-07-02,21.0,85.0,2.25
2025-07-02,22.0,81.0,22.966
2025-07-02,22.0,82.0,2.3964
2025-07-02,22.0,83.0,21.118
2025-07-02,22.0,84.0,21.791999999999998
2025-07-02,22.0,85.0,17.598
2025-07-02,23.0,81.0,25.265555555555558
2025-07-02,23.0,82.0,10.785333333333334
2025-07-02,23.0,83.0,30.533333333333335
2025-07-02,23.0,84.0,26.836000000000002
2025-07-02,23.0,85.0,15.909999999999998
2025-07-02,24.0,81.0,16.863333333333333
2025-07-02,24.0,82.0,12.201199999999998
2025-07-02,24.0,83.0,10.070666666666666
2025-07-02,24.0,84.0,10.168
2025-07-02,24.0,85.0,9.332
2025-07-03,18.0,81.0,9.54
2025-07-03,18.0,82.0,34.926
2025-07-03,18.0,83.0,9.05
2025-07-03,18.0,84.0,8.736666666666666
2025-07-03,19.0,81.0,12.139999999999999
2025-07-03,19.0,82.0,36.14933333333333
2025-07-03,19.0,83.0,36.601111111111116
2025-07-03,19.0,84.0,4.529999999999999
2025-07-03,19.0,85.0,0.0
2025-07-03,20.0,81.0,16.323333333333334
2025-07-03,20.0,82.0,16.8568
2025-07-03,20.0,83.0,22.411333333333335
2025-07-03,20.0,84.0,23.401999999999997
2025-07-03,20.0,85.0,7.6739999999999995
2025-07-03,21.0,81.0,10.309999999999999
2025-07-03,21.0,82.0,19.842666666666666
2025-07-03,21.0,83.0,23.941111111111113
2025-07-03,21.0,84.0,56.618
2025-07-03,21.0,85.0,28.28333333333333
2025-07-03,22.0,81.0,7.507333333333333
2025-07-03,22.0,82.0,4.7976
2025-07-03,22.0,83.0,40.51866666666667
2025-07-03,22.0,84.0,58.7976
2025-07-03,22.0,85.0,33.946000000000005
2025-07-03,23.0,81.0,19.345555555555556
2025-07-03,23.0,82.0,16.357333333333333
2025-07-03,23.0,83.0,15.811111111111112
2025-07-03,23.0,84.0,29.55933333333333
2025-07-03,23.0,85.0,25.680000000000003
2025-07-03,24.0,81.0,15.051333333333334
2025-07-03,24.0,82.0,15.0996
2025-07-03,24.0,83.0,9.554666666666666
2025-07-03,24.0,84.0,13.3852
2025-07-03,24.0,85.0,7.601999999999999
2025-07-04,18.0,81.0,2.3633333333333333
2025-07-04,18.0,82.0,6.6579999999999995
2025-07-04,18.0,83.0,6.466666666666666
2025-07-04,18.0,84.0,2.776666666666667
2025-07-04,19.0,81.0,9.976666666666667
2025-07-04,19.0,82.0,13.688666666666666
2025-07-04,19.0,83.0,36.086666666666666
2025-07-04,19.0,84.0,4.316428571428571
2025-07-04,19.0,85.0,0.6
2025-07-04,20.0,81.0,13.502
2025-07-04,20.0,82.0,13.8828
2025-07-04,20.0,83.0,11.468
2025-07-04,20.0,84.0,14.911200000000001
2025-07-04,20.0,85.0,4.220000000000001
2025-07-04,21.0,81.0,11.864444444444445
2025-07-04,21.0,82.0,13.424000000000001
2025-07-04,21.0,83.0,5.345555555555555
2025-07-04,21.0,84.0,9.474666666666668
2025-07-04,21.0,85.0,10.023333333333333
2025-07-04,22.0,81.0,9.660666666666666
2025-07-04,22.0,82.0,11.2204
2025-07-04,22.0,83.0,31.54866666666667
2025-07-04,22.0,84.0,17.4756
2025-07-04,22.0,85.0,9.23
2025-07-04,23.0,81.0,93.71
2025-07-04,23.0,82.0,43.534666666666666
2025-07-04,23.0,83.0,65.6588888888889
2025-07-04,23.0,84.0,20.235333333333333
2025-07-04,23.0,85.0,5.87
2025-07-04,24.0,81.0,29.901999999999997
2025-07-04,24.0,82.0,24.0504
2025-07-04,24.0,83.0,38.20666666666667
2025-07-04,24.0,84.0,4.9764
2025-07-04,24.0,85.0,8.032
2025-07-05,18.0,81.0,0.68
2025-07-05,18.0,82.0,8.928
2025-07-05,18.0,83.0,5.9366666666666665
2025-07-05,18.0,84.0,3.276666666666667
2025-07-05,19.0,81.0,13.661111111111111
2025-07-05,19.0,82.0,16.844666666666665
2025-07-05,19.0,83.0,15.084444444444443
2025-07-05,19.0,84.0,8.383571428571429
2025-07-05,19.0,85.0,4.33
2025-07-05,20.0,81.0,24.53533333333333
2025-07-05,20.0,82.0,18.9616
2025-07-05,20.0,83.0,12.723999999999998
2025-07-05,20.0,84.0,11.454
2025-07-05,20.0,85.0,7.384
2025-07-05,21.0,81.0,7.220000000000001
2025-07-05,21.0,82.0,2.174666666666667
2025-07-05,21.0,83.0,5.0633333333333335
2025-07-05,21.0,84.0,18.720000000000002
2025-07-05,21.0,85.0,24.44
2025-07-05,22.0,81.0,4.878
2025-07-05,22.0,82.0,4.5136
2025-07-05,22.0,83.0,5.703333333333333
2025-07-05,22.0,84.0,9.934800000000001
2025-07-05,22.0,85.0,11.056000000000001
2025-07-05,23.0,81.0,27.125555555555554
2025-07-05,23.0,82.0,15.898
2025-07-05,23.0,83.0,20.994444444444444
2025-07-05,23.0,84.0,13.622000000000002
2025-07-05,23.0,85.0,11.436666666666667
2025-07-05,24.0,81.0,87.96133333333334
2025-07-05,24.0,82.0,38.5436
2025-07-05,24.0,83.0,27.958666666666666
2025-07-05,24.0,84.0,4.0072
2025-07-05,24.0,85.0,9.368
2025-07-06,18.0,81.0,6.296666666666667
2025-07-06,18.0,82.0,9.006
2025-07-06,18.0,83.0,3.51
2025-07-06,18.0,84.0,4.513333333333333
2025-07-06,19.0,81.0,7.154444444444445
2025-07-06,19.0,82.0,18.301333333333332
2025-07-06,19.0,83.0,16.107777777777777
2025-07-06,19.0,84.0,12.495714285714286
2025-07-06,19.0,85.0,17.12
2025-07-06,20.0,81.0,19.899333333333335
2025-07-06,20.0,82.0,22.236
2025-07-06,20.0,83.0,23.531333333333333
2025-07-06,20.0,84.0,17.906
2025-07-06,20.0,85.0,10.324000000000002
2025-07-06,21.0,81.0,19.79111111111111
2025-07-06,21.0,82.0,23.45133333333333
2025-07-06,21.0,83.0,20.543333333333337
2025-07-06,21.0,84.0,20.661333333333335
2025-07-06,21.0,85.0,18.173333333333332
2025-07-06,22.0,81.0,10.618666666666666
2025-07-06,22.0,82.0,9.7364
2025-07-06,22.0,83.0,33.978
2025-07-06,22.0,84.0,79.7672
2025-07-06,22.0,85.0,71.846
2025-07-06,23.0,81.0,15.631111111111112
2025-07-06,23.0,82.0,21.348666666666666
2025-07-06,23.0,83.0,49.282222222222224
2025-07-06,23.0,84.0,30.616
2025-07-06,23.0,85.0,33.050000000000004
2025-07-06,24.0,81.0,41.09866666666667
2025-07-06,24.0,82.0,36.7704
2025-07-06,24.0,83.0,41.434
2025-07-06,24.0,84.0,41.4864
2025-07-06,24.0,85.0,21.630000000000003
2025-07-07,18.0,81.0,41.026666666666664
2025-07-07,18.0,82.0,26.28
2025-07-07,18.0,83.0,2.8699999999999997
2025-07-07,18.0,84.0,0.5499999999999999
2025-07-07,19.0,81.0,21.700000000000003
2025-07-07,19.0,82.0,23.258666666666667
2025-07-07,19.0,83.0,21.956666666666667
2025-07-07,19.0,84.0,6.469285714285713
2025-07-07,19.0,85.0,0.0
2025-07-07,20.0,81.0,27.461333333333336
2025-07-07,20.0,82.0,23.847600000000003
2025-07-07,20.0,83.0,14.782666666666668
2025-07-07,20.0,84.0,12.019200000000001
2025-07-07,20.0,85.0,2.06
2025-07-07,21.0,81.0,44.647777777777776
2025-07-07,21.0,82.0,37.378
2025-07-07,21.0,83.0,24.928888888888892
2025-07-07,21.0,84.0,17.936666666666667
2025-07-07,21.0,85.0,14.876666666666665
2025-07-07,22.0,81.0,52.316
2025-07-07,22.0,82.0,50.883599999999994
2025-07-07,22.0,83.0,41.09
2025-07-07,22.0,84.0,26.1908
2025-07-07,22.0,85.0,18.504
2025-07-07,23.0,81.0,117.69777777777777
2025-07-07,23.0,82.0,89.49333333333334
2025-07-07,23.0,83.0,41.35444444444445
2025-07-07,23.0,84.0,15.102666666666666
2025-07-07,23.0,85.0,8.013333333333334
2025-07-07,24.0,81.0,79.53333333333333
2025-07-07,24.0,82.0,50.6124
2025-07-07,24.0,83.0,24.41
2025-07-07,24.0,84.0,17.0484
2025-07-07,24.0,85.0,21.112000000000002
2025-07-08,18.0,81.0,1.4566666666666668
2025-07-08,18.0,82.0,4.262
2025-07-08,18.0,83.0,1.76
2025-07-08,18.0,84.0,0.0
2025-07-08,19.0,81.0,6.191111111111111
2025-07-08,19.0,82.0,3.082
2025-07-08,19.0,83.0,4.6033333333333335
2025-07-08,19.0,84.0,0.0
2025-07-08,19.0,85.0,0.0
2025-07-08,20.0,81.0,18.208666666666666
2025-07-08,20.0,82.0,6.5724
2025-07-08,20.0,83.0,2.6613333333333333
2025-07-08,20.0,84.0,2.5756
2025-07-08,20.0,85.0,0.162
2025-07-08,21.0,81.0,88.87333333333333
2025-07-08,21.0,82.0,37.6
2025-07-08,21.0,83.0,12.703333333333333
2025-07-08,21.0,84.0,4.951333333333333
2025-07-08,21.0,85.0,1.6733333333333331
2025-07-08,22.0,81.0,67.95466666666667
2025-07-08,22.0,82.0,35.1024
2025-07-08,22.0,83.0,23.891333333333332
2025-07-08,22.0,84.0,15.5224
2025-07-08,22.0,85.0,18.272
2025-07-08,23.0,81.0,78.81888888888889
2025-07-08,23.0,82.0,32.080666666666666
2025-07-08,23.0,83.0,33.53333333333333
2025-07-08,23.0,84.0,16.246
2025-07-08,23.0,85.0,12.530000000000001
2025-07-08,24.0,81.0,20.653333333333332
2025-07-08,24.0,82.0,16.508
2025-07-08,24.0,83.0,12.118
2025-07-08,24.0,84.0,8.6624
2025-07-08,24.0,85.0,6.068
2025-07-09,18.0,81.0,1.5366666666666664
2025-07-09,18.0,82.0,4.022
2025-07-09,18.0,83.0,2.5733333333333333
2025-07-09,18.0,84.0,0.0
2025-07-09,19.0,81.0,7.812222222222222
2025-07-09,19.0,82.0,2.4306666666666668
2025-07-09,19.0,83.0,2.5944444444444446
2025-07-09,19.0,84.0,0.0
2025-07-09,19.0,85.0,0.0
2025-07-09,20.0,81.0,12.839333333333334
2025-07-09,20.0,82.0,2.1704
2025-07-09,20.0,83.0,0.2786666666666667
2025-07-09,20.0,84.0,1.5356
2025-07-09,20.0,85.0,0.0
2025-07-09,21.0,81.0,48.656666666666666
2025-07-09,21.0,82.0,24.861333333333334
2025-07-09,21.0,83.0,9.144444444444444
2025-07-09,21.0,84.0,5.652
2025-07-09,21.0,85.0,1.0599999999999998
2025-07-09,22.0,81.0,39.15533333333334
2025-07-09,22.0,82.0,29.3204
2025-07-09,22.0,83.0,23.66
2025-07-09,22.0,84.0,21.8552
2025-07-09,22.0,85.0,23.875999999999998
2025-07-09,23.0,81.0,23.737777777777776
2025-07-09,23.0,82.0,2.2333333333333334
2025-07-09,23.0,83.0,5.826666666666667
2025-07-09,23.0,84.0,14.108666666666666
2025-07-09,23.0,85.0,18.066666666666666
2025-07-09,24.0,81.0,7.784666666666666
2025-07-09,24.0,82.0,1.126
2025-07-09,24.0,83.0,0.0
2025-07-09,24.0,84.0,0.2328
2025-07-09,24.0,85.0,2.1079999999999997
2025-07-10,18.0,81.0,2.35
2025-07-10,18.0,82.0,2.5460000000000003
2025-07-10,18.0,83.0,0.25666666666666665
2025-07-10,18.0,84.0,0.0
2025-07-10,19.0,81.0,8.516666666666667
2025-07-10,19.0,82.0,0.978
2025-07-10,19.0,83.0,2.05
2025-07-10,19.0,84.0,0.0
2025-07-10,19.0,85.0,0.0
2025-07-10,20.0,81.0,5.612666666666667
2025-07-10,20.0,82.0,0.4424
2025-07-10,20.0,83.0,2.344666666666667
2025-07-10,20.0,84.0,4.0544
2025-07-10,20.0,85.0,0.0
2025-07-10,21.0,81.0,20.43111111111111
2025-07-10,21.0,82.0,11.647333333333334
2025-07-10,21.0,83.0,9.632222222222222
2025-07-10,21.0,84.0,6.516666666666667
2025-07-10,21.0,85.0,10.983333333333334
2025-07-10,22.0,81.0,11.526000000000002
2025-07-10,22.0,82.0,13.470799999999999
2025-07-10,22.0,83.0,18.932666666666666
2025-07-10,22.0,84.0,16.792
2025-07-10,22.0,85.0,9.809999999999999
2025-07-10,23.0,81.0,3.3744444444444444
2025-07-10,23.0,82.0,20.472666666666665
2025-07-10,23.0,83.0,12.565555555555555
2025-07-10,23.0,84.0,28.924666666666667
2025-07-10,23.0,85.0,24.366666666666664
2025-07-10,24.0,81.0,12.989333333333333
2025-07-10,24.0,82.0,14.599200000000002
2025-07-10,24.0,83.0,5.128666666666666
2025-07-10,24.0,84.0,13.8076
2025-07-10,24.0,85.0,15.718
2025-07-11,18.0,81.0,0.13
2025-07-11,18.0,82.0,2.6860000000000004
2025-07-11,18.0,83.0,0.24333333333333332
2025-07-11,18.0,84.0,0.0
2025-07-11,19.0,81.0,8.918888888888889
2025-07-11,19.0,82.0,2.9213333333333336
2025-07-11,19.0,83.0,1.2555555555555555
2025-07-11,19.0,84.0,0.0
2025-07-11,19.0,85.0,0.0
2025-07-11,20.0,81.0,2.3113333333333332
2025-07-11,20.0,82.0,0.16759999999999997
2025-07-11,20.0,83.0,0.9006666666666666
2025-07-11,20.0,84.0,4.3044
2025-07-11,20.0,85.0,0.0
2025-07-11,21.0,81.0,0.2111111111111111
2025-07-11,21.0,82.0,2.9
2025-07-11,21.0,83.0,5.470000000000001
2025-07-11,21.0,84.0,10.76
2025-07-11,21.0,85.0,0.8933333333333332
2025-07-11,22.0,81.0,1.4653333333333334
2025-07-11,22.0,82.0,16.355999999999998
2025-07-11,22.0,83.0,17.888666666666666
2025-07-11,22.0,84.0,17.822
2025-07-11,22.0,85.0,11.186
2025-07-11,23.0,81.0,13.506666666666668
2025-07-11,23.0,82.0,17.206666666666667
2025-07-11,23.0,83.0,10.723333333333334
2025-07-11,23.0,84.0,11.560666666666666
2025-07-11,23.0,85.0,11.19
2025-07-11,24.0,81.0,27.598666666666666
2025-07-11,24.0,82.0,39.2664
2025-07-11,24.0,83.0,39.36333333333334
2025-07-11,24.0,84.0,27.1648
2025-07-11,24.0,85.0,16.94
2025-07-12,18.0,81.0,0.38666666666666666
2025-07-12,18.0,82.0,0.6479999999999999
2025-07-12,18.0,83.0,0.0
2025-07-12,18.0,84.0,0.45333333333333337
2025-07-12,19.0,81.0,4.446666666666666
2025-07-12,19.0,82.0,1.2586666666666666
2025-07-12,19.0,83.0,2.3133333333333335
2025-07-12,19.0,84.0,0.1142857142857143
2025-07-12,19.0,85.0,0.0
2025-07-12,20.0,81.0,1.344
2025-07-12,20.0,82.0,0.5332
2025-07-12,20.0,83.0,1.54
2025-07-12,20.0,84.0,1.444
2025-07-12,20.0,85.0,0.11200000000000002
2025-07-12,21.0,81.0,1.7722222222222221
2025-07-12,21.0,82.0,6.666
2025-07-12,21.0,83.0,2.316666666666667
2025-07-12,21.0,84.0,4.492
2025-07-12,21.0,85.0,3.6300000000000003
2025-07-12,22.0,81.0,12.761333333333333
2025-07-12,22.0,82.0,3.7656
2025-07-12,22.0,83.0,5.171333333333333
2025-07-12,22.0,84.0,6.1188
2025-07-12,22.0,85.0,11.196000000000002
2025-07-12,23.0,81.0,25.246666666666666
2025-07-12,23.0,82.0,19.586000000000002
2025-07-12,23.0,83.0,10.881111111111112
2025-07-12,23.0,84.0,3.6546666666666665
2025-07-12,23.0,85.0,3.47
2025-07-12,24.0,81.0,53.94733333333333
2025-07-12,24.0,82.0,49.7952
2025-07-12,24.0,83.0,16.498666666666665
2025-07-12,24.0,84.0,26.0896
2025-07-12,24.0,85.0,4.522
2025-07-13,18.0,81.0,0.13
2025-07-13,18.0,82.0,2.456
2025-07-13,18.0,83.0,0.5166666666666666
2025-07-13,18.0,84.0,6.203333333333333
2025-07-13,19.0,81.0,4.151111111111111
2025-07-13,19.0,82.0,3.0933333333333333
2025-07-13,19.0,83.0,1.18
2025-07-13,19.0,84.0,4.752142857142857
2025-07-13,19.0,85.0,5.16
2025-07-13,20.0,81.0,0.336
2025-07-13,20.0,82.0,0.2268
2025-07-13,20.0,83.0,3.6426666666666665
2025-07-13,20.0,84.0,3.7843999999999998
2025-07-13,20.0,85.0,2.5220000000000002
2025-07-13,21.0,81.0,0.5444444444444444
2025-07-13,21.0,82.0,0.4166666666666667
2025-07-13,21.0,83.0,1.5144444444444445
2025-07-13,21.0,84.0,5.16
2025-07-13,21.0,85.0,12.07
2025-07-13,22.0,81.0,2.2773333333333334
2025-07-13,22.0,82.0,2.73
2025-07-13,22.0,83.0,2.4899999999999998
2025-07-13,22.0,84.0,2.3080000000000003
2025-07-13,22.0,85.0,2.618
2025-07-13,23.0,81.0,4.672222222222222
2025-07-13,23.0,82.0,1.7
2025-07-13,23.0,83.0,2.848888888888889
2025-07-13,23.0,84.0,0.41
2025-07-13,23.0,85.0,0.0
2025-07-13,24.0,81.0,6.022
2025-07-13,24.0,82.0,1.3232
2025-07-13,24.0,83.0,0.45866666666666667
2025-07-13,24.0,84.0,0.4936
2025-07-13,24.0,85.0,3.034
2025-07-14,18.0,81.0,0.0
2025-07-14,18.0,82.0,16.718
2025-07-14,18.0,83.0,3.7733333333333334
2025-07-14,18.0,84.0,13.636666666666665
2025-07-14,19.0,81.0,2.368888888888889
2025-07-14,19.0,82.0,14.49
2025-07-14,19.0,83.0,1.6655555555555557
2025-07-14,19.0,84.0,5.946428571428571
2025-07-14,19.0,85.0,22.15
2025-07-14,20.0,81.0,1.4253333333333333
2025-07-14,20.0,82.0,1.176
2025-07-14,20.0,83.0,5.208666666666667
2025-07-14,20.0,84.0,6.8796
2025-07-14,20.0,85.0,28.064
2025-07-14,21.0,81.0,0.7444444444444445
2025-07-14,21.0,82.0,0.0
2025-07-14,21.0,83.0,0.9155555555555556
2025-07-14,21.0,84.0,12.997333333333334
2025-07-14,21.0,85.0,25.39333333333333
2025-07-14,22.0,81.0,2.094
2025-07-14,22.0,82.0,1.6868
2025-07-14,22.0,83.0,0.18466666666666667
2025-07-14,22.0,84.0,6.1012
2025-07-14,22.0,85.0,19.077999999999996
2025-07-14,23.0,81.0,4.452222222222222
2025-07-14,23.0,82.0,5.456666666666667
2025-07-14,23.0,83.0,0.23000000000000004
2025-07-14,23.0,84.0,5.644666666666667
2025-07-14,23.0,85.0,55.803333333333335
2025-07-14,24.0,81.0,3.478666666666667
2025-07-14,24.0,82.0,3.9676
2025-07-14,24.0,83.0,12.687999999999999
2025-07-14,24.0,84.0,24.508000000000003
2025-07-14,24.0,85.0,15.372
2025-07-15,18.0,81.0,0.7600000000000001
2025-07-15,18.0,82.0,2.1399999999999997
2025-07-15,18.0,83.0,0.27666666666666667
2025-07-15,18.0,84.0,0.0
2025-07-15,19.0,81.0,1.3033333333333335
2025-07-15,19.0,82.0,2.613333333333333
2025-07-15,19.0,83.0,0.9722222222222222
2025-07-15,19.0,84.0,4.232142857142857
2025-07-15,19.0,85.0,3.87
2025-07-15,20.0,81.0,0.19666666666666668
2025-07-15,20.0,82.0,2.4108
2025-07-15,20.0,83.0,7.752
2025-07-15,20.0,84.0,4.6876
2025-07-15,20.0,85.0,6.452
2025-07-15,21.0,81.0,0.9655555555555557
2025-07-15,21.0,82.0,0.20199999999999999
2025-07-15,21.0,83.0,3.1933333333333334
2025-07-15,21.0,84.0,4.897333333333333
2025-07-15,21.0,85.0,4.78
2025-07-15,22.0,81.0,6.025333333333333
2025-07-15,22.0,82.0,8.624
2025-07-15,22.0,83.0,18.215333333333334
2025-07-15,22.0,84.0,20.7908
2025-07-15,22.0,85.0,41.35
2025-07-15,23.0,81.0,16.406666666666666
2025-07-15,23.0,82.0,6.148
2025-07-15,23.0,83.0,3.092222222222222
2025-07-15,23.0,84.0,20.045333333333335
2025-07-15,23.0,85.0,60.43333333333334
2025-07-15,24.0,81.0,4.128666666666667
2025-07-15,24.0,82.0,12.4596
2025-07-15,24.0,83.0,15.876666666666667
2025-07-15,24.0,84.0,33.8108
2025-07-15,24.0,85.0,31.362000000000002
2025-07-16,18.0,81.0,0.0
2025-07-16,18.0,82.0,5.0200000000000005
2025-07-16,18.0,83.0,9.053333333333333
2025-07-16,18.0,84.0,21.439999999999998
2025-07-16,19.0,81.0,0.0
2025-07-16,19.0,82.0,2.002666666666667
2025-07-16,19.0,83.0,2.316666666666667
2025-07-16,19.0,84.0,16.744285714285716
2025-07-16,19.0,85.0,9.43
2025-07-16,20.0,81.0,0.42533333333333334
2025-07-16,20.0,82.0,2.94
2025-07-16,20.0,83.0,7.447333333333333
2025-07-16,20.0,84.0,4.2488
2025-07-16,20.0,85.0,10.388
2025-07-16,21.0,81.0,2.535555555555556
2025-07-16,21.0,82.0,0.45666666666666667
2025-07-16,21.0,83.0,3.5699999999999994
2025-07-16,21.0,84.0,3.2546666666666666
2025-07-16,21.0,85.0,2.856666666666667
2025-07-16,22.0,81.0,21.016000000000002
2025-07-16,22.0,82.0,30.664
2025-07-16,22.0,83.0,21.069333333333336
2025-07-16,22.0,84.0,11.6984
2025-07-16,22.0,85.0,10.540000000000001
2025-07-16,23.0,81.0,9.601111111111111
2025-07-16,23.0,82.0,21.45266666666667
2025-07-16,23.0,83.0,21.59
2025-07-16,23.0,84.0,8.651333333333334
2025-07-16,23.0,85.0,3.046666666666667
2025-07-16,24.0,81.0,14.318666666666667
2025-07-16,24.0,82.0,15.818800000000001
2025-07-16,24.0,83.0,33.25266666666667
2025-07-16,24.0,84.0,63.9204
2025-07-16,24.0,85.0,31.944
2025-07-17,18.0,81.0,12.566666666666668
2025-07-17,18.0,82.0,4.014
2025-07-17,18.0,83.0,14.13
2025-07-17,18.0,84.0,10.186666666666666
2025-07-17,19.0,81.0,5.197777777777778
2025-07-17,19.0,82.0,2.8266666666666667
2025-07-17,19.0,83.0,7.23888888888889
2025-07-17,19.0,84.0,6.320714285714286
2025-07-17,19.0,85.0,0.0
2025-07-17,20.0,81.0,3.0686666666666667
2025-07-17,20.0,82.0,2.6612
2025-07-17,20.0,83.0,3.7819999999999996
2025-07-17,20.0,84.0,4.4796
2025-07-17,20.0,85.0,5.96
2025-07-17,21.0,81.0,6.6866666666666665
2025-07-17,21.0,82.0,6.09
2025-07-17,21.0,83.0,4.71
2025-07-17,21.0,84.0,4.770666666666667
2025-07-17,21.0,85.0,9.356666666666667
2025-07-17,22.0,81.0,1.8539999999999999
2025-07-17,22.0,82.0,1.3992000000000002
2025-07-17,22.0,83.0,1.6046666666666667
2025-07-17,22.0,84.0,2.3404
2025-07-17,22.0,85.0,1.778
2025-07-17,23.0,81.0,17.934444444444445
2025-07-17,23.0,82.0,10.764666666666667
2025-07-17,23.0,83.0,6.354444444444444
2025-07-17,23.0,84.0,4.210666666666667
2025-07-17,23.0,85.0,2.9166666666666665
2025-07-17,24.0,81.0,44.3
2025-07-17,24.0,82.0,61.6592
2025-07-17,24.0,83.0,49.556000000000004
2025-07-17,24.0,84.0,26.7212
2025-07-17,24.0,85.0,1.9119999999999997
2025-07-18,18.0,81.0,35.766666666666666
2025-07-18,18.0,82.0,42.032
2025-07-18,18.0,83.0,2.25
2025-07-18,18.0,84.0,1.3733333333333333
2025-07-18,19.0,81.0,31.95111111111111
2025-07-18,19.0,82.0,34.818
2025-07-18,19.0,83.0,22.993333333333332
2025-07-18,19.0,84.0,3.347142857142857
2025-07-18,19.0,85.0,7.03
2025-07-18,20.0,81.0,9.561333333333332
2025-07-18,20.0,82.0,7.952000000000001
2025-07-18,20.0,83.0,15.372000000000002
2025-07-18,20.0,84.0,8.9776
2025-07-18,20.0,85.0,1.5639999999999998
2025-07-18,21.0,81.0,6.243333333333334
2025-07-18,21.0,82.0,8.24
2025-07-18,21.0,83.0,5.016666666666667
2025-07-18,21.0,84.0,8.348666666666666
2025-07-18,21.0,85.0,2.6233333333333335
2025-07-18,22.0,81.0,9.92
2025-07-18,22.0,82.0,13.267999999999999
2025-07-18,22.0,83.0,6.59
2025-07-18,22.0,84.0,4.7188
2025-07-18,22.0,85.0,9.930000000000001
2025-07-18,23.0,81.0,23.153333333333332
2025-07-18,23.0,82.0,11.238
2025-07-18,23.0,83.0,7.793333333333333
2025-07-18,23.0,84.0,3.9753333333333334
2025-07-18,23.0,85.0,17.476666666666667
2025-07-18,24.0,81.0,23.86733333333333
2025-07-18,24.0,82.0,11.2628
2025-07-18,24.0,83.0,3.4126666666666665
2025-07-18,24.0,84.0,3.1948000000000003
2025-07-18,24.0,85.0,3.5519999999999996
2025-07-19,18.0,81.0,0.0
2025-07-19,18.0,82.0,4.784000000000001
2025-07-19,18.0,83.0,5.28
2025-07-19,18.0,84.0,0.0
2025-07-19,19.0,81.0,0.0
2025-07-19,19.0,82.0,0.6033333333333334
2025-07-19,19.0,83.0,13.469999999999999
2025-07-19,19.0,84.0,2.94
2025-07-19,19.0,85.0,0.0
2025-07-19,20.0,81.0,0.0
2025-07-19,20.0,82.0,0.6356
2025-07-19,20.0,83.0,8.748
2025-07-19,20.0,84.0,8.658
2025-07-19,20.0,85.0,0.05600000000000001
2025-07-19,21.0,81.0,1.6233333333333333
2025-07-19,21.0,82.0,3.4106666666666663
2025-07-19,21.0,83.0,0.6122222222222222
2025-07-19,21.0,84.0,7.164666666666666
2025-07-19,21.0,85.0,0.06
2025-07-19,22.0,81.0,2.4006666666666665
2025-07-19,22.0,82.0,1.2276
2025-07-19,22.0,83.0,6.274
2025-07-19,22.0,84.0,5.397200000000001
2025-07-19,22.0,85.0,5.518
2025-07-19,23.0,81.0,5.518888888888889
2025-07-19,23.0,82.0,4.174666666666666
2025-07-19,23.0,83.0,3.268888888888889
2025-07-19,23.0,84.0,4.291333333333333
2025-07-19,23.0,85.0,0.28
2025-07-19,24.0,81.0,2.3753333333333333
2025-07-19,24.0,82.0,12.527999999999999
2025-07-19,24.0,83.0,7.227333333333333
2025-07-19,24.0,84.0,8.572799999999999
2025-07-19,24.0,85.0,1.908
2025-07-20,18.0,81.0,19.426666666666666
2025-07-20,18.0,82.0,17.756
2025-07-20,18.0,83.0,3.8200000000000003
2025-07-20,18.0,84.0,3.6199999999999997
2025-07-20,19.0,81.0,30.74555555555556
2025-07-20,19.0,82.0,22.762666666666668
2025-07-20,19.0,83.0,15.877777777777778
2025-07-20,19.0,84.0,1.4371428571428573
2025-07-20,19.0,85.0,1.12
2025-07-20,20.0,81.0,24.09333333333333
2025-07-20,20.0,82.0,20.8244
2025-07-20,20.0,83.0,10.914666666666667
2025-07-20,20.0,84.0,15.096000000000002
2025-07-20,20.0,85.0,3.22
2025-07-20,21.0,81.0,5.65
2025-07-20,21.0,82.0,13.440666666666665
2025-07-20,21.0,83.0,4.6433333333333335
2025-07-20,21.0,84.0,6.316666666666666
2025-07-20,21.0,85.0,20.61
2025-07-20,22.0,81.0,8.279333333333334
2025-07-20,22.0,82.0,11.978800000000001
2025-07-20,22.0,83.0,21.41
2025-07-20,22.0,84.0,17.858800000000002
2025-07-20,22.0,85.0,8.725999999999999
2025-07-20,23.0,81.0,0.8655555555555554
2025-07-20,23.0,82.0,3.064
2025-07-20,23.0,83.0,8.72111111111111
2025-07-20,23.0,84.0,6.104
2025-07-20,23.0,85.0,4.076666666666667
2025-07-20,24.0,81.0,0.0
2025-07-20,24.0,82.0,0.3432
2025-07-20,24.0,83.0,9.722
2025-07-20,24.0,84.0,22.6864
2025-07-20,24.0,85.0,14.958000000000002
2025-07-21,18.0,81.0,1.92
2025-07-21,18.0,82.0,0.057999999999999996
2025-07-21,18.0,83.0,13.023333333333333
2025-07-21,18.0,84.0,35.03
2025-07-21,19.0,81.0,1.1722222222222223
2025-07-21,19.0,82.0,0.24533333333333335
2025-07-21,19.0,83.0,2.517777777777778
2025-07-21,19.0,84.0,16.247142857142858
2025-07-21,19.0,85.0,57.95
2025-07-21,20.0,81.0,4.795333333333333
2025-07-21,20.0,82.0,18.9012
2025-07-21,20.0,83.0,21.145333333333333
2025-07-21,20.0,84.0,12.4464
2025-07-21,20.0,85.0,19.472
2025-07-21,21.0,81.0,19.015555555555558
2025-07-21,21.0,82.0,20.26066666666667
2025-07-21,21.0,83.0,31.917777777777776
2025-07-21,21.0,84.0,10.114666666666666
2025-07-21,21.0,85.0,22.66333333333333
2025-07-21,22.0,81.0,9.903333333333334
2025-07-21,22.0,82.0,6.4196
2025-07-21,22.0,83.0,12.255333333333333
2025-07-21,22.0,84.0,6.4152
2025-07-21,22.0,85.0,5.326
2025-07-21,23.0,81.0,7.552222222222222
2025-07-21,23.0,82.0,10.130666666666665
2025-07-21,23.0,83.0,7.390000000000001
2025-07-21,23.0,84.0,5.924666666666667
2025-07-21,23.0,85.0,5.043333333333333
2025-07-21,24.0,81.0,0.9573333333333333
2025-07-21,24.0,82.0,1.1608
2025-07-21,24.0,83.0,2.5613333333333332
2025-07-21,24.0,84.0,2.2563999999999997
2025-07-21,24.0,85.0,7.246
2025-07-22,18.0,81.0,11.673333333333334
2025-07-22,18.0,82.0,27.424
2025-07-22,18.0,83.0,9.950000000000001
2025-07-22,18.0,84.0,15.496666666666668
2025-07-22,19.0,81.0,23.956666666666667
2025-07-22,19.0,82.0,30.755999999999997
2025-07-22,19.0,83.0,4.7188888888888885
2025-07-22,19.0,84.0,7.567857142857143
2025-07-22,19.0,85.0,0.97
2025-07-22,20.0,81.0,4.6080000000000005
2025-07-22,20.0,82.0,18.7692
2025-07-22,20.0,83.0,14.559333333333335
2025-07-22,20.0,84.0,8.152000000000001
2025-07-22,20.0,85.0,1.456
2025-07-22,21.0,81.0,9.47
2025-07-22,21.0,82.0,5.752
2025-07-22,21.0,83.0,14.543333333333331
2025-07-22,21.0,84.0,1.8419999999999999
2025-07-22,21.0,85.0,5.483333333333333
2025-07-22,22.0,81.0,7.691333333333334
2025-07-22,22.0,82.0,4.6536
2025-07-22,22.0,83.0,3.7853333333333334
2025-07-22,22.0,84.0,2.0856
2025-07-22,22.0,85.0,0.442
2025-07-22,23.0,81.0,13.123333333333333
2025-07-22,23.0,82.0,9.144666666666666
2025-07-22,23.0,83.0,5.33
2025-07-22,23.0,84.0,4.752
2025-07-22,23.0,85.0,6.803333333333334
2025-07-22,24.0,81.0,3.9613333333333336
2025-07-22,24.0,82.0,4.75
2025-07-22,24.0,83.0,0.4666666666666667
2025-07-22,24.0,84.0,2.8676
2025-07-22,24.0,85.0,1.296
2025-07-23,18.0,81.0,76.13333333333333
2025-07-23,18.0,82.0,13.156
2025-07-23,18.0,83.0,19.69
2025-07-23,18.0,84.0,2.43
2025-07-23,19.0,81.0,58.08222222222222
2025-07-23,19.0,82.0,19.322
2025-07-23,19.0,83.0,28.09222222222222
2025-07-23,19.0,84.0,1.2814285714285716
2025-07-23,19.0,85.0,7.92
2025-07-23,20.0,81.0,37.16733333333333
2025-07-23,20.0,82.0,17.1428
2025-07-23,20.0,83.0,4.78
2025-07-23,20.0,84.0,2.3656
2025-07-23,20.0,85.0,4.286
2025-07-23,21.0,81.0,16.94
2025-07-23,21.0,82.0,11.527333333333333
2025-07-23,21.0,83.0,3.6411111111111114
2025-07-23,21.0,84.0,6.742
2025-07-23,21.0,85.0,8.253333333333334
2025-07-23,22.0,81.0,6.734
2025-07-23,22.0,82.0,7.624
2025-07-23,22.0,83.0,2.444666666666667
2025-07-23,22.0,84.0,4.3595999999999995
2025-07-23,22.0,85.0,2.412
2025-07-23,23.0,81.0,13.637777777777778
2025-07-23,23.0,82.0,4.567333333333334
2025-07-23,23.0,83.0,3.934444444444444
2025-07-23,23.0,84.0,8.226666666666667
2025-07-23,23.0,85.0,6.093333333333334
2025-07-23,24.0,81.0,3.5793333333333335
2025-07-23,24.0,82.0,5.763999999999999
2025-07-23,24.0,83.0,2.825333333333333
2025-07-23,24.0,84.0,15.144
2025-07-23,24.0,85.0,16.464000000000002
2025-07-24,18.0,81.0,41.59
2025-07-24,18.0,82.0,9.108
2025-07-24,18.0,83.0,0.7266666666666666
2025-07-24,18.0,84.0,1.5466666666666669
2025-07-24,19.0,81.0,53.827777777777776
2025-07-24,19.0,82.0,18.515333333333334
2025-07-24,19.0,83.0,2.7844444444444445
2025-07-24,19.0,84.0,12.330714285714285
2025-07-24,19.0,85.0,29.16
2025-07-24,20.0,81.0,28.062666666666665
2025-07-24,20.0,82.0,32.774
2025-07-24,20.0,83.0,16.755333333333333
2025-07-24,20.0,84.0,17.979200000000002
2025-07-24,20.0,85.0,46.044
2025-07-24,21.0,81.0,53.257777777777775
2025-07-24,21.0,82.0,30.30933333333333
2025-07-24,21.0,83.0,23.461111111111112
2025-07-24,21.0,84.0,14.152666666666667
2025-07-24,21.0,85.0,47.46666666666667
2025-07-24,22.0,81.0,43.31933333333333
2025-07-24,22.0,82.0,27.7808
2025-07-24,22.0,83.0,47.76466666666667
2025-07-24,22.0,84.0,33.8588
2025-07-24,22.0,85.0,43.78
2025-07-24,23.0,81.0,37.650000000000006
2025-07-24,23.0,82.0,55.99400000000001
2025-07-24,23.0,83.0,31.60888888888889
2025-07-24,23.0,84.0,29.554
2025-07-24,23.0,85.0,14.26
2025-07-24,24.0,81.0,11.151333333333332
2025-07-24,24.0,82.0,37.4948
2025-07-24,24.0,83.0,30.894
2025-07-24,24.0,84.0,31.6008
2025-07-24,24.0,85.0,15.669999999999998
2025-07-25,18.0,81.0,14.816666666666668
2025-07-25,18.0,82.0,45.70399999999999
2025-07-25,18.0,83.0,20.44666666666667
2025-07-25,18.0,84.0,1.8866666666666667
2025-07-25,19.0,81.0,46.00888888888889
2025-07-25,19.0,82.0,80.89066666666668
2025-07-25,19.0,83.0,22.98111111111111
2025-07-25,19.0,84.0,9.615714285714287
2025-07-25,19.0,85.0,2.55
2025-07-25,20.0,81.0,68.87666666666668
2025-07-25,20.0,82.0,38.7076
2025-07-25,20.0,83.0,13.567333333333332
2025-07-25,20.0,84.0,3.6328000000000005
2025-07-25,20.0,85.0,3.1119999999999997
2025-07-25,21.0,81.0,20.04888888888889
2025-07-25,21.0,82.0,5.866666666666666
2025-07-25,21.0,83.0,1.3633333333333333
2025-07-25,21.0,84.0,15.559999999999999
2025-07-25,21.0,85.0,6.023333333333333
2025-07-25,22.0,81.0,14.941333333333334
2025-07-25,22.0,82.0,7.7724
2025-07-25,22.0,83.0,52.26466666666667
2025-07-25,22.0,84.0,48.647600000000004
2025-07-25,22.0,85.0,44.174
2025-07-25,23.0,81.0,12.596666666666668
2025-07-25,23.0,82.0,28.194000000000003
2025-07-25,23.0,83.0,67.49666666666667
2025-07-25,23.0,84.0,51.38866666666667
2025-07-25,23.0,85.0,33.18333333333333
2025-07-25,24.0,81.0,10.288
2025-07-25,24.0,82.0,22.302
2025-07-25,24.0,83.0,61.04666666666667
2025-07-25,24.0,84.0,30.058000000000003
2025-07-25,24.0,85.0,20.768
2025-07-26,18.0,81.0,29.363333333333333
2025-07-26,18.0,82.0,23.348000000000003
2025-07-26,18.0,83.0,6.723333333333334
2025-07-26,18.0,84.0,3.263333333333333
2025-07-26,19.0,81.0,34.99444444444444
2025-07-26,19.0,82.0,31.59
2025-07-26,19.0,83.0,21.39111111111111
2025-07-26,19.0,84.0,5.0042857142857144
2025-07-26,19.0,85.0,0.0
2025-07-26,20.0,81.0,38.862
2025-07-26,20.0,82.0,21.234
2025-07-26,20.0,83.0,12.398
2025-07-26,20.0,84.0,6.5824
2025-07-26,20.0,85.0,0.784
2025-07-26,21.0,81.0,48.278888888888886
2025-07-26,21.0,82.0,34.25066666666667
2025-07-26,21.0,83.0,25.63
2025-07-26,21.0,84.0,35.3
2025-07-26,21.0,85.0,7.983333333333333
2025-07-26,22.0,81.0,64.304
2025-07-26,22.0,82.0,45.4324
2025-07-26,22.0,83.0,35.96933333333334
2025-07-26,22.0,84.0,21.529600000000002
2025-07-26,22.0,85.0,18.086000000000002
2025-07-26,23.0,81.0,58.01888888888888
2025-07-26,23.0,82.0,40.042
2025-07-26,23.0,83.0,26.299999999999997
2025-07-26,23.0,84.0,42.849333333333334
2025-07-26,23.0,85.0,59.71666666666667
2025-07-26,24.0,81.0,28.55
2025-07-26,24.0,82.0,44.5268
2025-07-26,24.0,83.0,53.574666666666666
2025-07-26,24.0,84.0,67.1652
2025-07-26,24.0,85.0,60.419999999999995
2025-07-27,18.0,81.0,4.78
2025-07-27,18.0,82.0,5.848000000000001
2025-07-27,18.0,83.0,2.55
2025-07-27,18.0,84.0,0.09666666666666666
2025-07-27,19.0,81.0,21.824444444444445
2025-07-27,19.0,82.0,15.814666666666666
2025-07-27,19.0,83.0,10.118888888888888
2025-07-27,19.0,84.0,0.6021428571428571
2025-07-27,19.0,85.0,1.87
2025-07-27,20.0,81.0,27.493999999999996
2025-07-27,20.0,82.0,14.4144
2025-07-27,20.0,83.0,4.932666666666666
2025-07-27,20.0,84.0,4.5440000000000005
2025-07-27,20.0,85.0,0.55
2025-07-27,21.0,81.0,53.37
2025-07-27,21.0,82.0,17.555333333333333
2025-07-27,21.0,83.0,7.842222222222222
2025-07-27,21.0,84.0,8.116
2025-07-27,21.0,85.0,8.98
2025-07-27,22.0,81.0,24.782
2025-07-27,22.0,82.0,5.9764
2025-07-27,22.0,83.0,13.228666666666667
2025-07-27,22.0,84.0,10.5184
2025-07-27,22.0,85.0,11.906
2025-07-27,23.0,81.0,38.94777777777777
2025-07-27,23.0,82.0,41.10333333333333
2025-07-27,23.0,83.0,10.076666666666666
2025-07-27,23.0,84.0,13.08
2025-07-27,23.0,85.0,12.32
2025-07-27,24.0,81.0,25.27266666666667
2025-07-27,24.0,82.0,26.212
2025-07-27,24.0,83.0,31.797333333333334
2025-07-27,24.0,84.0,12.022
2025-07-27,24.0,85.0,7.742
2025-07-28,18.0,81.0,3.0500000000000003
2025-07-28,18.0,82.0,1.814
2025-07-28,18.0,83.0,0.19666666666666666
2025-07-28,18.0,84.0,0.0
2025-07-28,19.0,81.0,0.8477777777777777
2025-07-28,19.0,82.0,4.795333333333334
2025-07-28,19.0,83.0,1.251111111111111
2025-07-28,19.0,84.0,0.0
2025-07-28,19.0,85.0,0.0
2025-07-28,20.0,81.0,2.5133333333333336
2025-07-28,20.0,82.0,2.1968
2025-07-28,20.0,83.0,1.5026666666666666
2025-07-28,20.0,84.0,0.3888
2025-07-28,20.0,85.0,0.0
2025-07-28,21.0,81.0,5.036666666666666
2025-07-28,21.0,82.0,2.8193333333333332
2025-07-28,21.0,83.0,1.4922222222222221
2025-07-28,21.0,84.0,1.6406666666666667
2025-07-28,21.0,85.0,1.7000000000000002
2025-07-28,22.0,81.0,1.674
2025-07-28,22.0,82.0,0.8103999999999999
2025-07-28,22.0,83.0,0.5426666666666667
2025-07-28,22.0,84.0,1.2336
2025-07-28,22.0,85.0,3.5980000000000003
2025-07-28,23.0,81.0,1.8255555555555556
2025-07-28,23.0,82.0,0.642
2025-07-28,23.0,83.0,1.9988888888888892
2025-07-28,23.0,84.0,3.820666666666667
2025-07-28,23.0,85.0,2.03
2025-07-28,24.0,81.0,0.9813333333333333
2025-07-28,24.0,82.0,1.5512000000000001
2025-07-28,24.0,83.0,5.16
2025-07-28,24.0,84.0,5.1704
2025-07-28,24.0,85.0,12.209999999999999
2025-07-29,18.0,81.0,0.0
2025-07-29,18.0,82.0,4.962
2025-07-29,18.0,83.0,1.2433333333333334
2025-07-29,18.0,84.0,0.0
2025-07-29,19.0,81.0,7.646666666666667
2025-07-29,19.0,82.0,17.054
2025-07-29,19.0,83.0,15.131111111111112
2025-07-29,19.0,84.0,3.657857142857143
2025-07-29,19.0,85.0,1.61
2025-07-29,20.0,81.0,12.758666666666667
2025-07-29,20.0,82.0,14.322799999999999
2025-07-29,20.0,83.0,14.463333333333335
2025-07-29,20.0,84.0,8.3768
2025-07-29,20.0,85.0,1.536
2025-07-29,21.0,81.0,12.467777777777776
2025-07-29,21.0,82.0,13.898
2025-07-29,21.0,83.0,11.240000000000002
2025-07-29,21.0,84.0,4.866666666666666
2025-07-29,21.0,85.0,3.3166666666666664
2025-07-29,22.0,81.0,14.15
2025-07-29,22.0,82.0,10.7456
2025-07-29,22.0,83.0,6.068
2025-07-29,22.0,84.0,1.9644
2025-07-29,22.0,85.0,2.446
2025-07-29,23.0,81.0,11.097777777777777
2025-07-29,23.0,82.0,4.821333333333333
2025-07-29,23.0,83.0,2.037777777777778
2025-07-29,23.0,84.0,1.136
2025-07-29,23.0,85.0,0.20666666666666667
2025-07-29,24.0,81.0,6.815333333333333
2025-07-29,24.0,82.0,1.064
2025-07-29,24.0,83.0,2.882
2025-07-29,24.0,84.0,3.492
2025-07-29,24.0,85.0,6.136000000000001
2025-07-30,18.0,81.0,1.6066666666666667
2025-07-30,18.0,82.0,2.614
2025-07-30,18.0,83.0,0.8266666666666667
2025-07-30,18.0,84.0,0.0
2025-07-30,19.0,81.0,6.73
2025-07-30,19.0,82.0,4.160666666666667
2025-07-30,19.0,83.0,3.6100000000000003
2025-07-30,19.0,84.0,0.3435714285714285
2025-07-30,19.0,85.0,3.68
2025-07-30,20.0,81.0,33.60266666666667
2025-07-30,20.0,82.0,22.878400000000003
2025-07-30,20.0,83.0,13.528666666666668
2025-07-30,20.0,84.0,8.0108
2025-07-30,20.0,85.0,3.2039999999999997
2025-07-30,21.0,81.0,47.285555555555554
2025-07-30,21.0,82.0,23.391333333333332
2025-07-30,21.0,83.0,34.55555555555556
2025-07-30,21.0,84.0,13.122000000000002
2025-07-30,21.0,85.0,3.72
2025-07-30,22.0,81.0,6.308666666666666
2025-07-30,22.0,82.0,6.6184
2025-07-30,22.0,83.0,6.904
2025-07-30,22.0,84.0,5.1344
2025-07-30,22.0,85.0,5.494000000000001
2025-07-30,23.0,81.0,6.986666666666666
2025-07-30,23.0,82.0,14.9
2025-07-30,23.0,83.0,2.481111111111111
2025-07-30,23.0,84.0,2.344
2025-07-30,23.0,85.0,2.3466666666666667
2025-07-30,24.0,81.0,8.516666666666667
2025-07-30,24.0,82.0,3.432
2025-07-30,24.0,83.0,2.2386666666666666
2025-07-30,24.0,84.0,2.4512
2025-07-30,24.0,85.0,1.1380000000000001
2025-07-31,18.0,81.0,2.9966666666666666
2025-07-31,18.0,82.0,3.9859999999999998
2025-07-31,18.0,83.0,0.37666666666666665
2025-07-31,18.0,84.0,0.0
2025-07-31,19.0,81.0,8.977777777777778
2025-07-31,19.0,82.0,7.699333333333334
2025-07-31,19.0,83.0,3.285555555555556
2025-07-31,19.0,84.0,0.09285714285714286
2025-07-31,19.0,85.0,0.0
2025-07-31,20.0,81.0,8.264000000000001
2025-07-31,20.0,82.0,7.502000000000001
2025-07-31,20.0,83.0,1.2933333333333332
2025-07-31,20.0,84.0,0.384
2025-07-31,20.0,85.0,0.0
2025-07-31,21.0,81.0,13.748888888888889
2025-07-31,21.0,82.0,1.6406666666666667
2025-07-31,21.0,83.0,0.32555555555555554
2025-07-31,21.0,84.0,0.0
2025-07-31,21.0,85.0,0.0
2025-07-31,22.0,81.0,1.3886666666666667
2025-07-31,22.0,82.0,2.9356
2025-07-31,22.0,83.0,2.3546666666666667
2025-07-31,22.0,84.0,0.07
2025-07-31,22.0,85.0,0.076
2025-07-31,23.0,81.0,3.161111111111111
2025-07-31,23.0,82.0,5.700666666666666
2025-07-31,23.0,83.0,2.782222222222222
2025-07-31,23.0,84.0,0.45866666666666667
2025-07-31,23.0,85.0,0.2966666666666667
2025-07-31,24.0,81.0,8.678666666666667
2025-07-31,24.0,82.0,1.8396000000000001
2025-07-31,24.0,83.0,1.1506666666666665
2025-07-31,24.0,84.0,10.4072
2025-07-31,24.0,85.0,10.041999999999998
2025-08-01,18.0,81.0,0.0
2025-08-01,18.0,82.0,0.082
2025-08-01,18.0,83.0,0.0
2025-08-01,18.0,84.0,0.0
2025-08-01,19.0,81.0,0.7144444444444444
2025-08-01,19.0,82.0,2.201333333333333
2025-08-01,19.0,83.0,0.9511111111111111
2025-08-01,19.0,84.0,1.48
2025-08-01,19.0,85.0,0.84
2025-08-01,20.0,81.0,3.2760000000000002
2025-08-01,20.0,82.0,1.2664
2025-08-01,20.0,83.0,2.4633333333333334
2025-08-01,20.0,84.0,3.5715999999999997
2025-08-01,20.0,85.0,0.302
2025-08-01,21.0,81.0,5.007777777777778
2025-08-01,21.0,82.0,1.6840000000000002
2025-08-01,21.0,83.0,3.3655555555555554
2025-08-01,21.0,84.0,1.5946666666666665
2025-08-01,21.0,85.0,0.0
2025-08-01,22.0,81.0,4.752
2025-08-01,22.0,82.0,3.9663999999999997
2025-08-01,22.0,83.0,4.23
2025-08-01,22.0,84.0,4.759600000000001
2025-08-01,22.0,85.0,4.5600000000000005
2025-08-01,23.0,81.0,4.2155555555555555
2025-08-01,23.0,82.0,1.0173333333333334
2025-08-01,23.0,83.0,4.365555555555556
2025-08-01,23.0,84.0,1.318
2025-08-01,23.0,85.0,4.576666666666667
2025-08-01,24.0,81.0,1.1173333333333333
2025-08-01,24.0,82.0,0.2976
2025-08-01,24.0,83.0,0.24666666666666667
2025-08-01,24.0,84.0,2.4844
2025-08-01,24.0,85.0,5.628
2025-08-02,18.0,81.0,0.0
2025-08-02,18.0,82.0,0.0
2025-08-02,18.0,83.0,0.22333333333333336
2025-08-02,18.0,84.0,14.76
2025-08-02,19.0,81.0,0.11222222222222222
2025-08-02,19.0,82.0,0.4853333333333333
2025-08-02,19.0,83.0,3.6088888888888886
2025-08-02,19.0,84.0,12.220714285714285
2025-08-02,19.0,85.0,6.16
2025-08-02,20.0,81.0,0.7140000000000001
2025-08-02,20.0,82.0,2.5668
2025-08-02,20.0,83.0,5.105333333333333
2025-08-02,20.0,84.0,6.3784
2025-08-02,20.0,85.0,8.954
2025-08-02,21.0,81.0,2.0244444444444447
2025-08-02,21.0,82.0,3.3506666666666667
2025-08-02,21.0,83.0,0.77
2025-08-02,21.0,84.0,0.3873333333333333
2025-08-02,21.0,85.0,0.06
2025-08-02,22.0,81.0,5.918666666666667
2025-08-02,22.0,82.0,2.6236
2025-08-02,22.0,83.0,0.49933333333333335
2025-08-02,22.0,84.0,0.5364
2025-08-02,22.0,85.0,1.436
2025-08-02,23.0,81.0,7.363333333333333
2025-08-02,23.0,82.0,2.3586666666666667
2025-08-02,23.0,83.0,11.756666666666668
2025-08-02,23.0,84.0,2.8273333333333333
2025-08-02,23.0,85.0,2.36
2025-08-02,24.0,81.0,16.052
2025-08-02,24.0,82.0,11.3608
2025-08-02,24.0,83.0,16.615333333333332
2025-08-02,24.0,84.0,2.2936
2025-08-02,24.0,85.0,1.0619999999999998
2025-08-03,18.0,81.0,0.22666666666666668
2025-08-03,18.0,82.0,1.064
2025-08-03,18.0,83.0,6.396666666666667
2025-08-03,18.0,84.0,8.860000000000001
2025-08-03,19.0,81.0,0.12333333333333335
2025-08-03,19.0,82.0,0.7426666666666667
2025-08-03,19.0,83.0,1.9477777777777778
2025-08-03,19.0,84.0,5.746428571428572
2025-08-03,19.0,85.0,1.14
2025-08-03,20.0,81.0,0.0
2025-08-03,20.0,82.0,1.3524
2025-08-03,20.0,83.0,5.67
2025-08-03,20.0,84.0,1.3332
2025-08-03,20.0,85.0,0.12
2025-08-03,21.0,81.0,0.03888888888888889
2025-08-03,21.0,82.0,0.0
2025-08-03,21.0,83.0,0.8622222222222222
2025-08-03,21.0,84.0,0.8626666666666666
2025-08-03,21.0,85.0,0.0
2025-08-03,22.0,81.0,0.23600000000000002
2025-08-03,22.0,82.0,0.9168000000000001
2025-08-03,22.0,83.0,6.190666666666667
2025-08-03,22.0,84.0,3.6128000000000005
2025-08-03,22.0,85.0,1.9060000000000001
2025-08-03,23.0,81.0,1.9177777777777776
2025-08-03,23.0,82.0,2.4026666666666667
2025-08-03,23.0,83.0,18.564444444444447
2025-08-03,23.0,84.0,7.354
2025-08-03,23.0,85.0,0.66
2025-08-03,24.0,81.0,14.588666666666665
2025-08-03,24.0,82.0,16.252
2025-08-03,24.0,83.0,25.652666666666665
2025-08-03,24.0,84.0,27.5464
2025-08-03,24.0,85.0,5.312
2025-08-04,18.0,81.0,4.5
2025-08-04,18.0,82.0,0.168
2025-08-04,18.0,83.0,0.18000000000000002
2025-08-04,18.0,84.0,0.09666666666666666
2025-08-04,19.0,81.0,2.1333333333333333
2025-08-04,19.0,82.0,0.06199999999999999
2025-08-04,19.0,83.0,0.024444444444444446
2025-08-04,19.0,84.0,6.098571428571428
2025-08-04,19.0,85.0,7.33
2025-08-04,20.0,81.0,0.0
2025-08-04,20.0,82.0,0.0128
2025-08-04,20.0,83.0,0.0
2025-08-04,20.0,84.0,4.814400000000001
2025-08-04,20.0,85.0,5.038
2025-08-04,21.0,81.0,0.0
2025-08-04,21.0,82.0,0.8173333333333334
2025-08-04,21.0,83.0,0.7799999999999999
2025-08-04,21.0,84.0,0.05733333333333333
2025-08-04,21.0,85.0,0.06333333333333334
2025-08-04,22.0,81.0,2.0086666666666666
2025-08-04,22.0,82.0,0.4976
2025-08-04,22.0,83.0,1.6413333333333333
2025-08-04,22.0,84.0,1.9224
2025-08-04,22.0,85.0,3.06
2025-08-04,23.0,81.0,0.578888888888889
2025-08-04,23.0,82.0,0.41333333333333333
2025-08-04,23.0,83.0,9.856666666666666
2025-08-04,23.0,84.0,4.4366666666666665
2025-08-04,23.0,85.0,4.16
2025-08-04,24.0,81.0,1.9013333333333333
2025-08-04,24.0,82.0,6.266800000000001
2025-08-04,24.0,83.0,9.972666666666667
2025-08-04,24.0,84.0,35.1832
2025-08-04,24.0,85.0,25.942
2025-08-05,18.0,81.0,3.5400000000000005
2025-08-05,18.0,82.0,2.252
2025-08-05,18.0,83.0,0.6
2025-08-05,18.0,84.0,0.049999999999999996
2025-08-05,19.0,81.0,1.9022222222222223
2025-08-05,19.0,82.0,0.376
2025-08-05,19.0,83.0,3.5277777777777777
2025-08-05,19.0,84.0,0.99
2025-08-05,19.0,85.0,0.0
2025-08-05,20.0,81.0,1.8786666666666667
2025-08-05,20.0,82.0,2.946
2025-08-05,20.0,83.0,1.3446666666666667
2025-08-05,20.0,84.0,1.5656
2025-08-05,20.0,85.0,4.504
2025-08-05,21.0,81.0,0.32
2025-08-05,21.0,82.0,5.684666666666667
2025-08-05,21.0,83.0,5.922222222222222
2025-08-05,21.0,84.0,0.19333333333333333
2025-08-05,21.0,85.0,1.04
2025-08-05,22.0,81.0,1.4286666666666668
2025-08-05,22.0,82.0,0.514
2025-08-05,22.0,83.0,0.882
2025-08-05,22.0,84.0,1.042
2025-08-05,22.0,85.0,0.13799999999999998
2025-08-05,23.0,81.0,4.558888888888889
2025-08-05,23.0,82.0,0.508
2025-08-05,23.0,83.0,3.7866666666666666
2025-08-05,23.0,84.0,2.6453333333333333
2025-08-05,23.0,85.0,1.7
2025-08-05,24.0,81.0,1.8106666666666666
2025-08-05,24.0,82.0,1.9948
2025-08-05,24.0,83.0,2.2
2025-08-05,24.0,84.0,4.2636
2025-08-05,24.0,85.0,2.976
2025-08-06,18.0,81.0,7.383333333333333
2025-08-06,18.0,82.0,2.2
2025-08-06,18.0,83.0,0.0
2025-08-06,18.0,84.0,0.0
2025-08-06,19.0,81.0,9.05111111111111
2025-08-06,19.0,82.0,0.5766666666666667
2025-08-06,19.0,83.0,1.0166666666666666
2025-08-06,19.0,84.0,0.0
2025-08-06,19.0,85.0,0.0
2025-08-06,20.0,81.0,2.2760000000000002
2025-08-06,20.0,82.0,6.159199999999999
2025-08-06,20.0,83.0,3.1333333333333333
2025-08-06,20.0,84.0,2.8456
2025-08-06,20.0,85.0,0.16799999999999998
2025-08-06,21.0,81.0,0.0
2025-08-06,21.0,82.0,0.016666666666666666
2025-08-06,21.0,83.0,1.2855555555555556
2025-08-06,21.0,84.0,8.714
2025-08-06,21.0,85.0,1.54
2025-08-06,22.0,81.0,0.624
2025-08-06,22.0,82.0,0.6492
2025-08-06,22.0,83.0,1.044
2025-08-06,22.0,84.0,1.5175999999999998
2025-08-06,22.0,85.0,0.0
2025-08-06,23.0,81.0,0.0
2025-08-06,23.0,82.0,0.4746666666666667
2025-08-06,23.0,83.0,0.0
2025-08-06,23.0,84.0,2.64
2025-08-06,23.0,85.0,4.6000000000000005
2025-08-06,24.0,81.0,0.0
2025-08-06,24.0,82.0,0.7148
2025-08-06,24.0,83.0,0.3473333333333333
2025-08-06,24.0,84.0,3.0268
2025-08-06,24.0,85.0,15.516
2025-08-07,18.0,81.0,3.7566666666666664
2025-08-07,18.0,82.0,8.306000000000001
2025-08-07,18.0,83.0,0.26
2025-08-07,18.0,84.0,0.0
2025-08-07,19.0,81.0,3.5433333333333334
2025-08-07,19.0,82.0,8.122
2025-08-07,19.0,83.0,8.482222222222223
2025-08-07,19.0,84.0,0.3985714285714286
2025-08-07,19.0,85.0,0.0
2025-08-07,20.0,81.0,5.186000000000001
2025-08-07,20.0,82.0,7.1364
2025-08-07,20.0,83.0,6.0233333333333325
2025-08-07,20.0,84.0,10.896399999999998
2025-08-07,20.0,85.0,13.788
2025-08-07,21.0,81.0,3.633333333333333
2025-08-07,21.0,82.0,4.7459999999999996
2025-08-07,21.0,83.0,1.78
2025-08-07,21.0,84.0,10.919333333333332
2025-08-07,21.0,85.0,25.36666666666667
2025-08-07,22.0,81.0,1.7646666666666666
2025-08-07,22.0,82.0,5.7548
2025-08-07,22.0,83.0,1.1053333333333333
2025-08-07,22.0,84.0,4.6080000000000005
2025-08-07,22.0,85.0,2.566
2025-08-07,23.0,81.0,0.0
2025-08-07,23.0,82.0,1.6353333333333333
2025-08-07,23.0,83.0,0.6633333333333333
2025-08-07,23.0,84.0,3.308
2025-08-07,23.0,85.0,6.8066666666666675
2025-08-07,24.0,81.0,0.0
2025-08-07,24.0,82.0,0.0
2025-08-07,24.0,83.0,0.06333333333333332
2025-08-07,24.0,84.0,7.5804
2025-08-07,24.0,85.0,16.556
2025-08-08,18.0,81.0,10.836666666666666
2025-08-08,18.0,82.0,3.636
2025-08-08,18.0,83.0,1.03
2025-08-08,18.0,84.0,0.049999999999999996
2025-08-08,19.0,81.0,15.142222222222223
2025-08-08,19.0,82.0,12.027333333333333
2025-08-08,19.0,83.0,3.5144444444444445
2025-08-08,19.0,84.0,0.2621428571428571
2025-08-08,19.0,85.0,2.23
2025-08-08,20.0,81.0,28.52466666666667
2025-08-08,20.0,82.0,27.9492
2025-08-08,20.0,83.0,7.807999999999999
2025-08-08,20.0,84.0,2.7416
2025-08-08,20.0,85.0,17.032
2025-08-08,21.0,81.0,16.646666666666665
2025-08-08,21.0,82.0,16.462
2025-08-08,21.0,83.0,8.814444444444444
2025-08-08,21.0,84.0,2.1820000000000004
2025-08-08,21.0,85.0,3.75
2025-08-08,22.0,81.0,1.364
2025-08-08,22.0,82.0,1.8803999999999998
2025-08-08,22.0,83.0,4.501333333333334
2025-08-08,22.0,84.0,5.373200000000001
2025-08-08,22.0,85.0,3.97
2025-08-08,23.0,81.0,0.25555555555555554
2025-08-08,23.0,82.0,1.3673333333333333
2025-08-08,23.0,83.0,6.084444444444444
2025-08-08,23.0,84.0,16.991333333333333
2025-08-08,23.0,85.0,47.89000000000001
2025-08-08,24.0,81.0,4.468
2025-08-08,24.0,82.0,3.3512
2025-08-08,24.0,83.0,12.838666666666665
2025-08-08,24.0,84.0,23.197200000000002
2025-08-08,24.0,85.0,23.464
2025-08-09,18.0,81.0,0.0
2025-08-09,18.0,82.0,4.928
2025-08-09,18.0,83.0,24.2
2025-08-09,18.0,84.0,5.853333333333333
2025-08-09,19.0,81.0,0.0
2025-08-09,19.0,82.0,0.284
2025-08-09,19.0,83.0,3.532222222222222
2025-08-09,19.0,84.0,6.4750000000000005
2025-08-09,19.0,85.0,7.22
2025-08-09,20.0,81.0,0.6206666666666667
2025-08-09,20.0,82.0,1.7863999999999998
2025-08-09,20.0,83.0,0.14866666666666667
2025-08-09,20.0,84.0,0.6716
2025-08-09,20.0,85.0,2.146
2025-08-09,21.0,81.0,4.061111111111111
2025-08-09,21.0,82.0,3.4466666666666668
2025-08-09,21.0,83.0,2.181111111111111
2025-08-09,21.0,84.0,1.3166666666666667
2025-08-09,21.0,85.0,0.0
2025-08-09,22.0,81.0,6.7620000000000005
2025-08-09,22.0,82.0,3.1639999999999997
2025-08-09,22.0,83.0,0.03133333333333334
2025-08-09,22.0,84.0,0.39399999999999996
2025-08-09,22.0,85.0,0.292
2025-08-09,23.0,81.0,6.239999999999999
2025-08-09,23.0,82.0,14.133333333333333
2025-08-09,23.0,83.0,3.51
2025-08-09,23.0,84.0,0.892
2025-08-09,23.0,85.0,1.0266666666666666
2025-08-09,24.0,81.0,17.666666666666668
2025-08-09,24.0,82.0,12.066399999999998
2025-08-09,24.0,83.0,19.820666666666668
2025-08-09,24.0,84.0,7.0752
2025-08-09,24.0,85.0,4.8100000000000005
2025-08-10,18.0,81.0,13.943333333333333
2025-08-10,18.0,82.0,28.832
2025-08-10,18.0,83.0,7.22
2025-08-10,18.0,84.0,4.323333333333333
2025-08-10,19.0,81.0,7.426666666666667
2025-08-10,19.0,82.0,12.776
2025-08-10,19.0,83.0,15.966666666666665
2025-08-10,19.0,84.0,6.843571428571429
2025-08-10,19.0,85.0,0.0
2025-08-10,20.0,81.0,2.6453333333333333
2025-08-10,20.0,82.0,4.4348
2025-08-10,20.0,83.0,2.6973333333333334
2025-08-10,20.0,84.0,3.5204000000000004
2025-08-10,20.0,85.0,1.106
2025-08-10,21.0,81.0,2.126666666666667
2025-08-10,21.0,82.0,1.7846666666666666
2025-08-10,21.0,83.0,3.261111111111111
2025-08-10,21.0,84.0,2.5713333333333335
2025-08-10,21.0,85.0,0.6
2025-08-10,22.0,81.0,1.2653333333333334
2025-08-10,22.0,82.0,0.804
2025-08-10,22.0,83.0,0.452
2025-08-10,22.0,84.0,0.9608
2025-08-10,22.0,85.0,0.58
2025-08-10,23.0,81.0,6.598888888888889
2025-08-10,23.0,82.0,1.5719999999999998
2025-08-10,23.0,83.0,0.2622222222222222
2025-08-10,23.0,84.0,0.37866666666666665
2025-08-10,23.0,85.0,4.603333333333333
2025-08-10,24.0,81.0,12.378000000000002
2025-08-10,24.0,82.0,9.2148
2025-08-10,24.0,83.0,8.415333333333333
2025-08-10,24.0,84.0,1.1804
2025-08-10,24.0,85.0,7.804
2025-08-11,18.0,81.0,1.8966666666666667
2025-08-11,18.0,82.0,3.7939999999999996
2025-08-11,18.0,83.0,3.09
2025-08-11,18.0,84.0,0.0
2025-08-11,19.0,81.0,3.016666666666667
2025-08-11,19.0,82.0,0.5733333333333334
2025-08-11,19.0,83.0,16.54111111111111
2025-08-11,19.0,84.0,0.335
2025-08-11,19.0,85.0,0.0
2025-08-11,20.0,81.0,1.016
2025-08-11,20.0,82.0,1.9904000000000002
2025-08-11,20.0,83.0,5.976
2025-08-11,20.0,84.0,8.8804
2025-08-11,20.0,85.0,17.534
2025-08-11,21.0,81.0,0.25111111111111106
2025-08-11,21.0,82.0,5.072666666666667
2025-08-11,21.0,83.0,6.977777777777778
2025-08-11,21.0,84.0,10.681999999999999
2025-08-11,21.0,85.0,21.22
2025-08-11,22.0,81.0,0.3506666666666666
2025-08-11,22.0,82.0,0.3768
2025-08-11,22.0,83.0,0.982
2025-08-11,22.0,84.0,6.9412
2025-08-11,22.0,85.0,2.2199999999999998
2025-08-11,23.0,81.0,1.578888888888889
2025-08-11,23.0,82.0,0.24933333333333335
2025-08-11,23.0,83.0,0.0
2025-08-11,23.0,84.0,2.7866666666666666
2025-08-11,23.0,85.0,0.43333333333333335
2025-08-11,24.0,81.0,2.6446666666666667
2025-08-11,24.0,82.0,0.3804
2025-08-11,24.0,83.0,1.0413333333333334
2025-08-11,24.0,84.0,7.006800000000001
2025-08-11,24.0,85.0,5.965999999999999
2025-08-12,18.0,81.0,28.493333333333336
2025-08-12,18.0,82.0,7.220000000000001
2025-08-12,18.0,83.0,3.3066666666666666
2025-08-12,18.0,84.0,2.813333333333333
2025-08-12,19.0,81.0,8.5
2025-08-12,19.0,82.0,5.989999999999999
2025-08-12,19.0,83.0,15.552222222222222
2025-08-12,19.0,84.0,0.9692857142857143
2025-08-12,19.0,85.0,0.0
2025-08-12,20.0,81.0,2.695333333333333
2025-08-12,20.0,82.0,4.582
2025-08-12,20.0,83.0,0.8993333333333333
2025-08-12,20.0,84.0,9.2508
2025-08-12,20.0,85.0,9.77
2025-08-12,21.0,81.0,1.3322222222222222
2025-08-12,21.0,82.0,1.272
2025-08-12,21.0,83.0,0.0
2025-08-12,21.0,84.0,3.3040000000000003
2025-08-12,21.0,85.0,15.209999999999999
2025-08-12,22.0,81.0,5.541333333333333
2025-08-12,22.0,82.0,4.199199999999999
2025-08-12,22.0,83.0,0.13733333333333334
2025-08-12,22.0,84.0,0.0
2025-08-12,22.0,85.0,0.066
2025-08-12,23.0,81.0,9.322222222222221
2025-08-12,23.0,82.0,1.588666666666667
2025-08-12,23.0,83.0,5.348888888888889
2025-08-12,23.0,84.0,2.3766666666666665
2025-08-12,23.0,85.0,0.0
2025-08-12,24.0,81.0,2.64
2025-08-12,24.0,82.0,2.0028
2025-08-12,24.0,83.0,0.0
2025-08-12,24.0,84.0,8.6364
2025-08-12,24.0,85.0,0.148
2025-08-13,18.0,81.0,30.48
2025-08-13,18.0,82.0,9.758
2025-08-13,18.0,83.0,28.19
2025-08-13,18.0,84.0,7.3500000000000005
2025-08-13,19.0,81.0,25.29888888888889
2025-08-13,19.0,82.0,16.435333333333332
2025-08-13,19.0,83.0,32.72333333333333
2025-08-13,19.0,84.0,6.482142857142857
2025-08-13,19.0,85.0,3.33
2025-08-13,20.0,81.0,31.072
2025-08-13,20.0,82.0,20.369600000000002
2025-08-13,20.0,83.0,26.203333333333333
2025-08-13,20.0,84.0,11.4248
2025-08-13,20.0,85.0,8.648
2025-08-13,21.0,81.0,11.847777777777777
2025-08-13,21.0,82.0,15.869333333333334
2025-08-13,21.0,83.0,10.892222222222223
2025-08-13,21.0,84.0,18.446
2025-08-13,21.0,85.0,15.340000000000002
2025-08-13,22.0,81.0,3.666
2025-08-13,22.0,82.0,5.2516
2025-08-13,22.0,83.0,6.27
2025-08-13,22.0,84.0,15.838
2025-08-13,22.0,85.0,9.588
2025-08-13,23.0,81.0,8.53111111111111
2025-08-13,23.0,82.0,7.036
2025-08-13,23.0,83.0,15.016666666666667
2025-08-13,23.0,84.0,10.558666666666666
2025-08-13,23.0,85.0,5.1499999999999995
2025-08-13,24.0,81.0,25.305999999999997
2025-08-13,24.0,82.0,12.0224
2025-08-13,24.0,83.0,13.671999999999999
2025-08-13,24.0,84.0,25.086399999999998
2025-08-13,24.0,85.0,5.15
2025-08-14,18.0,81.0,50.96333333333333
2025-08-14,18.0,82.0,35.172000000000004
2025-08-14,18.0,83.0,20.046666666666667
2025-08-14,18.0,84.0,64.28
2025-08-14,19.0,81.0,22.344444444444445
2025-08-14,19.0,82.0,38.355333333333334
2025-08-14,19.0,83.0,11.905555555555557
2025-08-14,19.0,84.0,23.744285714285716
2025-08-14,19.0,85.0,2.13
2025-08-14,20.0,81.0,16.316666666666666
2025-08-14,20.0,82.0,26.8536
2025-08-14,20.0,83.0,13.092666666666666
2025-08-14,20.0,84.0,7.58
2025-08-14,20.0,85.0,19.407999999999998
2025-08-14,21.0,81.0,19.855555555555558
2025-08-14,21.0,82.0,22.159333333333333
2025-08-14,21.0,83.0,10.33222222222222
2025-08-14,21.0,84.0,8.720666666666666
2025-08-14,21.0,85.0,9.993333333333334
2025-08-14,22.0,81.0,18.62066666666667
2025-08-14,22.0,82.0,13.3704
2025-08-14,22.0,83.0,5.834666666666666
2025-08-14,22.0,84.0,5.0552
2025-08-14,22.0,85.0,4.414
2025-08-14,23.0,81.0,18.313333333333333
2025-08-14,23.0,82.0,10.436000000000002
2025-08-14,23.0,83.0,6.582222222222223
2025-08-14,23.0,84.0,2.4626666666666663
2025-08-14,23.0,85.0,0.08
2025-08-14,24.0,81.0,6.878666666666666
2025-08-14,24.0,82.0,5.2063999999999995
2025-08-14,24.0,83.0,1.3426666666666667
2025-08-14,24.0,84.0,0.6332
2025-08-14,24.0,85.0,0.15599999999999997
2025-08-15,18.0,81.0,12.483333333333334
2025-08-15,18.0,82.0,4.732
2025-08-15,18.0,83.0,23.51
2025-08-15,18.0,84.0,12.88
2025-08-15,19.0,81.0,31.185555555555556
2025-08-15,19.0,82.0,15.330666666666668
2025-08-15,19.0,83.0,19.26
2025-08-15,19.0,84.0,4.7092857142857145
2025-08-15,19.0,85.0,24.29
2025-08-15,20.0,81.0,13.302666666666665
2025-08-15,20.0,82.0,11.8272
2025-08-15,20.0,83.0,24.266000000000002
2025-08-15,20.0,84.0,7.9236
2025-08-15,20.0,85.0,16.79
2025-08-15,21.0,81.0,29.095555555555556
2025-08-15,21.0,82.0,32.074
2025-08-15,21.0,83.0,13.544444444444444
2025-08-15,21.0,84.0,4.794
2025-08-15,21.0,85.0,1.3433333333333335
2025-08-15,22.0,81.0,15.170666666666667
2025-08-15,22.0,82.0,4.348
2025-08-15,22.0,83.0,1.282
2025-08-15,22.0,84.0,7.5656
2025-08-15,22.0,85.0,9.628
2025-08-15,23.0,81.0,5.184444444444445
2025-08-15,23.0,82.0,8.459333333333333
2025-08-15,23.0,83.0,3.1055555555555556
2025-08-15,23.0,84.0,0.8019999999999999
2025-08-15,23.0,85.0,4.8966666666666665
2025-08-15,24.0,81.0,5.983333333333333
2025-08-15,24.0,82.0,0.8887999999999999
2025-08-15,24.0,83.0,0.8859999999999999
2025-08-15,24.0,84.0,2.3272
2025-08-15,24.0,85.0,1.266
2025-08-16,18.0,81.0,66.17666666666666
2025-08-16,18.0,82.0,25.970000000000006
2025-08-16,18.0,83.0,9.116666666666667
2025-08-16,18.0,84.0,4.7299999999999995
2025-08-16,19.0,81.0,51.63
2025-08-16,19.0,82.0,32.756
2025-08-16,19.0,83.0,10.72
2025-08-16,19.0,84.0,17.774285714285714
2025-08-16,19.0,85.0,4.82
2025-08-16,20.0,81.0,29.695333333333334
2025-08-16,20.0,82.0,20.4028
2025-08-16,20.0,83.0,11.862
2025-08-16,20.0,84.0,12.9224
2025-08-16,20.0,85.0,8.53
2025-08-16,21.0,81.0,14.799999999999999
2025-08-16,21.0,82.0,10.504666666666667
2025-08-16,21.0,83.0,19.85
2025-08-16,21.0,84.0,5.782666666666667
2025-08-16,21.0,85.0,1.5766666666666664
2025-08-16,22.0,81.0,10.46
2025-08-16,22.0,82.0,9.076799999999999
2025-08-16,22.0,83.0,10.550666666666666
2025-08-16,22.0,84.0,2.2892
2025-08-16,22.0,85.0,0.352
2025-08-16,23.0,81.0,11.011111111111111
2025-08-16,23.0,82.0,4.834666666666666
2025-08-16,23.0,83.0,3.502222222222222
2025-08-16,23.0,84.0,1.4793333333333334
2025-08-16,23.0,85.0,0.0
2025-08-16,24.0,81.0,2.2993333333333337
2025-08-16,24.0,82.0,7.1
2025-08-16,24.0,83.0,7.949333333333334
2025-08-16,24.0,84.0,0.7028
2025-08-16,24.0,85.0,0.314
2025-08-17,18.0,81.0,0.3066666666666667
2025-08-17,18.0,82.0,6.390000000000001
2025-08-17,18.0,83.0,18.276666666666667
2025-08-17,18.0,84.0,18.94666666666667
2025-08-17,19.0,81.0,5.593333333333334
2025-08-17,19.0,82.0,11.620666666666667
2025-08-17,19.0,83.0,6.561111111111111
2025-08-17,19.0,84.0,11.361428571428572
2025-08-17,19.0,85.0,6.42
2025-08-17,20.0,81.0,13.535333333333334
2025-08-17,20.0,82.0,8.9412
2025-08-17,20.0,83.0,13.887333333333334
2025-08-17,20.0,84.0,7.6236
2025-08-17,20.0,85.0,11.138
2025-08-17,21.0,81.0,32.91111111111111
2025-08-17,21.0,82.0,21.619333333333334
2025-08-17,21.0,83.0,6.738888888888889
2025-08-17,21.0,84.0,0.8226666666666667
2025-08-17,21.0,85.0,3.1933333333333334
2025-08-17,22.0,81.0,18.90533333333333
2025-08-17,22.0,82.0,11.9424
2025-08-17,22.0,83.0,2.433333333333333
2025-08-17,22.0,84.0,3.792
2025-08-17,22.0,85.0,1.8760000000000001
2025-08-17,23.0,81.0,0.06222222222222223
2025-08-17,23.0,82.0,0.29266666666666663
2025-08-17,23.0,83.0,0.9033333333333332
2025-08-17,23.0,84.0,0.4313333333333333
2025-08-17,23.0,85.0,0.29
2025-08-17,24.0,81.0,7.538666666666668
2025-08-17,24.0,82.0,3.0156
2025-08-17,24.0,83.0,2.8606666666666665
2025-08-17,24.0,84.0,0.1516
2025-08-17,24.0,85.0,0.86
2025-08-18,18.0,81.0,11.323333333333332
2025-08-18,18.0,82.0,55.998000000000005
2025-08-18,18.0,83.0,123.41333333333334
2025-08-18,18.0,84.0,76.81333333333333
2025-08-18,19.0,81.0,21.255555555555556
2025-08-18,19.0,82.0,65.94800000000001
2025-08-18,19.0,83.0,51.33222222222222
2025-08-18,19.0,84.0,35.39928571428572
2025-08-18,19.0,85.0,59.92
2025-08-18,20.0,81.0,20.016000000000002
2025-08-18,20.0,82.0,30.641599999999997
2025-08-18,20.0,83.0,19.279333333333334
2025-08-18,20.0,84.0,18.83
2025-08-18,20.0,85.0,44.772
2025-08-18,21.0,81.0,23.13
2025-08-18,21.0,82.0,13.738
2025-08-18,21.0,83.0,5.256666666666666
2025-08-18,21.0,84.0,6.437333333333333
2025-08-18,21.0,85.0,9.516666666666667
2025-08-18,22.0,81.0,11.008666666666667
2025-08-18,22.0,82.0,6.8184000000000005
2025-08-18,22.0,83.0,5.524
2025-08-18,22.0,84.0,3.272
2025-08-18,22.0,85.0,2.608
2025-08-18,23.0,81.0,0.2888888888888889
2025-08-18,23.0,82.0,5.796666666666667
2025-08-18,23.0,83.0,0.9322222222222221
2025-08-18,23.0,84.0,0.39066666666666666
2025-08-18,23.0,85.0,0.22
2025-08-18,24.0,81.0,0.6406666666666666
2025-08-18,24.0,82.0,3.5180000000000002
2025-08-18,24.0,83.0,9.130666666666666
2025-08-18,24.0,84.0,0.24600000000000002
2025-08-18,24.0,85.0,0.73
2025-08-19,18.0,81.0,45.54666666666666
2025-08-19,18.0,82.0,29.887999999999998
2025-08-19,18.0,83.0,22.363333333333333
2025-08-19,18.0,84.0,11.876666666666667
2025-08-19,19.0,81.0,60.587777777777774
2025-08-19,19.0,82.0,35.955333333333336
2025-08-19,19.0,83.0,50.42666666666666
2025-08-19,19.0,84.0,29.07
2025-08-19,19.0,85.0,18.95
2025-08-19,20.0,81.0,75.916
2025-08-19,20.0,82.0,57.838
2025-08-19,20.0,83.0,34.43533333333333
2025-08-19,20.0,84.0,26.332400000000003
2025-08-19,20.0,85.0,19.916
2025-08-19,21.0,81.0,37.36222222222222
2025-08-19,21.0,82.0,13.058
2025-08-19,21.0,83.0,18.657777777777778
2025-08-19,21.0,84.0,11.342
2025-08-19,21.0,85.0,18.513333333333332
2025-08-19,22.0,81.0,4.457333333333334
2025-08-19,22.0,82.0,1.4584000000000001
2025-08-19,22.0,83.0,4.717333333333333
2025-08-19,22.0,84.0,3.1060000000000003
2025-08-19,22.0,85.0,3.8619999999999997
2025-08-19,23.0,81.0,7.125555555555555
2025-08-19,23.0,82.0,2.4560000000000004
2025-08-19,23.0,83.0,1.0588888888888888
2025-08-19,23.0,84.0,1.142
2025-08-19,23.0,85.0,3.9066666666666663
2025-08-19,24.0,81.0,1.2366666666666668
2025-08-19,24.0,82.0,1.406
2025-08-19,24.0,83.0,1.906
2025-08-19,24.0,84.0,3.2407999999999997
2025-08-19,24.0,85.0,2.15
2025-08-20,18.0,81.0,18.169999999999998
2025-08-20,18.0,82.0,5.054
2025-08-20,18.0,83.0,1.0233333333333334
2025-08-20,18.0,84.0,0.16
2025-08-20,19.0,81.0,16.38666666666667
2025-08-20,19.0,82.0,5.383333333333334
2025-08-20,19.0,83.0,4.0055555555555555
2025-08-20,19.0,84.0,0.08
2025-08-20,19.0,85.0,0.36
2025-08-20,20.0,81.0,30.549333333333333
2025-08-20,20.0,82.0,12.298399999999999
2025-08-20,20.0,83.0,7.442666666666667
2025-08-20,20.0,84.0,5.0324
2025-08-20,20.0,85.0,5.287999999999999
2025-08-20,21.0,81.0,34.15555555555555
2025-08-20,21.0,82.0,33.306
2025-08-20,21.0,83.0,10.076666666666666
2025-08-20,21.0,84.0,5.242
2025-08-20,21.0,85.0,10.459999999999999
2025-08-20,22.0,81.0,34.14533333333334
2025-08-20,22.0,82.0,22.8856
2025-08-20,22.0,83.0,11.870666666666667
2025-08-20,22.0,84.0,16.8848
2025-08-20,22.0,85.0,6.878
2025-08-20,23.0,81.0,16.506666666666668
2025-08-20,23.0,82.0,12.44
2025-08-20,23.0,83.0,8.096666666666668
2025-08-20,23.0,84.0,7.516666666666667
2025-08-20,23.0,85.0,8.256666666666666
2025-08-20,24.0,81.0,3.9073333333333333
2025-08-20,24.0,82.0,3.8092
2025-08-20,24.0,83.0,5.018
2025-08-20,24.0,84.0,3.7588
2025-08-20,24.0,85.0,2.322
2025-08-21,18.0,81.0,4.14
2025-08-21,18.0,82.0,8.918000000000001
2025-08-21,18.0,83.0,0.7799999999999999
2025-08-21,18.0,84.0,0.14666666666666667
2025-08-21,19.0,81.0,4.898888888888889
2025-08-21,19.0,82.0,5.434666666666667
2025-08-21,19.0,83.0,1.652222222222222
2025-08-21,19.0,84.0,2.8099999999999996
2025-08-21,19.0,85.0,0.83
2025-08-21,20.0,81.0,10.491333333333333
2025-08-21,20.0,82.0,2.668
2025-08-21,20.0,83.0,1.6113333333333335
2025-08-21,20.0,84.0,4.4064
2025-08-21,20.0,85.0,5.220000000000001
2025-08-21,21.0,81.0,14.97888888888889
2025-08-21,21.0,82.0,14.882
2025-08-21,21.0,83.0,16.08555555555556
2025-08-21,21.0,84.0,3.7266666666666666
2025-08-21,21.0,85.0,20.186666666666664
2025-08-21,22.0,81.0,5.36
2025-08-21,22.0,82.0,2.1448
2025-08-21,22.0,83.0,7.592666666666667
2025-08-21,22.0,84.0,7.9239999999999995
2025-08-21,22.0,85.0,27.522000000000002
2025-08-21,23.0,81.0,6.7555555555555555
2025-08-21,23.0,82.0,14.515333333333334
2025-08-21,23.0,83.0,6.633333333333334
2025-08-21,23.0,84.0,7.292
2025-08-21,23.0,85.0,10.573333333333334
2025-08-21,24.0,81.0,5.700666666666667
2025-08-21,24.0,82.0,8.2768
2025-08-21,24.0,83.0,8.442
2025-08-21,24.0,84.0,4.8476
2025-08-21,24.0,85.0,2.302
2025-08-22,18.0,81.0,0.0
2025-08-22,18.0,82.0,2.984
2025-08-22,18.0,83.0,0.32333333333333336
2025-08-22,18.0,84.0,0.0
2025-08-22,19.0,81.0,1.9288888888888889
2025-08-22,19.0,82.0,1.1580000000000001
2025-08-22,19.0,83.0,1.98
2025-08-22,19.0,84.0,0.04357142857142857
2025-08-22,19.0,85.0,0.0
2025-08-22,20.0,81.0,4.198666666666666
2025-08-22,20.0,82.0,2.4628
2025-08-22,20.0,83.0,0.888
2025-08-22,20.0,84.0,2.4036
2025-08-22,20.0,85.0,1.78
2025-08-22,21.0,81.0,5.875555555555556
2025-08-22,21.0,82.0,3.5140000000000002
2025-08-22,21.0,83.0,6.7188888888888885
2025-08-22,21.0,84.0,10.433333333333334
2025-08-22,21.0,85.0,18.916666666666668
2025-08-22,22.0,81.0,10.616666666666667
2025-08-22,22.0,82.0,4.902
2025-08-22,22.0,83.0,15.261333333333333
2025-08-22,22.0,84.0,37.344
2025-08-22,22.0,85.0,35.806
2025-08-22,23.0,81.0,15.642222222222223
2025-08-22,23.0,82.0,7.442666666666667
2025-08-22,23.0,83.0,11.604444444444445
2025-08-22,23.0,84.0,17.09733333333333
2025-08-22,23.0,85.0,10.436666666666666
2025-08-22,24.0,81.0,3.3246666666666664
2025-08-22,24.0,82.0,7.904400000000001
2025-08-22,24.0,83.0,6.319333333333333
2025-08-22,24.0,84.0,9.0756
2025-08-22,24.0,85.0,27.226
2025-08-23,18.0,81.0,0.0
2025-08-23,18.0,82.0,0.0
2025-08-23,18.0,83.0,0.24333333333333332
2025-08-23,18.0,84.0,0.0
2025-08-23,19.0,81.0,0.11777777777777779
2025-08-23,19.0,82.0,0.10533333333333332
2025-08-23,19.0,83.0,0.7577777777777778
2025-08-23,19.0,84.0,0.16714285714285712
2025-08-23,19.0,85.0,0.0
2025-08-23,20.0,81.0,0.3933333333333333
2025-08-23,20.0,82.0,0.7343999999999999
2025-08-23,20.0,83.0,3.6226666666666665
2025-08-23,20.0,84.0,7.898000000000001
2025-08-23,20.0,85.0,6.306
2025-08-23,21.0,81.0,16.64
2025-08-23,21.0,82.0,10.19
2025-08-23,21.0,83.0,22.377777777777776
2025-08-23,21.0,84.0,21.624000000000002
2025-08-23,21.0,85.0,24.95
2025-08-23,22.0,81.0,24.838
2025-08-23,22.0,82.0,8.7488
2025-08-23,22.0,83.0,23.319333333333336
2025-08-23,22.0,84.0,48.6824
2025-08-23,22.0,85.0,67.46000000000001
2025-08-23,23.0,81.0,36.882222222222225
2025-08-23,23.0,82.0,22.034666666666666
2025-08-23,23.0,83.0,12.481111111111112
2025-08-23,23.0,84.0,20.603333333333335
2025-08-23,23.0,85.0,48.03333333333333
2025-08-23,24.0,81.0,13.990666666666668
2025-08-23,24.0,82.0,22.233600000000003
2025-08-23,24.0,83.0,11.778
2025-08-23,24.0,84.0,26.434
2025-08-23,24.0,85.0,53.944
2025-08-24,18.0,81.0,0.22
2025-08-24,18.0,82.0,2.166
2025-08-24,18.0,83.0,5.123333333333333
2025-08-24,18.0,84.0,0.0
2025-08-24,19.0,81.0,0.5888888888888889
2025-08-24,19.0,82.0,6.634
2025-08-24,19.0,83.0,9.60888888888889
2025-08-24,19.0,84.0,0.0
2025-08-24,19.0,85.0,0.0
2025-08-24,20.0,81.0,20.184666666666665
2025-08-24,20.0,82.0,10.253599999999999
2025-08-24,20.0,83.0,8.649333333333335
2025-08-24,20.0,84.0,7.889600000000001
2025-08-24,20.0,85.0,1.7560000000000002
2025-08-24,21.0,81.0,11.601111111111111
2025-08-24,21.0,82.0,6.819333333333334
2025-08-24,21.0,83.0,5.98
2025-08-24,21.0,84.0,2.8866666666666663
2025-08-24,21.0,85.0,9.653333333333334
2025-08-24,22.0,81.0,4.345333333333333
2025-08-24,22.0,82.0,7.2136000000000005
2025-08-24,22.0,83.0,6.352
2025-08-24,22.0,84.0,18.39
2025-08-24,22.0,85.0,25.851999999999997
2025-08-24,23.0,81.0,32.73555555555556
2025-08-24,23.0,82.0,29.276666666666664
2025-08-24,23.0,83.0,29.992222222222225
2025-08-24,23.0,84.0,37.36933333333333
2025-08-24,23.0,85.0,36.14333333333334
2025-08-24,24.0,81.0,37.426
2025-08-24,24.0,82.0,48.2632
2025-08-24,24.0,83.0,41.85666666666667
2025-08-24,24.0,84.0,42.9896
2025-08-24,24.0,85.0,17.298
2025-08-25,18.0,81.0,0.0
2025-08-25,18.0,82.0,0.826
2025-08-25,18.0,83.0,1.1066666666666667
2025-08-25,18.0,84.0,0.7266666666666667
2025-08-25,19.0,81.0,0.8733333333333333
2025-08-25,19.0,82.0,2.466666666666667
2025-08-25,19.0,83.0,6.498888888888889
2025-08-25,19.0,84.0,3.8135714285714286
2025-08-25,19.0,85.0,2.05
2025-08-25,20.0,81.0,8.527333333333333
2025-08-25,20.0,82.0,11.6944
2025-08-25,20.0,83.0,18.875999999999998
2025-08-25,20.0,84.0,7.0072
2025-08-25,20.0,85.0,0.944
2025-08-25,21.0,81.0,9.14
2025-08-25,21.0,82.0,2.54
2025-08-25,21.0,83.0,0.4588888888888889
2025-08-25,21.0,84.0,0.30733333333333335
2025-08-25,21.0,85.0,0.0
2025-08-25,22.0,81.0,1.5693333333333332
2025-08-25,22.0,82.0,0.5912
2025-08-25,22.0,83.0,0.4133333333333333
2025-08-25,22.0,84.0,3.1968
2025-08-25,22.0,85.0,4.638
2025-08-25,23.0,81.0,4.733333333333333
2025-08-25,23.0,82.0,3.244666666666667
2025-08-25,23.0,83.0,4.656666666666666
2025-08-25,23.0,84.0,10.108
2025-08-25,23.0,85.0,4.083333333333333
2025-08-25,24.0,81.0,14.066666666666666
2025-08-25,24.0,82.0,13.3468
2025-08-25,24.0,83.0,7.712
2025-08-25,24.0,84.0,9.844
2025-08-25,24.0,85.0,5.922
2025-08-26,18.0,81.0,5.683333333333334
2025-08-26,18.0,82.0,24.594
2025-08-26,18.0,83.0,39.24
2025-08-26,18.0,84.0,48.586666666666666
2025-08-26,19.0,81.0,19.787777777777777
2025-08-26,19.0,82.0,56.05133333333333
2025-08-26,19.0,83.0,37.275555555555556
2025-08-26,19.0,84.0,42.44571428571429
2025-08-26,19.0,85.0,21.22
2025-08-26,20.0,81.0,13.048
2025-08-26,20.0,82.0,24.2592
2025-08-26,20.0,83.0,9.677333333333333
2025-08-26,20.0,84.0,12.5988
2025-08-26,20.0,85.0,3.9659999999999997
2025-08-26,21.0,81.0,0.4066666666666667
2025-08-26,21.0,82.0,0.10866666666666666
2025-08-26,21.0,83.0,0.2
2025-08-26,21.0,84.0,0.25866666666666666
2025-08-26,21.0,85.0,0.04
2025-08-26,22.0,81.0,0.06266666666666668
2025-08-26,22.0,82.0,0.1184
2025-08-26,22.0,83.0,0.372
2025-08-26,22.0,84.0,2.4964
2025-08-26,22.0,85.0,10.484
2025-08-26,23.0,81.0,2.1300000000000003
2025-08-26,23.0,82.0,18.150666666666666
2025-08-26,23.0,83.0,7.895555555555556
2025-08-26,23.0,84.0,7.613333333333333
2025-08-26,23.0,85.0,7.656666666666666
2025-08-26,24.0,81.0,1.0633333333333332
2025-08-26,24.0,82.0,2.5347999999999997
2025-08-26,24.0,83.0,13.345333333333334
2025-08-26,24.0,84.0,8.0224
2025-08-26,24.0,85.0,5.246
2025-08-27,18.0,81.0,29.923333333333336
2025-08-27,18.0,82.0,64.63
2025-08-27,18.0,83.0,33.72
2025-08-27,18.0,84.0,43.19
2025-08-27,19.0,81.0,41.63333333333333
2025-08-27,19.0,82.0,101.80933333333333
2025-08-27,19.0,83.0,75.48111111111112
2025-08-27,19.0,84.0,12.190714285714284
2025-08-27,19.0,85.0,5.98
2025-08-27,20.0,81.0,36.382666666666665
2025-08-27,20.0,82.0,52.468
2025-08-27,20.0,83.0,32.95066666666666
2025-08-27,20.0,84.0,10.8016
2025-08-27,20.0,85.0,9.792
2025-08-27,21.0,81.0,13.261111111111111
2025-08-27,21.0,82.0,20.486
2025-08-27,21.0,83.0,4.051111111111111
2025-08-27,21.0,84.0,2.5580000000000003
2025-08-27,21.0,85.0,5.183333333333333
2025-08-27,22.0,81.0,24.101333333333333
2025-08-27,22.0,82.0,18.0156
2025-08-27,22.0,83.0,1.1793333333333333
2025-08-27,22.0,84.0,3.3812
2025-08-27,22.0,85.0,12.272
2025-08-27,23.0,81.0,6.4222222222222225
2025-08-27,23.0,82.0,3.1133333333333337
2025-08-27,23.0,83.0,1.5588888888888888
2025-08-27,23.0,84.0,0.5653333333333334
2025-08-27,23.0,85.0,0.6833333333333332
2025-08-27,24.0,81.0,1.4833333333333334
2025-08-27,24.0,82.0,2.4175999999999997
2025-08-27,24.0,83.0,5.743333333333334
2025-08-27,24.0,84.0,0.3724
2025-08-27,24.0,85.0,0.0
2025-08-28,18.0,81.0,38.196666666666665
2025-08-28,18.0,82.0,19.624000000000002
2025-08-28,18.0,83.0,13.19
2025-08-28,18.0,84.0,0.049999999999999996
2025-08-28,19.0,81.0,39.72333333333333
2025-08-28,19.0,82.0,17.473333333333336
2025-08-28,19.0,83.0,16.071111111111108
2025-08-28,19.0,84.0,7.951428571428572
2025-08-28,19.0,85.0,2.74
2025-08-28,20.0,81.0,21.070666666666668
2025-08-28,20.0,82.0,15.116
2025-08-28,20.0,83.0,11.213333333333333
2025-08-28,20.0,84.0,9.6308
2025-08-28,20.0,85.0,6.458
2025-08-28,21.0,81.0,8.736666666666666
2025-08-28,21.0,82.0,19.130666666666666
2025-08-28,21.0,83.0,2.9377777777777774
2025-08-28,21.0,84.0,2.7046666666666668
2025-08-28,21.0,85.0,6.18
2025-08-28,22.0,81.0,0.686
2025-08-28,22.0,82.0,7.5232
2025-08-28,22.0,83.0,1.7453333333333334
2025-08-28,22.0,84.0,3.3148
2025-08-28,22.0,85.0,0.932
2025-08-28,23.0,81.0,6.16
2025-08-28,23.0,82.0,2.9919999999999995
2025-08-28,23.0,83.0,1.6622222222222223
2025-08-28,23.0,84.0,0.010666666666666666
2025-08-28,23.0,85.0,0.0
2025-08-28,24.0,81.0,2.0959999999999996
2025-08-28,24.0,82.0,1.3136
2025-08-28,24.0,83.0,0.04733333333333333
2025-08-28,24.0,84.0,0.0
2025-08-28,24.0,85.0,0.0
2025-08-29,18.0,81.0,16.773333333333333
2025-08-29,18.0,82.0,5.578
2025-08-29,18.0,83.0,1.5
2025-08-29,18.0,84.0,0.5366666666666667
2025-08-29,19.0,81.0,6.188888888888888
2025-08-29,19.0,82.0,3.004
2025-08-29,19.0,83.0,1.7744444444444445
2025-08-29,19.0,84.0,1.8207142857142855
2025-08-29,19.0,85.0,1.54
2025-08-29,20.0,81.0,6.668666666666667
2025-08-29,20.0,82.0,3.136
2025-08-29,20.0,83.0,0.6773333333333333
2025-08-29,20.0,84.0,1.7948000000000002
2025-08-29,20.0,85.0,0.8140000000000001
2025-08-29,21.0,81.0,11.142222222222223
2025-08-29,21.0,82.0,5.934666666666667
2025-08-29,21.0,83.0,8.248888888888889
2025-08-29,21.0,84.0,3.68
2025-08-29,21.0,85.0,4.756666666666667
2025-08-29,22.0,81.0,18.808
2025-08-29,22.0,82.0,3.9372
2025-08-29,22.0,83.0,5.3646666666666665
2025-08-29,22.0,84.0,3.8695999999999997
2025-08-29,22.0,85.0,1.7399999999999998
2025-08-29,23.0,81.0,14.036666666666667
2025-08-29,23.0,82.0,2.177333333333333
2025-08-29,23.0,83.0,0.30000000000000004
2025-08-29,23.0,84.0,2.5286666666666666
2025-08-29,23.0,85.0,1.22
2025-08-29,24.0,81.0,1.286
2025-08-29,24.0,82.0,1.5928
2025-08-29,24.0,83.0,0.04066666666666666
2025-08-29,24.0,84.0,0.2084
2025-08-29,24.0,85.0,0.792
2025-08-30,18.0,81.0,11.36
2025-08-30,18.0,82.0,1.524
2025-08-30,18.0,83.0,2.92
2025-08-30,18.0,84.0,4.2299999999999995
2025-08-30,19.0,81.0,13.382222222222222
2025-08-30,19.0,82.0,2.074
2025-08-30,19.0,83.0,0.8188888888888889
2025-08-30,19.0,84.0,4.117142857142857
2025-08-30,19.0,85.0,3.06
2025-08-30,20.0,81.0,10.660666666666666
2025-08-30,20.0,82.0,2.8416
2025-08-30,20.0,83.0,0.3373333333333334
2025-08-30,20.0,84.0,1.1284
2025-08-30,20.0,85.0,0.984
2025-08-30,21.0,81.0,2.8144444444444443
2025-08-30,21.0,82.0,0.6553333333333333
2025-08-30,21.0,83.0,0.1611111111111111
2025-08-30,21.0,84.0,0.656
2025-08-30,21.0,85.0,2.8800000000000003
2025-08-30,22.0,81.0,3.412
2025-08-30,22.0,82.0,0.7644
2025-08-30,22.0,83.0,0.4853333333333333
2025-08-30,22.0,84.0,0.8752000000000001
2025-08-30,22.0,85.0,6.856
2025-08-30,23.0,81.0,6.516666666666667
2025-08-30,23.0,82.0,2.1
2025-08-30,23.0,83.0,0.8333333333333334
2025-08-30,23.0,84.0,3.0486666666666666
2025-08-30,23.0,85.0,17.52
2025-08-30,24.0,81.0,1.912
2025-08-30,24.0,82.0,1.224
2025-08-30,24.0,83.0,1.3553333333333333
2025-08-30,24.0,84.0,2.892
2025-08-30,24.0,85.0,0.8539999999999999
2025-08-31,18.0,81.0,0.0
2025-08-31,18.0,82.0,0.558
2025-08-31,18.0,83.0,0.37000000000000005
2025-08-31,18.0,84.0,4.926666666666667
2025-08-31,19.0,81.0,0.0
2025-08-31,19.0,82.0,1.22
2025-08-31,19.0,83.0,0.36666666666666664
2025-08-31,19.0,84.0,2.972142857142857
2025-08-31,19.0,85.0,0.0
2025-08-31,20.0,81.0,0.9013333333333333
2025-08-31,20.0,82.0,0.5912
2025-08-31,20.0,83.0,2.025333333333333
2025-08-31,20.0,84.0,6.506800000000001
2025-08-31,20.0,85.0,2.7
2025-08-31,21.0,81.0,2.2777777777777777
2025-08-31,21.0,82.0,5.867333333333333
2025-08-31,21.0,83.0,12.736666666666666
2025-08-31,21.0,84.0,26.830000000000002
2025-08-31,21.0,85.0,9.69
2025-08-31,22.0,81.0,0.9233333333333333
2025-08-31,22.0,82.0,3.1424000000000003
2025-08-31,22.0,83.0,5.520666666666667
2025-08-31,22.0,84.0,16.1532
2025-08-31,22.0,85.0,12.86
2025-08-31,23.0,81.0,0.16222222222222224
2025-08-31,23.0,82.0,2.1453333333333333
2025-08-31,23.0,83.0,2.1144444444444446
2025-08-31,23.0,84.0,3.079333333333333
2025-08-31,23.0,85.0,10.763333333333334
2025-08-31,24.0,81.0,0.7893333333333333
2025-08-31,24.0,82.0,0.3496
2025-08-31,24.0,83.0,3.098
2025-08-31,24.0,84.0,5.1572000000000005
2025-08-31,24.0,85.0,0.18
2025-09-01,18.0,81.0,41.57
2025-09-01,18.0,82.0,12.108
2025-09-01,18.0,83.0,4.3
2025-09-01,18.0,84.0,1.1166666666666667
2025-09-01,19.0,81.0,31.46222222222222
2025-09-01,19.0,82.0,5.016
2025-09-01,19.0,83.0,1.2533333333333334
2025-09-01,19.0,84.0,9.947142857142856
2025-09-01,19.0,85.0,26.85
2025-09-01,20.0,81.0,19.259333333333334
2025-09-01,20.0,82.0,15.123600000000001
2025-09-01,20.0,83.0,11.747333333333334
2025-09-01,20.0,84.0,8.7448
2025-09-01,20.0,85.0,12.616
2025-09-01,21.0,81.0,26.095555555555556
2025-09-01,21.0,82.0,9.516666666666667
2025-09-01,21.0,83.0,2.6866666666666665
2025-09-01,21.0,84.0,8.593333333333334
2025-09-01,21.0,85.0,7.973333333333334
2025-09-01,22.0,81.0,4.085333333333334
2025-09-01,22.0,82.0,3.032
2025-09-01,22.0,83.0,5.152
2025-09-01,22.0,84.0,3.9672
2025-09-01,22.0,85.0,3.1100000000000003
2025-09-01,23.0,81.0,9.402222222222223
2025-09-01,23.0,82.0,2.6593333333333335
2025-09-01,23.0,83.0,4.823333333333334
2025-09-01,23.0,84.0,4.115333333333334
2025-09-01,23.0,85.0,2.796666666666667
2025-09-01,24.0,81.0,10.76
2025-09-01,24.0,82.0,15.8396
2025-09-01,24.0,83.0,1.8626666666666667
2025-09-01,24.0,84.0,11.133600000000001
2025-09-01,24.0,85.0,0.842
2025-09-02,18.0,81.0,14.403333333333334
2025-09-02,18.0,82.0,23.368000000000002
2025-09-02,18.0,83.0,13.196666666666667
2025-09-02,18.0,84.0,26.756666666666664
2025-09-02,19.0,81.0,32.68666666666667
2025-09-02,19.0,82.0,35.594
2025-09-02,19.0,83.0,6.332222222222223
2025-09-02,19.0,84.0,30.778571428571432
2025-09-02,19.0,85.0,15.44
2025-09-02,20.0,81.0,25.886666666666667
2025-09-02,20.0,82.0,18.1832
2025-09-02,20.0,83.0,10.024
2025-09-02,20.0,84.0,11.0752
2025-09-02,20.0,85.0,9.813999999999998
2025-09-02,21.0,81.0,16.405555555555555
2025-09-02,21.0,82.0,12.772
2025-09-02,21.0,83.0,10.719999999999999
2025-09-02,21.0,84.0,4.198666666666667
2025-09-02,21.0,85.0,13.483333333333334
2025-09-02,22.0,81.0,7.982666666666666
2025-09-02,22.0,82.0,2.2772
2025-09-02,22.0,83.0,5.836
2025-09-02,22.0,84.0,6.4576
2025-09-02,22.0,85.0,5.122
2025-09-02,23.0,81.0,19.566666666666666
2025-09-02,23.0,82.0,2.801333333333333
2025-09-02,23.0,83.0,2.6055555555555556
2025-09-02,23.0,84.0,2.2886666666666664
2025-09-02,23.0,85.0,5.716666666666666
2025-09-02,24.0,81.0,7.115333333333333
2025-09-02,24.0,82.0,9.1624
2025-09-02,24.0,83.0,3.9733333333333336
2025-09-02,24.0,84.0,4.872
2025-09-02,24.0,85.0,5.220000000000001
2025-09-03,18.0,81.0,1.4533333333333331
2025-09-03,18.0,82.0,11.524
2025-09-03,18.0,83.0,4.793333333333333
2025-09-03,18.0,84.0,4.55
2025-09-03,19.0,81.0,15.238888888888889
2025-09-03,19.0,82.0,14.024000000000001
2025-09-03,19.0,83.0,19.255555555555556
2025-09-03,19.0,84.0,22.111428571428572
2025-09-03,19.0,85.0,62.19
2025-09-03,20.0,81.0,20.081333333333337
2025-09-03,20.0,82.0,8.539200000000001
2025-09-03,20.0,83.0,11.887333333333334
2025-09-03,20.0,84.0,10.1168
2025-09-03,20.0,85.0,11.258
2025-09-03,21.0,81.0,16.605555555555554
2025-09-03,21.0,82.0,25.900666666666666
2025-09-03,21.0,83.0,23.146666666666665
2025-09-03,21.0,84.0,23.295333333333335
2025-09-03,21.0,85.0,16.136666666666667
2025-09-03,22.0,81.0,32.44533333333333
2025-09-03,22.0,82.0,28.4148
2025-09-03,22.0,83.0,30.84733333333333
2025-09-03,22.0,84.0,13.772
2025-09-03,22.0,85.0,19.032
2025-09-03,23.0,81.0,24.334444444444443
2025-09-03,23.0,82.0,32.582
2025-09-03,23.0,83.0,39.352222222222224
2025-09-03,23.0,84.0,27.936666666666667
2025-09-03,23.0,85.0,18.5
2025-09-03,24.0,81.0,10.448666666666666
2025-09-03,24.0,82.0,16.438
2025-09-03,24.0,83.0,15.512
2025-09-03,24.0,84.0,30.3648
2025-09-03,24.0,85.0,20.578
2025-09-04,18.0,81.0,0.17
2025-09-04,18.0,82.0,4.4479999999999995
2025-09-04,18.0,83.0,1.4633333333333332
2025-09-04,18.0,84.0,7.846666666666667
2025-09-04,19.0,81.0,22.327777777777776
2025-09-04,19.0,82.0,18.592
2025-09-04,19.0,83.0,2.4000000000000004
2025-09-04,19.0,84.0,7.212142857142857
2025-09-04,19.0,85.0,13.39
2025-09-04,20.0,81.0,20.63066666666667
2025-09-04,20.0,82.0,18.4108
2025-09-04,20.0,83.0,8.84
2025-09-04,20.0,84.0,10.9572
2025-09-04,20.0,85.0,5.332
2025-09-04,21.0,81.0,3.9899999999999998
2025-09-04,21.0,82.0,10.690666666666667
2025-09-04,21.0,83.0,17.700000000000003
2025-09-04,21.0,84.0,7.7620000000000005
2025-09-04,21.0,85.0,7.966666666666666
2025-09-04,22.0,81.0,5.443333333333333
2025-09-04,22.0,82.0,27.055999999999997
2025-09-04,22.0,83.0,40.79866666666667
2025-09-04,22.0,84.0,58.6364
2025-09-04,22.0,85.0,43.948
2025-09-04,23.0,81.0,3.3355555555555556
2025-09-04,23.0,82.0,25.38
2025-09-04,23.0,83.0,53.26555555555555
2025-09-04,23.0,84.0,32.46066666666667
2025-09-04,23.0,85.0,20.52
2025-09-04,24.0,81.0,5.807333333333333
2025-09-04,24.0,82.0,8.054400000000001
2025-09-04,24.0,83.0,13.158666666666667
2025-09-04,24.0,84.0,13.6404
2025-09-04,24.0,85.0,17.984
2025-09-05,18.0,81.0,1.1166666666666665
2025-09-05,18.0,82.0,0.09
2025-09-05,18.0,83.0,0.0
2025-09-05,18.0,84.0,0.11333333333333334
2025-09-05,19.0,81.0,0.9011111111111111
2025-09-05,19.0,82.0,0.8340000000000001
2025-09-05,19.0,83.0,1.1966666666666665
2025-09-05,19.0,84.0,0.6735714285714286
2025-09-05,19.0,85.0,1.44
2025-09-05,20.0,81.0,8.845333333333334
2025-09-05,20.0,82.0,2.1496
2025-09-05,20.0,83.0,4.148666666666667
2025-09-05,20.0,84.0,13.090399999999999
2025-09-05,20.0,85.0,20.2
2025-09-05,21.0,81.0,6.544444444444444
2025-09-05,21.0,82.0,1.1326666666666667
2025-09-05,21.0,83.0,5.62
2025-09-05,21.0,84.0,4.631333333333333
2025-09-05,21.0,85.0,11.816666666666665
2025-09-05,22.0,81.0,1.5653333333333335
2025-09-05,22.0,82.0,4.4488
2025-09-05,22.0,83.0,25.181333333333335
2025-09-05,22.0,84.0,19.9988
2025-09-05,22.0,85.0,12.45
2025-09-05,23.0,81.0,7.390000000000001
2025-09-05,23.0,82.0,10.439333333333334
2025-09-05,23.0,83.0,32.128888888888895
2025-09-05,23.0,84.0,9.891333333333334
2025-09-05,23.0,85.0,16.883333333333333
2025-09-05,24.0,81.0,28.541333333333334
2025-09-05,24.0,82.0,19.1736
2025-09-05,24.0,83.0,16.18466666666667
2025-09-05,24.0,84.0,5.8696
2025-09-05,24.0,85.0,10.018
2025-09-06,18.0,81.0,6.906666666666666
2025-09-06,18.0,82.0,0.692
2025-09-06,18.0,83.0,3.6799999999999997
2025-09-06,18.0,84.0,1.9133333333333333
2025-09-06,19.0,81.0,4.331111111111111
2025-09-06,19.0,82.0,1.1766666666666665
2025-09-06,19.0,83.0,14.017777777777777
2025-09-06,19.0,84.0,0.08571428571428573
2025-09-06,19.0,85.0,0.67
2025-09-06,20.0,81.0,3.9
2025-09-06,20.0,82.0,3.0151999999999997
2025-09-06,20.0,83.0,7.132666666666666
2025-09-06,20.0,84.0,12.318
2025-09-06,20.0,85.0,0.45999999999999996
2025-09-06,21.0,81.0,3.3444444444444446
2025-09-06,21.0,82.0,2.074666666666667
2025-09-06,21.0,83.0,9.453333333333333
2025-09-06,21.0,84.0,20.528666666666666
2025-09-06,21.0,85.0,1.2566666666666666
2025-09-06,22.0,81.0,0.4473333333333333
2025-09-06,22.0,82.0,0.21760000000000002
2025-09-06,22.0,83.0,2.715333333333333
2025-09-06,22.0,84.0,7.2636
2025-09-06,22.0,85.0,2.1340000000000003
2025-09-06,23.0,81.0,4.163333333333333
2025-09-06,23.0,82.0,1.9126666666666667
2025-09-06,23.0,83.0,2.3844444444444446
2025-09-06,23.0,84.0,1.62
2025-09-06,23.0,85.0,1.5766666666666669
2025-09-06,24.0,81.0,0.47533333333333333
2025-09-06,24.0,82.0,1.1467999999999998
2025-09-06,24.0,83.0,0.017333333333333333
2025-09-06,24.0,84.0,0.09519999999999999
2025-09-06,24.0,85.0,0.0
2025-09-07,18.0,81.0,17.35333333333333
2025-09-07,18.0,82.0,4.2
2025-09-07,18.0,83.0,7.316666666666666
2025-09-07,18.0,84.0,3.8266666666666667
2025-09-07,19.0,81.0,5.629999999999999
2025-09-07,19.0,82.0,5.487333333333334
2025-09-07,19.0,83.0,1.9422222222222223
2025-09-07,19.0,84.0,2.735
2025-09-07,19.0,85.0,6.72
2025-09-07,20.0,81.0,4.6593333333333335
2025-09-07,20.0,82.0,3.054
2025-09-07,20.0,83.0,3.893333333333333
2025-09-07,20.0,84.0,10.7956
2025-09-07,20.0,85.0,12.942000000000002
2025-09-07,21.0,81.0,4.933333333333334
2025-09-07,21.0,82.0,10.639999999999999
2025-09-07,21.0,83.0,2.9299999999999997
2025-09-07,21.0,84.0,3.35
2025-09-07,21.0,85.0,4.746666666666667
2025-09-07,22.0,81.0,3.2266666666666666
2025-09-07,22.0,82.0,1.5116
2025-09-07,22.0,83.0,0.09666666666666666
2025-09-07,22.0,84.0,4.7112
2025-09-07,22.0,85.0,2.018
2025-09-07,23.0,81.0,3.477777777777778
2025-09-07,23.0,82.0,0.15266666666666667
2025-09-07,23.0,83.0,0.08555555555555555
2025-09-07,23.0,84.0,5.53
2025-09-07,23.0,85.0,0.18666666666666668
2025-09-07,24.0,81.0,4.1706666666666665
2025-09-07,24.0,82.0,0.6688
2025-09-07,24.0,83.0,0.34266666666666673
2025-09-07,24.0,84.0,1.7472
2025-09-07,24.0,85.0,1.048
2025-09-08,18.0,81.0,1.3066666666666666
2025-09-08,18.0,82.0,4.404
2025-09-08,18.0,83.0,9.633333333333333
2025-09-08,18.0,84.0,20.81
2025-09-08,19.0,81.0,2.137777777777778
2025-09-08,19.0,82.0,10.414
2025-09-08,19.0,83.0,8.42
2025-09-08,19.0,84.0,8.605714285714287
2025-09-08,19.0,85.0,29.88
2025-09-08,20.0,81.0,4.734666666666667
2025-09-08,20.0,82.0,11.0896
2025-09-08,20.0,83.0,15.685333333333334
2025-09-08,20.0,84.0,10.515999999999998
2025-09-08,20.0,85.0,18.578
2025-09-08,21.0,81.0,2.5255555555555556
2025-09-08,21.0,82.0,13.143333333333334
2025-09-08,21.0,83.0,15.052222222222222
2025-09-08,21.0,84.0,14.198
2025-09-08,21.0,85.0,17.696666666666665
2025-09-08,22.0,81.0,1.148
2025-09-08,22.0,82.0,7.191599999999999
2025-09-08,22.0,83.0,7.175333333333333
2025-09-08,22.0,84.0,5.6488
2025-09-08,22.0,85.0,4.294
2025-09-08,23.0,81.0,0.8955555555555557
2025-09-08,23.0,82.0,2.2866666666666666
2025-09-08,23.0,83.0,0.17666666666666664
2025-09-08,23.0,84.0,0.39866666666666667
2025-09-08,23.0,85.0,0.09999999999999999
2025-09-08,24.0,81.0,2.655333333333333
2025-09-08,24.0,82.0,3.12
2025-09-08,24.0,83.0,3.1420000000000003
2025-09-08,24.0,84.0,10.6248
2025-09-08,24.0,85.0,1.502
2025-09-09,18.0,81.0,0.38999999999999996
2025-09-09,18.0,82.0,13.457999999999998
2025-09-09,18.0,83.0,10.306666666666667
2025-09-09,18.0,84.0,9.443333333333333
2025-09-09,19.0,81.0,2.211111111111111
2025-09-09,19.0,82.0,9.441333333333334
2025-09-09,19.0,83.0,17.514444444444443
2025-09-09,19.0,84.0,18.11285714285714
2025-09-09,19.0,85.0,13.82
2025-09-09,20.0,81.0,8.343333333333334
2025-09-09,20.0,82.0,10.1868
2025-09-09,20.0,83.0,24.55
2025-09-09,20.0,84.0,11.945599999999999
2025-09-09,20.0,85.0,0.8400000000000001
2025-09-09,21.0,81.0,9.546666666666667
2025-09-09,21.0,82.0,14.565333333333333
2025-09-09,21.0,83.0,4.348888888888889
2025-09-09,21.0,84.0,5.3340000000000005
2025-09-09,21.0,85.0,0.0
2025-09-09,22.0,81.0,4.987333333333334
2025-09-09,22.0,82.0,4.1208
2025-09-09,22.0,83.0,0.6793333333333333
2025-09-09,22.0,84.0,2.7752
2025-09-09,22.0,85.0,0.028000000000000004
2025-09-09,23.0,81.0,1.5422222222222224
2025-09-09,23.0,82.0,5.851333333333333
2025-09-09,23.0,83.0,0.65
2025-09-09,23.0,84.0,0.9239999999999999
2025-09-09,23.0,85.0,0.24333333333333332
2025-09-09,24.0,81.0,4.187333333333333
2025-09-09,24.0,82.0,14.2356
2025-09-09,24.0,83.0,10.646666666666668
2025-09-09,24.0,84.0,7.6248000000000005
2025-09-09,24.0,85.0,1.714
2025-09-10,18.0,81.0,0.7600000000000001
2025-09-10,18.0,82.0,6.970000000000001
2025-09-10,18.0,83.0,2.056666666666667
2025-09-10,18.0,84.0,1.5066666666666668
2025-09-10,19.0,81.0,6.438888888888889
2025-09-10,19.0,82.0,24.305333333333333
2025-09-10,19.0,83.0,6.783333333333333
2025-09-10,19.0,84.0,0.47857142857142854
2025-09-10,19.0,85.0,1.31
2025-09-10,20.0,81.0,3.2560000000000002
2025-09-10,20.0,82.0,10.618
2025-09-10,20.0,83.0,7.807333333333333
2025-09-10,20.0,84.0,1.5016
2025-09-10,20.0,85.0,1.002
2025-09-10,21.0,81.0,3.9911111111111115
2025-09-10,21.0,82.0,2.6806666666666668
2025-09-10,21.0,83.0,1.7011111111111112
2025-09-10,21.0,84.0,0.3173333333333333
2025-09-10,21.0,85.0,3.59
2025-09-10,22.0,81.0,3.1073333333333335
2025-09-10,22.0,82.0,3.0136000000000003
2025-09-10,22.0,83.0,0.49
2025-09-10,22.0,84.0,1.5719999999999998
2025-09-10,22.0,85.0,0.0
2025-09-10,23.0,81.0,14.52111111111111
2025-09-10,23.0,82.0,6.784
2025-09-10,23.0,83.0,0.8477777777777779
2025-09-10,23.0,84.0,0.42133333333333334
2025-09-10,23.0,85.0,0.0
2025-09-10,24.0,81.0,3.7613333333333334
2025-09-10,24.0,82.0,9.2488
2025-09-10,24.0,83.0,8.541333333333334
2025-09-10,24.0,84.0,3.1644
2025-09-10,24.0,85.0,0.0
2025-09-11,18.0,81.0,13.786666666666667
2025-09-11,18.0,82.0,7.9719999999999995
2025-09-11,18.0,83.0,8.39
2025-09-11,18.0,84.0,1.6766666666666665
2025-09-11,19.0,81.0,46.02777777777778
2025-09-11,19.0,82.0,22.115333333333336
2025-09-11,19.0,83.0,6.489999999999999
2025-09-11,19.0,84.0,1.1228571428571428
2025-09-11,19.0,85.0,0.0
2025-09-11,20.0,81.0,17.838666666666665
2025-09-11,20.0,82.0,7.41
2025-09-11,20.0,83.0,1.704
2025-09-11,20.0,84.0,2.322
2025-09-11,20.0,85.0,1.568
2025-09-11,21.0,81.0,9.393333333333333
2025-09-11,21.0,82.0,5.625333333333333
2025-09-11,21.0,83.0,1.2944444444444445
2025-09-11,21.0,84.0,1.4713333333333334
2025-09-11,21.0,85.0,0.24
2025-09-11,22.0,81.0,4.918
2025-09-11,22.0,82.0,1.8336
2025-09-11,22.0,83.0,2.8593333333333333
2025-09-11,22.0,84.0,3.1075999999999997
2025-09-11,22.0,85.0,4.878
2025-09-11,23.0,81.0,12.805555555555555
2025-09-11,23.0,82.0,4.416666666666667
2025-09-11,23.0,83.0,2.2755555555555556
2025-09-11,23.0,84.0,7.870666666666667
2025-09-11,23.0,85.0,9.696666666666667
2025-09-11,24.0,81.0,0.8866666666666667
2025-09-11,24.0,82.0,4.7788
2025-09-11,24.0,83.0,13.781333333333333
2025-09-11,24.0,84.0,10.921199999999999
2025-09-11,24.0,85.0,6.676
2025-09-12,18.0,81.0,0.26666666666666666
2025-09-12,18.0,82.0,5.996
2025-09-12,18.0,83.0,7.633333333333333
2025-09-12,18.0,84.0,1.2333333333333334
2025-09-12,19.0,81.0,14.622222222222222
2025-09-12,19.0,82.0,9.229999999999999
2025-09-12,19.0,83.0,9.393333333333333
2025-09-12,19.0,84.0,5.705
2025-09-12,19.0,85.0,3.89
2025-09-12,20.0,81.0,13.472666666666667
2025-09-12,20.0,82.0,13.253599999999999
2025-09-12,20.0,83.0,12.645999999999999
2025-09-12,20.0,84.0,8.7268
2025-09-12,20.0,85.0,5.8100000000000005
2025-09-12,21.0,81.0,14.312222222222223
2025-09-12,21.0,82.0,13.914666666666667
2025-09-12,21.0,83.0,7.792222222222222
2025-09-12,21.0,84.0,14.065333333333335
2025-09-12,21.0,85.0,21.669999999999998
2025-09-12,22.0,81.0,14.881333333333334
2025-09-12,22.0,82.0,15.4404
2025-09-12,22.0,83.0,11.976666666666667
2025-09-12,22.0,84.0,10.958
2025-09-12,22.0,85.0,4.246
2025-09-12,23.0,81.0,9.047777777777778
2025-09-12,23.0,82.0,5.919333333333333
2025-09-12,23.0,83.0,10.205555555555556
2025-09-12,23.0,84.0,7.5873333333333335
2025-09-12,23.0,85.0,12.773333333333333
2025-09-12,24.0,81.0,13.796666666666665
2025-09-12,24.0,82.0,14.5576
2025-09-12,24.0,83.0,13.226
2025-09-12,24.0,84.0,4.5188
2025-09-12,24.0,85.0,8.166
2025-09-13,18.0,81.0,2.5833333333333335
2025-09-13,18.0,82.0,4.965999999999999
2025-09-13,18.0,83.0,9.053333333333333
2025-09-13,18.0,84.0,32.160000000000004
2025-09-13,19.0,81.0,12.062222222222223
2025-09-13,19.0,82.0,4.824
2025-09-13,19.0,83.0,11.918888888888889
2025-09-13,19.0,84.0,15.03357142857143
2025-09-13,19.0,85.0,26.69
2025-09-13,20.0,81.0,10.344666666666665
2025-09-13,20.0,82.0,3.9316000000000004
2025-09-13,20.0,83.0,2.2046666666666668
2025-09-13,20.0,84.0,9.6096
2025-09-13,20.0,85.0,36.916
2025-09-13,21.0,81.0,9.363333333333333
2025-09-13,21.0,82.0,5.535333333333333
2025-09-13,21.0,83.0,0.7844444444444445
2025-09-13,21.0,84.0,1.6640000000000001
2025-09-13,21.0,85.0,4.783333333333333
2025-09-13,22.0,81.0,10.461333333333332
2025-09-13,22.0,82.0,4.5316
2025-09-13,22.0,83.0,5.184666666666667
2025-09-13,22.0,84.0,4.2408
2025-09-13,22.0,85.0,1.068
2025-09-13,23.0,81.0,18.022222222222222
2025-09-13,23.0,82.0,19.351999999999997
2025-09-13,23.0,83.0,6.205555555555556
2025-09-13,23.0,84.0,6.400666666666667
2025-09-13,23.0,85.0,5.419999999999999
2025-09-13,24.0,81.0,2.7273333333333336
2025-09-13,24.0,82.0,1.8096
2025-09-13,24.0,83.0,5.054666666666667
2025-09-13,24.0,84.0,3.0688
2025-09-13,24.0,85.0,7.306
2025-09-14,18.0,81.0,22.19666666666667
2025-09-14,18.0,82.0,6.918000000000001
2025-09-14,18.0,83.0,6.8933333333333335
2025-09-14,18.0,84.0,1.0733333333333333
2025-09-14,19.0,81.0,34.48777777777778
2025-09-14,19.0,82.0,12.924666666666667
2025-09-14,19.0,83.0,3.427777777777778
2025-09-14,19.0,84.0,0.9328571428571427
2025-09-14,19.0,85.0,0.63
2025-09-14,20.0,81.0,13.957333333333334
2025-09-14,20.0,82.0,3.7256
2025-09-14,20.0,83.0,0.5353333333333333
2025-09-14,20.0,84.0,2.1048
2025-09-14,20.0,85.0,0.808
2025-09-14,21.0,81.0,0.3766666666666667
2025-09-14,21.0,82.0,0.148
2025-09-14,21.0,83.0,1.1022222222222222
2025-09-14,21.0,84.0,0.8833333333333333
2025-09-14,21.0,85.0,0.06333333333333334
2025-09-14,22.0,81.0,3.4186666666666667
2025-09-14,22.0,82.0,0.0452
2025-09-14,22.0,83.0,0.028666666666666667
2025-09-14,22.0,84.0,0.7140000000000001
2025-09-14,22.0,85.0,0.302
2025-09-14,23.0,81.0,10.963333333333333
2025-09-14,23.0,82.0,6.202666666666667
2025-09-14,23.0,83.0,0.7455555555555555
2025-09-14,23.0,84.0,0.9486666666666665
2025-09-14,23.0,85.0,6.516666666666667
2025-09-14,24.0,81.0,1.864666666666667
2025-09-14,24.0,82.0,1.9616
2025-09-14,24.0,83.0,3.54
2025-09-14,24.0,84.0,1.8703999999999998
2025-09-14,24.0,85.0,0.41200000000000003
2025-09-15,18.0,81.0,2.14
2025-09-15,18.0,82.0,0.052000000000000005
2025-09-15,18.0,83.0,0.29
2025-09-15,18.0,84.0,0.0
2025-09-15,19.0,81.0,1.261111111111111
2025-09-15,19.0,82.0,0.766
2025-09-15,19.0,83.0,14.47777777777778
2025-09-15,19.0,84.0,4.417142857142857
2025-09-15,19.0,85.0,3.33
2025-09-15,20.0,81.0,0.7986666666666667
2025-09-15,20.0,82.0,1.5607999999999997
2025-09-15,20.0,83.0,1.486
2025-09-15,20.0,84.0,2.0396
2025-09-15,20.0,85.0,1.0059999999999998
2025-09-15,21.0,81.0,5.552222222222222
2025-09-15,21.0,82.0,2.5566666666666666
2025-09-15,21.0,83.0,0.8500000000000001
2025-09-15,21.0,84.0,0.8093333333333332
2025-09-15,21.0,85.0,4.3933333333333335
2025-09-15,22.0,81.0,5.8053333333333335
2025-09-15,22.0,82.0,3.0424
2025-09-15,22.0,83.0,0.568
2025-09-15,22.0,84.0,3.0336000000000003
2025-09-15,22.0,85.0,0.746
2025-09-15,23.0,81.0,0.33111111111111113
2025-09-15,23.0,82.0,3.6153333333333335
2025-09-15,23.0,83.0,1.2644444444444445
2025-09-15,23.0,84.0,2.740666666666667
2025-09-15,23.0,85.0,16.186666666666667
2025-09-15,24.0,81.0,1.1693333333333333
2025-09-15,24.0,82.0,8.8856
2025-09-15,24.0,83.0,6.507333333333333
2025-09-15,24.0,84.0,25.608400000000003
2025-09-15,24.0,85.0,3.874
2025-09-16,18.0,81.0,2.1599999999999997
2025-09-16,18.0,82.0,0.256
2025-09-16,18.0,83.0,4.366666666666666
2025-09-16,18.0,84.0,0.0
2025-09-16,19.0,81.0,3.422222222222222
2025-09-16,19.0,82.0,0.12866666666666668
2025-09-16,19.0,83.0,1.4066666666666667
2025-09-16,19.0,84.0,8.235000000000001
2025-09-16,19.0,85.0,1.15
2025-09-16,20.0,81.0,8.897333333333334
2025-09-16,20.0,82.0,6.0248
2025-09-16,20.0,83.0,15.965333333333332
2025-09-16,20.0,84.0,17.828
2025-09-16,20.0,85.0,19.259999999999998
2025-09-16,21.0,81.0,4.568888888888889
2025-09-16,21.0,82.0,9.284666666666668
2025-09-16,21.0,83.0,21.915555555555557
2025-09-16,21.0,84.0,10.187999999999999
2025-09-16,21.0,85.0,18.25
2025-09-16,22.0,81.0,12.301333333333334
2025-09-16,22.0,82.0,7.716799999999999
2025-09-16,22.0,83.0,26.747333333333334
2025-09-16,22.0,84.0,19.0548
2025-09-16,22.0,85.0,12.876
2025-09-16,23.0,81.0,25.645555555555557
2025-09-16,23.0,82.0,17.133333333333333
2025-09-16,23.0,83.0,16.42111111111111
2025-09-16,23.0,84.0,13.869333333333334
2025-09-16,23.0,85.0,13.143333333333333
2025-09-16,24.0,81.0,8.720666666666666
2025-09-16,24.0,82.0,15.8172
2025-09-16,24.0,83.0,11.898
2025-09-16,24.0,84.0,20.5708
2025-09-16,24.0,85.0,6.692
2025-09-17,18.0,81.0,7.466666666666666
2025-09-17,18.0,82.0,0.89
2025-09-17,18.0,83.0,5.876666666666666
2025-09-17,18.0,84.0,5.996666666666667
2025-09-17,19.0,81.0,10.217777777777778
2025-09-17,19.0,82.0,0.24733333333333332
2025-09-17,19.0,83.0,0.5944444444444444
2025-09-17,19.0,84.0,0.7928571428571428
2025-09-17,19.0,85.0,0.0
2025-09-17,20.0,81.0,11.268
2025-09-17,20.0,82.0,5.4036
2025-09-17,20.0,83.0,7.093333333333334
2025-09-17,20.0,84.0,8.1136
2025-09-17,20.0,85.0,0.16999999999999998
2025-09-17,21.0,81.0,6.79
2025-09-17,21.0,82.0,13.015333333333334
2025-09-17,21.0,83.0,14.538888888888888
2025-09-17,21.0,84.0,14.502666666666666
2025-09-17,21.0,85.0,13.59666666666667
2025-09-17,22.0,81.0,5.988666666666666
2025-09-17,22.0,82.0,8.6816
2025-09-17,22.0,83.0,7.257333333333333
2025-09-17,22.0,84.0,9.336
2025-09-17,22.0,85.0,16.354
2025-09-17,23.0,81.0,13.034444444444444
2025-09-17,23.0,82.0,8.687999999999999
2025-09-17,23.0,83.0,3.3600000000000003
2025-09-17,23.0,84.0,8.505333333333333
2025-09-17,23.0,85.0,1.4666666666666668
2025-09-17,24.0,81.0,6.951333333333333
2025-09-17,24.0,82.0,6.472799999999999
2025-09-17,24.0,83.0,9.488666666666665
2025-09-17,24.0,84.0,29.066399999999998
2025-09-17,24.0,85.0,6.078
2025-09-18,18.0,81.0,0.0
2025-09-18,18.0,82.0,0.72
2025-09-18,18.0,83.0,0.3
2025-09-18,18.0,84.0,3.7433333333333336
2025-09-18,19.0,81.0,1.2844444444444443
2025-09-18,19.0,82.0,1.0086666666666668
2025-09-18,19.0,83.0,0.024444444444444446
2025-09-18,19.0,84.0,0.8099999999999999
2025-09-18,19.0,85.0,0.79
2025-09-18,20.0,81.0,1.0453333333333332
2025-09-18,20.0,82.0,0.32199999999999995
2025-09-18,20.0,83.0,0.0
2025-09-18,20.0,84.0,0.0388
2025-09-18,20.0,85.0,0.702
2025-09-18,21.0,81.0,3.783333333333333
2025-09-18,21.0,82.0,3.1373333333333333
2025-09-18,21.0,83.0,0.25666666666666665
2025-09-18,21.0,84.0,0.376
2025-09-18,21.0,85.0,0.03666666666666667
2025-09-18,22.0,81.0,0.506
2025-09-18,22.0,82.0,1.6312
2025-09-18,22.0,83.0,3.95
2025-09-18,22.0,84.0,2.2720000000000002
2025-09-18,22.0,85.0,0.144
2025-09-18,23.0,81.0,5.181111111111111
2025-09-18,23.0,82.0,10.924000000000001
2025-09-18,23.0,83.0,6.023333333333333
2025-09-18,23.0,84.0,6.190666666666667
2025-09-18,23.0,85.0,1.8166666666666667
2025-09-18,24.0,81.0,13.325333333333333
2025-09-18,24.0,82.0,14.902000000000001
2025-09-18,24.0,83.0,6.760666666666666
2025-09-18,24.0,84.0,8.6824
2025-09-18,24.0,85.0,4.86
2025-09-19,18.0,81.0,0.0
2025-09-19,18.0,82.0,0.658
2025-09-19,18.0,83.0,0.16333333333333336
2025-09-19,18.0,84.0,0.0
2025-09-19,19.0,81.0,0.0
2025-09-19,19.0,82.0,0.09266666666666667
2025-09-19,19.0,83.0,1.4333333333333333
2025-09-19,19.0,84.0,0.0
2025-09-19,19.0,85.0,0.0
2025-09-19,20.0,81.0,0.0
2025-09-19,20.0,82.0,0.0
2025-09-19,20.0,83.0,0.778
2025-09-19,20.0,84.0,0.8079999999999999
2025-09-19,20.0,85.0,0.11399999999999999
2025-09-19,21.0,81.0,0.0
2025-09-19,21.0,82.0,0.0
2025-09-19,21.0,83.0,0.0
2025-09-19,21.0,84.0,0.058666666666666666
2025-09-19,21.0,85.0,0.4633333333333333
2025-09-19,22.0,81.0,0.6453333333333333
2025-09-19,22.0,82.0,0.38439999999999996
2025-09-19,22.0,83.0,2.2693333333333334
2025-09-19,22.0,84.0,1.5936000000000001
2025-09-19,22.0,85.0,0.354
2025-09-19,23.0,81.0,0.4633333333333333
2025-09-19,23.0,82.0,5.1080000000000005
2025-09-19,23.0,83.0,1.4166666666666667
2025-09-19,23.0,84.0,1.326
2025-09-19,23.0,85.0,3.7300000000000004
2025-09-19,24.0,81.0,9.800666666666666
2025-09-19,24.0,82.0,3.28
2025-09-19,24.0,83.0,11.032666666666668
2025-09-19,24.0,84.0,7.8404
2025-09-19,24.0,85.0,1.308
2025-09-20,18.0,81.0,0.0
2025-09-20,18.0,82.0,0.908
2025-09-20,18.0,83.0,1.1666666666666667
2025-09-20,18.0,84.0,0.0
2025-09-20,19.0,81.0,0.0
2025-09-20,19.0,82.0,0.6766666666666666
2025-09-20,19.0,83.0,2.76
2025-09-20,19.0,84.0,1.7778571428571428
2025-09-20,19.0,85.0,0.0
2025-09-20,20.0,81.0,0.0
2025-09-20,20.0,82.0,1.232
2025-09-20,20.0,83.0,0.49733333333333335
2025-09-20,20.0,84.0,4.478
2025-09-20,20.0,85.0,0.0
2025-09-20,21.0,81.0,0.0
2025-09-20,21.0,82.0,0.5993333333333334
2025-09-20,21.0,83.0,3.0244444444444443
2025-09-20,21.0,84.0,1.9573333333333334
2025-09-20,21.0,85.0,1.7233333333333334
2025-09-20,22.0,81.0,0.020666666666666667
2025-09-20,22.0,82.0,0.0904
2025-09-20,22.0,83.0,2.378
2025-09-20,22.0,84.0,0.49199999999999994
2025-09-20,22.0,85.0,1.072
2025-09-20,23.0,81.0,0.10444444444444444
2025-09-20,23.0,82.0,0.0
2025-09-20,23.0,83.0,0.2288888888888889
2025-09-20,23.0,84.0,1.7653333333333334
2025-09-20,23.0,85.0,2.8633333333333333
2025-09-20,24.0,81.0,0.03666666666666667
2025-09-20,24.0,82.0,0.6328
2025-09-20,24.0,83.0,0.7446666666666667
2025-09-20,24.0,84.0,2.5536
2025-09-20,24.0,85.0,0.49000000000000005
2025-09-21,18.0,81.0,11.396666666666667
2025-09-21,18.0,82.0,16.458
2025-09-21,18.0,83.0,17.459999999999997
2025-09-21,18.0,84.0,7.456666666666667
2025-09-21,19.0,81.0,5.306666666666667
2025-09-21,19.0,82.0,4.748
2025-09-21,19.0,83.0,16.880000000000003
2025-09-21,19.0,84.0,5.852857142857142
2025-09-21,19.0,85.0,0.0
2025-09-21,20.0,81.0,9.353333333333333
2025-09-21,20.0,82.0,10.3816
2025-09-21,20.0,83.0,3.322666666666667
2025-09-21,20.0,84.0,4.7296
2025-09-21,20.0,85.0,6.758
2025-09-21,21.0,81.0,9.63111111111111
2025-09-21,21.0,82.0,6.412000000000001
2025-09-21,21.0,83.0,1.8311111111111111
2025-09-21,21.0,84.0,1.444
2025-09-21,21.0,85.0,0.9533333333333333
2025-09-21,22.0,81.0,15.541333333333334
2025-09-21,22.0,82.0,7.9376
2025-09-21,22.0,83.0,2.3406666666666665
2025-09-21,22.0,84.0,0.7084
2025-09-21,22.0,85.0,1.134
2025-09-21,23.0,81.0,1.818888888888889
2025-09-21,23.0,82.0,10.328666666666667
2025-09-21,23.0,83.0,1.2455555555555557
2025-09-21,23.0,84.0,1.608
2025-09-21,23.0,85.0,6.3
2025-09-21,24.0,81.0,5.106
2025-09-21,24.0,82.0,3.4344
2025-09-21,24.0,83.0,1.5786666666666667
2025-09-21,24.0,84.0,2.0188
2025-09-21,24.0,85.0,15.693999999999999
2025-09-22,18.0,81.0,42.19
2025-09-22,18.0,82.0,6.434
2025-09-22,18.0,83.0,5.363333333333333
2025-09-22,18.0,84.0,7.0200000000000005
2025-09-22,19.0,81.0,14.443333333333335
2025-09-22,19.0,82.0,8.105333333333332
2025-09-22,19.0,83.0,5.34
2025-09-22,19.0,84.0,16.305
2025-09-22,19.0,85.0,0.0
2025-09-22,20.0,81.0,5.285333333333333
2025-09-22,20.0,82.0,10.6652
2025-09-22,20.0,83.0,9.409333333333334
2025-09-22,20.0,84.0,5.726
2025-09-22,20.0,85.0,22.644
2025-09-22,21.0,81.0,1.641111111111111
2025-09-22,21.0,82.0,4.157333333333333
2025-09-22,21.0,83.0,3.7055555555555557
2025-09-22,21.0,84.0,6.596
2025-09-22,21.0,85.0,24.47666666666667
2025-09-22,22.0,81.0,1.9733333333333334
2025-09-22,22.0,82.0,3.8928000000000003
2025-09-22,22.0,83.0,10.261333333333333
2025-09-22,22.0,84.0,9.684800000000001
2025-09-22,22.0,85.0,12.85
2025-09-22,23.0,81.0,0.08333333333333333
2025-09-22,23.0,82.0,0.028
2025-09-22,23.0,83.0,0.5777777777777778
2025-09-22,23.0,84.0,3.6033333333333335
2025-09-22,23.0,85.0,7.34
2025-09-22,24.0,81.0,0.05866666666666666
2025-09-22,24.0,82.0,0.0
2025-09-22,24.0,83.0,0.08533333333333333
2025-09-22,24.0,84.0,0.26720000000000005
2025-09-22,24.0,85.0,0.782
2025-09-23,18.0,81.0,14.526666666666666
2025-09-23,18.0,82.0,23.496000000000002
2025-09-23,18.0,83.0,28.78666666666666
2025-09-23,18.0,84.0,18.87
2025-09-23,19.0,81.0,17.70777777777778
2025-09-23,19.0,82.0,23.582
2025-09-23,19.0,83.0,47.464444444444446
2025-09-23,19.0,84.0,6.930714285714286
2025-09-23,19.0,85.0,3.34
2025-09-23,20.0,81.0,9.922
2025-09-23,20.0,82.0,17.3768
2025-09-23,20.0,83.0,27.329333333333334
2025-09-23,20.0,84.0,16.5584
2025-09-23,20.0,85.0,9.086
2025-09-23,21.0,81.0,0.9444444444444444
2025-09-23,21.0,82.0,10.214666666666666
2025-09-23,21.0,83.0,26.224444444444444
2025-09-23,21.0,84.0,20.96933333333333
2025-09-23,21.0,85.0,6.783333333333334
2025-09-23,22.0,81.0,0.0
2025-09-23,22.0,82.0,1.6632000000000002
2025-09-23,22.0,83.0,9.378000000000002
2025-09-23,22.0,84.0,14.5952
2025-09-23,22.0,85.0,13.174000000000001
2025-09-23,23.0,81.0,0.0
2025-09-23,23.0,82.0,0.0
2025-09-23,23.0,83.0,3.4811111111111113
2025-09-23,23.0,84.0,7.0040000000000004
2025-09-23,23.0,85.0,13.446666666666665
2025-09-23,24.0,81.0,0.4186666666666667
2025-09-23,24.0,82.0,0.0
2025-09-23,24.0,83.0,0.0
2025-09-23,24.0,84.0,0.7311999999999999
2025-09-23,24.0,85.0,7.67
2025-09-24,18.0,81.0,2.473333333333333
2025-09-24,18.0,82.0,23.078
2025-09-24,18.0,83.0,14.136666666666665
2025-09-24,18.0,84.0,20.106666666666666
2025-09-24,19.0,81.0,11.649999999999999
2025-09-24,19.0,82.0,31.482000000000003
2025-09-24,19.0,83.0,13.315555555555555
2025-09-24,19.0,84.0,25.835
2025-09-24,19.0,85.0,21.74
2025-09-24,20.0,81.0,15.394666666666666
2025-09-24,20.0,82.0,17.64
2025-09-24,20.0,83.0,18.288666666666664
2025-09-24,20.0,84.0,15.826400000000001
2025-09-24,20.0,85.0,8.232
2025-09-24,21.0,81.0,2.9566666666666666
2025-09-24,21.0,82.0,12.892666666666665
2025-09-24,21.0,83.0,54.812222222222225
2025-09-24,21.0,84.0,31.813333333333333
2025-09-24,21.0,85.0,16.09
2025-09-24,22.0,81.0,0.6746666666666667
2025-09-24,22.0,82.0,11.806399999999998
2025-09-24,22.0,83.0,78.31
2025-09-24,22.0,84.0,78.62
2025-09-24,22.0,85.0,37.2
2025-09-24,23.0,81.0,0.0
2025-09-24,23.0,82.0,3.786
2025-09-24,23.0,83.0,16.51111111111111
2025-09-24,23.0,84.0,16.188666666666666
2025-09-24,23.0,85.0,31.516666666666666
2025-09-24,24.0,81.0,0.0
2025-09-24,24.0,82.0,0.8612000000000001
2025-09-24,24.0,83.0,11.966666666666667
2025-09-24,24.0,84.0,14.4952
2025-09-24,24.0,85.0,9.792
2025-09-25,18.0,81.0,16.19333333333333
2025-09-25,18.0,82.0,8.117999999999999
2025-09-25,18.0,83.0,0.9700000000000001
2025-09-25,18.0,84.0,0.0
2025-09-25,19.0,81.0,39.919999999999995
2025-09-25,19.0,82.0,17.942
2025-09-25,19.0,83.0,10.50111111111111
2025-09-25,19.0,84.0,4.067142857142857
2025-09-25,19.0,85.0,0.0
2025-09-25,20.0,81.0,63.39933333333333
2025-09-25,20.0,82.0,42.6668
2025-09-25,20.0,83.0,24.93
2025-09-25,20.0,84.0,3.6584000000000003
2025-09-25,20.0,85.0,0.0
2025-09-25,21.0,81.0,67.67444444444445
2025-09-25,21.0,82.0,68.35266666666666
2025-09-25,21.0,83.0,36.25555555555556
2025-09-25,21.0,84.0,5.462666666666666
2025-09-25,21.0,85.0,4.553333333333334
2025-09-25,22.0,81.0,15.889999999999999
2025-09-25,22.0,82.0,53.4904
2025-09-25,22.0,83.0,35.37533333333333
2025-09-25,22.0,84.0,11.8648
2025-09-25,22.0,85.0,10.620000000000001
2025-09-25,23.0,81.0,5.235555555555556
2025-09-25,23.0,82.0,6.191333333333334
2025-09-25,23.0,83.0,18.13888888888889
2025-09-25,23.0,84.0,4.172
2025-09-25,23.0,85.0,7.920000000000001
2025-09-25,24.0,81.0,14.789333333333333
2025-09-25,24.0,82.0,4.9344
2025-09-25,24.0,83.0,3.098
2025-09-25,24.0,84.0,3.6716
2025-09-25,24.0,85.0,3.44
2025-09-26,18.0,81.0,17.83666666666667
2025-09-26,18.0,82.0,6.002
2025-09-26,18.0,83.0,0.13
2025-09-26,18.0,84.0,0.6066666666666667
2025-09-26,19.0,81.0,41.016666666666666
2025-09-26,19.0,82.0,9.562000000000001
2025-09-26,19.0,83.0,1.1955555555555555
2025-09-26,19.0,84.0,1.9042857142857144
2025-09-26,19.0,85.0,8.47
2025-09-26,20.0,81.0,16.610666666666667
2025-09-26,20.0,82.0,12.869200000000001
2025-09-26,20.0,83.0,3.04
2025-09-26,20.0,84.0,8.896
2025-09-26,20.0,85.0,5.89
2025-09-26,21.0,81.0,10.503333333333334
2025-09-26,21.0,82.0,2.3073333333333332
2025-09-26,21.0,83.0,6.847777777777778
2025-09-26,21.0,84.0,1.9313333333333336
2025-09-26,21.0,85.0,7.993333333333333
2025-09-26,22.0,81.0,9.068666666666667
2025-09-26,22.0,82.0,1.3988
2025-09-26,22.0,83.0,0.6386666666666667
2025-09-26,22.0,84.0,0.8204
2025-09-26,22.0,85.0,3.246
2025-09-26,23.0,81.0,33.08777777777778
2025-09-26,23.0,82.0,9.634666666666668
2025-09-26,23.0,83.0,2.3244444444444445
2025-09-26,23.0,84.0,0.17666666666666667
2025-09-26,23.0,85.0,0.0
2025-09-26,24.0,81.0,4.776
2025-09-26,24.0,82.0,5.0804
2025-09-26,24.0,83.0,4.914666666666666
2025-09-26,24.0,84.0,2.4512
2025-09-26,24.0,85.0,6.906000000000001
2025-09-27,18.0,81.0,45.373333333333335
2025-09-27,18.0,82.0,35.660000000000004
2025-09-27,18.0,83.0,5.636666666666667
2025-09-27,18.0,84.0,23.106666666666666
2025-09-27,19.0,81.0,32.638888888888886
2025-09-27,19.0,82.0,45.068
2025-09-27,19.0,83.0,9.615555555555556
2025-09-27,19.0,84.0,11.849285714285713
2025-09-27,19.0,85.0,12.81
2025-09-27,20.0,81.0,31.349333333333334
2025-09-27,20.0,82.0,39.0584
2025-09-27,20.0,83.0,34.52733333333333
2025-09-27,20.0,84.0,24.5744
2025-09-27,20.0,85.0,37.910000000000004
2025-09-27,21.0,81.0,61.94888888888889
2025-09-27,21.0,82.0,27.068666666666665
2025-09-27,21.0,83.0,48.82111111111111
2025-09-27,21.0,84.0,28.814
2025-09-27,21.0,85.0,10.776666666666666
2025-09-27,22.0,81.0,30.299333333333333
2025-09-27,22.0,82.0,14.842
2025-09-27,22.0,83.0,23.113333333333333
2025-09-27,22.0,84.0,24.406399999999998
2025-09-27,22.0,85.0,12.372
2025-09-27,23.0,81.0,14.098888888888888
2025-09-27,23.0,82.0,12.376666666666667
2025-09-27,23.0,83.0,9.43
2025-09-27,23.0,84.0,8.332666666666666
2025-09-27,23.0,85.0,4.536666666666666
2025-09-27,24.0,81.0,5.2780000000000005
2025-09-27,24.0,82.0,4.6656
2025-09-27,24.0,83.0,8.385333333333334
2025-09-27,24.0,84.0,20.6404
2025-09-27,24.0,85.0,22.003999999999998
2025-09-28,18.0,81.0,11.290000000000001
2025-09-28,18.0,82.0,5.872
2025-09-28,18.0,83.0,1.2733333333333334
2025-09-28,18.0,84.0,0.0
2025-09-28,19.0,81.0,10.397777777777778
2025-09-28,19.0,82.0,7.927333333333333
2025-09-28,19.0,83.0,7.67111111111111
2025-09-28,19.0,84.0,5.409285714285714
2025-09-28,19.0,85.0,15.41
2025-09-28,20.0,81.0,12.727333333333332
2025-09-28,20.0,82.0,10.293199999999999
2025-09-28,20.0,83.0,9.490666666666666
2025-09-28,20.0,84.0,7.0944
2025-09-28,20.0,85.0,8.41
2025-09-28,21.0,81.0,16.518888888888892
2025-09-28,21.0,82.0,4.817333333333334
2025-09-28,21.0,83.0,12.20111111111111
2025-09-28,21.0,84.0,11.219333333333333
2025-09-28,21.0,85.0,13.700000000000001
2025-09-28,22.0,81.0,14.744666666666665
2025-09-28,22.0,82.0,6.900399999999999
2025-09-28,22.0,83.0,6.936000000000001
2025-09-28,22.0,84.0,4.332000000000001
2025-09-28,22.0,85.0,6.311999999999999
2025-09-28,23.0,81.0,10.563333333333333
2025-09-28,23.0,82.0,7.359333333333334
2025-09-28,23.0,83.0,0.8411111111111111
2025-09-28,23.0,84.0,4.188666666666666
2025-09-28,23.0,85.0,4.246666666666667
2025-09-28,24.0,81.0,13.677333333333333
2025-09-28,24.0,82.0,8.683200000000001
2025-09-28,24.0,83.0,4.487333333333334
2025-09-28,24.0,84.0,2.6752
2025-09-28,24.0,85.0,1.292
2025-09-29,18.0,81.0,0.3
2025-09-29,18.0,82.0,1.066
2025-09-29,18.0,83.0,6.313333333333333
2025-09-29,18.0,84.0,1.16
2025-09-29,19.0,81.0,3.5300000000000002
2025-09-29,19.0,82.0,0.31333333333333335
2025-09-29,19.0,83.0,6.7155555555555555
2025-09-29,19.0,84.0,3.8057142857142856
2025-09-29,19.0,85.0,1.17
2025-09-29,20.0,81.0,2.2006666666666663
2025-09-29,20.0,82.0,0.8867999999999999
2025-09-29,20.0,83.0,7.804666666666667
2025-09-29,20.0,84.0,7.5932
2025-09-29,20.0,85.0,4.69
2025-09-29,21.0,81.0,3.6166666666666663
2025-09-29,21.0,82.0,2.65
2025-09-29,21.0,83.0,2.048888888888889
2025-09-29,21.0,84.0,1.1446666666666667
2025-09-29,21.0,85.0,2.7099999999999995
2025-09-29,22.0,81.0,10.674666666666667
2025-09-29,22.0,82.0,5.1144
2025-09-29,22.0,83.0,1.1013333333333333
2025-09-29,22.0,84.0,3.51
2025-09-29,22.0,85.0,5.578
2025-09-29,23.0,81.0,15.494444444444444
2025-09-29,23.0,82.0,1.1446666666666667
2025-09-29,23.0,83.0,0.31666666666666665
2025-09-29,23.0,84.0,2.022
2025-09-29,23.0,85.0,4.566666666666667
2025-09-29,24.0,81.0,1.6826666666666668
2025-09-29,24.0,82.0,0.0
2025-09-29,24.0,83.0,0.23600000000000002
2025-09-29,24.0,84.0,1.8208000000000002
2025-09-29,24.0,85.0,5.465999999999999
2025-09-30,18.0,81.0,0.0
2025-09-30,18.0,82.0,6.93
2025-09-30,18.0,83.0,7.136666666666667
2025-09-30,18.0,84.0,12.14
2025-09-30,19.0,81.0,0.0
2025-09-30,19.0,82.0,5.415333333333334
2025-09-30,19.0,83.0,4.37
2025-09-30,19.0,84.0,8.951428571428572
2025-09-30,19.0,85.0,2.81
2025-09-30,20.0,81.0,1.326
2025-09-30,20.0,82.0,2.8372
2025-09-30,20.0,83.0,3.7680000000000002
2025-09-30,20.0,84.0,4.8968
2025-09-30,20.0,85.0,2.62
2025-09-30,21.0,81.0,0.04555555555555556
2025-09-30,21.0,82.0,2.6733333333333333
2025-09-30,21.0,83.0,2.0933333333333333
2025-09-30,21.0,84.0,2.249333333333333
2025-09-30,21.0,85.0,12.943333333333333
2025-09-30,22.0,81.0,0.0
2025-09-30,22.0,82.0,1.036
2025-09-30,22.0,83.0,2.6460000000000004
2025-09-30,22.0,84.0,2.5871999999999997
2025-09-30,22.0,85.0,6.703999999999999
2025-09-30,23.0,81.0,11.508888888888889
2025-09-30,23.0,82.0,0.8246666666666667
2025-09-30,23.0,83.0,0.0
2025-09-30,23.0,84.0,0.04533333333333334
2025-09-30,23.0,85.0,0.05666666666666667
2025-09-30,24.0,81.0,0.32599999999999996
2025-09-30,24.0,82.0,0.6912
2025-09-30,24.0,83.0,0.114
2025-09-30,24.0,84.0,0.5516
2025-09-30,24.0,85.0,0.0
2025-10-01,18.0,81.0,0.0
2025-10-01,18.0,82.0,11.302
2025-10-01,18.0,83.0,5.203333333333333
2025-10-01,18.0,84.0,0.8433333333333333
2025-10-01,19.0,81.0,3.7744444444444443
2025-10-01,19.0,82.0,13.038
2025-10-01,19.0,83.0,7.684444444444444
2025-10-01,19.0,84.0,2.79
2025-10-01,19.0,85.0,0.0
2025-10-01,20.0,81.0,5.398
2025-10-01,20.0,82.0,7.12
2025-10-01,20.0,83.0,6.535333333333333
2025-10-01,20.0,84.0,0.6347999999999999
2025-10-01,20.0,85.0,0.0
2025-10-01,21.0,81.0,1.017777777777778
2025-10-01,21.0,82.0,1.0546666666666666
2025-10-01,21.0,83.0,0.0
2025-10-01,21.0,84.0,0.13399999999999998
2025-10-01,21.0,85.0,1.2266666666666666
2025-10-01,22.0,81.0,3.716
2025-10-01,22.0,82.0,2.8928
2025-10-01,22.0,83.0,0.0
2025-10-01,22.0,84.0,0.1524
2025-10-01,22.0,85.0,0.0
2025-10-01,23.0,81.0,3.953333333333333
2025-10-01,23.0,82.0,0.6126666666666668
2025-10-01,23.0,83.0,0.8811111111111111
2025-10-01,23.0,84.0,0.356
2025-10-01,23.0,85.0,0.0
2025-10-01,24.0,81.0,11.621333333333332
2025-10-01,24.0,82.0,4.8748
2025-10-01,24.0,83.0,8.498666666666667
2025-10-01,24.0,84.0,8.0976
2025-10-01,24.0,85.0,1.984
2025-10-02,18.0,81.0,0.0
2025-10-02,18.0,82.0,8.494
2025-10-02,18.0,83.0,15.243333333333332
2025-10-02,18.0,84.0,21.08666666666667
2025-10-02,19.0,81.0,8.395555555555555
2025-10-02,19.0,82.0,16.458000000000002
2025-10-02,19.0,83.0,14.625555555555556
2025-10-02,19.0,84.0,24.854999999999997
2025-10-02,19.0,85.0,23.39
2025-10-02,20.0,81.0,16.858666666666668
2025-10-02,20.0,82.0,11.0676
2025-10-02,20.0,83.0,8.418666666666667
2025-10-02,20.0,84.0,6.667999999999999
2025-10-02,20.0,85.0,18.222
2025-10-02,21.0,81.0,7.75
2025-10-02,21.0,82.0,9.176666666666668
2025-10-02,21.0,83.0,5.667777777777777
2025-10-02,21.0,84.0,4.544666666666667
2025-10-02,21.0,85.0,8.97
2025-10-02,22.0,81.0,3.4326666666666665
2025-10-02,22.0,82.0,3.8432
2025-10-02,22.0,83.0,0.9433333333333334
2025-10-02,22.0,84.0,4.552
2025-10-02,22.0,85.0,0.756
2025-10-02,23.0,81.0,7.164444444444445
2025-10-02,23.0,82.0,6.896
2025-10-02,23.0,83.0,1.8599999999999999
2025-10-02,23.0,84.0,6.271333333333333
2025-10-02,23.0,85.0,3.9499999999999997
2025-10-02,24.0,81.0,32.31666666666667
2025-10-02,24.0,82.0,20.1608
2025-10-02,24.0,83.0,4.367333333333334
2025-10-02,24.0,84.0,8.1648
2025-10-02,24.0,85.0,14.203999999999999
2025-10-03,18.0,81.0,0.0
2025-10-03,18.0,82.0,13.568000000000001
2025-10-03,18.0,83.0,23.80666666666667
2025-10-03,18.0,84.0,34.38333333333333
2025-10-03,19.0,81.0,2.1422222222222222
2025-10-03,19.0,82.0,17.661333333333335
2025-10-03,19.0,83.0,69.94111111111111
2025-10-03,19.0,84.0,63.02357142857143
2025-10-03,19.0,85.0,137.04
2025-10-03,20.0,81.0,4.947333333333333
2025-10-03,20.0,82.0,38.0428
2025-10-03,20.0,83.0,79.70533333333333
2025-10-03,20.0,84.0,99.7116
2025-10-03,20.0,85.0,45.763999999999996
2025-10-03,21.0,81.0,7.818888888888889
2025-10-03,21.0,82.0,40.22666666666667
2025-10-03,21.0,83.0,86.90555555555555
2025-10-03,21.0,84.0,43.992
2025-10-03,21.0,85.0,22.973333333333333
2025-10-03,22.0,81.0,3.392
2025-10-03,22.0,82.0,34.0632
2025-10-03,22.0,83.0,26.804
2025-10-03,22.0,84.0,11.7432
2025-10-03,22.0,85.0,7.428
2025-10-03,23.0,81.0,2.042222222222222
2025-10-03,23.0,82.0,16.498666666666665
2025-10-03,23.0,83.0,8.734444444444444
2025-10-03,23.0,84.0,3.7493333333333334
2025-10-03,23.0,85.0,5.756666666666668
2025-10-03,24.0,81.0,1.2126666666666668
2025-10-03,24.0,82.0,1.0804
2025-10-03,24.0,83.0,1.504
2025-10-03,24.0,84.0,7.6064
2025-10-03,24.0,85.0,17.810000000000002
2025-10-04,18.0,81.0,0.36000000000000004
2025-10-04,18.0,82.0,6.1979999999999995
2025-10-04,18.0,83.0,0.64
2025-10-04,18.0,84.0,1.09
2025-10-04,19.0,81.0,9.633333333333333
2025-10-04,19.0,82.0,8.481333333333334
2025-10-04,19.0,83.0,2.945555555555556
2025-10-04,19.0,84.0,1.545
2025-10-04,19.0,85.0,0.0
2025-10-04,20.0,81.0,5.132666666666666
2025-10-04,20.0,82.0,1.804
2025-10-04,20.0,83.0,3.4040000000000004
2025-10-04,20.0,84.0,1.7671999999999999
2025-10-04,20.0,85.0,0.392
2025-10-04,21.0,81.0,1.8722222222222225
2025-10-04,21.0,82.0,10.647333333333334
2025-10-04,21.0,83.0,2.048888888888889
2025-10-04,21.0,84.0,4.84
2025-10-04,21.0,85.0,2.44
2025-10-04,22.0,81.0,0.9393333333333334
2025-10-04,22.0,82.0,10.375599999999999
2025-10-04,22.0,83.0,11.004
2025-10-04,22.0,84.0,7.098
2025-10-04,22.0,85.0,7.517999999999999
2025-10-04,23.0,81.0,2.911111111111111
2025-10-04,23.0,82.0,12.011333333333333
2025-10-04,23.0,83.0,7.777777777777778
2025-10-04,23.0,84.0,11.610666666666667
2025-10-04,23.0,85.0,8.093333333333334
2025-10-04,24.0,81.0,13.436
2025-10-04,24.0,82.0,16.368399999999998
2025-10-04,24.0,83.0,31.036666666666665
2025-10-04,24.0,84.0,25.08
2025-10-04,24.0,85.0,10.8
2025-10-05,18.0,81.0,16.3
2025-10-05,18.0,82.0,14.062000000000001
2025-10-05,18.0,83.0,1.33
2025-10-05,18.0,84.0,6.8066666666666675
2025-10-05,19.0,81.0,7.604444444444444
2025-10-05,19.0,82.0,9.638
2025-10-05,19.0,83.0,0.5266666666666667
2025-10-05,19.0,84.0,2.4635714285714285
2025-10-05,19.0,85.0,0.0
2025-10-05,20.0,81.0,4.252666666666666
2025-10-05,20.0,82.0,2.1372
2025-10-05,20.0,83.0,7.192666666666667
2025-10-05,20.0,84.0,2.354
2025-10-05,20.0,85.0,0.44800000000000006
2025-10-05,21.0,81.0,2.5955555555555554
2025-10-05,21.0,82.0,2.8773333333333335
2025-10-05,21.0,83.0,1.2322222222222223
2025-10-05,21.0,84.0,3.9473333333333334
2025-10-05,21.0,85.0,1.5200000000000002
2025-10-05,22.0,81.0,0.4526666666666666
2025-10-05,22.0,82.0,2.1536
2025-10-05,22.0,83.0,0.8253333333333334
2025-10-05,22.0,84.0,3.32
2025-10-05,22.0,85.0,5.098
2025-10-05,23.0,81.0,0.0
2025-10-05,23.0,82.0,3.7213333333333334
2025-10-05,23.0,83.0,8.77111111111111
2025-10-05,23.0,84.0,6.658666666666666
2025-10-05,23.0,85.0,3.8466666666666662
2025-10-05,24.0,81.0,4.046
2025-10-05,24.0,82.0,4.5236
2025-10-05,24.0,83.0,6.4639999999999995
2025-10-05,24.0,84.0,9.2236
2025-10-05,24.0,85.0,2.2439999999999998
2025-10-06,18.0,81.0,1.4433333333333334
2025-10-06,18.0,82.0,2.7359999999999998
2025-10-06,18.0,83.0,9.553333333333333
2025-10-06,18.0,84.0,0.81
2025-10-06,19.0,81.0,7.757777777777777
2025-10-06,19.0,82.0,1.4959999999999998
2025-10-06,19.0,83.0,2.1255555555555556
2025-10-06,19.0,84.0,0.3
2025-10-06,19.0,85.0,12.62
2025-10-06,20.0,81.0,12.234
2025-10-06,20.0,82.0,14.0448
2025-10-06,20.0,83.0,10.700666666666667
2025-10-06,20.0,84.0,2.2656
2025-10-06,20.0,85.0,3.8240000000000003
2025-10-06,21.0,81.0,26.355555555555554
2025-10-06,21.0,82.0,14.476
2025-10-06,21.0,83.0,5.944444444444445
2025-10-06,21.0,84.0,4.7860000000000005
2025-10-06,21.0,85.0,1.1633333333333333
2025-10-06,22.0,81.0,17.421333333333333
2025-10-06,22.0,82.0,10.408800000000001
2025-10-06,22.0,83.0,3.2993333333333337
2025-10-06,22.0,84.0,4.5612
2025-10-06,22.0,85.0,6.202
2025-10-06,23.0,81.0,9.628888888888888
2025-10-06,23.0,82.0,6.987333333333334
2025-10-06,23.0,83.0,2.1855555555555557
2025-10-06,23.0,84.0,1.826
2025-10-06,23.0,85.0,1.3
2025-10-06,24.0,81.0,0.5459999999999999
2025-10-06,24.0,82.0,4.7564
2025-10-06,24.0,83.0,2.896666666666667
2025-10-06,24.0,84.0,0.6752000000000001
2025-10-06,24.0,85.0,4.078
2025-10-07,18.0,81.0,2.1
2025-10-07,18.0,82.0,1.356
2025-10-07,18.0,83.0,10.546666666666667
2025-10-07,18.0,84.0,7.61
2025-10-07,19.0,81.0,1.3744444444444444
2025-10-07,19.0,82.0,2.0273333333333334
2025-10-07,19.0,83.0,2.1744444444444446
2025-10-07,19.0,84.0,5.93
2025-10-07,19.0,85.0,1.17
2025-10-07,20.0,81.0,4.6899999999999995
2025-10-07,20.0,82.0,0.2664
2025-10-07,20.0,83.0,0.8160000000000001
2025-10-07,20.0,84.0,8.314
2025-10-07,20.0,85.0,9.68
2025-10-07,21.0,81.0,5.933333333333334
2025-10-07,21.0,82.0,0.4026666666666667
2025-10-07,21.0,83.0,0.1111111111111111
2025-10-07,21.0,84.0,7.602666666666667
2025-10-07,21.0,85.0,19.77
2025-10-07,22.0,81.0,2.72
2025-10-07,22.0,82.0,3.478
2025-10-07,22.0,83.0,9.987333333333334
2025-10-07,22.0,84.0,13.294400000000001
2025-10-07,22.0,85.0,2.882
2025-10-07,23.0,81.0,5.986666666666666
2025-10-07,23.0,82.0,8.184000000000001
2025-10-07,23.0,83.0,4.897777777777778
2025-10-07,23.0,84.0,3.4
2025-10-07,23.0,85.0,0.4633333333333333
2025-10-07,24.0,81.0,0.9313333333333333
2025-10-07,24.0,82.0,0.742
2025-10-07,24.0,83.0,0.08733333333333333
2025-10-07,24.0,84.0,0.9384
2025-10-07,24.0,85.0,0.0
2025-10-08,18.0,81.0,0.0
2025-10-08,18.0,82.0,0.916
2025-10-08,18.0,83.0,7.173333333333333
2025-10-08,18.0,84.0,3.0733333333333337
2025-10-08,19.0,81.0,0.0
2025-10-08,19.0,82.0,1.386
2025-10-08,19.0,83.0,4.27
2025-10-08,19.0,84.0,3.5471428571428567
2025-10-08,19.0,85.0,3.31
2025-10-08,20.0,81.0,2.35
2025-10-08,20.0,82.0,3.228
2025-10-08,20.0,83.0,2.469333333333333
2025-10-08,20.0,84.0,3.2556
2025-10-08,20.0,85.0,6.896000000000001
2025-10-08,21.0,81.0,0.9988888888888889
2025-10-08,21.0,82.0,0.050666666666666665
2025-10-08,21.0,83.0,3.5677777777777777
2025-10-08,21.0,84.0,3.743333333333333
2025-10-08,21.0,85.0,7.5633333333333335
2025-10-08,22.0,81.0,0.27266666666666667
2025-10-08,22.0,82.0,0.0636
2025-10-08,22.0,83.0,0.13866666666666666
2025-10-08,22.0,84.0,0.15839999999999999
2025-10-08,22.0,85.0,0.22200000000000003
2025-10-08,23.0,81.0,0.0
2025-10-08,23.0,82.0,7.309333333333333
2025-10-08,23.0,83.0,0.1322222222222222
2025-10-08,23.0,84.0,0.17466666666666666
2025-10-08,23.0,85.0,0.2833333333333333
2025-10-08,24.0,81.0,0.04333333333333333
2025-10-08,24.0,82.0,2.14
2025-10-08,24.0,83.0,1.0993333333333335
2025-10-08,24.0,84.0,0.7536
2025-10-08,24.0,85.0,0.7180000000000001
2025-10-09,18.0,81.0,6.816666666666666
2025-10-09,18.0,82.0,18.869999999999997
2025-10-09,18.0,83.0,9.923333333333334
2025-10-09,18.0,84.0,3.5233333333333334
2025-10-09,19.0,81.0,3.2622222222222224
2025-10-09,19.0,82.0,12.695333333333334
2025-10-09,19.0,83.0,15.217777777777778
2025-10-09,19.0,84.0,8.715714285714286
2025-10-09,19.0,85.0,16.79
2025-10-09,20.0,81.0,0.5953333333333333
2025-10-09,20.0,82.0,3.6916
2025-10-09,20.0,83.0,0.676
2025-10-09,20.0,84.0,8.9132
2025-10-09,20.0,85.0,1.532
2025-10-09,21.0,81.0,0.55
2025-10-09,21.0,82.0,4.240666666666667
2025-10-09,21.0,83.0,2.4033333333333333
2025-10-09,21.0,84.0,0.888
2025-10-09,21.0,85.0,7.56
2025-10-09,22.0,81.0,0.9759999999999999
2025-10-09,22.0,82.0,2.5456
2025-10-09,22.0,83.0,0.2653333333333333
2025-10-09,22.0,84.0,4.1764
2025-10-09,22.0,85.0,4.714
2025-10-09,23.0,81.0,0.0
2025-10-09,23.0,82.0,0.134
2025-10-09,23.0,83.0,0.4822222222222222
2025-10-09,23.0,84.0,8.474666666666668
2025-10-09,23.0,85.0,1.7166666666666666
2025-10-09,24.0,81.0,0.8
2025-10-09,24.0,82.0,1.4696
2025-10-09,24.0,83.0,0.2826666666666667
2025-10-09,24.0,84.0,4.3912
2025-10-09,24.0,85.0,0.776
2025-10-10,18.0,81.0,0.0
2025-10-10,18.0,82.0,3.28
2025-10-10,18.0,83.0,19.51
2025-10-10,18.0,84.0,5.6933333333333325
2025-10-10,19.0,81.0,0.1722222222222222
2025-10-10,19.0,82.0,3.6573333333333333
2025-10-10,19.0,83.0,8.395555555555555
2025-10-10,19.0,84.0,12.190714285714288
2025-10-10,19.0,85.0,0.0
2025-10-10,20.0,81.0,0.5760000000000001
2025-10-10,20.0,82.0,8.917200000000001
2025-10-10,20.0,83.0,7.989333333333334
2025-10-10,20.0,84.0,6.914
2025-10-10,20.0,85.0,0.0
2025-10-10,21.0,81.0,1.2566666666666666
2025-10-10,21.0,82.0,3.710666666666667
2025-10-10,21.0,83.0,2.388888888888889
2025-10-10,21.0,84.0,0.456
2025-10-10,21.0,85.0,1.0899999999999999
2025-10-10,22.0,81.0,1.1146666666666667
2025-10-10,22.0,82.0,6.4884
2025-10-10,22.0,83.0,3.425333333333333
2025-10-10,22.0,84.0,2.0316
2025-10-10,22.0,85.0,2.4379999999999997
2025-10-10,23.0,81.0,3.6033333333333335
2025-10-10,23.0,82.0,2.3546666666666667
2025-10-10,23.0,83.0,0.34444444444444444
2025-10-10,23.0,84.0,2.917333333333333
2025-10-10,23.0,85.0,0.0
2025-10-10,24.0,81.0,0.0
2025-10-10,24.0,82.0,0.5539999999999999
2025-10-10,24.0,83.0,2.274
2025-10-10,24.0,84.0,0.7832000000000001
2025-10-10,24.0,85.0,0.0
2025-10-11,18.0,81.0,10.093333333333334
2025-10-11,18.0,82.0,9.123999999999999
2025-10-11,18.0,83.0,1.4500000000000002
2025-10-11,18.0,84.0,0.7733333333333333
2025-10-11,19.0,81.0,3.842222222222222
2025-10-11,19.0,82.0,10.754
2025-10-11,19.0,83.0,0.9922222222222222
2025-10-11,19.0,84.0,1.1521428571428571
2025-10-11,19.0,85.0,0.82
2025-10-11,20.0,81.0,4.482666666666666
2025-10-11,20.0,82.0,6.02
2025-10-11,20.0,83.0,2.283333333333333
2025-10-11,20.0,84.0,3.4303999999999997
2025-10-11,20.0,85.0,0.508
2025-10-11,21.0,81.0,8.127777777777778
2025-10-11,21.0,82.0,15.164666666666667
2025-10-11,21.0,83.0,4.685555555555555
2025-10-11,21.0,84.0,3.4793333333333334
2025-10-11,21.0,85.0,8.516666666666667
2025-10-11,22.0,81.0,9.506
2025-10-11,22.0,82.0,2.4508
2025-10-11,22.0,83.0,4.711333333333333
2025-10-11,22.0,84.0,1.4816
2025-10-11,22.0,85.0,0.308
2025-10-11,23.0,81.0,3.8533333333333335
2025-10-11,23.0,82.0,2.5606666666666666
2025-10-11,23.0,83.0,0.1988888888888889
2025-10-11,23.0,84.0,2.4846666666666666
2025-10-11,23.0,85.0,0.0
2025-10-11,24.0,81.0,0.33
2025-10-11,24.0,82.0,4.9816
2025-10-11,24.0,83.0,0.11133333333333333
2025-10-11,24.0,84.0,0.23240000000000002
2025-10-11,24.0,85.0,0.0
2025-10-12,18.0,81.0,0.0
2025-10-12,18.0,82.0,5.308
2025-10-12,18.0,83.0,0.03666666666666667
2025-10-12,18.0,84.0,0.34
2025-10-12,19.0,81.0,0.0
2025-10-12,19.0,82.0,6.196666666666667
2025-10-12,19.0,83.0,5.8133333333333335
2025-10-12,19.0,84.0,2.87
2025-10-12,19.0,85.0,2.52
2025-10-12,20.0,81.0,0.035333333333333335
2025-10-12,20.0,82.0,3.0088
2025-10-12,20.0,83.0,9.623999999999999
2025-10-12,20.0,84.0,6.4772
2025-10-12,20.0,85.0,2.094
2025-10-12,21.0,81.0,1.7144444444444444
2025-10-12,21.0,82.0,8.172666666666666
2025-10-12,21.0,83.0,7.791111111111111
2025-10-12,21.0,84.0,1.5646666666666667
2025-10-12,21.0,85.0,0.38999999999999996
2025-10-12,22.0,81.0,2.67
2025-10-12,22.0,82.0,5.23
2025-10-12,22.0,83.0,7.4879999999999995
2025-10-12,22.0,84.0,0.0
2025-10-12,22.0,85.0,0.0
2025-10-12,23.0,81.0,0.21888888888888888
2025-10-12,23.0,82.0,2.976
2025-10-12,23.0,83.0,0.5688888888888889
2025-10-12,23.0,84.0,0.0
2025-10-12,23.0,85.0,0.0
2025-10-12,24.0,81.0,0.368
2025-10-12,24.0,82.0,3.5056
2025-10-12,24.0,83.0,5.9446666666666665
2025-10-12,24.0,84.0,0.138
2025-10-12,24.0,85.0,0.0
2025-10-13,18.0,81.0,82.29
2025-10-13,18.0,82.0,18.984
2025-10-13,18.0,83.0,0.9933333333333333
2025-10-13,18.0,84.0,5.173333333333333
2025-10-13,19.0,81.0,42.91333333333333
2025-10-13,19.0,82.0,11.358
2025-10-13,19.0,83.0,11.812222222222223
2025-10-13,19.0,84.0,18.43357142857143
2025-10-13,19.0,85.0,37.34
2025-10-13,20.0,81.0,6.870666666666666
2025-10-13,20.0,82.0,1.4948
2025-10-13,20.0,83.0,1.0566666666666666
2025-10-13,20.0,84.0,5.1772
2025-10-13,20.0,85.0,13.684000000000001
2025-10-13,21.0,81.0,0.0
2025-10-13,21.0,82.0,0.22466666666666668
2025-10-13,21.0,83.0,0.21777777777777776
2025-10-13,21.0,84.0,0.04933333333333333
2025-10-13,21.0,85.0,0.0
2025-10-13,22.0,81.0,0.0
2025-10-13,22.0,82.0,0.0
2025-10-13,22.0,83.0,0.0
2025-10-13,22.0,84.0,0.0
2025-10-13,22.0,85.0,0.0
2025-10-13,23.0,81.0,0.0
2025-10-13,23.0,82.0,0.0
2025-10-13,23.0,83.0,0.0
2025-10-13,23.0,84.0,0.0
2025-10-13,23.0,85.0,0.0
2025-10-13,24.0,81.0,0.0
2025-10-13,24.0,82.0,0.0
2025-10-13,24.0,83.0,0.0
2025-10-13,24.0,84.0,0.0
2025-10-13,24.0,85.0,0.0
2025-10-14,18.0,81.0,6.6499999999999995
2025-10-14,18.0,82.0,16.330000000000002
2025-10-14,18.0,83.0,8.69
2025-10-14,18.0,84.0,5.853333333333333
2025-10-14,19.0,81.0,4.2555555555555555
2025-10-14,19.0,82.0,10.403333333333334
2025-10-14,19.0,83.0,8.003333333333334
2025-10-14,19.0,84.0,8.662142857142857
2025-10-14,19.0,85.0,4.62
2025-10-14,20.0,81.0,2.054666666666667
2025-10-14,20.0,82.0,0.572
2025-10-14,20.0,83.0,0.038000000000000006
2025-10-14,20.0,84.0,1.972
2025-10-14,20.0,85.0,4.664
2025-10-14,21.0,81.0,0.5566666666666666
2025-10-14,21.0,82.0,0.0
2025-10-14,21.0,83.0,0.0
2025-10-14,21.0,84.0,0.0
2025-10-14,21.0,85.0,0.0
2025-10-14,22.0,81.0,0.0
2025-10-14,22.0,82.0,0.0
2025-10-14,22.0,83.0,0.0
2025-10-14,22.0,84.0,0.0
2025-10-14,22.0,85.0,0.0
2025-10-14,23.0,81.0,0.0
2025-10-14,23.0,82.0,0.0
2025-10-14,23.0,83.0,0.0
2025-10-14,23.0,84.0,0.0
2025-10-14,23.0,85.0,0.0
2025-10-14,24.0,81.0,0.0
2025-10-14,24.0,82.0,0.0
2025-10-14,24.0,83.0,0.0
2025-10-14,24.0,84.0,0.0
2025-10-14,24.0,85.0,0.0
2025-10-15,18.0,81.0,6.3
2025-10-15,18.0,82.0,16.106
2025-10-15,18.0,83.0,1.4233333333333331
2025-10-15,18.0,84.0,0.5533333333333333
2025-10-15,19.0,81.0,13.207777777777778
2025-10-15,19.0,82.0,12.687999999999999
2025-10-15,19.0,83.0,0.09777777777777778
2025-10-15,19.0,84.0,0.0
2025-10-15,19.0,85.0,0.0
2025-10-15,20.0,81.0,4.642666666666667
2025-10-15,20.0,82.0,2.1776
2025-10-15,20.0,83.0,0.0
2025-10-15,20.0,84.0,0.12119999999999999
2025-10-15,20.0,85.0,0.0
2025-10-15,21.0,81.0,0.0
2025-10-15,21.0,82.0,0.0
2025-10-15,21.0,83.0,0.0
2025-10-15,21.0,84.0,0.0
2025-10-15,21.0,85.0,0.0
2025-10-15,22.0,81.0,0.0
2025-10-15,22.0,82.0,0.0
2025-10-15,22.0,83.0,0.0
2025-10-15,22.0,84.0,0.0
2025-10-15,22.0,85.0,0.0
2025-10-15,23.0,81.0,0.0
2025-10-15,23.0,82.0,0.0
2025-10-15,23.0,83.0,0.0
2025-10-15,23.0,84.0,0.0
2025-10-15,23.0,85.0,0.0
2025-10-15,24.0,81.0,0.0
2025-10-15,24.0,82.0,0.0
2025-10-15,24.0,83.0,0.0
2025-10-15,24.0,84.0,0.0748
2025-10-15,24.0,85.0,0.0
2025-10-16,18.0,81.0,0.0
2025-10-16,18.0,82.0,0.0
2025-10-16,18.0,83.0,0.0
2025-10-16,18.0,84.0,0.0
2025-10-16,19.0,81.0,0.0
2025-10-16,19.0,82.0,0.0
2025-10-16,19.0,83.0,0.0
2025-10-16,19.0,84.0,0.0
2025-10-16,19.0,85.0,0.0
2025-10-16,20.0,81.0,0.0
2025-10-16,20.0,82.0,0.0
2025-10-16,20.0,83.0,0.0
2025-10-16,20.0,84.0,0.142
2025-10-16,20.0,85.0,0.0
2025-10-16,21.0,81.0,0.0
2025-10-16,21.0,82.0,0.0
2025-10-16,21.0,83.0,0.0
2025-10-16,21.0,84.0,0.0
2025-10-16,21.0,85.0,0.0
2025-10-16,22.0,81.0,0.0
2025-10-16,22.0,82.0,0.0
2025-10-16,22.0,83.0,0.0
2025-10-16,22.0,84.0,0.0
2025-10-16,22.0,85.0,0.0
2025-10-16,23.0,81.0,0.0
2025-10-16,23.0,82.0,0.0
2025-10-16,23.0,83.0,0.0
2025-10-16,23.0,84.0,0.0
2025-10-16,23.0,85.0,0.0
2025-10-16,24.0,81.0,0.0
2025-10-16,24.0,82.0,0.0
2025-10-16,24.0,83.0,0.0
2025-10-16,24.0,84.0,0.0
2025-10-16,24.0,85.0,0.0
2025-10-17,18.0,81.0,0.0
2025-10-17,18.0,82.0,0.0
2025-10-17,18.0,83.0,0.0
2025-10-17,18.0,84.0,0.0
2025-10-17,19.0,81.0,0.0
2025-10-17,19.0,82.0,0.0
2025-10-17,19.0,83.0,0.0
2025-10-17,19.0,84.0,1.0835714285714286
2025-10-17,19.0,85.0,0.0
2025-10-17,20.0,81.0,0.0
2025-10-17,20.0,82.0,0.0
2025-10-17,20.0,83.0,0.0
2025-10-17,20.0,84.0,0.0868
2025-10-17,20.0,85.0,0.0
2025-10-17,21.0,81.0,0.0
2025-10-17,21.0,82.0,0.0
2025-10-17,21.0,83.0,0.0
2025-10-17,21.0,84.0,0.0
2025-10-17,21.0,85.0,0.0
2025-10-17,22.0,81.0,0.0
2025-10-17,22.0,82.0,0.0
2025-10-17,22.0,83.0,0.0
2025-10-17,22.0,84.0,0.0
2025-10-17,22.0,85.0,0.0
2025-10-17,23.0,81.0,0.0
2025-10-17,23.0,82.0,0.0
2025-10-17,23.0,83.0,0.0
2025-10-17,23.0,84.0,0.0
2025-10-17,23.0,85.0,0.0
2025-10-17,24.0,81.0,0.0
2025-10-17,24.0,82.0,0.0
2025-10-17,24.0,83.0,0.0
2025-10-17,24.0,84.0,0.0
2025-10-17,24.0,85.0,0.0
2025-10-18,18.0,81.0,0.0
2025-10-18,18.0,82.0,0.0
2025-10-18,18.0,83.0,0.0
2025-10-18,18.0,84.0,0.06999999999999999
2025-10-18,19.0,81.0,0.0
2025-10-18,19.0,82.0,0.0
2025-10-18,19.0,83.0,0.0
2025-10-18,19.0,84.0,0.0
2025-10-18,19.0,85.0,0.0
2025-10-18,20.0,81.0,0.0
2025-10-18,20.0,82.0,0.0
2025-10-18,20.0,83.0,0.0
2025-10-18,20.0,84.0,0.0
2025-10-18,20.0,85.0,0.0
2025-10-18,21.0,81.0,0.0
2025-10-18,21.0,82.0,0.0
2025-10-18,21.0,83.0,0.0
2025-10-18,21.0,84.0,0.0
2025-10-18,21.0,85.0,0.0
2025-10-18,22.0,81.0,0.0
2025-10-18,22.0,82.0,0.0
2025-10-18,22.0,83.0,0.0
2025-10-18,22.0,84.0,0.0
2025-10-18,22.0,85.0,0.0
2025-10-18,23.0,81.0,0.0
2025-10-18,23.0,82.0,0.0
2025-10-18,23.0,83.0,0.0
2025-10-18,23.0,84.0,0.0
2025-10-18,23.0,85.0,0.0
2025-10-18,24.0,81.0,0.0
2025-10-18,24.0,82.0,0.0
2025-10-18,24.0,83.0,0.0
2025-10-18,24.0,84.0,0.0
2025-10-18,24.0,85.0,0.0
2025-10-19,18.0,81.0,0.0
2025-10-19,18.0,82.0,5.446
2025-10-19,18.0,83.0,11.393333333333333
2025-10-19,18.0,84.0,32.696666666666665
2025-10-19,19.0,81.0,0.0
2025-10-19,19.0,82.0,0.10466666666666666
2025-10-19,19.0,83.0,9.416666666666666
2025-10-19,19.0,84.0,6.242857142857143
2025-10-19,19.0,85.0,16.56
2025-10-19,20.0,81.0,0.0
2025-10-19,20.0,82.0,0.0
2025-10-19,20.0,83.0,0.598
2025-10-19,20.0,84.0,0.17920000000000003
2025-10-19,20.0,85.0,7.33
2025-10-19,21.0,81.0,0.0
2025-10-19,21.0,82.0,0.0
2025-10-19,21.0,83.0,0.0
2025-10-19,21.0,84.0,0.0
2025-10-19,21.0,85.0,0.0
2025-10-19,22.0,81.0,0.0
2025-10-19,22.0,82.0,0.0
2025-10-19,22.0,83.0,0.0
2025-10-19,22.0,84.0,0.0
2025-10-19,22.0,85.0,0.0
2025-10-19,23.0,81.0,0.0
2025-10-19,23.0,82.0,0.0
2025-10-19,23.0,83.0,0.0
2025-10-19,23.0,84.0,0.0
2025-10-19,23.0,85.0,0.0
2025-10-19,24.0,81.0,0.0
2025-10-19,24.0,82.0,0.0
2025-10-19,24.0,83.0,0.0
2025-10-19,24.0,84.0,0.0
2025-10-19,24.0,85.0,0.0
2025-10-20,18.0,81.0,2.5433333333333334
2025-10-20,18.0,82.0,5.868
2025-10-20,18.0,83.0,7.05
2025-10-20,18.0,84.0,3.4299999999999997
2025-10-20,19.0,81.0,2.7444444444444445
2025-10-20,19.0,82.0,5.784000000000001
2025-10-20,19.0,83.0,10.555555555555555
2025-10-20,19.0,84.0,22.893571428571427
2025-10-20,19.0,85.0,2.81
2025-10-20,20.0,81.0,0.2593333333333333
2025-10-20,20.0,82.0,1.4568
2025-10-20,20.0,83.0,9.804666666666666
2025-10-20,20.0,84.0,10.5464
2025-10-20,20.0,85.0,14.01
2025-10-20,21.0,81.0,0.0
2025-10-20,21.0,82.0,0.0
2025-10-20,21.0,83.0,2.73
2025-10-20,21.0,84.0,3.799333333333333
2025-10-20,21.0,85.0,5.666666666666667
2025-10-20,22.0,81.0,0.0
2025-10-20,22.0,82.0,0.0
2025-10-20,22.0,83.0,0.0
2025-10-20,22.0,84.0,0.1268
2025-10-20,22.0,85.0,0.064
2025-10-20,23.0,81.0,0.0
2025-10-20,23.0,82.0,0.0
2025-10-20,23.0,83.0,0.0
2025-10-20,23.0,84.0,0.0
2025-10-20,23.0,85.0,0.0
2025-10-20,24.0,81.0,0.0
2025-10-20,24.0,82.0,0.0
2025-10-20,24.0,83.0,0.0
2025-10-20,24.0,84.0,0.0
2025-10-20,24.0,85.0,0.0
2025-10-21,18.0,81.0,0.0
2025-10-21,18.0,82.0,1.372
2025-10-21,18.0,83.0,1.0233333333333334
2025-10-21,18.0,84.0,1.6833333333333336
2025-10-21,19.0,81.0,0.8777777777777778
2025-10-21,19.0,82.0,2.7179999999999995
2025-10-21,19.0,83.0,3.1422222222222222
2025-10-21,19.0,84.0,4.4871428571428575
2025-10-21,19.0,85.0,0.61
2025-10-21,20.0,81.0,2.4739999999999998
2025-10-21,20.0,82.0,2.3996
2025-10-21,20.0,83.0,8.702666666666666
2025-10-21,20.0,84.0,11.2028
2025-10-21,20.0,85.0,2.4059999999999997
2025-10-21,21.0,81.0,3.1944444444444446
2025-10-21,21.0,82.0,1.2
2025-10-21,21.0,83.0,5.6611111111111105
2025-10-21,21.0,84.0,8.183333333333334
2025-10-21,21.0,85.0,7.016666666666667
2025-10-21,22.0,81.0,0.0
2025-10-21,22.0,82.0,0.0
2025-10-21,22.0,83.0,0.2733333333333333
2025-10-21,22.0,84.0,1.5219999999999998
2025-10-21,22.0,85.0,0.722
2025-10-21,23.0,81.0,0.0
2025-10-21,23.0,82.0,0.0
2025-10-21,23.0,83.0,0.0
2025-10-21,23.0,84.0,0.0
2025-10-21,23.0,85.0,0.0
2025-10-21,24.0,81.0,0.14466666666666667
2025-10-21,24.0,82.0,0.0
2025-10-21,24.0,83.0,0.0
2025-10-21,24.0,84.0,0.0
2025-10-21,24.0,85.0,0.0
2025-10-22,18.0,81.0,7.68
2025-10-22,18.0,82.0,1.6
2025-10-22,18.0,83.0,1.4666666666666668
2025-10-22,18.0,84.0,1.2733333333333332
2025-10-22,19.0,81.0,2.8444444444444446
2025-10-22,19.0,82.0,2.216666666666667
2025-10-22,19.0,83.0,1.2122222222222223
2025-10-22,19.0,84.0,0.6257142857142857
2025-10-22,19.0,85.0,0.0
2025-10-22,20.0,81.0,0.38466666666666666
2025-10-22,20.0,82.0,0.6276
2025-10-22,20.0,83.0,1.1179999999999999
2025-10-22,20.0,84.0,4.0564
2025-10-22,20.0,85.0,2.822
2025-10-22,21.0,81.0,0.20111111111111113
2025-10-22,21.0,82.0,0.09466666666666666
2025-10-22,21.0,83.0,1.4655555555555555
2025-10-22,21.0,84.0,3.231333333333333
2025-10-22,21.0,85.0,6.43
2025-10-22,22.0,81.0,0.0
2025-10-22,22.0,82.0,0.23440000000000003
2025-10-22,22.0,83.0,0.0
2025-10-22,22.0,84.0,0.23559999999999998
2025-10-22,22.0,85.0,0.11200000000000002
2025-10-22,23.0,81.0,0.0
2025-10-22,23.0,82.0,0.0
2025-10-22,23.0,83.0,0.0
2025-10-22,23.0,84.0,0.0
2025-10-22,23.0,85.0,0.0
2025-10-22,24.0,81.0,0.0
2025-10-22,24.0,82.0,0.0
2025-10-22,24.0,83.0,0.0
2025-10-22,24.0,84.0,0.0
2025-10-22,24.0,85.0,0.0
2025-10-23,18.0,81.0,6.033333333333334
2025-10-23,18.0,82.0,0.962
2025-10-23,18.0,83.0,1.2733333333333332
2025-10-23,18.0,84.0,2.2333333333333334
2025-10-23,19.0,81.0,2.7744444444444443
2025-10-23,19.0,82.0,0.011333333333333334
2025-10-23,19.0,83.0,1.298888888888889
2025-10-23,19.0,84.0,4.086428571428572
2025-10-23,19.0,85.0,1.87
2025-10-23,20.0,81.0,0.0
2025-10-23,20.0,82.0,0.037599999999999995
2025-10-23,20.0,83.0,0.8573333333333333
2025-10-23,20.0,84.0,2.526
2025-10-23,20.0,85.0,0.404
2025-10-23,21.0,81.0,0.0
2025-10-23,21.0,82.0,0.0
2025-10-23,21.0,83.0,0.0
2025-10-23,21.0,84.0,0.0
2025-10-23,21.0,85.0,0.0
2025-10-23,22.0,81.0,0.0
2025-10-23,22.0,82.0,0.0
2025-10-23,22.0,83.0,0.0
2025-10-23,22.0,84.0,0.0
2025-10-23,22.0,85.0,0.0
2025-10-23,23.0,81.0,0.0
2025-10-23,23.0,82.0,0.0
2025-10-23,23.0,83.0,0.0
2025-10-23,23.0,84.0,0.0
2025-10-23,23.0,85.0,0.0
2025-10-23,24.0,81.0,0.13266666666666665
2025-10-23,24.0,82.0,0.0
2025-10-23,24.0,83.0,0.0
2025-10-23,24.0,84.0,0.0
2025-10-23,24.0,85.0,0.0
2025-10-24,18.0,81.0,7.989999999999999
2025-10-24,18.0,82.0,18.488
2025-10-24,18.0,83.0,24.416666666666668
2025-10-24,18.0,84.0,30.939999999999998
2025-10-24,19.0,81.0,6.312222222222222
2025-10-24,19.0,82.0,11.446
2025-10-24,19.0,83.0,11.407777777777776
2025-10-24,19.0,84.0,21.87857142857143
2025-10-24,19.0,85.0,1.59
2025-10-24,20.0,81.0,2.5433333333333334
2025-10-24,20.0,82.0,3.002
2025-10-24,20.0,83.0,5.445333333333334
2025-10-24,20.0,84.0,3.3664
2025-10-24,20.0,85.0,11.5
2025-10-24,21.0,81.0,0.0
2025-10-24,21.0,82.0,0.0
2025-10-24,21.0,83.0,0.0
2025-10-24,21.0,84.0,0.02666666666666667
2025-10-24,21.0,85.0,0.5499999999999999
2025-10-24,22.0,81.0,0.0
2025-10-24,22.0,82.0,0.0
2025-10-24,22.0,83.0,0.0
2025-10-24,22.0,84.0,0.0
2025-10-24,22.0,85.0,0.0
2025-10-24,23.0,81.0,0.0
2025-10-24,23.0,82.0,0.0
2025-10-24,23.0,83.0,0.0
2025-10-24,23.0,84.0,0.0
2025-10-24,23.0,85.0,0.0
2025-10-24,24.0,81.0,0.0
2025-10-24,24.0,82.0,0.0
2025-10-24,24.0,83.0,0.0
2025-10-24,24.0,84.0,0.0
2025-10-24,24.0,85.0,0.0
2025-10-25,18.0,81.0,22.763333333333332
2025-10-25,18.0,82.0,3.8
2025-10-25,18.0,83.0,1.1966666666666665
2025-10-25,18.0,84.0,2.953333333333333
2025-10-25,19.0,81.0,9.928888888888888
2025-10-25,19.0,82.0,6.941999999999999
2025-10-25,19.0,83.0,0.33666666666666667
2025-10-25,19.0,84.0,3.4057142857142857
2025-10-25,19.0,85.0,0.0
2025-10-25,20.0,81.0,4.391333333333334
2025-10-25,20.0,82.0,3.748
2025-10-25,20.0,83.0,0.8886666666666668
2025-10-25,20.0,84.0,2.5660000000000003
2025-10-25,20.0,85.0,0.05
2025-10-25,21.0,81.0,1.641111111111111
2025-10-25,21.0,82.0,0.07666666666666666
2025-10-25,21.0,83.0,0.0
2025-10-25,21.0,84.0,0.0
2025-10-25,21.0,85.0,0.0
2025-10-25,22.0,81.0,0.008666666666666666
2025-10-25,22.0,82.0,0.0
2025-10-25,22.0,83.0,0.0
2025-10-25,22.0,84.0,0.0
2025-10-25,22.0,85.0,0.0
2025-10-25,23.0,81.0,0.0
2025-10-25,23.0,82.0,0.0
2025-10-25,23.0,83.0,0.0
2025-10-25,23.0,84.0,0.0
2025-10-25,23.0,85.0,0.0
2025-10-25,24.0,81.0,0.0
2025-10-25,24.0,82.0,0.0
2025-10-25,24.0,83.0,0.0
2025-10-25,24.0,84.0,0.0
2025-10-25,24.0,85.0,0.0
2025-10-26,18.0,81.0,1.11
2025-10-26,18.0,82.0,0.32599999999999996
2025-10-26,18.0,83.0,0.3166666666666667
2025-10-26,18.0,84.0,1.3533333333333335
2025-10-26,19.0,81.0,9.496666666666666
2025-10-26,19.0,82.0,8.112
2025-10-26,19.0,83.0,0.9266666666666666
2025-10-26,19.0,84.0,4.125714285714286
2025-10-26,19.0,85.0,0.0
2025-10-26,20.0,81.0,20.554
2025-10-26,20.0,82.0,14.068
2025-10-26,20.0,83.0,0.36666666666666664
2025-10-26,20.0,84.0,7.0708
2025-10-26,20.0,85.0,1.48
2025-10-26,21.0,81.0,31.938888888888886
2025-10-26,21.0,82.0,2.9186666666666667
2025-10-26,21.0,83.0,0.0
2025-10-26,21.0,84.0,3.8646666666666665
2025-10-26,21.0,85.0,0.0
2025-10-26,22.0,81.0,12.821333333333333
2025-10-26,22.0,82.0,1.1152
2025-10-26,22.0,83.0,0.0
2025-10-26,22.0,84.0,0.0
2025-10-26,22.0,85.0,0.0
2025-10-26,23.0,81.0,3.6355555555555554
2025-10-26,23.0,82.0,0.24933333333333332
2025-10-26,23.0,83.0,0.1677777777777778
2025-10-26,23.0,84.0,0.038
2025-10-26,23.0,85.0,0.0
2025-10-26,24.0,81.0,0.02066666666666667
2025-10-26,24.0,82.0,0.0
2025-10-26,24.0,83.0,0.214
2025-10-26,24.0,84.0,0.3472
2025-10-26,24.0,85.0,0.0
2025-10-27,18.0,81.0,0.0
2025-10-27,18.0,82.0,0.034
2025-10-27,18.0,83.0,1.4666666666666668
2025-10-27,18.0,84.0,7.286666666666666
2025-10-27,19.0,81.0,0.0
2025-10-27,19.0,82.0,1.4566666666666668
2025-10-27,19.0,83.0,1.3333333333333333
2025-10-27,19.0,84.0,8.28357142857143
2025-10-27,19.0,85.0,6.84
2025-10-27,20.0,81.0,0.5426666666666667
2025-10-27,20.0,82.0,0.37
2025-10-27,20.0,83.0,0.27799999999999997
2025-10-27,20.0,84.0,2.4856
2025-10-27,20.0,85.0,0.8799999999999999
2025-10-27,21.0,81.0,0.29444444444444445
2025-10-27,21.0,82.0,0.14066666666666666
2025-10-27,21.0,83.0,0.0
2025-10-27,21.0,84.0,0.04133333333333333
2025-10-27,21.0,85.0,0.0
2025-10-27,22.0,81.0,9.077333333333334
2025-10-27,22.0,82.0,0.7739999999999999
2025-10-27,22.0,83.0,0.788
2025-10-27,22.0,84.0,0.28800000000000003
2025-10-27,22.0,85.0,0.096
2025-10-27,23.0,81.0,19.357777777777777
2025-10-27,23.0,82.0,2.977333333333333
2025-10-27,23.0,83.0,0.07222222222222223
2025-10-27,23.0,84.0,0.12199999999999998
2025-10-27,23.0,85.0,0.0
2025-10-27,24.0,81.0,2.0846666666666667
2025-10-27,24.0,82.0,6.8712
2025-10-27,24.0,83.0,0.32599999999999996
2025-10-27,24.0,84.0,0.0
2025-10-27,24.0,85.0,0.0
2025-10-28,18.0,81.0,5.48
2025-10-28,18.0,82.0,14.024000000000001
2025-10-28,18.0,83.0,40.27
2025-10-28,18.0,84.0,59.696666666666665
2025-10-28,19.0,81.0,3.632222222222222
2025-10-28,19.0,82.0,3.5386666666666664
2025-10-28,19.0,83.0,24.67222222222222
2025-10-28,19.0,84.0,52.215714285714284
2025-10-28,19.0,85.0,93.48
2025-10-28,20.0,81.0,3.4213333333333336
2025-10-28,20.0,82.0,2.1424000000000003
2025-10-28,20.0,83.0,5.414
2025-10-28,20.0,84.0,23.8764
2025-10-28,20.0,85.0,56.812
2025-10-28,21.0,81.0,0.21888888888888888
2025-10-28,21.0,82.0,1.932
2025-10-28,21.0,83.0,5.015555555555555
2025-10-28,21.0,84.0,7.788666666666667
2025-10-28,21.0,85.0,8.78
2025-10-28,22.0,81.0,0.0
2025-10-28,22.0,82.0,0.1476
2025-10-28,22.0,83.0,1.0066666666666666
2025-10-28,22.0,84.0,2.1296
2025-10-28,22.0,85.0,2.634
2025-10-28,23.0,81.0,0.2555555555555556
2025-10-28,23.0,82.0,1.3513333333333333
2025-10-28,23.0,83.0,0.0
2025-10-28,23.0,84.0,0.038000000000000006
2025-10-28,23.0,85.0,0.0
2025-10-28,24.0,81.0,1.3573333333333333
2025-10-28,24.0,82.0,4.98
2025-10-28,24.0,83.0,1.8313333333333333
2025-10-28,24.0,84.0,0.3836
2025-10-28,24.0,85.0,0.0
2025-10-29,18.0,81.0,3.9899999999999998
2025-10-29,18.0,82.0,11.112
2025-10-29,18.0,83.0,69.28666666666668
2025-10-29,18.0,84.0,52.57
2025-10-29,19.0,81.0,2.3366666666666664
2025-10-29,19.0,82.0,0.9746666666666667
2025-10-29,19.0,83.0,56.57555555555555
2025-10-29,19.0,84.0,49.65642857142858
2025-10-29,19.0,85.0,75.27
2025-10-29,20.0,81.0,0.20800000000000002
2025-10-29,20.0,82.0,0.7020000000000001
2025-10-29,20.0,83.0,9.087333333333333
2025-10-29,20.0,84.0,30.0456
2025-10-29,20.0,85.0,54.029999999999994
2025-10-29,21.0,81.0,0.15000000000000002
2025-10-29,21.0,82.0,0.24933333333333332
2025-10-29,21.0,83.0,2.9922222222222223
2025-10-29,21.0,84.0,7.560666666666666
2025-10-29,21.0,85.0,21.099999999999998
2025-10-29,22.0,81.0,0.025333333333333333
2025-10-29,22.0,82.0,0.488
2025-10-29,22.0,83.0,0.7366666666666667
2025-10-29,22.0,84.0,8.1356
2025-10-29,22.0,85.0,7.99
2025-10-29,23.0,81.0,0.0
2025-10-29,23.0,82.0,1.5633333333333332
2025-10-29,23.0,83.0,0.05444444444444444
2025-10-29,23.0,84.0,2.74
2025-10-29,23.0,85.0,3.293333333333333
2025-10-29,24.0,81.0,0.33533333333333337
2025-10-29,24.0,82.0,2.9616000000000002
2025-10-29,24.0,83.0,5.7173333333333325
2025-10-29,24.0,84.0,6.7324
2025-10-29,24.0,85.0,1.394
2025-10-30,18.0,81.0,30.59
2025-10-30,18.0,82.0,4.952
2025-10-30,18.0,83.0,23.3
2025-10-30,18.0,84.0,14.92
2025-10-30,19.0,81.0,30.058888888888887
2025-10-30,19.0,82.0,3.9633333333333334
2025-10-30,19.0,83.0,13.103333333333333
2025-10-30,19.0,84.0,11.017142857142856
2025-10-30,19.0,85.0,4.5
2025-10-30,20.0,81.0,17.579333333333334
2025-10-30,20.0,82.0,4.6592
2025-10-30,20.0,83.0,1.962
2025-10-30,20.0,84.0,7.6224
2025-10-30,20.0,85.0,9.704
2025-10-30,21.0,81.0,8.813333333333333
2025-10-30,21.0,82.0,1.2659999999999998
2025-10-30,21.0,83.0,1.3933333333333335
2025-10-30,21.0,84.0,2.006666666666667
2025-10-30,21.0,85.0,6.38
2025-10-30,22.0,81.0,2.854
2025-10-30,22.0,82.0,0.5032
2025-10-30,22.0,83.0,1.2066666666666666
2025-10-30,22.0,84.0,3.0860000000000003
2025-10-30,22.0,85.0,7.0280000000000005
2025-10-30,23.0,81.0,0.6255555555555555
2025-10-30,23.0,82.0,1.2826666666666666
2025-10-30,23.0,83.0,2.413333333333333
2025-10-30,23.0,84.0,5.538666666666667
2025-10-30,23.0,85.0,12.420000000000002
2025-10-30,24.0,81.0,1.0493333333333335
2025-10-30,24.0,82.0,1.5568
2025-10-30,24.0,83.0,5.36
2025-10-30,24.0,84.0,6.1188
2025-10-30,24.0,85.0,6.284000000000001
2025-10-31,18.0,81.0,0.0
2025-10-31,18.0,82.0,1.312
2025-10-31,18.0,83.0,11.333333333333334
2025-10-31,18.0,84.0,12.07
2025-10-31,19.0,81.0,4.384444444444444
2025-10-31,19.0,82.0,0.5833333333333334
2025-10-31,19.0,83.0,4.375555555555555
2025-10-31,19.0,84.0,4.418571428571428
2025-10-31,19.0,85.0,3.44
2025-10-31,20.0,81.0,10.805333333333333
2025-10-31,20.0,82.0,1.6576
2025-10-31,20.0,83.0,0.3333333333333333
2025-10-31,20.0,84.0,1.264
2025-10-31,20.0,85.0,2.912
2025-10-31,21.0,81.0,15.440000000000001
2025-10-31,21.0,82.0,6.258
2025-10-31,21.0,83.0,0.20222222222222222
2025-10-31,21.0,84.0,0.11200000000000002
2025-10-31,21.0,85.0,0.06333333333333334
2025-10-31,22.0,81.0,15.447333333333335
2025-10-31,22.0,82.0,6.0316
2025-10-31,22.0,83.0,0.6099999999999999
2025-10-31,22.0,84.0,2.0391999999999997
2025-10-31,22.0,85.0,1.584
2025-10-31,23.0,81.0,23.038888888888888
2025-10-31,23.0,82.0,20.802666666666667
2025-10-31,23.0,83.0,10.456666666666667
2025-10-31,23.0,84.0,4.21
2025-10-31,23.0,85.0,1.5799999999999998
2025-10-31,24.0,81.0,12.408
2025-10-31,24.0,82.0,15.101600000000001
2025-10-31,24.0,83.0,28.272666666666666
2025-10-31,24.0,84.0,27.71
2025-10-31,24.0,85.0,17.426
2025-11-01,18.0,81.0,0.0
2025-11-01,18.0,82.0,0.0
2025-11-01,18.0,83.0,0.0
2025-11-01,18.0,84.0,0.0
2025-11-01,19.0,81.0,0.0
2025-11-01,19.0,82.0,0.0
2025-11-01,19.0,83.0,0.0
2025-11-01,19.0,84.0,0.0
2025-11-01,19.0,85.0,0.0
2025-11-01,20.0,81.0,0.0
2025-11-01,20.0,82.0,0.0
2025-11-01,20.0,83.0,0.0
2025-11-01,20.0,84.0,0.0
2025-11-01,20.0,85.0,0.0
2025-11-01,21.0,81.0,0.5633333333333332
2025-11-01,21.0,82.0,0.0
2025-11-01,21.0,83.0,0.0
2025-11-01,21.0,84.0,0.056
2025-11-01,21.0,85.0,0.06333333333333334
2025-11-01,22.0,81.0,1.72
2025-11-01,22.0,82.0,0.084
2025-11-01,22.0,83.0,0.8126666666666666
2025-11-01,22.0,84.0,1.5488
2025-11-01,22.0,85.0,0.49000000000000005
2025-11-01,23.0,81.0,0.06222222222222223
2025-11-01,23.0,82.0,0.38999999999999996
2025-11-01,23.0,83.0,6.788888888888889
2025-11-01,23.0,84.0,2.386
2025-11-01,23.0,85.0,4.946666666666666
2025-11-01,24.0,81.0,2.0353333333333334
2025-11-01,24.0,82.0,1.01
2025-11-01,24.0,83.0,2.9313333333333333
2025-11-01,24.0,84.0,6.0636
2025-11-01,24.0,85.0,1.8259999999999998
2025-11-02,18.0,81.0,0.0
2025-11-02,18.0,82.0,0.0
2025-11-02,18.0,83.0,0.0
2025-11-02,18.0,84.0,0.0
2025-11-02,19.0,81.0,0.0
2025-11-02,19.0,82.0,0.0
2025-11-02,19.0,83.0,0.0
2025-11-02,19.0,84.0,0.0
2025-11-02,19.0,85.0,0.0
2025-11-02,20.0,81.0,0.0
2025-11-02,20.0,82.0,0.0
2025-11-02,20.0,83.0,0.24133333333333334
2025-11-02,20.0,84.0,0.0
2025-11-02,20.0,85.0,0.0
2025-11-02,21.0,81.0,0.0
2025-11-02,21.0,82.0,0.202
2025-11-02,21.0,83.0,0.21555555555555556
2025-11-02,21.0,84.0,0.26999999999999996
2025-11-02,21.0,85.0,0.0
2025-11-02,22.0,81.0,0.4166666666666667
2025-11-02,22.0,82.0,0.684
2025-11-02,22.0,83.0,0.0
2025-11-02,22.0,84.0,0.0
2025-11-02,22.0,85.0,0.0
2025-11-02,23.0,81.0,0.0
2025-11-02,23.0,82.0,0.0
2025-11-02,23.0,83.0,0.0
2025-11-02,23.0,84.0,0.0
2025-11-02,23.0,85.0,0.0
2025-11-02,24.0,81.0,0.4813333333333334
2025-11-02,24.0,82.0,0.0
2025-11-02,24.0,83.0,0.0
2025-11-02,24.0,84.0,0.0088
2025-11-02,24.0,85.0,0.28600000000000003
2025-11-03,18.0,81.0,1.5966666666666667
2025-11-03,18.0,82.0,0.0
2025-11-03,18.0,83.0,0.14333333333333334
2025-11-03,18.0,84.0,7.266666666666666
2025-11-03,19.0,81.0,1.1033333333333333
2025-11-03,19.0,82.0,0.0
2025-11-03,19.0,83.0,0.08888888888888889
2025-11-03,19.0,84.0,7.442142857142857
2025-11-03,19.0,85.0,1.39
2025-11-03,20.0,81.0,0.058
2025-11-03,20.0,82.0,0.0
2025-11-03,20.0,83.0,0.234
2025-11-03,20.0,84.0,0.0204
2025-11-03,20.0,85.0,0.532
2025-11-03,21.0,81.0,0.11
2025-11-03,21.0,82.0,0.0
2025-11-03,21.0,83.0,0.0
2025-11-03,21.0,84.0,0.0
2025-11-03,21.0,85.0,0.0
2025-11-03,22.0,81.0,0.0
2025-11-03,22.0,82.0,0.0
2025-11-03,22.0,83.0,0.0
2025-11-03,22.0,84.0,0.0
2025-11-03,22.0,85.0,0.0
2025-11-03,23.0,81.0,0.0
2025-11-03,23.0,82.0,0.0
2025-11-03,23.0,83.0,0.0
2025-11-03,23.0,84.0,0.0
2025-11-03,23.0,85.0,0.0
2025-11-03,24.0,81.0,0.0
2025-11-03,24.0,82.0,0.0
2025-11-03,24.0,83.0,0.0
2025-11-03,24.0,84.0,0.0
2025-11-03,24.0,85.0,0.0
2025-11-04,18.0,81.0,2.1133333333333333
2025-11-04,18.0,82.0,0.118
2025-11-04,18.0,83.0,3.1933333333333334
2025-11-04,18.0,84.0,3.0
2025-11-04,19.0,81.0,0.5222222222222223
2025-11-04,19.0,82.0,0.3173333333333333
2025-11-04,19.0,83.0,0.30222222222222217
2025-11-04,19.0,84.0,0.8564285714285714
2025-11-04,19.0,85.0,0.0
2025-11-04,20.0,81.0,0.4513333333333333
2025-11-04,20.0,82.0,0.1904
2025-11-04,20.0,83.0,0.0
2025-11-04,20.0,84.0,0.0
2025-11-04,20.0,85.0,0.0
2025-11-04,21.0,81.0,0.6544444444444444
2025-11-04,21.0,82.0,0.11266666666666666
2025-11-04,21.0,83.0,0.0
2025-11-04,21.0,84.0,0.0
2025-11-04,21.0,85.0,0.0
2025-11-04,22.0,81.0,0.0
2025-11-04,22.0,82.0,0.0
2025-11-04,22.0,83.0,0.0
2025-11-04,22.0,84.0,0.0
2025-11-04,22.0,85.0,0.0
2025-11-04,23.0,81.0,0.0
2025-11-04,23.0,82.0,0.0
2025-11-04,23.0,83.0,0.0
2025-11-04,23.0,84.0,0.0
2025-11-04,23.0,85.0,0.0
2025-11-04,24.0,81.0,0.0
2025-11-04,24.0,82.0,0.0
2025-11-04,24.0,83.0,0.0
2025-11-04,24.0,84.0,0.0
2025-11-04,24.0,85.0,0.0
2025-11-05,18.0,81.0,0.0
2025-11-05,18.0,82.0,0.82
2025-11-05,18.0,83.0,0.0
2025-11-05,18.0,84.0,0.0
2025-11-05,19.0,81.0,0.04777777777777778
2025-11-05,19.0,82.0,0.05666666666666667
2025-11-05,19.0,83.0,0.0
2025-11-05,19.0,84.0,0.0
2025-11-05,19.0,85.0,0.0
2025-11-05,20.0,81.0,0.1
2025-11-05,20.0,82.0,0.0172
2025-11-05,20.0,83.0,0.0
2025-11-05,20.0,84.0,0.0
2025-11-05,20.0,85.0,0.0
2025-11-05,21.0,81.0,0.0
2025-11-05,21.0,82.0,0.0
2025-11-05,21.0,83.0,0.0
2025-11-05,21.0,84.0,0.0
2025-11-05,21.0,85.0,0.0
2025-11-05,22.0,81.0,0.0
2025-11-05,22.0,82.0,0.0
2025-11-05,22.0,83.0,0.0
2025-11-05,22.0,84.0,0.0
2025-11-05,22.0,85.0,0.0
2025-11-05,23.0,81.0,0.0
2025-11-05,23.0,82.0,0.0
2025-11-05,23.0,83.0,0.0
2025-11-05,23.0,84.0,0.0
2025-11-05,23.0,85.0,0.0
2025-11-05,24.0,81.0,0.0
2025-11-05,24.0,82.0,0.0
2025-11-05,24.0,83.0,0.0
2025-11-05,24.0,84.0,0.0
2025-11-05,24.0,85.0,0.0
2025-11-06,18.0,81.0,0.0
2025-11-06,18.0,82.0,0.0
2025-11-06,18.0,83.0,0.0
2025-11-06,18.0,84.0,0.0
2025-11-06,19.0,81.0,0.0
2025-11-06,19.0,82.0,0.0
2025-11-06,19.0,83.0,0.0
2025-11-06,19.0,84.0,0.0
2025-11-06,19.0,85.0,0.0
2025-11-06,20.0,81.0,0.0
2025-11-06,20.0,82.0,0.0
2025-11-06,20.0,83.0,0.0
2025-11-06,20.0,84.0,0.0
2025-11-06,20.0,85.0,0.0
2025-11-06,21.0,81.0,0.0
2025-11-06,21.0,82.0,0.0
2025-11-06,21.0,83.0,0.0
2025-11-06,21.0,84.0,0.0
2025-11-06,21.0,85.0,0.0
2025-11-06,22.0,81.0,0.0
2025-11-06,22.0,82.0,0.0
2025-11-06,22.0,83.0,0.0
2025-11-06,22.0,84.0,0.0
2025-11-06,22.0,85.0,0.0
2025-11-06,23.0,81.0,0.0
2025-11-06,23.0,82.0,0.0
2025-11-06,23.0,83.0,0.0
2025-11-06,23.0,84.0,0.0
2025-11-06,23.0,85.0,0.0
2025-11-06,24.0,81.0,0.0
2025-11-06,24.0,82.0,0.0
2025-11-06,24.0,83.0,0.0
2025-11-06,24.0,84.0,0.0
2025-11-06,24.0,85.0,0.0
2025-11-07,18.0,81.0,0.0
2025-11-07,18.0,82.0,0.0
2025-11-07,18.0,83.0,0.0
2025-11-07,18.0,84.0,0.0
2025-11-07,19.0,81.0,0.0
2025-11-07,19.0,82.0,0.0
2025-11-07,19.0,83.0,0.0
2025-11-07,19.0,84.0,0.0
2025-11-07,19.0,85.0,0.0
2025-11-07,20.0,81.0,0.0
2025-11-07,20.0,82.0,0.0
2025-11-07,20.0,83.0,0.0
2025-11-07,20.0,84.0,0.0
2025-11-07,20.0,85.0,0.0
2025-11-07,21.0,81.0,0.0
2025-11-07,21.0,82.0,0.0
2025-11-07,21.0,83.0,0.0
2025-11-07,21.0,84.0,0.0
2025-11-07,21.0,85.0,0.0
2025-11-07,22.0,81.0,0.0
2025-11-07,22.0,82.0,0.0
2025-11-07,22.0,83.0,0.0
2025-11-07,22.0,84.0,0.0
2025-11-07,22.0,85.0,0.0
2025-11-07,23.0,81.0,0.0
2025-11-07,23.0,82.0,0.0
2025-11-07,23.0,83.0,0.0
2025-11-07,23.0,84.0,0.0
2025-11-07,23.0,85.0,0.0
2025-11-07,24.0,81.0,0.0
2025-11-07,24.0,82.0,0.0
2025-11-07,24.0,83.0,0.0
2025-11-07,24.0,84.0,0.0
2025-11-07,24.0,85.0,0.0
2025-11-08,18.0,81.0,0.0
2025-11-08,18.0,82.0,0.0
2025-11-08,18.0,83.0,0.0
2025-11-08,18.0,84.0,0.0
2025-11-08,19.0,81.0,0.0
2025-11-08,19.0,82.0,0.0
2025-11-08,19.0,83.0,0.0
2025-11-08,19.0,84.0,0.0
2025-11-08,19.0,85.0,0.0
2025-11-08,20.0,81.0,0.0
2025-11-08,20.0,82.0,0.0
2025-11-08,20.0,83.0,0.0
2025-11-08,20.0,84.0,0.0
2025-11-08,20.0,85.0,0.0
2025-11-08,21.0,81.0,0.0
2025-11-08,21.0,82.0,0.0
2025-11-08,21.0,83.0,0.0
2025-11-08,21.0,84.0,0.0
2025-11-08,21.0,85.0,0.0
2025-11-08,22.0,81.0,0.0
2025-11-08,22.0,82.0,0.0
2025-11-08,22.0,83.0,0.0
2025-11-08,22.0,84.0,0.0
2025-11-08,22.0,85.0,0.0
2025-11-08,23.0,81.0,0.0
2025-11-08,23.0,82.0,0.0
2025-11-08,23.0,83.0,0.0
2025-11-08,23.0,84.0,0.0
2025-11-08,23.0,85.0,0.0
2025-11-08,24.0,81.0,0.0
2025-11-08,24.0,82.0,0.0
2025-11-08,24.0,83.0,0.0
2025-11-08,24.0,84.0,0.0
2025-11-08,24.0,85.0,0.0
2025-11-09,18.0,81.0,0.0
2025-11-09,18.0,82.0,0.0
2025-11-09,18.0,83.0,0.0
2025-11-09,18.0,84.0,0.0
2025-11-09,19.0,81.0,0.0
2025-11-09,19.0,82.0,0.0
2025-11-09,19.0,83.0,0.0
2025-11-09,19.0,84.0,0.0
2025-11-09,19.0,85.0,0.0
2025-11-09,20.0,81.0,0.0
2025-11-09,20.0,82.0,0.0
2025-11-09,20.0,83.0,0.0
2025-11-09,20.0,84.0,0.0
2025-11-09,20.0,85.0,0.0
2025-11-09,21.0,81.0,0.0
2025-11-09,21.0,82.0,0.0
2025-11-09,21.0,83.0,0.0
2025-11-09,21.0,84.0,0.0
2025-11-09,21.0,85.0,0.0
2025-11-09,22.0,81.0,0.0
2025-11-09,22.0,82.0,0.0
2025-11-09,22.0,83.0,0.0
2025-11-09,22.0,84.0,0.0
2025-11-09,22.0,85.0,0.0
2025-11-09,23.0,81.0,0.0
2025-11-09,23.0,82.0,0.0
2025-11-09,23.0,83.0,0.0
2025-11-09,23.0,84.0,0.0
2025-11-09,23.0,85.0,0.0
2025-11-09,24.0,81.0,0.0
2025-11-09,24.0,82.0,0.0
2025-11-09,24.0,83.0,0.0
2025-11-09,24.0,84.0,0.0
2025-11-09,24.0,85.0,0.0
2025-11-10,18.0,81.0,0.0
2025-11-10,18.0,82.0,0.0
2025-11-10,18.0,83.0,0.0
2025-11-10,18.0,84.0,0.0
2025-11-10,19.0,81.0,0.0
2025-11-10,19.0,82.0,0.0
2025-11-10,19.0,83.0,0.0
2025-11-10,19.0,84.0,0.0
2025-11-10,19.0,85.0,0.0
2025-11-10,20.0,81.0,0.0
2025-11-10,20.0,82.0,0.0
2025-11-10,20.0,83.0,0.0
2025-11-10,20.0,84.0,0.0
2025-11-10,20.0,85.0,0.0
2025-11-10,21.0,81.0,0.0
2025-11-10,21.0,82.0,0.0
2025-11-10,21.0,83.0,0.0
2025-11-10,21.0,84.0,0.0
2025-11-10,21.0,85.0,0.0
2025-11-10,22.0,81.0,0.0
2025-11-10,22.0,82.0,0.0
2025-11-10,22.0,83.0,0.0
2025-11-10,22.0,84.0,0.0
2025-11-10,22.0,85.0,0.0
2025-11-10,23.0,81.0,0.0
2025-11-10,23.0,82.0,0.0
2025-11-10,23.0,83.0,0.0
2025-11-10,23.0,84.0,0.0
2025-11-10,23.0,85.0,0.0
2025-11-10,24.0,81.0,0.0
2025-11-10,24.0,82.0,0.0
2025-11-10,24.0,83.0,0.0
2025-11-10,24.0,84.0,0.0
2025-11-10,24.0,85.0,0.0
2025-11-11,18.0,81.0,0.0
2025-11-11,18.0,82.0,0.0
2025-11-11,18.0,83.0,0.0
2025-11-11,18.0,84.0,0.0
2025-11-11,19.0,81.0,0.0
2025-11-11,19.0,82.0,0.0
2025-11-11,19.0,83.0,0.0
2025-11-11,19.0,84.0,0.0
2025-11-11,19.0,85.0,0.0
2025-11-11,20.0,81.0,0.0
2025-11-11,20.0,82.0,0.0
2025-11-11,20.0,83.0,0.0
2025-11-11,20.0,84.0,0.0
2025-11-11,20.0,85.0,0.0
2025-11-11,21.0,81.0,0.0
2025-11-11,21.0,82.0,0.0
2025-11-11,21.0,83.0,0.0
2025-11-11,21.0,84.0,0.0
2025-11-11,21.0,85.0,0.0
2025-11-11,22.0,81.0,0.0
2025-11-11,22.0,82.0,0.0
2025-11-11,22.0,83.0,0.0
2025-11-11,22.0,84.0,0.0
2025-11-11,22.0,85.0,0.0
2025-11-11,23.0,81.0,0.0
2025-11-11,23.0,82.0,0.0
2025-11-11,23.0,83.0,0.0
2025-11-11,23.0,84.0,0.0
2025-11-11,23.0,85.0,0.0
2025-11-11,24.0,81.0,0.0
2025-11-11,24.0,82.0,0.0
2025-11-11,24.0,83.0,0.0
2025-11-11,24.0,84.0,0.0
2025-11-11,24.0,85.0,0.0
2025-11-12,18.0,81.0,0.0
2025-11-12,18.0,82.0,0.0
2025-11-12,18.0,83.0,0.0
2025-11-12,18.0,84.0,0.0
2025-11-12,19.0,81.0,0.0
2025-11-12,19.0,82.0,0.0
2025-11-12,19.0,83.0,0.0
2025-11-12,19.0,84.0,0.0
2025-11-12,19.0,85.0,0.0
2025-11-12,20.0,81.0,0.0
2025-11-12,20.0,82.0,0.0
2025-11-12,20.0,83.0,0.0
2025-11-12,20.0,84.0,0.0
2025-11-12,20.0,85.0,0.0
2025-11-12,21.0,81.0,0.0
2025-11-12,21.0,82.0,0.0
2025-11-12,21.0,83.0,0.0
2025-11-12,21.0,84.0,0.0
2025-11-12,21.0,85.0,0.0
2025-11-12,22.0,81.0,0.0
2025-11-12,22.0,82.0,0.0
2025-11-12,22.0,83.0,0.0
2025-11-12,22.0,84.0,0.0
2025-11-12,22.0,85.0,0.0
2025-11-12,23.0,81.0,0.0
2025-11-12,23.0,82.0,0.0
2025-11-12,23.0,83.0,0.0
2025-11-12,23.0,84.0,0.0
2025-11-12,23.0,85.0,0.0
2025-11-12,24.0,81.0,0.0
2025-11-12,24.0,82.0,0.0
2025-11-12,24.0,83.0,0.0
2025-11-12,24.0,84.0,0.0
2025-11-12,24.0,85.0,0.0
2025-11-13,18.0,81.0,0.0
2025-11-13,18.0,82.0,0.0
2025-11-13,18.0,83.0,0.0
2025-11-13,18.0,84.0,0.0
2025-11-13,19.0,81.0,0.0
2025-11-13,19.0,82.0,0.0
2025-11-13,19.0,83.0,0.0
2025-11-13,19.0,84.0,0.0
2025-11-13,19.0,85.0,0.0
2025-11-13,20.0,81.0,0.0
2025-11-13,20.0,82.0,0.0
2025-11-13,20.0,83.0,0.0
2025-11-13,20.0,84.0,0.0
2025-11-13,20.0,85.0,0.0
2025-11-13,21.0,81.0,0.0
2025-11-13,21.0,82.0,0.0
2025-11-13,21.0,83.0,0.0
2025-11-13,21.0,84.0,0.0
2025-11-13,21.0,85.0,0.0
2025-11-13,22.0,81.0,0.0
2025-11-13,22.0,82.0,0.0
2025-11-13,22.0,83.0,0.0
2025-11-13,22.0,84.0,0.0
2025-11-13,22.0,85.0,0.0
2025-11-13,23.0,81.0,0.0
2025-11-13,23.0,82.0,0.0
2025-11-13,23.0,83.0,0.0
2025-11-13,23.0,84.0,0.0
2025-11-13,23.0,85.0,0.0
2025-11-13,24.0,81.0,0.0
2025-11-13,24.0,82.0,0.0
2025-11-13,24.0,83.0,0.0
2025-11-13,24.0,84.0,0.0
2025-11-13,24.0,85.0,0.0
2025-11-14,18.0,81.0,0.0
2025-11-14,18.0,82.0,0.0
2025-11-14,18.0,83.0,0.0
2025-11-14,18.0,84.0,0.0
2025-11-14,19.0,81.0,0.0
2025-11-14,19.0,82.0,0.0
2025-11-14,19.0,83.0,0.0
2025-11-14,19.0,84.0,0.0
2025-11-14,19.0,85.0,0.0
2025-11-14,20.0,81.0,0.0
2025-11-14,20.0,82.0,0.0
2025-11-14,20.0,83.0,0.0
2025-11-14,20.0,84.0,0.0
2025-11-14,20.0,85.0,0.0
2025-11-14,21.0,81.0,0.0
2025-11-14,21.0,82.0,0.0
2025-11-14,21.0,83.0,0.0
2025-11-14,21.0,84.0,0.0
2025-11-14,21.0,85.0,0.0
2025-11-14,22.0,81.0,0.0
2025-11-14,22.0,82.0,0.0
2025-11-14,22.0,83.0,0.0
2025-11-14,22.0,84.0,0.0
2025-11-14,22.0,85.0,0.0
2025-11-14,23.0,81.0,0.0
2025-11-14,23.0,82.0,0.0
2025-11-14,23.0,83.0,0.0
2025-11-14,23.0,84.0,0.0
2025-11-14,23.0,85.0,0.0
2025-11-14,24.0,81.0,0.0
2025-11-14,24.0,82.0,0.0
2025-11-14,24.0,83.0,0.0
2025-11-14,24.0,84.0,0.0
2025-11-14,24.0,85.0,0.0
2025-11-15,18.0,81.0,0.0
2025-11-15,18.0,82.0,0.0
2025-11-15,18.0,83.0,0.0
2025-11-15,18.0,84.0,0.0
2025-11-15,19.0,81.0,0.0
2025-11-15,19.0,82.0,0.0
2025-11-15,19.0,83.0,0.0
2025-11-15,19.0,84.0,0.0
2025-11-15,19.0,85.0,0.0
2025-11-15,20.0,81.0,0.0
2025-11-15,20.0,82.0,0.0
2025-11-15,20.0,83.0,0.0
2025-11-15,20.0,84.0,0.0
2025-11-15,20.0,85.0,0.0
2025-11-15,21.0,81.0,0.0
2025-11-15,21.0,82.0,0.0
2025-11-15,21.0,83.0,0.0
2025-11-15,21.0,84.0,0.0
2025-11-15,21.0,85.0,0.0
2025-11-15,22.0,81.0,0.0
2025-11-15,22.0,82.0,0.0
2025-11-15,22.0,83.0,0.0
2025-11-15,22.0,84.0,0.0
2025-11-15,22.0,85.0,0.0
2025-11-15,23.0,81.0,0.0
2025-11-15,23.0,82.0,0.0
2025-11-15,23.0,83.0,0.0
2025-11-15,23.0,84.0,0.0
2025-11-15,23.0,85.0,0.0
2025-11-15,24.0,81.0,0.0
2025-11-15,24.0,82.0,0.0
2025-11-15,24.0,83.0,0.0
2025-11-15,24.0,84.0,0.0
2025-11-15,24.0,85.0,0.0
2025-11-16,18.0,81.0,0.0
2025-11-16,18.0,82.0,0.0
2025-11-16,18.0,83.0,0.0
2025-11-16,18.0,84.0,0.0
2025-11-16,19.0,81.0,0.0
2025-11-16,19.0,82.0,0.0
2025-11-16,19.0,83.0,0.0
2025-11-16,19.0,84.0,0.0
2025-11-16,19.0,85.0,0.0
2025-11-16,20.0,81.0,0.0
2025-11-16,20.0,82.0,0.0
2025-11-16,20.0,83.0,0.0
2025-11-16,20.0,84.0,0.0
2025-11-16,20.0,85.0,0.0
2025-11-16,21.0,81.0,0.0
2025-11-16,21.0,82.0,0.0
2025-11-16,21.0,83.0,0.0
2025-11-16,21.0,84.0,0.0
2025-11-16,21.0,85.0,0.0
2025-11-16,22.0,81.0,0.0
2025-11-16,22.0,82.0,0.0
2025-11-16,22.0,83.0,0.0
2025-11-16,22.0,84.0,0.0
2025-11-16,22.0,85.0,0.0
2025-11-16,23.0,81.0,0.0
2025-11-16,23.0,82.0,0.0
2025-11-16,23.0,83.0,0.0
2025-11-16,23.0,84.0,0.0
2025-11-16,23.0,85.0,0.0
2025-11-16,24.0,81.0,0.0
2025-11-16,24.0,82.0,0.0
2025-11-16,24.0,83.0,0.0
2025-11-16,24.0,84.0,0.0
2025-11-16,24.0,85.0,0.0
2025-11-17,18.0,81.0,0.0
2025-11-17,18.0,82.0,0.0
2025-11-17,18.0,83.0,0.0
2025-11-17,18.0,84.0,0.0
2025-11-17,19.0,81.0,0.0
2025-11-17,19.0,82.0,0.0
2025-11-17,19.0,83.0,0.0
2025-11-17,19.0,84.0,0.0
2025-11-17,19.0,85.0,0.0
2025-11-17,20.0,81.0,0.0
2025-11-17,20.0,82.0,0.0
2025-11-17,20.0,83.0,0.0
2025-11-17,20.0,84.0,0.0
2025-11-17,20.0,85.0,0.0
2025-11-17,21.0,81.0,0.0
2025-11-17,21.0,82.0,0.0
2025-11-17,21.0,83.0,0.0
2025-11-17,21.0,84.0,0.0
2025-11-17,21.0,85.0,0.0
2025-11-17,22.0,81.0,0.0
2025-11-17,22.0,82.0,0.0
2025-11-17,22.0,83.0,0.0
2025-11-17,22.0,84.0,0.0
2025-11-17,22.0,85.0,0.0
2025-11-17,23.0,81.0,0.0
2025-11-17,23.0,82.0,0.0
2025-11-17,23.0,83.0,0.0
2025-11-17,23.0,84.0,0.0
2025-11-17,23.0,85.0,0.0
2025-11-17,24.0,81.0,0.0
2025-11-17,24.0,82.0,0.0
2025-11-17,24.0,83.0,0.0
2025-11-17,24.0,84.0,0.0
2025-11-17,24.0,85.0,0.0
2025-11-18,18.0,81.0,0.0
2025-11-18,18.0,82.0,0.0
2025-11-18,18.0,83.0,0.0
2025-11-18,18.0,84.0,0.0
2025-11-18,19.0,81.0,0.0
2025-11-18,19.0,82.0,0.0
2025-11-18,19.0,83.0,0.0
2025-11-18,19.0,84.0,0.0
2025-11-18,19.0,85.0,0.0
2025-11-18,20.0,81.0,0.0
2025-11-18,20.0,82.0,0.0
2025-11-18,20.0,83.0,0.0
2025-11-18,20.0,84.0,0.0
2025-11-18,20.0,85.0,0.0
2025-11-18,21.0,81.0,0.0
2025-11-18,21.0,82.0,0.0
2025-11-18,21.0,83.0,0.0
2025-11-18,21.0,84.0,0.0
2025-11-18,21.0,85.0,0.0
2025-11-18,22.0,81.0,0.0
2025-11-18,22.0,82.0,0.0
2025-11-18,22.0,83.0,0.0
2025-11-18,22.0,84.0,0.0
2025-11-18,22.0,85.0,0.0
2025-11-18,23.0,81.0,0.0
2025-11-18,23.0,82.0,0.0
2025-11-18,23.0,83.0,0.0
2025-11-18,23.0,84.0,0.0
2025-11-18,23.0,85.0,0.0
2025-11-18,24.0,81.0,0.0
2025-11-18,24.0,82.0,0.0
2025-11-18,24.0,83.0,0.0
2025-11-18,24.0,84.0,0.0
2025-11-18,24.0,85.0,0.0
2025-11-19,18.0,81.0,0.0
2025-11-19,18.0,82.0,0.0
2025-11-19,18.0,83.0,0.0
2025-11-19,18.0,84.0,0.0
2025-11-19,19.0,81.0,0.0
2025-11-19,19.0,82.0,0.0
2025-11-19,19.0,83.0,0.0
2025-11-19,19.0,84.0,0.0
2025-11-19,19.0,85.0,0.0
2025-11-19,20.0,81.0,0.0
2025-11-19,20.0,82.0,0.0
2025-11-19,20.0,83.0,0.0
2025-11-19,20.0,84.0,0.0
2025-11-19,20.0,85.0,0.0
2025-11-19,21.0,81.0,0.0
2025-11-19,21.0,82.0,0.0
2025-11-19,21.0,83.0,0.0
2025-11-19,21.0,84.0,0.0
2025-11-19,21.0,85.0,0.0
2025-11-19,22.0,81.0,0.0
2025-11-19,22.0,82.0,0.0
2025-11-19,22.0,83.0,0.0
2025-11-19,22.0,84.0,0.0
2025-11-19,22.0,85.0,0.0
2025-11-19,23.0,81.0,0.0
2025-11-19,23.0,82.0,0.0
2025-11-19,23.0,83.0,0.0
2025-11-19,23.0,84.0,0.0
2025-11-19,23.0,85.0,0.0
2025-11-19,24.0,81.0,0.0
2025-11-19,24.0,82.0,0.0
2025-11-19,24.0,83.0,0.0
2025-11-19,24.0,84.0,0.0
2025-11-19,24.0,85.0,0.0
2025-11-20,18.0,81.0,0.0
2025-11-20,18.0,82.0,0.0
2025-11-20,18.0,83.0,0.0
2025-11-20,18.0,84.0,0.0
2025-11-20,19.0,81.0,0.0
2025-11-20,19.0,82.0,0.0
2025-11-20,19.0,83.0,0.0
2025-11-20,19.0,84.0,0.0
2025-11-20,19.0,85.0,0.0
2025-11-20,20.0,81.0,0.0
2025-11-20,20.0,82.0,0.0
2025-11-20,20.0,83.0,0.0
2025-11-20,20.0,84.0,0.0
2025-11-20,20.0,85.0,0.0
2025-11-20,21.0,81.0,0.0
2025-11-20,21.0,82.0,0.0
2025-11-20,21.0,83.0,0.0
2025-11-20,21.0,84.0,0.0
2025-11-20,21.0,85.0,0.0
2025-11-20,22.0,81.0,0.0
2025-11-20,22.0,82.0,0.0
2025-11-20,22.0,83.0,0.0
2025-11-20,22.0,84.0,0.0
2025-11-20,22.0,85.0,0.0
2025-11-20,23.0,81.0,0.0
2025-11-20,23.0,82.0,0.0
2025-11-20,23.0,83.0,0.0
2025-11-20,23.0,84.0,0.0
2025-11-20,23.0,85.0,0.0
2025-11-20,24.0,81.0,0.0
2025-11-20,24.0,82.0,0.0
2025-11-20,24.0,83.0,0.0
2025-11-20,24.0,84.0,0.0
2025-11-20,24.0,85.0,0.0
2025-11-21,18.0,81.0,0.0
2025-11-21,18.0,82.0,0.0
2025-11-21,18.0,83.0,0.0
2025-11-21,18.0,84.0,0.0
2025-11-21,19.0,81.0,0.0
2025-11-21,19.0,82.0,0.0
2025-11-21,19.0,83.0,0.0
2025-11-21,19.0,84.0,0.0
2025-11-21,19.0,85.0,0.0
2025-11-21,20.0,81.0,0.0
2025-11-21,20.0,82.0,0.0
2025-11-21,20.0,83.0,0.0
2025-11-21,20.0,84.0,0.0
2025-11-21,20.0,85.0,0.0
2025-11-21,21.0,81.0,0.0
2025-11-21,21.0,82.0,0.0
2025-11-21,21.0,83.0,0.0
2025-11-21,21.0,84.0,0.0
2025-11-21,21.0,85.0,0.0
2025-11-21,22.0,81.0,0.0
2025-11-21,22.0,82.0,0.0
2025-11-21,22.0,83.0,0.0
2025-11-21,22.0,84.0,0.0
2025-11-21,22.0,85.0,0.0
2025-11-21,23.0,81.0,0.0
2025-11-21,23.0,82.0,0.0
2025-11-21,23.0,83.0,0.0
2025-11-21,23.0,84.0,0.0
2025-11-21,23.0,85.0,0.0
2025-11-21,24.0,81.0,0.0
2025-11-21,24.0,82.0,0.0
2025-11-21,24.0,83.0,0.0
2025-11-21,24.0,84.0,0.0
2025-11-21,24.0,85.0,0.0
2025-11-22,18.0,81.0,0.0
2025-11-22,18.0,82.0,0.0
2025-11-22,18.0,83.0,0.0
2025-11-22,18.0,84.0,0.0
2025-11-22,19.0,81.0,0.0
2025-11-22,19.0,82.0,0.0
2025-11-22,19.0,83.0,0.0
2025-11-22,19.0,84.0,0.0
2025-11-22,19.0,85.0,0.0
2025-11-22,20.0,81.0,0.0
2025-11-22,20.0,82.0,0.0
2025-11-22,20.0,83.0,0.0
2025-11-22,20.0,84.0,0.0
2025-11-22,20.0,85.0,0.0
2025-11-22,21.0,81.0,0.0
2025-11-22,21.0,82.0,0.0
2025-11-22,21.0,83.0,0.0
2025-11-22,21.0,84.0,0.0
2025-11-22,21.0,85.0,0.0
2025-11-22,22.0,81.0,0.0
2025-11-22,22.0,82.0,0.0
2025-11-22,22.0,83.0,0.0
2025-11-22,22.0,84.0,0.0
2025-11-22,22.0,85.0,0.0
2025-11-22,23.0,81.0,0.0
2025-11-22,23.0,82.0,0.0
2025-11-22,23.0,83.0,0.0
2025-11-22,23.0,84.0,0.0
2025-11-22,23.0,85.0,0.0
2025-11-22,24.0,81.0,0.0
2025-11-22,24.0,82.0,0.0
2025-11-22,24.0,83.0,0.0
2025-11-22,24.0,84.0,0.0
2025-11-22,24.0,85.0,0.0
2025-11-23,18.0,81.0,0.0
2025-11-23,18.0,82.0,0.0
2025-11-23,18.0,83.0,0.0
2025-11-23,18.0,84.0,0.0
2025-11-23,19.0,81.0,0.0
2025-11-23,19.0,82.0,0.0
2025-11-23,19.0,83.0,0.0
2025-11-23,19.0,84.0,0.0
2025-11-23,19.0,85.0,0.0
2025-11-23,20.0,81.0,0.0
2025-11-23,20.0,82.0,0.0
2025-11-23,20.0,83.0,0.0
2025-11-23,20.0,84.0,0.0
2025-11-23,20.0,85.0,0.0
2025-11-23,21.0,81.0,0.0
2025-11-23,21.0,82.0,0.0
2025-11-23,21.0,83.0,0.0
2025-11-23,21.0,84.0,0.0
2025-11-23,21.0,85.0,0.0
2025-11-23,22.0,81.0,0.0
2025-11-23,22.0,82.0,0.0
2025-11-23,22.0,83.0,0.0
2025-11-23,22.0,84.0,0.0
2025-11-23,22.0,85.0,0.0
2025-11-23,23.0,81.0,0.0
2025-11-23,23.0,82.0,0.0
2025-11-23,23.0,83.0,0.0
2025-11-23,23.0,84.0,0.0
2025-11-23,23.0,85.0,0.0
2025-11-23,24.0,81.0,0.0
2025-11-23,24.0,82.0,0.0
2025-11-23,24.0,83.0,0.0
2025-11-23,24.0,84.0,0.0
2025-11-23,24.0,85.0,0.0
2025-11-24,18.0,81.0,0.0
2025-11-24,18.0,82.0,0.0
2025-11-24,18.0,83.0,0.0
2025-11-24,18.0,84.0,0.0
2025-11-24,19.0,81.0,0.0
2025-11-24,19.0,82.0,0.0
2025-11-24,19.0,83.0,0.0
2025-11-24,19.0,84.0,0.0
2025-11-24,19.0,85.0,0.0
2025-11-24,20.0,81.0,0.0
2025-11-24,20.0,82.0,0.0
2025-11-24,20.0,83.0,0.0
2025-11-24,20.0,84.0,0.0
2025-11-24,20.0,85.0,0.0
2025-11-24,21.0,81.0,0.0
2025-11-24,21.0,82.0,0.0
2025-11-24,21.0,83.0,0.0
2025-11-24,21.0,84.0,0.0
2025-11-24,21.0,85.0,0.0
2025-11-24,22.0,81.0,0.0
2025-11-24,22.0,82.0,0.0
2025-11-24,22.0,83.0,0.0
2025-11-24,22.0,84.0,0.0
2025-11-24,22.0,85.0,0.0
2025-11-24,23.0,81.0,0.0
2025-11-24,23.0,82.0,0.0
2025-11-24,23.0,83.0,0.0
2025-11-24,23.0,84.0,0.0
2025-11-24,23.0,85.0,0.0
2025-11-24,24.0,81.0,0.0
2025-11-24,24.0,82.0,0.0
2025-11-24,24.0,83.0,0.0
2025-11-24,24.0,84.0,0.0
2025-11-24,24.0,85.0,0.0
2025-11-25,18.0,81.0,0.0
2025-11-25,18.0,82.0,0.0
2025-11-25,18.0,83.0,0.0
2025-11-25,18.0,84.0,0.0
2025-11-25,19.0,81.0,0.0
2025-11-25,19.0,82.0,0.0
2025-11-25,19.0,83.0,0.0
2025-11-25,19.0,84.0,0.0
2025-11-25,19.0,85.0,0.0
2025-11-25,20.0,81.0,0.0
2025-11-25,20.0,82.0,0.0
2025-11-25,20.0,83.0,0.0
2025-11-25,20.0,84.0,0.0
2025-11-25,20.0,85.0,0.0
2025-11-25,21.0,81.0,0.0
2025-11-25,21.0,82.0,0.0
2025-11-25,21.0,83.0,0.0
2025-11-25,21.0,84.0,0.0
2025-11-25,21.0,85.0,0.0
2025-11-25,22.0,81.0,0.0
2025-11-25,22.0,82.0,0.0
2025-11-25,22.0,83.0,0.0
2025-11-25,22.0,84.0,0.0
2025-11-25,22.0,85.0,0.0
2025-11-25,23.0,81.0,0.0
2025-11-25,23.0,82.0,0.0
2025-11-25,23.0,83.0,0.0
2025-11-25,23.0,84.0,0.0
2025-11-25,23.0,85.0,0.0
2025-11-25,24.0,81.0,0.0
2025-11-25,24.0,82.0,0.0
2025-11-25,24.0,83.0,0.0
2025-11-25,24.0,84.0,0.0
2025-11-25,24.0,85.0,0.0
2025-11-26,18.0,81.0,0.0
2025-11-26,18.0,82.0,0.0
2025-11-26,18.0,83.0,0.0
2025-11-26,18.0,84.0,0.0
2025-11-26,19.0,81.0,0.0
2025-11-26,19.0,82.0,0.0
2025-11-26,19.0,83.0,0.0
2025-11-26,19.0,84.0,0.0
2025-11-26,19.0,85.0,0.0
2025-11-26,20.0,81.0,0.0
2025-11-26,20.0,82.0,0.0
2025-11-26,20.0,83.0,0.0
2025-11-26,20.0,84.0,0.0
2025-11-26,20.0,85.0,0.0
2025-11-26,21.0,81.0,0.0
2025-11-26,21.0,82.0,0.0
2025-11-26,21.0,83.0,0.0
2025-11-26,21.0,84.0,0.0
2025-11-26,21.0,85.0,0.0
2025-11-26,22.0,81.0,0.0
2025-11-26,22.0,82.0,0.0
2025-11-26,22.0,83.0,0.0
2025-11-26,22.0,84.0,0.0
2025-11-26,22.0,85.0,0.0
2025-11-26,23.0,81.0,0.0
2025-11-26,23.0,82.0,0.0
2025-11-26,23.0,83.0,0.0
2025-11-26,23.0,84.0,0.0
2025-11-26,23.0,85.0,0.0
2025-11-26,24.0,81.0,0.0
2025-11-26,24.0,82.0,0.0
2025-11-26,24.0,83.0,0.0
2025-11-26,24.0,84.0,0.0
2025-11-26,24.0,85.0,0.0
2025-11-27,18.0,81.0,0.0
2025-11-27,18.0,82.0,0.0
2025-11-27,18.0,83.0,0.0
2025-11-27,18.0,84.0,0.0
2025-11-27,19.0,81.0,0.0
2025-11-27,19.0,82.0,0.0
2025-11-27,19.0,83.0,0.0
2025-11-27,19.0,84.0,0.0
2025-11-27,19.0,85.0,0.0
2025-11-27,20.0,81.0,0.0
2025-11-27,20.0,82.0,0.0
2025-11-27,20.0,83.0,0.0
2025-11-27,20.0,84.0,0.0
2025-11-27,20.0,85.0,0.0
2025-11-27,21.0,81.0,0.0
2025-11-27,21.0,82.0,0.0
2025-11-27,21.0,83.0,0.0
2025-11-27,21.0,84.0,0.0
2025-11-27,21.0,85.0,0.0
2025-11-27,22.0,81.0,0.0
2025-11-27,22.0,82.0,0.0
2025-11-27,22.0,83.0,0.0
2025-11-27,22.0,84.0,0.0
2025-11-27,22.0,85.0,0.0
2025-11-27,23.0,81.0,0.0
2025-11-27,23.0,82.0,0.0
2025-11-27,23.0,83.0,0.0
2025-11-27,23.0,84.0,0.0
2025-11-27,23.0,85.0,0.0
2025-11-27,24.0,81.0,0.0
2025-11-27,24.0,82.0,0.0
2025-11-27,24.0,83.0,0.0
2025-11-27,24.0,84.0,0.0
2025-11-27,24.0,85.0,0.0
2025-11-28,18.0,81.0,0.0
2025-11-28,18.0,82.0,0.0
2025-11-28,18.0,83.0,0.0
2025-11-28,18.0,84.0,0.0
2025-11-28,19.0,81.0,0.0
2025-11-28,19.0,82.0,0.0
2025-11-28,19.0,83.0,0.0
2025-11-28,19.0,84.0,0.0
2025-11-28,19.0,85.0,0.0
2025-11-28,20.0,81.0,0.0
2025-11-28,20.0,82.0,0.0
2025-11-28,20.0,83.0,0.0
2025-11-28,20.0,84.0,0.0
2025-11-28,20.0,85.0,0.0
2025-11-28,21.0,81.0,0.0
2025-11-28,21.0,82.0,0.0
2025-11-28,21.0,83.0,0.0
2025-11-28,21.0,84.0,0.0
2025-11-28,21.0,85.0,0.0
2025-11-28,22.0,81.0,0.0
2025-11-28,22.0,82.0,0.0
2025-11-28,22.0,83.0,0.0
2025-11-28,22.0,84.0,0.0
2025-11-28,22.0,85.0,0.0
2025-11-28,23.0,81.0,0.0
2025-11-28,23.0,82.0,0.0
2025-11-28,23.0,83.0,0.0
2025-11-28,23.0,84.0,0.0
2025-11-28,23.0,85.0,0.0
2025-11-28,24.0,81.0,0.0
2025-11-28,24.0,82.0,0.0
2025-11-28,24.0,83.0,0.0
2025-11-28,24.0,84.0,0.0
2025-11-28,24.0,85.0,0.0
2025-11-29,18.0,81.0,0.0
2025-11-29,18.0,82.0,0.0
2025-11-29,18.0,83.0,0.0
2025-11-29,18.0,84.0,0.0
2025-11-29,19.0,81.0,0.0
2025-11-29,19.0,82.0,0.0
2025-11-29,19.0,83.0,0.0
2025-11-29,19.0,84.0,0.0
2025-11-29,19.0,85.0,0.0
2025-11-29,20.0,81.0,0.0
2025-11-29,20.0,82.0,0.0
2025-11-29,20.0,83.0,0.0
2025-11-29,20.0,84.0,0.0
2025-11-29,20.0,85.0,0.0
2025-11-29,21.0,81.0,0.0
2025-11-29,21.0,82.0,0.0
2025-11-29,21.0,83.0,0.0
2025-11-29,21.0,84.0,0.0
2025-11-29,21.0,85.0,0.0
2025-11-29,22.0,81.0,0.0
2025-11-29,22.0,82.0,0.0
2025-11-29,22.0,83.0,0.0
2025-11-29,22.0,84.0,0.0
2025-11-29,22.0,85.0,0.0
2025-11-29,23.0,81.0,0.0
2025-11-29,23.0,82.0,0.0
2025-11-29,23.0,83.0,0.0
2025-11-29,23.0,84.0,0.0
2025-11-29,23.0,85.0,0.0
2025-11-29,24.0,81.0,0.0
2025-11-29,24.0,82.0,0.0
2025-11-29,24.0,83.0,0.0
2025-11-29,24.0,84.0,0.0
2025-11-29,24.0,85.0,0.0
2025-11-30,18.0,81.0,0.0
2025-11-30,18.0,82.0,0.0
2025-11-30,18.0,83.0,0.0
2025-11-30,18.0,84.0,0.0
2025-11-30,19.0,81.0,0.0
2025-11-30,19.0,82.0,0.0
2025-11-30,19.0,83.0,0.0
2025-11-30,19.0,84.0,0.0
2025-11-30,19.0,85.0,0.0
2025-11-30,20.0,81.0,0.0
2025-11-30,20.0,82.0,0.0
2025-11-30,20.0,83.0,0.0
2025-11-30,20.0,84.0,0.0
2025-11-30,20.0,85.0,0.0
2025-11-30,21.0,81.0,0.0
2025-11-30,21.0,82.0,0.0
2025-11-30,21.0,83.0,0.0
2025-11-30,21.0,84.0,0.0
2025-11-30,21.0,85.0,0.0
2025-11-30,22.0,81.0,0.0
2025-11-30,22.0,82.0,0.0
2025-11-30,22.0,83.0,0.0
2025-11-30,22.0,84.0,0.0
2025-11-30,22.0,85.0,0.0
2025-11-30,23.0,81.0,0.0
2025-11-30,23.0,82.0,0.0
2025-11-30,23.0,83.0,0.0
2025-11-30,23.0,84.0,0.0
2025-11-30,23.0,85.0,0.0
2025-11-30,24.0,81.0,0.0
2025-11-30,24.0,82.0,0.0
2025-11-30,24.0,83.0,0.0
2025-11-30,24.0,84.0,0.0
2025-11-30,24.0,85.0,0.0
2025-12-01,18.0,81.0,1.1500000000000001
2025-12-01,18.0,82.0,1.6740000000000002
2025-12-01,18.0,83.0,6.3933333333333335
2025-12-01,18.0,84.0,7.006666666666667
2025-12-01,19.0,81.0,0.48777777777777787
2025-12-01,19.0,82.0,0.051333333333333335
2025-12-01,19.0,83.0,2.933333333333333
2025-12-01,19.0,84.0,5.632857142857143
2025-12-01,19.0,85.0,1.7
2025-12-01,20.0,81.0,0.0
2025-12-01,20.0,82.0,0.0
2025-12-01,20.0,83.0,0.39133333333333337
2025-12-01,20.0,84.0,0.8828
2025-12-01,20.0,85.0,0.036
2025-12-01,21.0,81.0,0.0
2025-12-01,21.0,82.0,0.0
2025-12-01,21.0,83.0,0.2222222222222222
2025-12-01,21.0,84.0,0.07533333333333332
2025-12-01,21.0,85.0,0.0
2025-12-01,22.0,81.0,0.0
2025-12-01,22.0,82.0,0.0
2025-12-01,22.0,83.0,0.0
2025-12-01,22.0,84.0,0.06559999999999999
2025-12-01,22.0,85.0,0.0
2025-12-01,23.0,81.0,0.0
2025-12-01,23.0,82.0,0.0
2025-12-01,23.0,83.0,0.0
2025-12-01,23.0,84.0,0.0
2025-12-01,23.0,85.0,0.0
2025-12-01,24.0,81.0,0.0
2025-12-01,24.0,82.0,0.0
2025-12-01,24.0,83.0,0.0
2025-12-01,24.0,84.0,0.0
2025-12-01,24.0,85.0,0.0
2025-12-02,18.0,81.0,0.0
2025-12-02,18.0,82.0,0.9199999999999999
2025-12-02,18.0,83.0,2.4166666666666665
2025-12-02,18.0,84.0,0.5499999999999999
2025-12-02,19.0,81.0,0.0
2025-12-02,19.0,82.0,0.03866666666666666
2025-12-02,19.0,83.0,3.0555555555555554
2025-12-02,19.0,84.0,1.2914285714285714
2025-12-02,19.0,85.0,0.0
2025-12-02,20.0,81.0,0.0
2025-12-02,20.0,82.0,0.0
2025-12-02,20.0,83.0,0.056
2025-12-02,20.0,84.0,1.0944
2025-12-02,20.0,85.0,0.086
2025-12-02,21.0,81.0,0.0
2025-12-02,21.0,82.0,0.0
2025-12-02,21.0,83.0,0.0
2025-12-02,21.0,84.0,0.012666666666666666
2025-12-02,21.0,85.0,0.0
2025-12-02,22.0,81.0,0.0
2025-12-02,22.0,82.0,0.0
2025-12-02,22.0,83.0,0.0
2025-12-02,22.0,84.0,0.015600000000000001
2025-12-02,22.0,85.0,0.028000000000000004
2025-12-02,23.0,81.0,0.0
2025-12-02,23.0,82.0,0.0
2025-12-02,23.0,83.0,0.0
2025-12-02,23.0,84.0,0.0
2025-12-02,23.0,85.0,0.24333333333333332
2025-12-02,24.0,81.0,0.0
2025-12-02,24.0,82.0,0.0
2025-12-02,24.0,83.0,0.0
2025-12-02,24.0,84.0,0.0
2025-12-02,24.0,85.0,0.0
2025-12-03,18.0,81.0,0.0
2025-12-03,18.0,82.0,0.0
2025-12-03,18.0,83.0,0.24333333333333332
2025-12-03,18.0,84.0,0.0
2025-12-03,19.0,81.0,0.0
2025-12-03,19.0,82.0,0.0
2025-12-03,19.0,83.0,0.06555555555555555
2025-12-03,19.0,84.0,0.0
2025-12-03,19.0,85.0,0.0
2025-12-03,20.0,81.0,0.0
2025-12-03,20.0,82.0,0.0
2025-12-03,20.0,83.0,0.0
2025-12-03,20.0,84.0,0.0
2025-12-03,20.0,85.0,0.0
2025-12-03,21.0,81.0,0.0
2025-12-03,21.0,82.0,0.0
2025-12-03,21.0,83.0,0.0
2025-12-03,21.0,84.0,0.0
2025-12-03,21.0,85.0,0.0
2025-12-03,22.0,81.0,0.0
2025-12-03,22.0,82.0,0.0
2025-12-03,22.0,83.0,0.0
2025-12-03,22.0,84.0,0.0
2025-12-03,22.0,85.0,0.0
2025-12-03,23.0,81.0,0.0
2025-12-03,23.0,82.0,0.0
2025-12-03,23.0,83.0,0.0
2025-12-03,23.0,84.0,0.0
2025-12-03,23.0,85.0,0.0
2025-12-03,24.0,81.0,0.0
2025-12-03,24.0,82.0,0.0
2025-12-03,24.0,83.0,0.0
2025-12-03,24.0,84.0,0.0
2025-12-03,24.0,85.0,0.0
2025-12-04,18.0,81.0,0.0
2025-12-04,18.0,82.0,0.0
2025-12-04,18.0,83.0,0.0
2025-12-04,18.0,84.0,0.0
2025-12-04,19.0,81.0,0.0
2025-12-04,19.0,82.0,0.0
2025-12-04,19.0,83.0,0.21333333333333332
2025-12-04,19.0,84.0,0.0
2025-12-04,19.0,85.0,0.0
2025-12-04,20.0,81.0,0.0
2025-12-04,20.0,82.0,0.0
2025-12-04,20.0,83.0,0.0
2025-12-04,20.0,84.0,0.0
2025-12-04,20.0,85.0,0.0
2025-12-04,21.0,81.0,0.0
2025-12-04,21.0,82.0,0.0
2025-12-04,21.0,83.0,0.0
2025-12-04,21.0,84.0,0.0
2025-12-04,21.0,85.0,0.0
2025-12-04,22.0,81.0,0.0
2025-12-04,22.0,82.0,0.0
2025-12-04,22.0,83.0,0.0
2025-12-04,22.0,84.0,0.0
2025-12-04,22.0,85.0,0.0
2025-12-04,23.0,81.0,0.0
2025-12-04,23.0,82.0,0.0
2025-12-04,23.0,83.0,0.0
2025-12-04,23.0,84.0,0.0
2025-12-04,23.0,85.0,0.0
2025-12-04,24.0,81.0,0.0
2025-12-04,24.0,82.0,0.0
2025-12-04,24.0,83.0,0.0
2025-12-04,24.0,84.0,0.0
2025-12-04,24.0,85.0,0.0
2025-12-05,18.0,81.0,0.0
2025-12-05,18.0,82.0,0.0
2025-12-05,18.0,83.0,0.049999999999999996
2025-12-05,18.0,84.0,0.0
2025-12-05,19.0,81.0,0.0
2025-12-05,19.0,82.0,0.0
2025-12-05,19.0,83.0,0.8188888888888889
2025-12-05,19.0,84.0,0.0
2025-12-05,19.0,85.0,0.0
2025-12-05,20.0,81.0,0.0
2025-12-05,20.0,82.0,0.0
2025-12-05,20.0,83.0,0.0
2025-12-05,20.0,84.0,0.0
2025-12-05,20.0,85.0,0.0
2025-12-05,21.0,81.0,0.0
2025-12-05,21.0,82.0,0.0
2025-12-05,21.0,83.0,0.0
2025-12-05,21.0,84.0,0.0
2025-12-05,21.0,85.0,0.0
2025-12-05,22.0,81.0,0.0
2025-12-05,22.0,82.0,0.0
2025-12-05,22.0,83.0,0.0
2025-12-05,22.0,84.0,0.0
2025-12-05,22.0,85.0,0.0
2025-12-05,23.0,81.0,0.0
2025-12-05,23.0,82.0,0.0
2025-12-05,23.0,83.0,0.0
2025-12-05,23.0,84.0,0.0
2025-12-05,23.0,85.0,0.0
2025-12-05,24.0,81.0,0.0
2025-12-05,24.0,82.0,0.0
2025-12-05,24.0,83.0,0.0
2025-12-05,24.0,84.0,0.0
2025-12-05,24.0,85.0,0.0
2025-12-06,18.0,81.0,0.0
2025-12-06,18.0,82.0,0.0
2025-12-06,18.0,83.0,0.0
2025-12-06,18.0,84.0,0.0
2025-12-06,19.0,81.0,0.0
2025-12-06,19.0,82.0,0.0
2025-12-06,19.0,83.0,0.0
2025-12-06,19.0,84.0,0.0
2025-12-06,19.0,85.0,0.0
2025-12-06,20.0,81.0,0.0
2025-12-06,20.0,82.0,0.0
2025-12-06,20.0,83.0,0.0
2025-12-06,20.0,84.0,0.0
2025-12-06,20.0,85.0,0.0
2025-12-06,21.0,81.0,0.0
2025-12-06,21.0,82.0,0.0
2025-12-06,21.0,83.0,0.0
2025-12-06,21.0,84.0,0.0
2025-12-06,21.0,85.0,0.0
2025-12-06,22.0,81.0,0.0
2025-12-06,22.0,82.0,0.0
2025-12-06,22.0,83.0,0.0
2025-12-06,22.0,84.0,0.0
2025-12-06,22.0,85.0,0.0
2025-12-06,23.0,81.0,0.0
2025-12-06,23.0,82.0,0.0
2025-12-06,23.0,83.0,0.0
2025-12-06,23.0,84.0,0.0
2025-12-06,23.0,85.0,0.0
2025-12-06,24.0,81.0,0.0
2025-12-06,24.0,82.0,0.0
2025-12-06,24.0,83.0,0.0
2025-12-06,24.0,84.0,0.0
2025-12-06,24.0,85.0,0.0
2025-12-07,18.0,81.0,0.0
2025-12-07,18.0,82.0,0.0
2025-12-07,18.0,83.0,0.0
2025-12-07,18.0,84.0,0.0
2025-12-07,19.0,81.0,0.0
2025-12-07,19.0,82.0,0.0
2025-12-07,19.0,83.0,0.0
2025-12-07,19.0,84.0,0.0
2025-12-07,19.0,85.0,0.0
2025-12-07,20.0,81.0,0.0
2025-12-07,20.0,82.0,0.0
2025-12-07,20.0,83.0,0.0
2025-12-07,20.0,84.0,0.0
2025-12-07,20.0,85.0,0.0
2025-12-07,21.0,81.0,0.0
2025-12-07,21.0,82.0,0.0
2025-12-07,21.0,83.0,0.0
2025-12-07,21.0,84.0,0.0
2025-12-07,21.0,85.0,0.0
2025-12-07,22.0,81.0,0.0
2025-12-07,22.0,82.0,0.0
2025-12-07,22.0,83.0,0.0
2025-12-07,22.0,84.0,0.0
2025-12-07,22.0,85.0,0.0
2025-12-07,23.0,81.0,0.0
2025-12-07,23.0,82.0,0.0
2025-12-07,23.0,83.0,0.0
2025-12-07,23.0,84.0,0.0
2025-12-07,23.0,85.0,0.0
2025-12-07,24.0,81.0,0.0
2025-12-07,24.0,82.0,0.0
2025-12-07,24.0,83.0,0.0
2025-12-07,24.0,84.0,0.0
2025-12-07,24.0,85.0,0.0
2025-12-08,18.0,81.0,0.0
2025-12-08,18.0,82.0,0.0
2025-12-08,18.0,83.0,0.0
2025-12-08,18.0,84.0,0.0
2025-12-08,19.0,81.0,0.0
2025-12-08,19.0,82.0,0.0
2025-12-08,19.0,83.0,0.0
2025-12-08,19.0,84.0,0.0
2025-12-08,19.0,85.0,0.0
2025-12-08,20.0,81.0,0.0
2025-12-08,20.0,82.0,0.0
2025-12-08,20.0,83.0,0.0
2025-12-08,20.0,84.0,0.0
2025-12-08,20.0,85.0,0.0
2025-12-08,21.0,81.0,0.0
2025-12-08,21.0,82.0,0.0
2025-12-08,21.0,83.0,0.0
2025-12-08,21.0,84.0,0.0
2025-12-08,21.0,85.0,0.0
2025-12-08,22.0,81.0,0.0
2025-12-08,22.0,82.0,0.0
2025-12-08,22.0,83.0,0.0
2025-12-08,22.0,84.0,0.0
2025-12-08,22.0,85.0,0.0
2025-12-08,23.0,81.0,0.0
2025-12-08,23.0,82.0,0.0
2025-12-08,23.0,83.0,0.0
2025-12-08,23.0,84.0,0.0
2025-12-08,23.0,85.0,0.0
2025-12-08,24.0,81.0,0.0
2025-12-08,24.0,82.0,0.0
2025-12-08,24.0,83.0,0.0
2025-12-08,24.0,84.0,0.0
2025-12-08,24.0,85.0,0.0
2025-12-09,18.0,81.0,0.0
2025-12-09,18.0,82.0,0.0
2025-12-09,18.0,83.0,0.0
2025-12-09,18.0,84.0,0.0
2025-12-09,19.0,81.0,0.0
2025-12-09,19.0,82.0,0.0
2025-12-09,19.0,83.0,0.0
2025-12-09,19.0,84.0,0.0
2025-12-09,19.0,85.0,0.0
2025-12-09,20.0,81.0,0.0
2025-12-09,20.0,82.0,0.0
2025-12-09,20.0,83.0,0.0
2025-12-09,20.0,84.0,0.0
2025-12-09,20.0,85.0,0.0
2025-12-09,21.0,81.0,0.0
2025-12-09,21.0,82.0,0.0
2025-12-09,21.0,83.0,0.0
2025-12-09,21.0,84.0,0.0
2025-12-09,21.0,85.0,0.0
2025-12-09,22.0,81.0,0.0
2025-12-09,22.0,82.0,0.0
2025-12-09,22.0,83.0,0.0
2025-12-09,22.0,84.0,0.0
2025-12-09,22.0,85.0,0.0
2025-12-09,23.0,81.0,0.0
2025-12-09,23.0,82.0,0.0
2025-12-09,23.0,83.0,0.0
2025-12-09,23.0,84.0,0.0
2025-12-09,23.0,85.0,0.0
2025-12-09,24.0,81.0,0.0
2025-12-09,24.0,82.0,0.0
2025-12-09,24.0,83.0,0.0
2025-12-09,24.0,84.0,0.0
2025-12-09,24.0,85.0,0.0
2025-12-10,18.0,81.0,0.0
2025-12-10,18.0,82.0,0.0
2025-12-10,18.0,83.0,0.0
2025-12-10,18.0,84.0,0.0
2025-12-10,19.0,81.0,0.0
2025-12-10,19.0,82.0,0.0
2025-12-10,19.0,83.0,0.0
2025-12-10,19.0,84.0,0.0
2025-12-10,19.0,85.0,0.0
2025-12-10,20.0,81.0,0.0
2025-12-10,20.0,82.0,0.0
2025-12-10,20.0,83.0,0.0
2025-12-10,20.0,84.0,0.0
2025-12-10,20.0,85.0,0.0
2025-12-10,21.0,81.0,0.0
2025-12-10,21.0,82.0,0.0
2025-12-10,21.0,83.0,0.0
2025-12-10,21.0,84.0,0.0
2025-12-10,21.0,85.0,0.0
2025-12-10,22.0,81.0,0.0
2025-12-10,22.0,82.0,0.0
2025-12-10,22.0,83.0,0.0
2025-12-10,22.0,84.0,0.0
2025-12-10,22.0,85.0,0.0
2025-12-10,23.0,81.0,0.0
2025-12-10,23.0,82.0,0.0
2025-12-10,23.0,83.0,0.0
2025-12-10,23.0,84.0,0.0
2025-12-10,23.0,85.0,0.0
2025-12-10,24.0,81.0,0.0
2025-12-10,24.0,82.0,0.0
2025-12-10,24.0,83.0,0.0
2025-12-10,24.0,84.0,0.0
2025-12-10,24.0,85.0,0.0
2025-12-11,18.0,81.0,0.0
2025-12-11,18.0,82.0,0.0
2025-12-11,18.0,83.0,0.0
2025-12-11,18.0,84.0,0.0
2025-12-11,19.0,81.0,0.0
2025-12-11,19.0,82.0,0.0
2025-12-11,19.0,83.0,0.0
2025-12-11,19.0,84.0,0.0
2025-12-11,19.0,85.0,0.0
2025-12-11,20.0,81.0,0.0
2025-12-11,20.0,82.0,0.0
2025-12-11,20.0,83.0,0.0
2025-12-11,20.0,84.0,0.0
2025-12-11,20.0,85.0,0.0
2025-12-11,21.0,81.0,0.0
2025-12-11,21.0,82.0,0.0
2025-12-11,21.0,83.0,0.0
2025-12-11,21.0,84.0,0.0
2025-12-11,21.0,85.0,0.0
2025-12-11,22.0,81.0,0.0
2025-12-11,22.0,82.0,0.0
2025-12-11,22.0,83.0,0.0
2025-12-11,22.0,84.0,0.0
2025-12-11,22.0,85.0,0.0
2025-12-11,23.0,81.0,0.0
2025-12-11,23.0,82.0,0.0
2025-12-11,23.0,83.0,0.0
2025-12-11,23.0,84.0,0.0
2025-12-11,23.0,85.0,0.0
2025-12-11,24.0,81.0,0.0
2025-12-11,24.0,82.0,0.0
2025-12-11,24.0,83.0,0.0
2025-12-11,24.0,84.0,0.0
2025-12-11,24.0,85.0,0.0
2025-12-12,18.0,81.0,0.0
2025-12-12,18.0,82.0,0.0
2025-12-12,18.0,83.0,0.0
2025-12-12,18.0,84.0,0.0
2025-12-12,19.0,81.0,0.0
2025-12-12,19.0,82.0,0.0
2025-12-12,19.0,83.0,0.0
2025-12-12,19.0,84.0,0.0
2025-12-12,19.0,85.0,0.0
2025-12-12,20.0,81.0,0.0
2025-12-12,20.0,82.0,0.0
2025-12-12,20.0,83.0,0.0
2025-12-12,20.0,84.0,0.0
2025-12-12,20.0,85.0,0.0
2025-12-12,21.0,81.0,0.0
2025-12-12,21.0,82.0,0.0
2025-12-12,21.0,83.0,0.0
2025-12-12,21.0,84.0,0.0
2025-12-12,21.0,85.0,0.0
2025-12-12,22.0,81.0,0.0
2025-12-12,22.0,82.0,0.0
2025-12-12,22.0,83.0,0.0
2025-12-12,22.0,84.0,0.0
2025-12-12,22.0,85.0,0.0
2025-12-12,23.0,81.0,0.0
2025-12-12,23.0,82.0,0.0
2025-12-12,23.0,83.0,0.0
2025-12-12,23.0,84.0,0.0
2025-12-12,23.0,85.0,0.0
2025-12-12,24.0,81.0,0.0
2025-12-12,24.0,82.0,0.0
2025-12-12,24.0,83.0,0.0
2025-12-12,24.0,84.0,0.0
2025-12-12,24.0,85.0,0.0
2025-12-13,18.0,81.0,0.0
2025-12-13,18.0,82.0,0.0
2025-12-13,18.0,83.0,0.0
2025-12-13,18.0,84.0,0.0
2025-12-13,19.0,81.0,0.0
2025-12-13,19.0,82.0,0.0
2025-12-13,19.0,83.0,0.0
2025-12-13,19.0,84.0,0.0
2025-12-13,19.0,85.0,0.0
2025-12-13,20.0,81.0,0.0
2025-12-13,20.0,82.0,0.0
2025-12-13,20.0,83.0,0.0
2025-12-13,20.0,84.0,0.0
2025-12-13,20.0,85.0,0.0
2025-12-13,21.0,81.0,0.0
2025-12-13,21.0,82.0,0.0
2025-12-13,21.0,83.0,0.0
2025-12-13,21.0,84.0,0.0
2025-12-13,21.0,85.0,0.0
2025-12-13,22.0,81.0,0.0
2025-12-13,22.0,82.0,0.0
2025-12-13,22.0,83.0,0.0
2025-12-13,22.0,84.0,0.0
2025-12-13,22.0,85.0,0.0
2025-12-13,23.0,81.0,0.0
2025-12-13,23.0,82.0,0.0
2025-12-13,23.0,83.0,0.0
2025-12-13,23.0,84.0,0.0
2025-12-13,23.0,85.0,0.0
2025-12-13,24.0,81.0,0.0
2025-12-13,24.0,82.0,0.0
2025-12-13,24.0,83.0,0.0
2025-12-13,24.0,84.0,0.0
2025-12-13,24.0,85.0,0.0
2025-12-14,18.0,81.0,0.0
2025-12-14,18.0,82.0,0.0
2025-12-14,18.0,83.0,0.0
2025-12-14,18.0,84.0,0.0
2025-12-14,19.0,81.0,0.0
2025-12-14,19.0,82.0,0.0
2025-12-14,19.0,83.0,0.0
2025-12-14,19.0,84.0,0.0
2025-12-14,19.0,85.0,0.0
2025-12-14,20.0,81.0,0.0
2025-12-14,20.0,82.0,0.0
2025-12-14,20.0,83.0,0.0
2025-12-14,20.0,84.0,0.0
2025-12-14,20.0,85.0,0.0
2025-12-14,21.0,81.0,0.0
2025-12-14,21.0,82.0,0.0
2025-12-14,21.0,83.0,0.0
2025-12-14,21.0,84.0,0.0
2025-12-14,21.0,85.0,0.0
2025-12-14,22.0,81.0,0.0
2025-12-14,22.0,82.0,0.0
2025-12-14,22.0,83.0,0.0
2025-12-14,22.0,84.0,0.0
2025-12-14,22.0,85.0,0.0
2025-12-14,23.0,81.0,0.0
2025-12-14,23.0,82.0,0.0
2025-12-14,23.0,83.0,0.0
2025-12-14,23.0,84.0,0.0
2025-12-14,23.0,85.0,0.0
2025-12-14,24.0,81.0,0.0
2025-12-14,24.0,82.0,0.0
2025-12-14,24.0,83.0,0.0
2025-12-14,24.0,84.0,0.0
2025-12-14,24.0,85.0,0.0
2025-12-15,18.0,81.0,0.0
2025-12-15,18.0,82.0,0.0
2025-12-15,18.0,83.0,0.0
2025-12-15,18.0,84.0,0.0
2025-12-15,19.0,81.0,0.0
2025-12-15,19.0,82.0,0.0
2025-12-15,19.0,83.0,0.0
2025-12-15,19.0,84.0,0.0
2025-12-15,19.0,85.0,0.0
2025-12-15,20.0,81.0,0.0
2025-12-15,20.0,82.0,0.0
2025-12-15,20.0,83.0,0.0
2025-12-15,20.0,84.0,0.0
2025-12-15,20.0,85.0,0.0
2025-12-15,21.0,81.0,0.0
2025-12-15,21.0,82.0,0.0
2025-12-15,21.0,83.0,0.0
2025-12-15,21.0,84.0,0.0
2025-12-15,21.0,85.0,0.0
2025-12-15,22.0,81.0,0.0
2025-12-15,22.0,82.0,0.0
2025-12-15,22.0,83.0,0.0
2025-12-15,22.0,84.0,0.0
2025-12-15,22.0,85.0,0.0
2025-12-15,23.0,81.0,0.0
2025-12-15,23.0,82.0,0.0
2025-12-15,23.0,83.0,0.0
2025-12-15,23.0,84.0,0.0
2025-12-15,23.0,85.0,0.0
2025-12-15,24.0,81.0,0.0
2025-12-15,24.0,82.0,0.0
2025-12-15,24.0,83.0,0.0
2025-12-15,24.0,84.0,0.0
2025-12-15,24.0,85.0,0.0
2025-12-16,18.0,81.0,0.0
2025-12-16,18.0,82.0,0.0
2025-12-16,18.0,83.0,0.0
2025-12-16,18.0,84.0,0.0
2025-12-16,19.0,81.0,0.0
2025-12-16,19.0,82.0,0.0
2025-12-16,19.0,83.0,0.0
2025-12-16,19.0,84.0,0.0
2025-12-16,19.0,85.0,0.0
2025-12-16,20.0,81.0,0.0
2025-12-16,20.0,82.0,0.0
2025-12-16,20.0,83.0,0.0
2025-12-16,20.0,84.0,0.0
2025-12-16,20.0,85.0,0.0
2025-12-16,21.0,81.0,0.0
2025-12-16,21.0,82.0,0.0
2025-12-16,21.0,83.0,0.0
2025-12-16,21.0,84.0,0.0
2025-12-16,21.0,85.0,0.0
2025-12-16,22.0,81.0,0.0
2025-12-16,22.0,82.0,0.0
2025-12-16,22.0,83.0,0.0
2025-12-16,22.0,84.0,0.0
2025-12-16,22.0,85.0,0.0
2025-12-16,23.0,81.0,0.0
2025-12-16,23.0,82.0,0.0
2025-12-16,23.0,83.0,0.0
2025-12-16,23.0,84.0,0.0
2025-12-16,23.0,85.0,0.0
2025-12-16,24.0,81.0,0.0
2025-12-16,24.0,82.0,0.0
2025-12-16,24.0,83.0,0.0
2025-12-16,24.0,84.0,0.0
2025-12-16,24.0,85.0,0.0
2025-12-17,18.0,81.0,0.0
2025-12-17,18.0,82.0,0.0
2025-12-17,18.0,83.0,0.0
2025-12-17,18.0,84.0,0.0
2025-12-17,19.0,81.0,0.0
2025-12-17,19.0,82.0,0.0
2025-12-17,19.0,83.0,0.0
2025-12-17,19.0,84.0,0.0
2025-12-17,19.0,85.0,0.0
2025-12-17,20.0,81.0,0.0
2025-12-17,20.0,82.0,0.0
2025-12-17,20.0,83.0,0.0
2025-12-17,20.0,84.0,0.0
2025-12-17,20.0,85.0,0.0
2025-12-17,21.0,81.0,0.0
2025-12-17,21.0,82.0,0.0
2025-12-17,21.0,83.0,0.0
2025-12-17,21.0,84.0,0.0
2025-12-17,21.0,85.0,0.0
2025-12-17,22.0,81.0,0.0
2025-12-17,22.0,82.0,0.0
2025-12-17,22.0,83.0,0.0
2025-12-17,22.0,84.0,0.0
2025-12-17,22.0,85.0,0.0
2025-12-17,23.0,81.0,0.0
2025-12-17,23.0,82.0,0.0
2025-12-17,23.0,83.0,0.0
2025-12-17,23.0,84.0,0.0
2025-12-17,23.0,85.0,0.0
2025-12-17,24.0,81.0,0.0
2025-12-17,24.0,82.0,0.0
2025-12-17,24.0,83.0,0.0
2025-12-17,24.0,84.0,0.0
2025-12-17,24.0,85.0,0.0
2025-12-18,18.0,81.0,0.0
2025-12-18,18.0,82.0,0.0
2025-12-18,18.0,83.0,0.0
2025-12-18,18.0,84.0,0.0
2025-12-18,19.0,81.0,0.0
2025-12-18,19.0,82.0,0.0
2025-12-18,19.0,83.0,0.0
2025-12-18,19.0,84.0,0.0
2025-12-18,19.0,85.0,0.0
2025-12-18,20.0,81.0,0.0
2025-12-18,20.0,82.0,0.0
2025-12-18,20.0,83.0,0.0
2025-12-18,20.0,84.0,0.0
2025-12-18,20.0,85.0,0.0
2025-12-18,21.0,81.0,0.0
2025-12-18,21.0,82.0,0.0
2025-12-18,21.0,83.0,0.0
2025-12-18,21.0,84.0,0.0
2025-12-18,21.0,85.0,0.0
2025-12-18,22.0,81.0,0.0
2025-12-18,22.0,82.0,0.0
2025-12-18,22.0,83.0,0.0
2025-12-18,22.0,84.0,0.0
2025-12-18,22.0,85.0,0.0
2025-12-18,23.0,81.0,0.0
2025-12-18,23.0,82.0,0.0
2025-12-18,23.0,83.0,0.0
2025-12-18,23.0,84.0,0.0
2025-12-18,23.0,85.0,0.0
2025-12-18,24.0,81.0,0.0
2025-12-18,24.0,82.0,0.0
2025-12-18,24.0,83.0,0.0
2025-12-18,24.0,84.0,0.0
2025-12-18,24.0,85.0,0.0
2025-12-19,18.0,81.0,0.0
2025-12-19,18.0,82.0,0.0
2025-12-19,18.0,83.0,0.0
2025-12-19,18.0,84.0,0.0
2025-12-19,19.0,81.0,0.0
2025-12-19,19.0,82.0,0.0
2025-12-19,19.0,83.0,0.0
2025-12-19,19.0,84.0,0.0
2025-12-19,19.0,85.0,0.0
2025-12-19,20.0,81.0,0.0
2025-12-19,20.0,82.0,0.0
2025-12-19,20.0,83.0,0.0
2025-12-19,20.0,84.0,0.0
2025-12-19,20.0,85.0,0.0
2025-12-19,21.0,81.0,0.0
2025-12-19,21.0,82.0,0.0
2025-12-19,21.0,83.0,0.0
2025-12-19,21.0,84.0,0.0
2025-12-19,21.0,85.0,0.0
2025-12-19,22.0,81.0,0.0
2025-12-19,22.0,82.0,0.0
2025-12-19,22.0,83.0,0.0
2025-12-19,22.0,84.0,0.0
2025-12-19,22.0,85.0,0.0
2025-12-19,23.0,81.0,0.0
2025-12-19,23.0,82.0,0.0
2025-12-19,23.0,83.0,0.0
2025-12-19,23.0,84.0,0.0
2025-12-19,23.0,85.0,0.0
2025-12-19,24.0,81.0,0.0
2025-12-19,24.0,82.0,0.0
2025-12-19,24.0,83.0,0.0
2025-12-19,24.0,84.0,0.0
2025-12-19,24.0,85.0,0.0
2025-12-20,18.0,81.0,0.0
2025-12-20,18.0,82.0,0.0
2025-12-20,18.0,83.0,0.0
2025-12-20,18.0,84.0,0.0
2025-12-20,19.0,81.0,0.0
2025-12-20,19.0,82.0,0.0
2025-12-20,19.0,83.0,0.0
2025-12-20,19.0,84.0,0.0
2025-12-20,19.0,85.0,0.0
2025-12-20,20.0,81.0,0.0
2025-12-20,20.0,82.0,0.0
2025-12-20,20.0,83.0,0.0
2025-12-20,20.0,84.0,0.0
2025-12-20,20.0,85.0,0.0
2025-12-20,21.0,81.0,0.0
2025-12-20,21.0,82.0,0.0
2025-12-20,21.0,83.0,0.0
2025-12-20,21.0,84.0,0.0
2025-12-20,21.0,85.0,0.0
2025-12-20,22.0,81.0,0.0
2025-12-20,22.0,82.0,0.0
2025-12-20,22.0,83.0,0.0
2025-12-20,22.0,84.0,0.0
2025-12-20,22.0,85.0,0.0
2025-12-20,23.0,81.0,0.0
2025-12-20,23.0,82.0,0.0
2025-12-20,23.0,83.0,0.0
2025-12-20,23.0,84.0,0.0
2025-12-20,23.0,85.0,0.0
2025-12-20,24.0,81.0,0.0
2025-12-20,24.0,82.0,0.0
2025-12-20,24.0,83.0,0.0
2025-12-20,24.0,84.0,0.0
2025-12-20,24.0,85.0,0.0
2025-12-21,18.0,81.0,0.0
2025-12-21,18.0,82.0,0.0
2025-12-21,18.0,83.0,0.0
2025-12-21,18.0,84.0,0.0
2025-12-21,19.0,81.0,0.0
2025-12-21,19.0,82.0,0.0
2025-12-21,19.0,83.0,0.0
2025-12-21,19.0,84.0,0.0
2025-12-21,19.0,85.0,0.0
2025-12-21,20.0,81.0,0.0
2025-12-21,20.0,82.0,0.0
2025-12-21,20.0,83.0,0.0
2025-12-21,20.0,84.0,0.0
2025-12-21,20.0,85.0,0.0
2025-12-21,21.0,81.0,0.0
2025-12-21,21.0,82.0,0.0
2025-12-21,21.0,83.0,0.0
2025-12-21,21.0,84.0,0.0
2025-12-21,21.0,85.0,0.0
2025-12-21,22.0,81.0,0.0
2025-12-21,22.0,82.0,0.0
2025-12-21,22.0,83.0,0.0
2025-12-21,22.0,84.0,0.0
2025-12-21,22.0,85.0,0.0
2025-12-21,23.0,81.0,0.0
2025-12-21,23.0,82.0,0.0
2025-12-21,23.0,83.0,0.0
2025-12-21,23.0,84.0,0.0
2025-12-21,23.0,85.0,0.0
2025-12-21,24.0,81.0,0.0
2025-12-21,24.0,82.0,0.0
2025-12-21,24.0,83.0,0.0
2025-12-21,24.0,84.0,0.0
2025-12-21,24.0,85.0,0.0
2025-12-22,18.0,81.0,0.0
2025-12-22,18.0,82.0,0.0
2025-12-22,18.0,83.0,0.0
2025-12-22,18.0,84.0,0.0
2025-12-22,19.0,81.0,0.0
2025-12-22,19.0,82.0,0.0
2025-12-22,19.0,83.0,0.0
2025-12-22,19.0,84.0,0.0
2025-12-22,19.0,85.0,0.0
2025-12-22,20.0,81.0,0.0
2025-12-22,20.0,82.0,0.0
2025-12-22,20.0,83.0,0.0
2025-12-22,20.0,84.0,0.0
2025-12-22,20.0,85.0,0.0
2025-12-22,21.0,81.0,0.0
2025-12-22,21.0,82.0,0.0
2025-12-22,21.0,83.0,0.0
2025-12-22,21.0,84.0,0.0
2025-12-22,21.0,85.0,0.0
2025-12-22,22.0,81.0,0.0
2025-12-22,22.0,82.0,0.0
2025-12-22,22.0,83.0,0.0
2025-12-22,22.0,84.0,0.0
2025-12-22,22.0,85.0,0.0
2025-12-22,23.0,81.0,0.0
2025-12-22,23.0,82.0,0.0
2025-12-22,23.0,83.0,0.0
2025-12-22,23.0,84.0,0.0
2025-12-22,23.0,85.0,0.0
2025-12-22,24.0,81.0,0.0
2025-12-22,24.0,82.0,0.0
2025-12-22,24.0,83.0,0.0
2025-12-22,24.0,84.0,0.0
2025-12-22,24.0,85.0,0.0
2025-12-23,18.0,81.0,0.0
2025-12-23,18.0,82.0,0.0
2025-12-23,18.0,83.0,0.0
2025-12-23,18.0,84.0,0.0
2025-12-23,19.0,81.0,0.0
2025-12-23,19.0,82.0,0.0
2025-12-23,19.0,83.0,0.0
2025-12-23,19.0,84.0,0.0
2025-12-23,19.0,85.0,0.0
2025-12-23,20.0,81.0,0.0
2025-12-23,20.0,82.0,0.0
2025-12-23,20.0,83.0,0.0
2025-12-23,20.0,84.0,0.0
2025-12-23,20.0,85.0,0.0
2025-12-23,21.0,81.0,0.0
2025-12-23,21.0,82.0,0.0
2025-12-23,21.0,83.0,0.0
2025-12-23,21.0,84.0,0.0
2025-12-23,21.0,85.0,0.0
2025-12-23,22.0,81.0,0.0
2025-12-23,22.0,82.0,0.0
2025-12-23,22.0,83.0,0.0
2025-12-23,22.0,84.0,0.0
2025-12-23,22.0,85.0,0.0
2025-12-23,23.0,81.0,0.0
2025-12-23,23.0,82.0,0.0
2025-12-23,23.0,83.0,0.0
2025-12-23,23.0,84.0,0.0
2025-12-23,23.0,85.0,0.0
2025-12-23,24.0,81.0,0.0
2025-12-23,24.0,82.0,0.0
2025-12-23,24.0,83.0,0.0
2025-12-23,24.0,84.0,0.0
2025-12-23,24.0,85.0,0.0
2025-12-24,18.0,81.0,0.0
2025-12-24,18.0,82.0,0.0
2025-12-24,18.0,83.0,0.0
2025-12-24,18.0,84.0,0.0
2025-12-24,19.0,81.0,0.0
2025-12-24,19.0,82.0,0.0
2025-12-24,19.0,83.0,0.0
2025-12-24,19.0,84.0,0.0
2025-12-24,19.0,85.0,0.0
2025-12-24,20.0,81.0,0.0
2025-12-24,20.0,82.0,0.0
2025-12-24,20.0,83.0,0.0
2025-12-24,20.0,84.0,0.0
2025-12-24,20.0,85.0,0.0
2025-12-24,21.0,81.0,0.0
2025-12-24,21.0,82.0,0.0
2025-12-24,21.0,83.0,0.0
2025-12-24,21.0,84.0,0.0
2025-12-24,21.0,85.0,0.0
2025-12-24,22.0,81.0,0.0
2025-12-24,22.0,82.0,0.0
2025-12-24,22.0,83.0,0.0
2025-12-24,22.0,84.0,0.0
2025-12-24,22.0,85.0,0.0
2025-12-24,23.0,81.0,0.0
2025-12-24,23.0,82.0,0.0
2025-12-24,23.0,83.0,0.0
2025-12-24,23.0,84.0,0.0
2025-12-24,23.0,85.0,0.0
2025-12-24,24.0,81.0,0.0
2025-12-24,24.0,82.0,0.0
2025-12-24,24.0,83.0,0.0
2025-12-24,24.0,84.0,0.0
2025-12-24,24.0,85.0,0.0
2025-12-25,18.0,81.0,0.0
2025-12-25,18.0,82.0,0.0
2025-12-25,18.0,83.0,0.0
2025-12-25,18.0,84.0,0.0
2025-12-25,19.0,81.0,0.0
2025-12-25,19.0,82.0,0.0
2025-12-25,19.0,83.0,0.0
2025-12-25,19.0,84.0,0.0
2025-12-25,19.0,85.0,0.0
2025-12-25,20.0,81.0,0.0
2025-12-25,20.0,82.0,0.0
2025-12-25,20.0,83.0,0.0
2025-12-25,20.0,84.0,0.0
2025-12-25,20.0,85.0,0.0
2025-12-25,21.0,81.0,0.0
2025-12-25,21.0,82.0,0.0
2025-12-25,21.0,83.0,0.0
2025-12-25,21.0,84.0,0.0
2025-12-25,21.0,85.0,0.0
2025-12-25,22.0,81.0,0.0
2025-12-25,22.0,82.0,0.0
2025-12-25,22.0,83.0,0.0
2025-12-25,22.0,84.0,0.0
2025-12-25,22.0,85.0,0.0
2025-12-25,23.0,81.0,0.0
2025-12-25,23.0,82.0,0.0
2025-12-25,23.0,83.0,0.0
2025-12-25,23.0,84.0,0.0
2025-12-25,23.0,85.0,0.0
2025-12-25,24.0,81.0,0.0
2025-12-25,24.0,82.0,0.0
2025-12-25,24.0,83.0,0.0
2025-12-25,24.0,84.0,0.0
2025-12-25,24.0,85.0,0.0
2025-12-26,18.0,81.0,0.0
2025-12-26,18.0,82.0,0.0
2025-12-26,18.0,83.0,0.0
2025-12-26,18.0,84.0,0.0
2025-12-26,19.0,81.0,0.0
2025-12-26,19.0,82.0,0.0
2025-12-26,19.0,83.0,0.0
2025-12-26,19.0,84.0,0.0
2025-12-26,19.0,85.0,0.0
2025-12-26,20.0,81.0,0.0
2025-12-26,20.0,82.0,0.0
2025-12-26,20.0,83.0,0.0
2025-12-26,20.0,84.0,0.0
2025-12-26,20.0,85.0,0.0
2025-12-26,21.0,81.0,0.0
2025-12-26,21.0,82.0,0.0
2025-12-26,21.0,83.0,0.0
2025-12-26,21.0,84.0,0.0
2025-12-26,21.0,85.0,0.0
2025-12-26,22.0,81.0,0.0
2025-12-26,22.0,82.0,0.0
2025-12-26,22.0,83.0,0.0
2025-12-26,22.0,84.0,0.0
2025-12-26,22.0,85.0,0.0
2025-12-26,23.0,81.0,0.0
2025-12-26,23.0,82.0,0.0
2025-12-26,23.0,83.0,0.0
2025-12-26,23.0,84.0,0.0
2025-12-26,23.0,85.0,0.0
2025-12-26,24.0,81.0,0.0
2025-12-26,24.0,82.0,0.0
2025-12-26,24.0,83.0,0.0
2025-12-26,24.0,84.0,0.0
2025-12-26,24.0,85.0,0.0
2025-12-27,18.0,81.0,0.0
2025-12-27,18.0,82.0,0.0
2025-12-27,18.0,83.0,0.0
2025-12-27,18.0,84.0,0.0
2025-12-27,19.0,81.0,0.0
2025-12-27,19.0,82.0,0.0
2025-12-27,19.0,83.0,0.0
2025-12-27,19.0,84.0,0.0
2025-12-27,19.0,85.0,0.0
2025-12-27,20.0,81.0,0.0
2025-12-27,20.0,82.0,0.0
2025-12-27,20.0,83.0,0.0
2025-12-27,20.0,84.0,0.0
2025-12-27,20.0,85.0,0.0
2025-12-27,21.0,81.0,0.0
2025-12-27,21.0,82.0,0.0
2025-12-27,21.0,83.0,0.0
2025-12-27,21.0,84.0,0.0
2025-12-27,21.0,85.0,0.0
2025-12-27,22.0,81.0,0.0
2025-12-27,22.0,82.0,0.0
2025-12-27,22.0,83.0,0.0
2025-12-27,22.0,84.0,0.0
2025-12-27,22.0,85.0,0.0
2025-12-27,23.0,81.0,0.0
2025-12-27,23.0,82.0,0.0
2025-12-27,23.0,83.0,0.0
2025-12-27,23.0,84.0,0.0
2025-12-27,23.0,85.0,0.0
2025-12-27,24.0,81.0,0.0
2025-12-27,24.0,82.0,0.0
2025-12-27,24.0,83.0,0.0
2025-12-27,24.0,84.0,0.0
2025-12-27,24.0,85.0,0.0
2025-12-28,18.0,81.0,0.0
2025-12-28,18.0,82.0,0.0
2025-12-28,18.0,83.0,0.0
2025-12-28,18.0,84.0,0.0
2025-12-28,19.0,81.0,0.0
2025-12-28,19.0,82.0,0.0
2025-12-28,19.0,83.0,0.0
2025-12-28,19.0,84.0,0.0
2025-12-28,19.0,85.0,0.0
2025-12-28,20.0,81.0,0.0
2025-12-28,20.0,82.0,0.0
2025-12-28,20.0,83.0,0.0
2025-12-28,20.0,84.0,0.0
2025-12-28,20.0,85.0,0.0
2025-12-28,21.0,81.0,0.0
2025-12-28,21.0,82.0,0.0
2025-12-28,21.0,83.0,0.0
2025-12-28,21.0,84.0,0.0
2025-12-28,21.0,85.0,0.0
2025-12-28,22.0,81.0,0.0
2025-12-28,22.0,82.0,0.0
2025-12-28,22.0,83.0,0.0
2025-12-28,22.0,84.0,0.0
2025-12-28,22.0,85.0,0.0
2025-12-28,23.0,81.0,0.0
2025-12-28,23.0,82.0,0.0
2025-12-28,23.0,83.0,0.0
2025-12-28,23.0,84.0,0.0
2025-12-28,23.0,85.0,0.0
2025-12-28,24.0,81.0,0.0
2025-12-28,24.0,82.0,0.0
2025-12-28,24.0,83.0,0.0
2025-12-28,24.0,84.0,0.0
2025-12-28,24.0,85.0,0.0
2025-12-29,18.0,81.0,0.0
2025-12-29,18.0,82.0,0.0
2025-12-29,18.0,83.0,0.0
2025-12-29,18.0,84.0,0.0
2025-12-29,19.0,81.0,0.0
2025-12-29,19.0,82.0,0.0
2025-12-29,19.0,83.0,0.0
2025-12-29,19.0,84.0,0.0
2025-12-29,19.0,85.0,0.0
2025-12-29,20.0,81.0,0.0
2025-12-29,20.0,82.0,0.0
2025-12-29,20.0,83.0,0.0
2025-12-29,20.0,84.0,0.0
2025-12-29,20.0,85.0,0.0
2025-12-29,21.0,81.0,0.0
2025-12-29,21.0,82.0,0.0
2025-12-29,21.0,83.0,0.0
2025-12-29,21.0,84.0,0.0
2025-12-29,21.0,85.0,0.0
2025-12-29,22.0,81.0,0.0
2025-12-29,22.0,82.0,0.0
2025-12-29,22.0,83.0,0.0
2025-12-29,22.0,84.0,0.0
2025-12-29,22.0,85.0,0.0
2025-12-29,23.0,81.0,0.0
2025-12-29,23.0,82.0,0.0
2025-12-29,23.0,83.0,0.0
2025-12-29,23.0,84.0,0.0
2025-12-29,23.0,85.0,0.0
2025-12-29,24.0,81.0,0.0
2025-12-29,24.0,82.0,0.0
2025-12-29,24.0,83.0,0.0
2025-12-29,24.0,84.0,0.0
2025-12-29,24.0,85.0,0.0
2025-12-30,18.0,81.0,0.0
2025-12-30,18.0,82.0,0.0
2025-12-30,18.0,83.0,0.0
2025-12-30,18.0,84.0,0.0
2025-12-30,19.0,81.0,0.0
2025-12-30,19.0,82.0,0.0
2025-12-30,19.0,83.0,0.0
2025-12-30,19.0,84.0,0.0
2025-12-30,19.0,85.0,0.0
2025-12-30,20.0,81.0,0.0
2025-12-30,20.0,82.0,0.0
2025-12-30,20.0,83.0,0.0
2025-12-30,20.0,84.0,0.0
2025-12-30,20.0,85.0,0.0
2025-12-30,21.0,81.0,0.0
2025-12-30,21.0,82.0,0.0
2025-12-30,21.0,83.0,0.0
2025-12-30,21.0,84.0,0.0
2025-12-30,21.0,85.0,0.0
2025-12-30,22.0,81.0,0.0
2025-12-30,22.0,82.0,0.0
2025-12-30,22.0,83.0,0.0
2025-12-30,22.0,84.0,0.0
2025-12-30,22.0,85.0,0.0
2025-12-30,23.0,81.0,0.0
2025-12-30,23.0,82.0,0.0
2025-12-30,23.0,83.0,0.0
2025-12-30,23.0,84.0,0.0
2025-12-30,23.0,85.0,0.0
2025-12-30,24.0,81.0,0.0
2025-12-30,24.0,82.0,0.0
2025-12-30,24.0,83.0,0.0
2025-12-30,24.0,84.0,0.0
2025-12-30,24.0,85.0,0.0
2025-12-31,18.0,81.0,0.0
2025-12-31,18.0,82.0,0.0
2025-12-31,18.0,83.0,0.0
2025-12-31,18.0,84.0,0.0
2025-12-31,19.0,81.0,0.0
2025-12-31,19.0,82.0,0.0
2025-12-31,19.0,83.0,0.0
2025-12-31,19.0,84.0,0.0
2025-12-31,19.0,85.0,0.0
2025-12-31,20.0,81.0,0.0
2025-12-31,20.0,82.0,0.0
2025-12-31,20.0,83.0,0.0
2025-12-31,20.0,84.0,0.0
2025-12-31,20.0,85.0,0.0
2025-12-31,21.0,81.0,0.0
2025-12-31,21.0,82.0,0.0
2025-12-31,21.0,83.0,0.0
2025-12-31,21.0,84.0,0.0
2025-12-31,21.0,85.0,0.0
2025-12-31,22.0,81.0,0.0
2025-12-31,22.0,82.0,0.0
2025-12-31,22.0,83.0,0.0
2025-12-31,22.0,84.0,0.0
2025-12-31,22.0,85.0,0.0
2025-12-31,23.0,81.0,0.0
2025-12-31,23.0,82.0,0.0
2025-12-31,23.0,83.0,0.0
2025-12-31,23.0,84.0,0.0
2025-12-31,23.0,85.0,0.0
2025-12-31,24.0,81.0,0.0
2025-12-31,24.0,82.0,0.0
2025-12-31,24.0,83.0,0.0
2025-12-31,24.0,84.0,0.0
2025-12-31,24.0,85.0,0.0
