Date,Latitude,Longitude,Temperature_C
01-01-2025,17.5,80.5,29.682444
01-01-2025,17.5,81.5,28.988733
01-01-2025,17.5,82.5,28.400623
01-01-2025,17.5,83.5,27.761782
01-01-2025,17.5,84.5,
01-01-2025,18.5,80.5,29.257744
01-01-2025,18.5,81.5,28.42902
01-01-2025,18.5,82.5,28.106052
01-01-2025,18.5,83.5,27.578684
01-01-2025,18.5,84.5,27.480503
01-01-2025,19.5,80.5,28.39955
01-01-2025,19.5,81.5,28.341093
01-01-2025,19.5,82.5,27.48966
01-01-2025,19.5,83.5,27.853811
01-01-2025,19.5,84.5,27.383453
01-01-2025,20.5,80.5,27.33023
01-01-2025,20.5,81.5,26.346333
01-01-2025,20.5,82.5,27.618925
01-01-2025,20.5,83.5,27.27146
01-01-2025,20.5,84.5,27.081587
01-01-2025,21.5,80.5,25.321692
01-01-2025,21.5,81.5,25.840456
01-01-2025,21.5,82.5,25.796612
01-01-2025,21.5,83.5,26.561546
01-01-2025,21.5,84.5,26.371384
01-01-2025,22.5,80.5,23.267035
01-01-2025,22.5,81.5,24.378897
01-01-2025,22.5,82.5,24.445892
01-01-2025,22.5,83.5,24.205248
01-01-2025,22.5,84.5,25.161306
01-01-2025,23.5,80.5,22.035053
01-01-2025,23.5,81.5,21.111872
01-01-2025,23.5,82.5,22.498806
01-01-2025,23.5,83.5,22.904165
01-01-2025,23.5,84.5,22.991135
01-01-2025,24.5,80.5,20.225384
01-01-2025,24.5,81.5,19.5345
01-01-2025,24.5,82.5,19.42628
01-01-2025,24.5,83.5,19.108028
01-01-2025,24.5,84.5,18.969683
02-01-2025,17.5,80.5,28.715992
02-01-2025,17.5,81.5,28.030483
02-01-2025,17.5,82.5,27.393988
02-01-2025,17.5,83.5,27.088507
02-01-2025,17.5,84.5,
02-01-2025,18.5,80.5,28.832413
02-01-2025,18.5,81.5,28.033869
02-01-2025,18.5,82.5,27.30187
02-01-2025,18.5,83.5,27.020699
02-01-2025,18.5,84.5,27.078867
02-01-2025,19.5,80.5,28.811249
02-01-2025,19.5,81.5,27.925322
02-01-2025,19.5,82.5,27.46386
02-01-2025,19.5,83.5,27.57221
02-01-2025,19.5,84.5,27.1725
02-01-2025,20.5,80.5,28.174377
02-01-2025,20.5,81.5,28.461592
02-01-2025,20.5,82.5,28.299582
02-01-2025,20.5,83.5,27.883291
02-01-2025,20.5,84.5,27.12283
02-01-2025,21.5,80.5,26.996897
02-01-2025,21.5,81.5,27.73736
02-01-2025,21.5,82.5,28.234562
02-01-2025,21.5,83.5,27.594566
02-01-2025,21.5,84.5,26.814032
02-01-2025,22.5,80.5,25.702724
02-01-2025,22.5,81.5,26.787369
02-01-2025,22.5,82.5,26.60227
02-01-2025,22.5,83.5,25.468315
02-01-2025,22.5,84.5,25.31807
02-01-2025,23.5,80.5,24.473919
02-01-2025,23.5,81.5,22.997204
02-01-2025,23.5,82.5,24.444937
02-01-2025,23.5,83.5,24.431578
02-01-2025,23.5,84.5,23.050497
02-01-2025,24.5,80.5,22.531721
02-01-2025,24.5,81.5,21.439966
02-01-2025,24.5,82.5,20.905926
02-01-2025,24.5,83.5,20.265974
02-01-2025,24.5,84.5,19.951023
03-01-2025,17.5,80.5,29.671492
03-01-2025,17.5,81.5,28.871185
03-01-2025,17.5,82.5,28.156918
03-01-2025,17.5,83.5,27.50075
03-01-2025,17.5,84.5,
03-01-2025,18.5,80.5,29.663591
03-01-2025,18.5,81.5,29.055338
03-01-2025,18.5,82.5,28.288576
03-01-2025,18.5,83.5,27.348396
03-01-2025,18.5,84.5,27.384386
03-01-2025,19.5,80.5,30.289991
03-01-2025,19.5,81.5,29.146238
03-01-2025,19.5,82.5,28.057049
03-01-2025,19.5,83.5,27.936966
03-01-2025,19.5,84.5,27.572374
03-01-2025,20.5,80.5,29.101545
03-01-2025,20.5,81.5,29.47753
03-01-2025,20.5,82.5,28.791788
03-01-2025,20.5,83.5,28.247787
03-01-2025,20.5,84.5,27.44585
03-01-2025,21.5,80.5,27.96987
03-01-2025,21.5,81.5,28.749678
03-01-2025,21.5,82.5,28.736065
03-01-2025,21.5,83.5,27.62981
03-01-2025,21.5,84.5,27.070873
03-01-2025,22.5,80.5,26.665806
03-01-2025,22.5,81.5,27.55895
03-01-2025,22.5,82.5,26.884369
03-01-2025,22.5,83.5,26.131187
03-01-2025,22.5,84.5,26.030941
03-01-2025,23.5,80.5,24.899584
03-01-2025,23.5,81.5,23.27129
03-01-2025,23.5,82.5,24.356134
03-01-2025,23.5,83.5,24.474386
03-01-2025,23.5,84.5,24.053293
03-01-2025,24.5,80.5,22.866505
03-01-2025,24.5,81.5,21.75125
03-01-2025,24.5,82.5,21.518238
03-01-2025,24.5,83.5,20.842587
03-01-2025,24.5,84.5,21.06874
04-01-2025,17.5,80.5,29.704863
04-01-2025,17.5,81.5,28.723814
04-01-2025,17.5,82.5,27.899904
04-01-2025,17.5,83.5,27.43797
04-01-2025,17.5,84.5,
04-01-2025,18.5,80.5,29.569284
04-01-2025,18.5,81.5,28.622036
04-01-2025,18.5,82.5,28.07986
04-01-2025,18.5,83.5,27.305288
04-01-2025,18.5,84.5,27.528439
04-01-2025,19.5,80.5,29.975763
04-01-2025,19.5,81.5,28.757843
04-01-2025,19.5,82.5,27.516119
04-01-2025,19.5,83.5,27.643694
04-01-2025,19.5,84.5,27.443756
04-01-2025,20.5,80.5,29.757433
04-01-2025,20.5,81.5,29.05595
04-01-2025,20.5,82.5,28.221426
04-01-2025,20.5,83.5,28.126844
04-01-2025,20.5,84.5,27.51516
04-01-2025,21.5,80.5,28.37104
04-01-2025,21.5,81.5,28.594778
04-01-2025,21.5,82.5,28.295492
04-01-2025,21.5,83.5,27.977032
04-01-2025,21.5,84.5,27.430857
04-01-2025,22.5,80.5,27.350138
04-01-2025,22.5,81.5,27.028585
04-01-2025,22.5,82.5,27.00446
04-01-2025,22.5,83.5,25.36976
04-01-2025,22.5,84.5,25.840542
04-01-2025,23.5,80.5,25.641207
04-01-2025,23.5,81.5,23.676857
04-01-2025,23.5,82.5,24.61261
04-01-2025,23.5,83.5,24.719006
04-01-2025,23.5,84.5,24.096115
04-01-2025,24.5,80.5,23.190441
04-01-2025,24.5,81.5,21.860888
04-01-2025,24.5,82.5,20.961956
04-01-2025,24.5,83.5,20.126501
04-01-2025,24.5,84.5,20.399559
05-01-2025,17.5,80.5,28.863106
05-01-2025,17.5,81.5,28.224571
05-01-2025,17.5,82.5,27.60593
05-01-2025,17.5,83.5,27.520634
05-01-2025,17.5,84.5,
05-01-2025,18.5,80.5,28.917854
05-01-2025,18.5,81.5,28.089624
05-01-2025,18.5,82.5,27.601519
05-01-2025,18.5,83.5,27.511383
05-01-2025,18.5,84.5,27.726496
05-01-2025,19.5,80.5,29.28799
05-01-2025,19.5,81.5,28.204695
05-01-2025,19.5,82.5,27.622845
05-01-2025,19.5,83.5,27.99083
05-01-2025,19.5,84.5,27.804409
05-01-2025,20.5,80.5,28.68963
05-01-2025,20.5,81.5,28.783318
05-01-2025,20.5,82.5,29.224775
05-01-2025,20.5,83.5,29.053316
05-01-2025,20.5,84.5,27.940931
05-01-2025,21.5,80.5,27.801517
05-01-2025,21.5,81.5,28.760248
05-01-2025,21.5,82.5,28.742273
05-01-2025,21.5,83.5,28.786032
05-01-2025,21.5,84.5,28.172033
05-01-2025,22.5,80.5,26.60136
05-01-2025,22.5,81.5,27.164186
05-01-2025,22.5,82.5,26.896765
05-01-2025,22.5,83.5,26.73225
05-01-2025,22.5,84.5,27.524483
05-01-2025,23.5,80.5,24.543541
05-01-2025,23.5,81.5,22.95899
05-01-2025,23.5,82.5,24.156502
05-01-2025,23.5,83.5,25.389849
05-01-2025,23.5,84.5,26.10947
05-01-2025,24.5,80.5,20.604132
05-01-2025,24.5,81.5,20.219416
05-01-2025,24.5,82.5,21.33195
05-01-2025,24.5,83.5,21.08391
05-01-2025,24.5,84.5,22.33765
06-01-2025,17.5,80.5,28.623508
06-01-2025,17.5,81.5,28.066298
06-01-2025,17.5,82.5,27.76195
06-01-2025,17.5,83.5,27.494678
06-01-2025,17.5,84.5,
06-01-2025,18.5,80.5,28.677998
06-01-2025,18.5,81.5,27.94678
06-01-2025,18.5,82.5,27.577694
06-01-2025,18.5,83.5,27.401857
06-01-2025,18.5,84.5,27.651192
06-01-2025,19.5,80.5,29.008657
06-01-2025,19.5,81.5,28.048466
06-01-2025,19.5,82.5,27.440342
06-01-2025,19.5,83.5,27.882109
06-01-2025,19.5,84.5,27.698189
06-01-2025,20.5,80.5,28.792603
06-01-2025,20.5,81.5,28.44303
06-01-2025,20.5,82.5,28.63759
06-01-2025,20.5,83.5,28.450722
06-01-2025,20.5,84.5,27.803486
06-01-2025,21.5,80.5,28.222448
06-01-2025,21.5,81.5,28.6757
06-01-2025,21.5,82.5,28.904495
06-01-2025,21.5,83.5,28.572254
06-01-2025,21.5,84.5,28.145948
06-01-2025,22.5,80.5,26.833746
06-01-2025,22.5,81.5,27.007814
06-01-2025,22.5,82.5,27.017244
06-01-2025,22.5,83.5,27.362213
06-01-2025,22.5,84.5,27.267076
06-01-2025,23.5,80.5,24.434704
06-01-2025,23.5,81.5,23.304829
06-01-2025,23.5,82.5,24.638702
06-01-2025,23.5,83.5,26.038525
06-01-2025,23.5,84.5,26.7285
06-01-2025,24.5,80.5,21.26126
06-01-2025,24.5,81.5,20.988758
06-01-2025,24.5,82.5,23.28819
06-01-2025,24.5,83.5,23.785013
06-01-2025,24.5,84.5,24.318638
07-01-2025,17.5,80.5,29.283836
07-01-2025,17.5,81.5,28.853148
07-01-2025,17.5,82.5,28.674234
07-01-2025,17.5,83.5,28.596842
07-01-2025,17.5,84.5,
07-01-2025,18.5,80.5,29.098309
07-01-2025,18.5,81.5,28.837177
07-01-2025,18.5,82.5,28.388018
07-01-2025,18.5,83.5,28.372742
07-01-2025,18.5,84.5,28.693714
07-01-2025,19.5,80.5,28.534529
07-01-2025,19.5,81.5,28.629036
07-01-2025,19.5,82.5,28.446115
07-01-2025,19.5,83.5,28.880968
07-01-2025,19.5,84.5,28.802332
07-01-2025,20.5,80.5,27.315474
07-01-2025,20.5,81.5,27.261078
07-01-2025,20.5,82.5,28.561272
07-01-2025,20.5,83.5,28.377695
07-01-2025,20.5,84.5,28.928493
07-01-2025,21.5,80.5,25.353111
07-01-2025,21.5,81.5,26.46722
07-01-2025,21.5,82.5,26.226269
07-01-2025,21.5,83.5,27.254875
07-01-2025,21.5,84.5,28.353964
07-01-2025,22.5,80.5,23.749767
07-01-2025,22.5,81.5,24.98628
07-01-2025,22.5,82.5,24.560877
07-01-2025,22.5,83.5,24.9049
07-01-2025,22.5,84.5,26.086428
07-01-2025,23.5,80.5,22.169632
07-01-2025,23.5,81.5,20.685339
07-01-2025,23.5,82.5,22.058327
07-01-2025,23.5,83.5,22.93803
07-01-2025,23.5,84.5,24.43384
07-01-2025,24.5,80.5,20.05594
07-01-2025,24.5,81.5,18.796614
07-01-2025,24.5,82.5,18.937449
07-01-2025,24.5,83.5,18.700533
07-01-2025,24.5,84.5,20.119574
08-01-2025,17.5,80.5,29.071573
08-01-2025,17.5,81.5,28.987188
08-01-2025,17.5,82.5,28.336382
08-01-2025,17.5,83.5,28.007854
08-01-2025,17.5,84.5,
08-01-2025,18.5,80.5,28.63297
08-01-2025,18.5,81.5,28.409653
08-01-2025,18.5,82.5,27.779634
08-01-2025,18.5,83.5,27.609121
08-01-2025,18.5,84.5,27.59517
08-01-2025,19.5,80.5,27.967995
08-01-2025,19.5,81.5,28.123127
08-01-2025,19.5,82.5,27.300486
08-01-2025,19.5,83.5,27.869911
08-01-2025,19.5,84.5,27.504553
08-01-2025,20.5,80.5,26.519505
08-01-2025,20.5,81.5,26.459263
08-01-2025,20.5,82.5,27.670547
08-01-2025,20.5,83.5,27.469961
08-01-2025,20.5,84.5,27.3801
08-01-2025,21.5,80.5,25.20773
08-01-2025,21.5,81.5,26.149437
08-01-2025,21.5,82.5,26.263763
08-01-2025,21.5,83.5,26.728733
08-01-2025,21.5,84.5,27.109781
08-01-2025,22.5,80.5,24.066778
08-01-2025,22.5,81.5,24.88953
08-01-2025,22.5,82.5,24.884066
08-01-2025,22.5,83.5,24.822578
08-01-2025,22.5,84.5,25.769274
08-01-2025,23.5,80.5,23.363722
08-01-2025,23.5,81.5,22.162739
08-01-2025,23.5,82.5,22.994223
08-01-2025,23.5,83.5,23.580475
08-01-2025,23.5,84.5,23.532967
08-01-2025,24.5,80.5,21.882996
08-01-2025,24.5,81.5,20.288534
08-01-2025,24.5,82.5,19.896896
08-01-2025,24.5,83.5,19.123264
08-01-2025,24.5,84.5,19.508274
09-01-2025,17.5,80.5,28.180786
09-01-2025,17.5,81.5,28.01894
09-01-2025,17.5,82.5,27.33671
09-01-2025,17.5,83.5,26.858551
09-01-2025,17.5,84.5,
09-01-2025,18.5,80.5,28.017454
09-01-2025,18.5,81.5,27.697989
09-01-2025,18.5,82.5,27.362837
09-01-2025,18.5,83.5,27.168966
09-01-2025,18.5,84.5,27.181145
09-01-2025,19.5,80.5,27.957014
09-01-2025,19.5,81.5,28.172928
09-01-2025,19.5,82.5,27.087326
09-01-2025,19.5,83.5,27.110077
09-01-2025,19.5,84.5,26.943373
09-01-2025,20.5,80.5,27.725277
09-01-2025,20.5,81.5,27.199022
09-01-2025,20.5,82.5,27.660967
09-01-2025,20.5,83.5,27.427729
09-01-2025,20.5,84.5,26.778126
09-01-2025,21.5,80.5,26.597105
09-01-2025,21.5,81.5,27.16456
09-01-2025,21.5,82.5,27.064283
09-01-2025,21.5,83.5,26.844545
09-01-2025,21.5,84.5,26.002657
09-01-2025,22.5,80.5,25.470144
09-01-2025,22.5,81.5,26.08134
09-01-2025,22.5,82.5,26.069998
09-01-2025,22.5,83.5,25.044252
09-01-2025,22.5,84.5,24.618866
09-01-2025,23.5,80.5,24.906946
09-01-2025,23.5,81.5,23.778725
09-01-2025,23.5,82.5,24.53877
09-01-2025,23.5,83.5,24.0493
09-01-2025,23.5,84.5,22.761503
09-01-2025,24.5,80.5,23.904572
09-01-2025,24.5,81.5,22.84957
09-01-2025,24.5,82.5,21.313488
09-01-2025,24.5,83.5,20.553822
09-01-2025,24.5,84.5,19.877048
10-01-2025,17.5,80.5,28.36301
10-01-2025,17.5,81.5,27.883625
10-01-2025,17.5,82.5,27.571024
10-01-2025,17.5,83.5,27.055677
10-01-2025,17.5,84.5,
10-01-2025,18.5,80.5,28.33542
10-01-2025,18.5,81.5,28.085363
10-01-2025,18.5,82.5,27.46126
10-01-2025,18.5,83.5,26.916712
10-01-2025,18.5,84.5,26.824244
10-01-2025,19.5,80.5,28.913754
10-01-2025,19.5,81.5,28.110126
10-01-2025,19.5,82.5,27.217285
10-01-2025,19.5,83.5,27.314177
10-01-2025,19.5,84.5,26.96728
10-01-2025,20.5,80.5,28.313423
10-01-2025,20.5,81.5,28.321104
10-01-2025,20.5,82.5,28.576838
10-01-2025,20.5,83.5,28.034983
10-01-2025,20.5,84.5,26.814323
10-01-2025,21.5,80.5,27.520973
10-01-2025,21.5,81.5,28.65504
10-01-2025,21.5,82.5,28.899284
10-01-2025,21.5,83.5,27.778397
10-01-2025,21.5,84.5,26.560518
10-01-2025,22.5,80.5,26.603863
10-01-2025,22.5,81.5,27.579027
10-01-2025,22.5,82.5,27.257177
10-01-2025,22.5,83.5,26.642029
10-01-2025,22.5,84.5,25.306185
10-01-2025,23.5,80.5,25.943632
10-01-2025,23.5,81.5,24.875679
10-01-2025,23.5,82.5,25.567759
10-01-2025,23.5,83.5,25.669931
10-01-2025,23.5,84.5,23.608614
10-01-2025,24.5,80.5,24.422287
10-01-2025,24.5,81.5,24.126608
10-01-2025,24.5,82.5,23.402294
10-01-2025,24.5,83.5,22.800657
10-01-2025,24.5,84.5,22.646055
11-01-2025,17.5,80.5,28.682074
11-01-2025,17.5,81.5,28.48059
11-01-2025,17.5,82.5,27.906021
11-01-2025,17.5,83.5,27.535822
11-01-2025,17.5,84.5,
11-01-2025,18.5,80.5,28.498394
11-01-2025,18.5,81.5,28.141819
11-01-2025,18.5,82.5,27.801285
11-01-2025,18.5,83.5,27.213926
11-01-2025,18.5,84.5,27.29979
11-01-2025,19.5,80.5,28.868208
11-01-2025,19.5,81.5,28.131947
11-01-2025,19.5,82.5,27.203379
11-01-2025,19.5,83.5,27.571835
11-01-2025,19.5,84.5,27.362894
11-01-2025,20.5,80.5,28.493105
11-01-2025,20.5,81.5,28.621477
11-01-2025,20.5,82.5,28.692272
11-01-2025,20.5,83.5,28.436749
11-01-2025,20.5,84.5,27.421846
11-01-2025,21.5,80.5,27.973734
11-01-2025,21.5,81.5,28.918652
11-01-2025,21.5,82.5,29.694248
11-01-2025,21.5,83.5,28.52869
11-01-2025,21.5,84.5,27.052786
11-01-2025,22.5,80.5,27.141064
11-01-2025,22.5,81.5,27.95736
11-01-2025,22.5,82.5,28.187057
11-01-2025,22.5,83.5,27.418756
11-01-2025,22.5,84.5,26.595028
11-01-2025,23.5,80.5,26.652214
11-01-2025,23.5,81.5,26.358252
11-01-2025,23.5,82.5,26.649557
11-01-2025,23.5,83.5,26.91798
11-01-2025,23.5,84.5,25.519224
11-01-2025,24.5,80.5,25.576889
11-01-2025,24.5,81.5,25.419928
11-01-2025,24.5,82.5,25.152433
11-01-2025,24.5,83.5,24.572712
11-01-2025,24.5,84.5,24.31167
12-01-2025,17.5,80.5,28.743351
12-01-2025,17.5,81.5,28.801065
12-01-2025,17.5,82.5,28.254837
12-01-2025,17.5,83.5,28.001417
12-01-2025,17.5,84.5,
12-01-2025,18.5,80.5,28.62397
12-01-2025,18.5,81.5,28.488361
12-01-2025,18.5,82.5,28.192667
12-01-2025,18.5,83.5,27.871897
12-01-2025,18.5,84.5,27.955643
12-01-2025,19.5,80.5,28.546087
12-01-2025,19.5,81.5,28.675758
12-01-2025,19.5,82.5,27.667826
12-01-2025,19.5,83.5,28.019863
12-01-2025,19.5,84.5,27.70207
12-01-2025,20.5,80.5,27.42377
12-01-2025,20.5,81.5,27.716183
12-01-2025,20.5,82.5,28.91568
12-01-2025,20.5,83.5,28.59147
12-01-2025,20.5,84.5,27.823359
12-01-2025,21.5,80.5,25.201845
12-01-2025,21.5,81.5,27.060637
12-01-2025,21.5,82.5,27.872942
12-01-2025,21.5,83.5,28.879631
12-01-2025,21.5,84.5,27.794344
12-01-2025,22.5,80.5,23.581327
12-01-2025,22.5,81.5,25.567093
12-01-2025,22.5,82.5,26.391039
12-01-2025,22.5,83.5,27.233286
12-01-2025,22.5,84.5,27.4484
12-01-2025,23.5,80.5,22.388329
12-01-2025,23.5,81.5,23.260994
12-01-2025,23.5,82.5,24.657782
12-01-2025,23.5,83.5,26.748493
12-01-2025,23.5,84.5,27.2214
12-01-2025,24.5,80.5,21.698408
12-01-2025,24.5,81.5,21.757347
12-01-2025,24.5,82.5,23.769146
12-01-2025,24.5,83.5,25.123281
12-01-2025,24.5,84.5,26.253044
13-01-2025,17.5,80.5,29.388275
13-01-2025,17.5,81.5,29.116713
13-01-2025,17.5,82.5,28.667904
13-01-2025,17.5,83.5,28.386076
13-01-2025,17.5,84.5,
13-01-2025,18.5,80.5,29.050203
13-01-2025,18.5,81.5,28.544579
13-01-2025,18.5,82.5,28.569393
13-01-2025,18.5,83.5,28.560995
13-01-2025,18.5,84.5,28.603548
13-01-2025,19.5,80.5,27.5636
13-01-2025,19.5,81.5,28.448769
13-01-2025,19.5,82.5,27.79815
13-01-2025,19.5,83.5,28.704176
13-01-2025,19.5,84.5,28.789942
13-01-2025,20.5,80.5,25.125427
13-01-2025,20.5,81.5,25.691399
13-01-2025,20.5,82.5,27.738926
13-01-2025,20.5,83.5,27.928709
13-01-2025,20.5,84.5,28.899734
13-01-2025,21.5,80.5,23.19813
13-01-2025,21.5,81.5,24.811394
13-01-2025,21.5,82.5,25.049866
13-01-2025,21.5,83.5,26.85677
13-01-2025,21.5,84.5,27.71003
13-01-2025,22.5,80.5,21.567503
13-01-2025,22.5,81.5,23.042233
13-01-2025,22.5,82.5,23.012646
13-01-2025,22.5,83.5,24.389336
13-01-2025,22.5,84.5,24.563217
13-01-2025,23.5,80.5,21.011171
13-01-2025,23.5,81.5,20.722635
13-01-2025,23.5,82.5,22.418713
13-01-2025,23.5,83.5,23.606413
13-01-2025,23.5,84.5,24.379404
13-01-2025,24.5,80.5,20.540937
13-01-2025,24.5,81.5,19.9373
13-01-2025,24.5,82.5,21.646729
13-01-2025,24.5,83.5,21.847788
13-01-2025,24.5,84.5,23.062536
14-01-2025,17.5,80.5,29.712976
14-01-2025,17.5,81.5,29.692694
14-01-2025,17.5,82.5,28.965614
14-01-2025,17.5,83.5,28.687675
14-01-2025,17.5,84.5,
14-01-2025,18.5,80.5,29.616423
14-01-2025,18.5,81.5,29.127539
14-01-2025,18.5,82.5,28.975672
14-01-2025,18.5,83.5,28.442633
14-01-2025,18.5,84.5,28.362858
14-01-2025,19.5,80.5,28.838888
14-01-2025,19.5,81.5,29.00164
14-01-2025,19.5,82.5,27.9033
14-01-2025,19.5,83.5,28.695322
14-01-2025,19.5,84.5,28.313164
14-01-2025,20.5,80.5,26.956045
14-01-2025,20.5,81.5,27.263279
14-01-2025,20.5,82.5,28.461353
14-01-2025,20.5,83.5,28.547544
14-01-2025,20.5,84.5,28.239304
14-01-2025,21.5,80.5,25.307186
14-01-2025,21.5,81.5,26.13472
14-01-2025,21.5,82.5,26.902195
14-01-2025,21.5,83.5,28.159334
14-01-2025,21.5,84.5,27.42898
14-01-2025,22.5,80.5,23.820936
14-01-2025,22.5,81.5,24.893063
14-01-2025,22.5,82.5,25.224283
14-01-2025,22.5,83.5,25.819464
14-01-2025,22.5,84.5,26.174215
14-01-2025,23.5,80.5,22.058985
14-01-2025,23.5,81.5,21.252695
14-01-2025,23.5,82.5,22.670433
14-01-2025,23.5,83.5,24.041027
14-01-2025,23.5,84.5,24.380806
14-01-2025,24.5,80.5,20.907259
14-01-2025,24.5,81.5,19.993483
14-01-2025,24.5,82.5,20.248085
14-01-2025,24.5,83.5,20.196423
14-01-2025,24.5,84.5,21.16411
15-01-2025,17.5,80.5,28.757189
15-01-2025,17.5,81.5,28.739082
15-01-2025,17.5,82.5,27.958742
15-01-2025,17.5,83.5,27.69651
15-01-2025,17.5,84.5,
15-01-2025,18.5,80.5,28.033003
15-01-2025,18.5,81.5,27.538673
15-01-2025,18.5,82.5,27.965574
15-01-2025,18.5,83.5,27.49947
15-01-2025,18.5,84.5,27.528345
15-01-2025,19.5,80.5,27.5206
15-01-2025,19.5,81.5,27.52702
15-01-2025,19.5,82.5,26.340366
15-01-2025,19.5,83.5,27.62587
15-01-2025,19.5,84.5,27.362972
15-01-2025,20.5,80.5,26.943712
15-01-2025,20.5,81.5,26.599724
15-01-2025,20.5,82.5,27.42102
15-01-2025,20.5,83.5,28.013609
15-01-2025,20.5,84.5,27.43387
15-01-2025,21.5,80.5,26.249422
15-01-2025,21.5,81.5,26.94556
15-01-2025,21.5,82.5,27.120684
15-01-2025,21.5,83.5,27.309832
15-01-2025,21.5,84.5,26.664343
15-01-2025,22.5,80.5,25.635626
15-01-2025,22.5,81.5,25.745975
15-01-2025,22.5,82.5,25.437109
15-01-2025,22.5,83.5,24.738155
15-01-2025,22.5,84.5,24.44317
15-01-2025,23.5,80.5,23.4544
15-01-2025,23.5,81.5,21.816502
15-01-2025,23.5,82.5,22.707445
15-01-2025,23.5,83.5,22.915585
15-01-2025,23.5,84.5,22.379318
15-01-2025,24.5,80.5,20.916721
15-01-2025,24.5,81.5,20.541359
15-01-2025,24.5,82.5,19.296503
15-01-2025,24.5,83.5,18.757301
15-01-2025,24.5,84.5,19.975288
16-01-2025,17.5,80.5,28.654173
16-01-2025,17.5,81.5,28.520376
16-01-2025,17.5,82.5,27.777666
16-01-2025,17.5,83.5,27.540241
16-01-2025,17.5,84.5,
16-01-2025,18.5,80.5,28.553007
16-01-2025,18.5,81.5,27.909552
16-01-2025,18.5,82.5,27.77215
16-01-2025,18.5,83.5,27.530083
16-01-2025,18.5,84.5,27.647259
16-01-2025,19.5,80.5,27.655186
16-01-2025,19.5,81.5,27.873291
16-01-2025,19.5,82.5,27.191797
16-01-2025,19.5,83.5,27.961973
16-01-2025,19.5,84.5,27.683317
16-01-2025,20.5,80.5,26.754414
16-01-2025,20.5,81.5,26.82084
16-01-2025,20.5,82.5,27.800589
16-01-2025,20.5,83.5,27.874458
16-01-2025,20.5,84.5,27.842335
16-01-2025,21.5,80.5,26.360771
16-01-2025,21.5,81.5,26.737362
16-01-2025,21.5,82.5,26.613031
16-01-2025,21.5,83.5,26.821331
16-01-2025,21.5,84.5,27.276443
16-01-2025,22.5,80.5,25.541918
16-01-2025,22.5,81.5,25.623667
16-01-2025,22.5,82.5,25.056486
16-01-2025,22.5,83.5,24.505539
16-01-2025,22.5,84.5,24.32293
16-01-2025,23.5,80.5,23.839703
16-01-2025,23.5,81.5,22.227472
16-01-2025,23.5,82.5,23.550663
16-01-2025,23.5,83.5,23.503742
16-01-2025,23.5,84.5,23.326866
16-01-2025,24.5,80.5,20.693312
16-01-2025,24.5,81.5,20.728497
16-01-2025,24.5,82.5,20.715229
16-01-2025,24.5,83.5,20.017624
16-01-2025,24.5,84.5,20.01459
17-01-2025,17.5,80.5,28.470156
17-01-2025,17.5,81.5,27.9878
17-01-2025,17.5,82.5,27.195179
17-01-2025,17.5,83.5,27.077377
17-01-2025,17.5,84.5,
17-01-2025,18.5,80.5,28.459509
17-01-2025,18.5,81.5,27.69431
17-01-2025,18.5,82.5,27.28719
17-01-2025,18.5,83.5,27.057636
17-01-2025,18.5,84.5,27.177742
17-01-2025,19.5,80.5,27.851578
17-01-2025,19.5,81.5,27.80395
17-01-2025,19.5,82.5,26.764372
17-01-2025,19.5,83.5,27.53248
17-01-2025,19.5,84.5,27.268291
17-01-2025,20.5,80.5,26.54143
17-01-2025,20.5,81.5,26.535028
17-01-2025,20.5,82.5,27.052456
17-01-2025,20.5,83.5,27.31109
17-01-2025,20.5,84.5,27.549244
17-01-2025,21.5,80.5,25.288702
17-01-2025,21.5,81.5,25.595894
17-01-2025,21.5,82.5,25.682316
17-01-2025,21.5,83.5,26.57068
17-01-2025,21.5,84.5,26.90869
17-01-2025,22.5,80.5,23.94482
17-01-2025,22.5,81.5,24.78081
17-01-2025,22.5,82.5,24.321468
17-01-2025,22.5,83.5,24.367023
17-01-2025,22.5,84.5,24.71573
17-01-2025,23.5,80.5,22.65614
17-01-2025,23.5,81.5,22.206127
17-01-2025,23.5,82.5,23.344093
17-01-2025,23.5,83.5,24.096882
17-01-2025,23.5,84.5,24.490318
17-01-2025,24.5,80.5,22.025537
17-01-2025,24.5,81.5,22.225618
17-01-2025,24.5,82.5,21.72765
17-01-2025,24.5,83.5,21.219965
17-01-2025,24.5,84.5,21.305353
18-01-2025,17.5,80.5,28.918436
18-01-2025,17.5,81.5,28.639256
18-01-2025,17.5,82.5,27.79322
18-01-2025,17.5,83.5,27.43257
18-01-2025,17.5,84.5,
18-01-2025,18.5,80.5,28.797396
18-01-2025,18.5,81.5,28.22056
18-01-2025,18.5,82.5,27.760458
18-01-2025,18.5,83.5,27.390049
18-01-2025,18.5,84.5,27.472214
18-01-2025,19.5,80.5,28.514404
18-01-2025,19.5,81.5,28.43325
18-01-2025,19.5,82.5,27.332956
18-01-2025,19.5,83.5,27.92918
18-01-2025,19.5,84.5,27.789293
18-01-2025,20.5,80.5,27.699057
18-01-2025,20.5,81.5,28.14766
18-01-2025,20.5,82.5,28.692513
18-01-2025,20.5,83.5,28.666794
18-01-2025,20.5,84.5,28.123035
18-01-2025,21.5,80.5,27.145945
18-01-2025,21.5,81.5,28.018688
18-01-2025,21.5,82.5,28.61415
18-01-2025,21.5,83.5,28.643105
18-01-2025,21.5,84.5,27.75185
18-01-2025,22.5,80.5,26.583662
18-01-2025,22.5,81.5,27.12293
18-01-2025,22.5,82.5,27.33404
18-01-2025,22.5,83.5,27.529985
18-01-2025,22.5,84.5,27.12494
18-01-2025,23.5,80.5,25.210026
18-01-2025,23.5,81.5,24.65249
18-01-2025,23.5,82.5,25.833364
18-01-2025,23.5,83.5,26.877829
18-01-2025,23.5,84.5,26.861994
18-01-2025,24.5,80.5,22.825506
18-01-2025,24.5,81.5,22.829819
18-01-2025,24.5,82.5,24.695732
18-01-2025,24.5,83.5,24.154352
18-01-2025,24.5,84.5,24.567852
19-01-2025,17.5,80.5,30.247982
19-01-2025,17.5,81.5,29.57263
19-01-2025,17.5,82.5,28.82175
19-01-2025,17.5,83.5,28.674465
19-01-2025,17.5,84.5,
19-01-2025,18.5,80.5,29.788876
19-01-2025,18.5,81.5,29.129591
19-01-2025,18.5,82.5,28.796236
19-01-2025,18.5,83.5,28.56088
19-01-2025,18.5,84.5,28.634077
19-01-2025,19.5,80.5,29.538755
19-01-2025,19.5,81.5,29.30439
19-01-2025,19.5,82.5,28.371851
19-01-2025,19.5,83.5,29.11657
19-01-2025,19.5,84.5,28.953176
19-01-2025,20.5,80.5,28.706526
19-01-2025,20.5,81.5,29.146822
19-01-2025,20.5,82.5,29.888317
19-01-2025,20.5,83.5,29.93096
19-01-2025,20.5,84.5,29.119497
19-01-2025,21.5,80.5,27.908615
19-01-2025,21.5,81.5,29.175076
19-01-2025,21.5,82.5,29.820732
19-01-2025,21.5,83.5,30.073135
19-01-2025,21.5,84.5,28.92989
19-01-2025,22.5,80.5,27.539888
19-01-2025,22.5,81.5,28.20181
19-01-2025,22.5,82.5,28.769745
19-01-2025,22.5,83.5,28.735712
19-01-2025,22.5,84.5,28.251116
19-01-2025,23.5,80.5,26.504963
19-01-2025,23.5,81.5,25.685587
19-01-2025,23.5,82.5,26.933788
19-01-2025,23.5,83.5,27.52445
19-01-2025,23.5,84.5,26.900888
19-01-2025,24.5,80.5,25.41879
19-01-2025,24.5,81.5,24.24245
19-01-2025,24.5,82.5,24.157356
19-01-2025,24.5,83.5,23.784342
19-01-2025,24.5,84.5,24.187777
20-01-2025,17.5,80.5,30.626099
20-01-2025,17.5,81.5,30.109467
20-01-2025,17.5,82.5,29.700039
20-01-2025,17.5,83.5,30.00022
20-01-2025,17.5,84.5,
20-01-2025,18.5,80.5,30.244034
20-01-2025,18.5,81.5,29.854506
20-01-2025,18.5,82.5,29.891628
20-01-2025,18.5,83.5,29.938778
20-01-2025,18.5,84.5,30.164104
20-01-2025,19.5,80.5,29.96923
20-01-2025,19.5,81.5,30.159065
20-01-2025,19.5,82.5,29.63819
20-01-2025,19.5,83.5,30.623251
20-01-2025,19.5,84.5,30.439854
20-01-2025,20.5,80.5,29.325045
20-01-2025,20.5,81.5,29.922987
20-01-2025,20.5,82.5,30.791199
20-01-2025,20.5,83.5,31.05468
20-01-2025,20.5,84.5,30.627323
20-01-2025,21.5,80.5,28.673803
20-01-2025,21.5,81.5,29.654747
20-01-2025,21.5,82.5,30.796196
20-01-2025,21.5,83.5,31.08539
20-01-2025,21.5,84.5,29.690994
20-01-2025,22.5,80.5,28.55198
20-01-2025,22.5,81.5,28.967098
20-01-2025,22.5,82.5,29.625685
20-01-2025,22.5,83.5,29.392189
20-01-2025,22.5,84.5,29.056107
20-01-2025,23.5,80.5,27.803139
20-01-2025,23.5,81.5,27.582497
20-01-2025,23.5,82.5,28.89934
20-01-2025,23.5,83.5,29.148314
20-01-2025,23.5,84.5,27.955368
20-01-2025,24.5,80.5,27.295956
20-01-2025,24.5,81.5,26.841324
20-01-2025,24.5,82.5,25.811523
20-01-2025,24.5,83.5,24.469158
20-01-2025,24.5,84.5,24.461184
21-01-2025,17.5,80.5,31.712725
21-01-2025,17.5,81.5,30.862995
21-01-2025,17.5,82.5,30.277666
21-01-2025,17.5,83.5,30.538996
21-01-2025,17.5,84.5,
21-01-2025,18.5,80.5,31.269054
21-01-2025,18.5,81.5,30.550947
21-01-2025,18.5,82.5,30.473707
21-01-2025,18.5,83.5,30.481586
21-01-2025,18.5,84.5,30.79422
21-01-2025,19.5,80.5,30.896294
21-01-2025,19.5,81.5,30.857899
21-01-2025,19.5,82.5,30.093863
21-01-2025,19.5,83.5,31.348667
21-01-2025,19.5,84.5,31.335398
21-01-2025,20.5,80.5,30.021135
21-01-2025,20.5,81.5,30.851057
21-01-2025,20.5,82.5,31.441679
21-01-2025,20.5,83.5,32.008522
21-01-2025,20.5,84.5,31.636747
21-01-2025,21.5,80.5,29.338818
21-01-2025,21.5,81.5,30.3864
21-01-2025,21.5,82.5,31.32899
21-01-2025,21.5,83.5,31.903208
21-01-2025,21.5,84.5,30.481129
21-01-2025,22.5,80.5,28.808193
21-01-2025,22.5,81.5,29.34483
21-01-2025,22.5,82.5,29.593258
21-01-2025,22.5,83.5,29.977047
21-01-2025,22.5,84.5,29.330727
21-01-2025,23.5,80.5,27.764172
21-01-2025,23.5,81.5,27.395912
21-01-2025,23.5,82.5,28.683983
21-01-2025,23.5,83.5,29.337477
21-01-2025,23.5,84.5,28.159992
21-01-2025,24.5,80.5,27.301018
21-01-2025,24.5,81.5,26.555481
21-01-2025,24.5,82.5,25.763338
21-01-2025,24.5,83.5,24.590675
21-01-2025,24.5,84.5,24.550764
22-01-2025,17.5,80.5,31.550447
22-01-2025,17.5,81.5,31.002708
22-01-2025,17.5,82.5,30.628702
22-01-2025,17.5,83.5,30.817688
22-01-2025,17.5,84.5,
22-01-2025,18.5,80.5,31.70597
22-01-2025,18.5,81.5,31.323822
22-01-2025,18.5,82.5,30.996725
22-01-2025,18.5,83.5,30.924963
22-01-2025,18.5,84.5,31.341152
22-01-2025,19.5,80.5,32.661736
22-01-2025,19.5,81.5,32.02758
22-01-2025,19.5,82.5,31.0948
22-01-2025,19.5,83.5,31.858004
22-01-2025,19.5,84.5,31.82184
22-01-2025,20.5,80.5,32.20216
22-01-2025,20.5,81.5,32.022026
22-01-2025,20.5,82.5,32.372917
22-01-2025,20.5,83.5,32.549694
22-01-2025,20.5,84.5,32.203835
22-01-2025,21.5,80.5,30.814987
22-01-2025,21.5,81.5,31.765184
22-01-2025,21.5,82.5,32.28099
22-01-2025,21.5,83.5,32.47324
22-01-2025,21.5,84.5,31.510996
22-01-2025,22.5,80.5,30.058266
22-01-2025,22.5,81.5,30.633862
22-01-2025,22.5,82.5,30.859655
22-01-2025,22.5,83.5,30.907675
22-01-2025,22.5,84.5,30.77486
22-01-2025,23.5,80.5,28.86519
22-01-2025,23.5,81.5,28.755096
22-01-2025,23.5,82.5,29.718151
22-01-2025,23.5,83.5,30.249636
22-01-2025,23.5,84.5,29.07071
22-01-2025,24.5,80.5,28.281301
22-01-2025,24.5,81.5,27.85097
22-01-2025,24.5,82.5,26.445127
22-01-2025,24.5,83.5,25.022623
22-01-2025,24.5,84.5,24.803616
23-01-2025,17.5,80.5,30.882954
23-01-2025,17.5,81.5,30.321333
23-01-2025,17.5,82.5,30.12793
23-01-2025,17.5,83.5,30.32643
23-01-2025,17.5,84.5,
23-01-2025,18.5,80.5,31.060211
23-01-2025,18.5,81.5,30.698114
23-01-2025,18.5,82.5,30.380432
23-01-2025,18.5,83.5,30.718048
23-01-2025,18.5,84.5,31.237242
23-01-2025,19.5,80.5,31.878878
23-01-2025,19.5,81.5,31.347906
23-01-2025,19.5,82.5,30.966505
23-01-2025,19.5,83.5,31.730402
23-01-2025,19.5,84.5,31.84291
23-01-2025,20.5,80.5,32.030224
23-01-2025,20.5,81.5,32.223755
23-01-2025,20.5,82.5,32.61003
23-01-2025,20.5,83.5,32.76027
23-01-2025,20.5,84.5,32.143204
23-01-2025,21.5,80.5,30.273535
23-01-2025,21.5,81.5,32.491035
23-01-2025,21.5,82.5,33.00415
23-01-2025,21.5,83.5,32.792904
23-01-2025,21.5,84.5,31.837732
23-01-2025,22.5,80.5,29.97924
23-01-2025,22.5,81.5,31.44865
23-01-2025,22.5,82.5,31.653713
23-01-2025,22.5,83.5,31.137283
23-01-2025,22.5,84.5,30.8854
23-01-2025,23.5,80.5,29.278524
23-01-2025,23.5,81.5,29.286446
23-01-2025,23.5,82.5,30.002226
23-01-2025,23.5,83.5,30.096466
23-01-2025,23.5,84.5,28.668997
23-01-2025,24.5,80.5,28.693903
23-01-2025,24.5,81.5,28.067787
23-01-2025,24.5,82.5,26.606201
23-01-2025,24.5,83.5,25.408607
23-01-2025,24.5,84.5,24.475628
24-01-2025,17.5,80.5,31.283833
24-01-2025,17.5,81.5,30.354017
24-01-2025,17.5,82.5,29.965542
24-01-2025,17.5,83.5,29.770107
24-01-2025,17.5,84.5,
24-01-2025,18.5,80.5,31.31664
24-01-2025,18.5,81.5,30.791735
24-01-2025,18.5,82.5,30.109266
24-01-2025,18.5,83.5,29.92464
24-01-2025,18.5,84.5,30.333994
24-01-2025,19.5,80.5,32.154842
24-01-2025,19.5,81.5,31.325466
24-01-2025,19.5,82.5,30.26006
24-01-2025,19.5,83.5,30.686417
24-01-2025,19.5,84.5,30.580248
24-01-2025,20.5,80.5,31.479456
24-01-2025,20.5,81.5,31.268568
24-01-2025,20.5,82.5,31.469248
24-01-2025,20.5,83.5,31.30971
24-01-2025,20.5,84.5,30.564526
24-01-2025,21.5,80.5,30.112432
24-01-2025,21.5,81.5,31.060698
24-01-2025,21.5,82.5,31.258015
24-01-2025,21.5,83.5,31.293724
24-01-2025,21.5,84.5,30.51036
24-01-2025,22.5,80.5,28.415676
24-01-2025,22.5,81.5,29.61874
24-01-2025,22.5,82.5,29.774443
24-01-2025,22.5,83.5,29.95335
24-01-2025,22.5,84.5,29.63915
24-01-2025,23.5,80.5,26.796928
24-01-2025,23.5,81.5,26.280987
24-01-2025,23.5,82.5,27.867245
24-01-2025,23.5,83.5,28.689522
24-01-2025,23.5,84.5,28.00242
24-01-2025,24.5,80.5,25.515097
24-01-2025,24.5,81.5,25.580923
24-01-2025,24.5,82.5,25.013723
24-01-2025,24.5,83.5,24.59659
24-01-2025,24.5,84.5,24.447975
25-01-2025,17.5,80.5,31.609655
25-01-2025,17.5,81.5,30.721737
25-01-2025,17.5,82.5,30.030119
25-01-2025,17.5,83.5,29.646349
25-01-2025,17.5,84.5,
25-01-2025,18.5,80.5,31.654936
25-01-2025,18.5,81.5,30.79395
25-01-2025,18.5,82.5,30.135454
25-01-2025,18.5,83.5,29.741886
25-01-2025,18.5,84.5,29.983377
25-01-2025,19.5,80.5,32.132477
25-01-2025,19.5,81.5,31.191336
25-01-2025,19.5,82.5,30.172028
25-01-2025,19.5,83.5,30.226173
25-01-2025,19.5,84.5,30.113462
25-01-2025,20.5,80.5,31.009789
25-01-2025,20.5,81.5,30.243134
25-01-2025,20.5,82.5,30.282108
25-01-2025,20.5,83.5,29.915812
25-01-2025,20.5,84.5,30.049765
25-01-2025,21.5,80.5,29.444613
25-01-2025,21.5,81.5,29.32487
25-01-2025,21.5,82.5,29.888876
25-01-2025,21.5,83.5,29.590687
25-01-2025,21.5,84.5,29.26111
25-01-2025,22.5,80.5,27.802126
25-01-2025,22.5,81.5,28.006956
25-01-2025,22.5,82.5,28.021793
25-01-2025,22.5,83.5,27.908646
25-01-2025,22.5,84.5,28.254307
25-01-2025,23.5,80.5,26.68654
25-01-2025,23.5,81.5,25.869104
25-01-2025,23.5,82.5,26.73979
25-01-2025,23.5,83.5,27.331982
25-01-2025,23.5,84.5,27.414993
25-01-2025,24.5,80.5,25.928383
25-01-2025,24.5,81.5,25.450228
25-01-2025,24.5,82.5,25.384853
25-01-2025,24.5,83.5,24.933413
25-01-2025,24.5,84.5,24.472992
26-01-2025,17.5,80.5,32.291145
26-01-2025,17.5,81.5,31.113844
26-01-2025,17.5,82.5,30.242498
26-01-2025,17.5,83.5,29.46706
26-01-2025,17.5,84.5,
26-01-2025,18.5,80.5,32.082783
26-01-2025,18.5,81.5,30.83551
26-01-2025,18.5,82.5,30.334295
26-01-2025,18.5,83.5,29.25713
26-01-2025,18.5,84.5,29.12212
26-01-2025,19.5,80.5,32.096382
26-01-2025,19.5,81.5,31.355543
26-01-2025,19.5,82.5,29.745934
26-01-2025,19.5,83.5,29.610735
26-01-2025,19.5,84.5,29.17547
26-01-2025,20.5,80.5,31.006252
26-01-2025,20.5,81.5,29.77352
26-01-2025,20.5,82.5,29.536022
26-01-2025,20.5,83.5,29.086004
26-01-2025,20.5,84.5,29.113857
26-01-2025,21.5,80.5,29.457464
26-01-2025,21.5,81.5,28.662872
26-01-2025,21.5,82.5,29.041021
26-01-2025,21.5,83.5,28.649168
26-01-2025,21.5,84.5,28.343102
26-01-2025,22.5,80.5,27.534325
26-01-2025,22.5,81.5,27.261019
26-01-2025,22.5,82.5,27.211004
26-01-2025,22.5,83.5,26.967863
26-01-2025,22.5,84.5,27.222448
26-01-2025,23.5,80.5,26.588057
26-01-2025,23.5,81.5,25.952229
26-01-2025,23.5,82.5,26.460514
26-01-2025,23.5,83.5,26.584238
26-01-2025,23.5,84.5,26.73595
26-01-2025,24.5,80.5,26.207829
26-01-2025,24.5,81.5,25.969152
26-01-2025,24.5,82.5,25.739313
26-01-2025,24.5,83.5,25.085224
26-01-2025,24.5,84.5,25.045355
27-01-2025,17.5,80.5,32.051826
27-01-2025,17.5,81.5,31.055243
27-01-2025,17.5,82.5,30.267387
27-01-2025,17.5,83.5,29.619125
27-01-2025,17.5,84.5,
27-01-2025,18.5,80.5,32.000664
27-01-2025,18.5,81.5,30.948582
27-01-2025,18.5,82.5,30.337307
27-01-2025,18.5,83.5,29.467276
27-01-2025,18.5,84.5,29.627739
27-01-2025,19.5,80.5,32.244392
27-01-2025,19.5,81.5,31.625078
27-01-2025,19.5,82.5,30.311565
27-01-2025,19.5,83.5,30.122164
27-01-2025,19.5,84.5,29.862934
27-01-2025,20.5,80.5,31.292667
27-01-2025,20.5,81.5,30.31815
27-01-2025,20.5,82.5,30.381754
27-01-2025,20.5,83.5,29.850842
27-01-2025,20.5,84.5,29.979715
27-01-2025,21.5,80.5,30.070621
27-01-2025,21.5,81.5,29.655682
27-01-2025,21.5,82.5,29.854177
27-01-2025,21.5,83.5,29.221308
27-01-2025,21.5,84.5,28.983316
27-01-2025,22.5,80.5,28.170586
27-01-2025,22.5,81.5,28.188002
27-01-2025,22.5,82.5,27.869236
27-01-2025,22.5,83.5,27.513107
27-01-2025,22.5,84.5,27.900444
27-01-2025,23.5,80.5,27.112614
27-01-2025,23.5,81.5,26.21116
27-01-2025,23.5,82.5,26.675379
27-01-2025,23.5,83.5,26.72402
27-01-2025,23.5,84.5,26.748957
27-01-2025,24.5,80.5,26.10778
27-01-2025,24.5,81.5,25.764898
27-01-2025,24.5,82.5,25.322603
27-01-2025,24.5,83.5,23.963154
27-01-2025,24.5,84.5,23.88314
28-01-2025,17.5,80.5,32.058353
28-01-2025,17.5,81.5,31.386024
28-01-2025,17.5,82.5,30.652864
28-01-2025,17.5,83.5,29.8517
28-01-2025,17.5,84.5,
28-01-2025,18.5,80.5,32.30625
28-01-2025,18.5,81.5,31.232977
28-01-2025,18.5,82.5,30.551432
28-01-2025,18.5,83.5,30.000702
28-01-2025,18.5,84.5,30.092077
28-01-2025,19.5,80.5,32.714672
28-01-2025,19.5,81.5,31.610315
28-01-2025,19.5,82.5,30.44917
28-01-2025,19.5,83.5,30.599636
28-01-2025,19.5,84.5,30.470793
28-01-2025,20.5,80.5,31.936617
28-01-2025,20.5,81.5,30.821562
28-01-2025,20.5,82.5,30.748203
28-01-2025,20.5,83.5,30.557722
28-01-2025,20.5,84.5,30.536297
28-01-2025,21.5,80.5,30.9556
28-01-2025,21.5,81.5,30.471226
28-01-2025,21.5,82.5,30.326296
28-01-2025,21.5,83.5,29.967638
28-01-2025,21.5,84.5,29.68814
28-01-2025,22.5,80.5,29.154922
28-01-2025,22.5,81.5,29.09935
28-01-2025,22.5,82.5,28.447294
28-01-2025,22.5,83.5,28.215101
28-01-2025,22.5,84.5,28.37756
28-01-2025,23.5,80.5,28.134974
28-01-2025,23.5,81.5,27.142754
28-01-2025,23.5,82.5,27.385887
28-01-2025,23.5,83.5,27.689362
28-01-2025,23.5,84.5,27.629658
28-01-2025,24.5,80.5,26.808964
28-01-2025,24.5,81.5,26.407597
28-01-2025,24.5,82.5,25.88837
28-01-2025,24.5,83.5,25.213724
28-01-2025,24.5,84.5,25.232075
29-01-2025,17.5,80.5,31.11848
29-01-2025,17.5,81.5,30.362986
29-01-2025,17.5,82.5,29.858215
29-01-2025,17.5,83.5,29.97803
29-01-2025,17.5,84.5,
29-01-2025,18.5,80.5,31.350975
29-01-2025,18.5,81.5,30.421738
29-01-2025,18.5,82.5,30.662895
29-01-2025,18.5,83.5,30.426298
29-01-2025,18.5,84.5,30.948809
29-01-2025,19.5,80.5,32.205242
29-01-2025,19.5,81.5,31.689095
29-01-2025,19.5,82.5,30.92513
29-01-2025,19.5,83.5,31.22455
29-01-2025,19.5,84.5,31.181538
29-01-2025,20.5,80.5,32.291523
29-01-2025,20.5,81.5,31.781164
29-01-2025,20.5,82.5,32.113495
29-01-2025,20.5,83.5,31.83463
29-01-2025,20.5,84.5,31.39743
29-01-2025,21.5,80.5,31.668314
29-01-2025,21.5,81.5,31.982647
29-01-2025,21.5,82.5,32.58517
29-01-2025,21.5,83.5,32.16695
29-01-2025,21.5,84.5,31.215862
29-01-2025,22.5,80.5,30.896114
29-01-2025,22.5,81.5,30.995697
29-01-2025,22.5,82.5,31.152363
29-01-2025,22.5,83.5,30.319458
29-01-2025,22.5,84.5,30.280914
29-01-2025,23.5,80.5,29.856203
29-01-2025,23.5,81.5,28.945438
29-01-2025,23.5,82.5,29.732067
29-01-2025,23.5,83.5,29.78201
29-01-2025,23.5,84.5,29.254753
29-01-2025,24.5,80.5,28.595343
29-01-2025,24.5,81.5,28.26196
29-01-2025,24.5,82.5,28.082176
29-01-2025,24.5,83.5,27.630396
29-01-2025,24.5,84.5,27.236113
30-01-2025,17.5,80.5,30.826677
30-01-2025,17.5,81.5,29.864534
30-01-2025,17.5,82.5,29.606821
30-01-2025,17.5,83.5,29.580425
30-01-2025,17.5,84.5,
30-01-2025,18.5,80.5,30.944927
30-01-2025,18.5,81.5,30.308315
30-01-2025,18.5,82.5,29.706875
30-01-2025,18.5,83.5,29.926493
30-01-2025,18.5,84.5,30.359936
30-01-2025,19.5,80.5,32.17155
30-01-2025,19.5,81.5,31.065243
30-01-2025,19.5,82.5,30.54076
30-01-2025,19.5,83.5,30.815296
30-01-2025,19.5,84.5,30.97094
30-01-2025,20.5,80.5,32.166214
30-01-2025,20.5,81.5,32.25592
30-01-2025,20.5,82.5,32.317917
30-01-2025,20.5,83.5,31.93519
30-01-2025,20.5,84.5,31.235994
30-01-2025,21.5,80.5,31.770168
30-01-2025,21.5,81.5,32.53384
30-01-2025,21.5,82.5,33.24776
30-01-2025,21.5,83.5,32.444508
30-01-2025,21.5,84.5,31.79184
30-01-2025,22.5,80.5,31.385727
30-01-2025,22.5,81.5,31.906582
30-01-2025,22.5,82.5,32.06261
30-01-2025,22.5,83.5,31.465973
30-01-2025,22.5,84.5,31.136997
30-01-2025,23.5,80.5,30.65057
30-01-2025,23.5,81.5,29.713829
30-01-2025,23.5,82.5,30.824118
30-01-2025,23.5,83.5,30.740866
30-01-2025,23.5,84.5,30.236788
30-01-2025,24.5,80.5,29.687557
30-01-2025,24.5,81.5,29.396635
30-01-2025,24.5,82.5,28.93148
30-01-2025,24.5,83.5,28.080114
30-01-2025,24.5,84.5,28.099564
31-01-2025,17.5,80.5,32.54008
31-01-2025,17.5,81.5,31.53352
31-01-2025,17.5,82.5,31.02944
31-01-2025,17.5,83.5,30.858294
31-01-2025,17.5,84.5,
31-01-2025,18.5,80.5,32.76643
31-01-2025,18.5,81.5,31.675966
31-01-2025,18.5,82.5,31.278917
31-01-2025,18.5,83.5,31.244581
31-01-2025,18.5,84.5,31.589468
31-01-2025,19.5,80.5,33.50777
31-01-2025,19.5,81.5,32.649796
31-01-2025,19.5,82.5,31.77658
31-01-2025,19.5,83.5,32.02149
31-01-2025,19.5,84.5,32.202976
31-01-2025,20.5,80.5,33.097923
31-01-2025,20.5,81.5,33.226063
31-01-2025,20.5,82.5,33.711258
31-01-2025,20.5,83.5,33.454403
31-01-2025,20.5,84.5,32.410072
31-01-2025,21.5,80.5,32.29094
31-01-2025,21.5,81.5,33.358673
31-01-2025,21.5,82.5,34.20128
31-01-2025,21.5,83.5,33.927246
31-01-2025,21.5,84.5,33.07798
31-01-2025,22.5,80.5,31.620712
31-01-2025,22.5,81.5,32.300438
31-01-2025,22.5,82.5,32.802692
31-01-2025,22.5,83.5,32.607517
31-01-2025,22.5,84.5,32.48087
31-01-2025,23.5,80.5,31.237072
31-01-2025,23.5,81.5,30.842093
31-01-2025,23.5,82.5,31.897923
31-01-2025,23.5,83.5,32.603844
31-01-2025,23.5,84.5,31.922655
31-01-2025,24.5,80.5,30.975723
31-01-2025,24.5,81.5,30.805626
31-01-2025,24.5,82.5,30.613731
31-01-2025,24.5,83.5,29.824923
31-01-2025,24.5,84.5,29.022509
01-02-2025,17.5,80.5,32.88991
01-02-2025,17.5,81.5,32.088173
01-02-2025,17.5,82.5,31.478447
01-02-2025,17.5,83.5,31.459177
01-02-2025,17.5,84.5,
01-02-2025,18.5,80.5,32.942688
01-02-2025,18.5,81.5,32.161263
01-02-2025,18.5,82.5,31.720032
01-02-2025,18.5,83.5,31.912395
01-02-2025,18.5,84.5,32.238964
01-02-2025,19.5,80.5,33.388676
01-02-2025,19.5,81.5,33.221653
01-02-2025,19.5,82.5,32.364243
01-02-2025,19.5,83.5,32.865807
01-02-2025,19.5,84.5,32.8521
01-02-2025,20.5,80.5,33.17165
01-02-2025,20.5,81.5,33.22226
01-02-2025,20.5,82.5,33.863697
01-02-2025,20.5,83.5,33.553875
01-02-2025,20.5,84.5,32.76517
01-02-2025,21.5,80.5,32.054676
01-02-2025,21.5,81.5,33.564274
01-02-2025,21.5,82.5,33.968678
01-02-2025,21.5,83.5,33.86133
01-02-2025,21.5,84.5,32.64094
01-02-2025,22.5,80.5,31.463316
01-02-2025,22.5,81.5,32.429802
01-02-2025,22.5,82.5,32.63722
01-02-2025,22.5,83.5,32.182476
01-02-2025,22.5,84.5,31.881905
01-02-2025,23.5,80.5,30.938972
01-02-2025,23.5,81.5,30.396124
01-02-2025,23.5,82.5,31.385372
01-02-2025,23.5,83.5,31.63423
01-02-2025,23.5,84.5,31.260414
01-02-2025,24.5,80.5,30.448347
01-02-2025,24.5,81.5,30.013277
01-02-2025,24.5,82.5,29.868654
01-02-2025,24.5,83.5,29.128653
01-02-2025,24.5,84.5,28.899464
02-02-2025,17.5,80.5,33.177418
02-02-2025,17.5,81.5,32.429977
02-02-2025,17.5,82.5,32.081898
02-02-2025,17.5,83.5,32.21505
02-02-2025,17.5,84.5,
02-02-2025,18.5,80.5,33.128407
02-02-2025,18.5,81.5,32.87364
02-02-2025,18.5,82.5,32.552677
02-02-2025,18.5,83.5,32.592262
02-02-2025,18.5,84.5,33.234093
02-02-2025,19.5,80.5,34.088326
02-02-2025,19.5,81.5,33.836845
02-02-2025,19.5,82.5,33.09463
02-02-2025,19.5,83.5,33.664818
02-02-2025,19.5,84.5,33.875908
02-02-2025,20.5,80.5,33.86879
02-02-2025,20.5,81.5,34.096615
02-02-2025,20.5,82.5,34.783554
02-02-2025,20.5,83.5,34.69088
02-02-2025,20.5,84.5,33.981197
02-02-2025,21.5,80.5,32.448776
02-02-2025,21.5,81.5,34.05438
02-02-2025,21.5,82.5,34.43796
02-02-2025,21.5,83.5,34.370613
02-02-2025,21.5,84.5,33.407066
02-02-2025,22.5,80.5,31.43946
02-02-2025,22.5,81.5,32.819992
02-02-2025,22.5,82.5,32.819984
02-02-2025,22.5,83.5,32.67718
02-02-2025,22.5,84.5,32.019157
02-02-2025,23.5,80.5,30.30018
02-02-2025,23.5,81.5,30.02086
02-02-2025,23.5,82.5,31.63095
02-02-2025,23.5,83.5,32.248055
02-02-2025,23.5,84.5,31.588951
02-02-2025,24.5,80.5,29.528122
02-02-2025,24.5,81.5,29.379713
02-02-2025,24.5,82.5,29.775612
02-02-2025,24.5,83.5,29.149084
02-02-2025,24.5,84.5,28.881231
03-02-2025,17.5,80.5,34.6251
03-02-2025,17.5,81.5,34.41051
03-02-2025,17.5,82.5,33.491077
03-02-2025,17.5,83.5,33.110085
03-02-2025,17.5,84.5,
03-02-2025,18.5,80.5,34.649532
03-02-2025,18.5,81.5,34.364243
03-02-2025,18.5,82.5,34.14718
03-02-2025,18.5,83.5,33.497646
03-02-2025,18.5,84.5,33.56714
03-02-2025,19.5,80.5,34.785255
03-02-2025,19.5,81.5,35.447823
03-02-2025,19.5,82.5,33.858532
03-02-2025,19.5,83.5,33.94756
03-02-2025,19.5,84.5,33.465054
03-02-2025,20.5,80.5,34.262264
03-02-2025,20.5,81.5,34.314693
03-02-2025,20.5,82.5,34.94392
03-02-2025,20.5,83.5,34.79704
03-02-2025,20.5,84.5,33.35635
03-02-2025,21.5,80.5,33.0026
03-02-2025,21.5,81.5,33.814194
03-02-2025,21.5,82.5,34.14803
03-02-2025,21.5,83.5,33.922184
03-02-2025,21.5,84.5,32.393284
03-02-2025,22.5,80.5,31.642183
03-02-2025,22.5,81.5,32.321987
03-02-2025,22.5,82.5,32.345158
03-02-2025,22.5,83.5,32.127945
03-02-2025,22.5,84.5,31.636213
03-02-2025,23.5,80.5,29.709293
03-02-2025,23.5,81.5,29.11191
03-02-2025,23.5,82.5,30.757427
03-02-2025,23.5,83.5,31.259308
03-02-2025,23.5,84.5,30.94562
03-02-2025,24.5,80.5,28.042753
03-02-2025,24.5,81.5,28.15233
03-02-2025,24.5,82.5,28.837322
03-02-2025,24.5,83.5,28.324547
03-02-2025,24.5,84.5,28.414593
04-02-2025,17.5,80.5,34.94153
04-02-2025,17.5,81.5,33.857105
04-02-2025,17.5,82.5,32.889244
04-02-2025,17.5,83.5,32.302235
04-02-2025,17.5,84.5,
04-02-2025,18.5,80.5,35.013107
04-02-2025,18.5,81.5,33.842445
04-02-2025,18.5,82.5,33.379242
04-02-2025,18.5,83.5,32.672794
04-02-2025,18.5,84.5,32.82995
04-02-2025,19.5,80.5,35.132954
04-02-2025,19.5,81.5,34.58719
04-02-2025,19.5,82.5,32.886654
04-02-2025,19.5,83.5,33.216434
04-02-2025,19.5,84.5,33.06127
04-02-2025,20.5,80.5,35.060875
04-02-2025,20.5,81.5,35.101677
04-02-2025,20.5,82.5,34.173573
04-02-2025,20.5,83.5,34.148994
04-02-2025,20.5,84.5,33.26
04-02-2025,21.5,80.5,33.78383
04-02-2025,21.5,81.5,34.8687
04-02-2025,21.5,82.5,34.57184
04-02-2025,21.5,83.5,33.744465
04-02-2025,21.5,84.5,32.8711
04-02-2025,22.5,80.5,33.0431
04-02-2025,22.5,81.5,33.40466
04-02-2025,22.5,82.5,33.241344
04-02-2025,22.5,83.5,32.552773
04-02-2025,22.5,84.5,32.312355
04-02-2025,23.5,80.5,31.456554
04-02-2025,23.5,81.5,30.746181
04-02-2025,23.5,82.5,31.646252
04-02-2025,23.5,83.5,31.827946
04-02-2025,23.5,84.5,31.01082
04-02-2025,24.5,80.5,29.718767
04-02-2025,24.5,81.5,29.745638
04-02-2025,24.5,82.5,29.695969
04-02-2025,24.5,83.5,28.978104
04-02-2025,24.5,84.5,28.774769
05-02-2025,17.5,80.5,34.47301
05-02-2025,17.5,81.5,33.795494
05-02-2025,17.5,82.5,32.92735
05-02-2025,17.5,83.5,32.646614
05-02-2025,17.5,84.5,
05-02-2025,18.5,80.5,34.28403
05-02-2025,18.5,81.5,33.49741
05-02-2025,18.5,82.5,33.176743
05-02-2025,18.5,83.5,32.96821
05-02-2025,18.5,84.5,33.195675
05-02-2025,19.5,80.5,34.28321
05-02-2025,19.5,81.5,34.109024
05-02-2025,19.5,82.5,33.30293
05-02-2025,19.5,83.5,33.7079
05-02-2025,19.5,84.5,33.618885
05-02-2025,20.5,80.5,33.91191
05-02-2025,20.5,81.5,33.6332
05-02-2025,20.5,82.5,34.17985
05-02-2025,20.5,83.5,34.01791
05-02-2025,20.5,84.5,33.759087
05-02-2025,21.5,80.5,31.986153
05-02-2025,21.5,81.5,33.3854
05-02-2025,21.5,82.5,34.003983
05-02-2025,21.5,83.5,33.943558
05-02-2025,21.5,84.5,33.704082
05-02-2025,22.5,80.5,30.60042
05-02-2025,22.5,81.5,32.127056
05-02-2025,22.5,82.5,32.173428
05-02-2025,22.5,83.5,32.662636
05-02-2025,22.5,84.5,32.900665
05-02-2025,23.5,80.5,29.322273
05-02-2025,23.5,81.5,29.390116
05-02-2025,23.5,82.5,30.494038
05-02-2025,23.5,83.5,31.355593
05-02-2025,23.5,84.5,32.09439
05-02-2025,24.5,80.5,27.667624
05-02-2025,24.5,81.5,28.14996
05-02-2025,24.5,82.5,29.479084
05-02-2025,24.5,83.5,29.564558
05-02-2025,24.5,84.5,29.792583
06-02-2025,17.5,80.5,33.533928
06-02-2025,17.5,81.5,33.355568
06-02-2025,17.5,82.5,32.740826
06-02-2025,17.5,83.5,32.430893
06-02-2025,17.5,84.5,
06-02-2025,18.5,80.5,33.39292
06-02-2025,18.5,81.5,33.062958
06-02-2025,18.5,82.5,33.212273
06-02-2025,18.5,83.5,32.895008
06-02-2025,18.5,84.5,33.003155
06-02-2025,19.5,80.5,31.885601
06-02-2025,19.5,81.5,33.50615
06-02-2025,19.5,82.5,32.938725
06-02-2025,19.5,83.5,33.180077
06-02-2025,19.5,84.5,33.036022
06-02-2025,20.5,80.5,30.638338
06-02-2025,20.5,81.5,31.414326
06-02-2025,20.5,82.5,33.719646
06-02-2025,20.5,83.5,33.638073
06-02-2025,20.5,84.5,32.97144
06-02-2025,21.5,80.5,28.366291
06-02-2025,21.5,81.5,30.257565
06-02-2025,21.5,82.5,31.014303
06-02-2025,21.5,83.5,32.538593
06-02-2025,21.5,84.5,31.450678
06-02-2025,22.5,80.5,26.601492
06-02-2025,22.5,81.5,28.872362
06-02-2025,22.5,82.5,28.848616
06-02-2025,22.5,83.5,29.853815
06-02-2025,22.5,84.5,30.404781
06-02-2025,23.5,80.5,25.49844
06-02-2025,23.5,81.5,25.709251
06-02-2025,23.5,82.5,27.802599
06-02-2025,23.5,83.5,28.856668
06-02-2025,23.5,84.5,29.185272
06-02-2025,24.5,80.5,25.55864
06-02-2025,24.5,81.5,25.455488
06-02-2025,24.5,82.5,26.4496
06-02-2025,24.5,83.5,26.668535
06-02-2025,24.5,84.5,26.805508
07-02-2025,17.5,80.5,33.261654
07-02-2025,17.5,81.5,32.553493
07-02-2025,17.5,82.5,31.740705
07-02-2025,17.5,83.5,31.320662
07-02-2025,17.5,84.5,
07-02-2025,18.5,80.5,33.005726
07-02-2025,18.5,81.5,32.073994
07-02-2025,18.5,82.5,31.911499
07-02-2025,18.5,83.5,31.426466
07-02-2025,18.5,84.5,31.273123
07-02-2025,19.5,80.5,32.1985
07-02-2025,19.5,81.5,32.37073
07-02-2025,19.5,82.5,31.807201
07-02-2025,19.5,83.5,32.13454
07-02-2025,19.5,84.5,31.558905
07-02-2025,20.5,80.5,30.826416
07-02-2025,20.5,81.5,31.085236
07-02-2025,20.5,82.5,32.150032
07-02-2025,20.5,83.5,31.902979
07-02-2025,20.5,84.5,31.860756
07-02-2025,21.5,80.5,28.754683
07-02-2025,21.5,81.5,30.219767
07-02-2025,21.5,82.5,30.965689
07-02-2025,21.5,83.5,31.529547
07-02-2025,21.5,84.5,31.093838
07-02-2025,22.5,80.5,27.396921
07-02-2025,22.5,81.5,29.00327
07-02-2025,22.5,82.5,29.080265
07-02-2025,22.5,83.5,29.798183
07-02-2025,22.5,84.5,30.543486
07-02-2025,23.5,80.5,26.532778
07-02-2025,23.5,81.5,26.093067
07-02-2025,23.5,82.5,27.286514
07-02-2025,23.5,83.5,28.41618
07-02-2025,23.5,84.5,29.64707
07-02-2025,24.5,80.5,25.667797
07-02-2025,24.5,81.5,25.455688
07-02-2025,24.5,82.5,25.648453
07-02-2025,24.5,83.5,25.73948
07-02-2025,24.5,84.5,26.708382
08-02-2025,17.5,80.5,33.48381
08-02-2025,17.5,81.5,32.56159
08-02-2025,17.5,82.5,31.4326
08-02-2025,17.5,83.5,30.918358
08-02-2025,17.5,84.5,
08-02-2025,18.5,80.5,33.301586
08-02-2025,18.5,81.5,32.12562
08-02-2025,18.5,82.5,31.647146
08-02-2025,18.5,83.5,30.999512
08-02-2025,18.5,84.5,30.989353
08-02-2025,19.5,80.5,33.304688
08-02-2025,19.5,81.5,32.798615
08-02-2025,19.5,82.5,31.840376
08-02-2025,19.5,83.5,31.812653
08-02-2025,19.5,84.5,31.599379
08-02-2025,20.5,80.5,32.118706
08-02-2025,20.5,81.5,32.233387
08-02-2025,20.5,82.5,32.48677
08-02-2025,20.5,83.5,32.18468
08-02-2025,20.5,84.5,31.754444
08-02-2025,21.5,80.5,30.832153
08-02-2025,21.5,81.5,31.645939
08-02-2025,21.5,82.5,31.9249
08-02-2025,21.5,83.5,31.525667
08-02-2025,21.5,84.5,30.99531
08-02-2025,22.5,80.5,29.291515
08-02-2025,22.5,81.5,30.246984
08-02-2025,22.5,82.5,29.961037
08-02-2025,22.5,83.5,29.790598
08-02-2025,22.5,84.5,30.121016
08-02-2025,23.5,80.5,28.06331
08-02-2025,23.5,81.5,27.261398
08-02-2025,23.5,82.5,28.512169
08-02-2025,23.5,83.5,29.099073
08-02-2025,23.5,84.5,29.646996
08-02-2025,24.5,80.5,27.66068
08-02-2025,24.5,81.5,26.908688
08-02-2025,24.5,82.5,26.61313
08-02-2025,24.5,83.5,26.010698
08-02-2025,24.5,84.5,26.418627
09-02-2025,17.5,80.5,32.932762
09-02-2025,17.5,81.5,32.043022
09-02-2025,17.5,82.5,31.173666
09-02-2025,17.5,83.5,30.748434
09-02-2025,17.5,84.5,
09-02-2025,18.5,80.5,32.962692
09-02-2025,18.5,81.5,32.03761
09-02-2025,18.5,82.5,31.644276
09-02-2025,18.5,83.5,31.057415
09-02-2025,18.5,84.5,31.399408
09-02-2025,19.5,80.5,33.752632
09-02-2025,19.5,81.5,32.897873
09-02-2025,19.5,82.5,31.937231
09-02-2025,19.5,83.5,31.924152
09-02-2025,19.5,84.5,31.940672
09-02-2025,20.5,80.5,33.322987
09-02-2025,20.5,81.5,33.523106
09-02-2025,20.5,82.5,33.274387
09-02-2025,20.5,83.5,32.931557
09-02-2025,20.5,84.5,32.137802
09-02-2025,21.5,80.5,32.813484
09-02-2025,21.5,81.5,33.418907
09-02-2025,21.5,82.5,33.7574
09-02-2025,21.5,83.5,32.714397
09-02-2025,21.5,84.5,31.843458
09-02-2025,22.5,80.5,31.667763
09-02-2025,22.5,81.5,32.292835
09-02-2025,22.5,82.5,31.884016
09-02-2025,22.5,83.5,31.326515
09-02-2025,22.5,84.5,31.414978
09-02-2025,23.5,80.5,30.662626
09-02-2025,23.5,81.5,29.911293
09-02-2025,23.5,82.5,30.739983
09-02-2025,23.5,83.5,31.230907
09-02-2025,23.5,84.5,31.077574
09-02-2025,24.5,80.5,29.875675
09-02-2025,24.5,81.5,29.691849
09-02-2025,24.5,82.5,29.215382
09-02-2025,24.5,83.5,28.391737
09-02-2025,24.5,84.5,28.380648
10-02-2025,17.5,80.5,32.627514
10-02-2025,17.5,81.5,32.052155
10-02-2025,17.5,82.5,31.587412
10-02-2025,17.5,83.5,31.451612
10-02-2025,17.5,84.5,
10-02-2025,18.5,80.5,32.860287
10-02-2025,18.5,81.5,32.4634
10-02-2025,18.5,82.5,32.05935
10-02-2025,18.5,83.5,31.973146
10-02-2025,18.5,84.5,32.47075
10-02-2025,19.5,80.5,34.010063
10-02-2025,19.5,81.5,33.28727
10-02-2025,19.5,82.5,32.75312
10-02-2025,19.5,83.5,33.052895
10-02-2025,19.5,84.5,33.2356
10-02-2025,20.5,80.5,33.7726
10-02-2025,20.5,81.5,34.357563
10-02-2025,20.5,82.5,34.59868
10-02-2025,20.5,83.5,34.26655
10-02-2025,20.5,84.5,33.41775
10-02-2025,21.5,80.5,33.09634
10-02-2025,21.5,81.5,34.406776
10-02-2025,21.5,82.5,35.16441
10-02-2025,21.5,83.5,34.497757
10-02-2025,21.5,84.5,33.62013
10-02-2025,22.5,80.5,32.3534
10-02-2025,22.5,81.5,33.320164
10-02-2025,22.5,82.5,33.581566
10-02-2025,22.5,83.5,33.213745
10-02-2025,22.5,84.5,33.363106
10-02-2025,23.5,80.5,31.613829
10-02-2025,23.5,81.5,31.213263
10-02-2025,23.5,82.5,32.117855
10-02-2025,23.5,83.5,32.359913
10-02-2025,23.5,84.5,32.497215
10-02-2025,24.5,80.5,31.031425
10-02-2025,24.5,81.5,30.697973
10-02-2025,24.5,82.5,30.304228
10-02-2025,24.5,83.5,29.837114
10-02-2025,24.5,84.5,29.826382
11-02-2025,17.5,80.5,32.985443
11-02-2025,17.5,81.5,32.188847
11-02-2025,17.5,82.5,31.591324
11-02-2025,17.5,83.5,31.712559
11-02-2025,17.5,84.5,
11-02-2025,18.5,80.5,33.28464
11-02-2025,18.5,81.5,32.25309
11-02-2025,18.5,82.5,31.664335
11-02-2025,18.5,83.5,32.172806
11-02-2025,18.5,84.5,32.74284
11-02-2025,19.5,80.5,33.61805
11-02-2025,19.5,81.5,33.04781
11-02-2025,19.5,82.5,32.73941
11-02-2025,19.5,83.5,33.238213
11-02-2025,19.5,84.5,33.385784
11-02-2025,20.5,80.5,33.73631
11-02-2025,20.5,81.5,34.460743
11-02-2025,20.5,82.5,34.46523
11-02-2025,20.5,83.5,34.515995
11-02-2025,20.5,84.5,33.869614
11-02-2025,21.5,80.5,33.219917
11-02-2025,21.5,81.5,34.6117
11-02-2025,21.5,82.5,35.114708
11-02-2025,21.5,83.5,34.4156
11-02-2025,21.5,84.5,33.74797
11-02-2025,22.5,80.5,32.52494
11-02-2025,22.5,81.5,33.42371
11-02-2025,22.5,82.5,33.33485
11-02-2025,22.5,83.5,33.22114
11-02-2025,22.5,84.5,33.404106
11-02-2025,23.5,80.5,31.897331
11-02-2025,23.5,81.5,31.264866
11-02-2025,23.5,82.5,32.3284
11-02-2025,23.5,83.5,32.527214
11-02-2025,23.5,84.5,32.65061
11-02-2025,24.5,80.5,31.382246
11-02-2025,24.5,81.5,30.835104
11-02-2025,24.5,82.5,30.33045
11-02-2025,24.5,83.5,29.598536
11-02-2025,24.5,84.5,29.642963
12-02-2025,17.5,80.5,33.925293
12-02-2025,17.5,81.5,33.465813
12-02-2025,17.5,82.5,32.98781
12-02-2025,17.5,83.5,32.931408
12-02-2025,17.5,84.5,
12-02-2025,18.5,80.5,34.172565
12-02-2025,18.5,81.5,33.573826
12-02-2025,18.5,82.5,33.09082
12-02-2025,18.5,83.5,33.278557
12-02-2025,18.5,84.5,34.005554
12-02-2025,19.5,80.5,34.264164
12-02-2025,19.5,81.5,34.388573
12-02-2025,19.5,82.5,33.9091
12-02-2025,19.5,83.5,34.378468
12-02-2025,19.5,84.5,34.5148
12-02-2025,20.5,80.5,34.464657
12-02-2025,20.5,81.5,34.697838
12-02-2025,20.5,82.5,35.22404
12-02-2025,20.5,83.5,35.01454
12-02-2025,20.5,84.5,34.59526
12-02-2025,21.5,80.5,33.117954
12-02-2025,21.5,81.5,34.60551
12-02-2025,21.5,82.5,35.148304
12-02-2025,21.5,83.5,35.049755
12-02-2025,21.5,84.5,34.623833
12-02-2025,22.5,80.5,32.34372
12-02-2025,22.5,81.5,33.44064
12-02-2025,22.5,82.5,33.58879
12-02-2025,22.5,83.5,33.55881
12-02-2025,22.5,84.5,33.978134
12-02-2025,23.5,80.5,31.584534
12-02-2025,23.5,81.5,31.35484
12-02-2025,23.5,82.5,32.535168
12-02-2025,23.5,83.5,33.07405
12-02-2025,23.5,84.5,33.32607
12-02-2025,24.5,80.5,31.257668
12-02-2025,24.5,81.5,30.97747
12-02-2025,24.5,82.5,31.388103
12-02-2025,24.5,83.5,31.217386
12-02-2025,24.5,84.5,30.95807
13-02-2025,17.5,80.5,34.0751
13-02-2025,17.5,81.5,33.53177
13-02-2025,17.5,82.5,33.058422
13-02-2025,17.5,83.5,32.92193
13-02-2025,17.5,84.5,
13-02-2025,18.5,80.5,33.782963
13-02-2025,18.5,81.5,33.238586
13-02-2025,18.5,82.5,32.84784
13-02-2025,18.5,83.5,33.106598
13-02-2025,18.5,84.5,33.58967
13-02-2025,19.5,80.5,32.71462
13-02-2025,19.5,81.5,33.487087
13-02-2025,19.5,82.5,32.920692
13-02-2025,19.5,83.5,33.910736
13-02-2025,19.5,84.5,34.03446
13-02-2025,20.5,80.5,31.906134
13-02-2025,20.5,81.5,31.597239
13-02-2025,20.5,82.5,33.449024
13-02-2025,20.5,83.5,33.63913
13-02-2025,20.5,84.5,34.190174
13-02-2025,21.5,80.5,29.662853
13-02-2025,21.5,81.5,31.17872
13-02-2025,21.5,82.5,31.433432
13-02-2025,21.5,83.5,32.719868
13-02-2025,21.5,84.5,33.10689
13-02-2025,22.5,80.5,28.197083
13-02-2025,22.5,81.5,29.771183
13-02-2025,22.5,82.5,30.004335
13-02-2025,22.5,83.5,30.490086
13-02-2025,22.5,84.5,31.377216
13-02-2025,23.5,80.5,27.38054
13-02-2025,23.5,81.5,26.950964
13-02-2025,23.5,82.5,28.796402
13-02-2025,23.5,83.5,29.477678
13-02-2025,23.5,84.5,30.705976
13-02-2025,24.5,80.5,27.477592
13-02-2025,24.5,81.5,26.937037
13-02-2025,24.5,82.5,27.222101
13-02-2025,24.5,83.5,27.055893
13-02-2025,24.5,84.5,27.786205
14-02-2025,17.5,80.5,33.782516
14-02-2025,17.5,81.5,32.987747
14-02-2025,17.5,82.5,32.51909
14-02-2025,17.5,83.5,31.996965
14-02-2025,17.5,84.5,
14-02-2025,18.5,80.5,33.62012
14-02-2025,18.5,81.5,33.01781
14-02-2025,18.5,82.5,32.117172
14-02-2025,18.5,83.5,32.16623
14-02-2025,18.5,84.5,32.107735
14-02-2025,19.5,80.5,32.956604
14-02-2025,19.5,81.5,33.094044
14-02-2025,19.5,82.5,31.844425
14-02-2025,19.5,83.5,32.124477
14-02-2025,19.5,84.5,32.05607
14-02-2025,20.5,80.5,32.6283
14-02-2025,20.5,81.5,31.931656
14-02-2025,20.5,82.5,32.620445
14-02-2025,20.5,83.5,32.600204
14-02-2025,20.5,84.5,32.110725
14-02-2025,21.5,80.5,30.642326
14-02-2025,21.5,81.5,31.801287
14-02-2025,21.5,82.5,31.952885
14-02-2025,21.5,83.5,32.07644
14-02-2025,21.5,84.5,31.783602
14-02-2025,22.5,80.5,29.563154
14-02-2025,22.5,81.5,30.499327
14-02-2025,22.5,82.5,30.399458
14-02-2025,22.5,83.5,30.385445
14-02-2025,22.5,84.5,30.868797
14-02-2025,23.5,80.5,28.644941
14-02-2025,23.5,81.5,27.825676
14-02-2025,23.5,82.5,29.455345
14-02-2025,23.5,83.5,29.99017
14-02-2025,23.5,84.5,30.445839
14-02-2025,24.5,80.5,28.693144
14-02-2025,24.5,81.5,27.709099
14-02-2025,24.5,82.5,27.976591
14-02-2025,24.5,83.5,27.553904
14-02-2025,24.5,84.5,27.651804
15-02-2025,17.5,80.5,33.57299
15-02-2025,17.5,81.5,32.427967
15-02-2025,17.5,82.5,31.611311
15-02-2025,17.5,83.5,31.458223
15-02-2025,17.5,84.5,
15-02-2025,18.5,80.5,33.599197
15-02-2025,18.5,81.5,32.301235
15-02-2025,18.5,82.5,31.540014
15-02-2025,18.5,83.5,31.588451
15-02-2025,18.5,84.5,31.987106
15-02-2025,19.5,80.5,33.76675
15-02-2025,19.5,81.5,33.017887
15-02-2025,19.5,82.5,31.874039
15-02-2025,19.5,83.5,32.265514
15-02-2025,19.5,84.5,32.445217
15-02-2025,20.5,80.5,33.90464
15-02-2025,20.5,81.5,33.423775
15-02-2025,20.5,82.5,33.621567
15-02-2025,20.5,83.5,33.499775
15-02-2025,20.5,84.5,32.893345
15-02-2025,21.5,80.5,32.98044
15-02-2025,21.5,81.5,33.746506
15-02-2025,21.5,82.5,34.19393
15-02-2025,21.5,83.5,33.62829
15-02-2025,21.5,84.5,33.151573
15-02-2025,22.5,80.5,32.04936
15-02-2025,22.5,81.5,32.68305
15-02-2025,22.5,82.5,32.82333
15-02-2025,22.5,83.5,32.154808
15-02-2025,22.5,84.5,32.339012
15-02-2025,23.5,80.5,31.744732
15-02-2025,23.5,81.5,31.179363
15-02-2025,23.5,82.5,32.14602
15-02-2025,23.5,83.5,32.187027
15-02-2025,23.5,84.5,31.594221
15-02-2025,24.5,80.5,32.14526
15-02-2025,24.5,81.5,31.254015
15-02-2025,24.5,82.5,30.330547
15-02-2025,24.5,83.5,29.456118
15-02-2025,24.5,84.5,29.363636
16-02-2025,17.5,80.5,34.11467
16-02-2025,17.5,81.5,33.30291
16-02-2025,17.5,82.5,32.687965
16-02-2025,17.5,83.5,32.52424
16-02-2025,17.5,84.5,
16-02-2025,18.5,80.5,34.60888
16-02-2025,18.5,81.5,33.78415
16-02-2025,18.5,82.5,32.779095
16-02-2025,18.5,83.5,33.138565
16-02-2025,18.5,84.5,33.620415
16-02-2025,19.5,80.5,35.19844
16-02-2025,19.5,81.5,34.553375
16-02-2025,19.5,82.5,33.76677
16-02-2025,19.5,83.5,34.16067
16-02-2025,19.5,84.5,34.306557
16-02-2025,20.5,80.5,35.614258
16-02-2025,20.5,81.5,35.582626
16-02-2025,20.5,82.5,35.48644
16-02-2025,20.5,83.5,35.31304
16-02-2025,20.5,84.5,34.67309
16-02-2025,21.5,80.5,33.91517
16-02-2025,21.5,81.5,35.73748
16-02-2025,21.5,82.5,35.96593
16-02-2025,21.5,83.5,35.46212
16-02-2025,21.5,84.5,34.718815
16-02-2025,22.5,80.5,33.146748
16-02-2025,22.5,81.5,34.607216
16-02-2025,22.5,82.5,34.50634
16-02-2025,22.5,83.5,34.10648
16-02-2025,22.5,84.5,33.57437
16-02-2025,23.5,80.5,32.546482
16-02-2025,23.5,81.5,32.1507
16-02-2025,23.5,82.5,33.589844
16-02-2025,23.5,83.5,33.816868
16-02-2025,23.5,84.5,33.111652
16-02-2025,24.5,80.5,32.12906
16-02-2025,24.5,81.5,31.853146
16-02-2025,24.5,82.5,31.549295
16-02-2025,24.5,83.5,31.196354
16-02-2025,24.5,84.5,31.300776
17-02-2025,17.5,80.5,33.31854
17-02-2025,17.5,81.5,32.638504
17-02-2025,17.5,82.5,32.164036
17-02-2025,17.5,83.5,32.05514
17-02-2025,17.5,84.5,
17-02-2025,18.5,80.5,33.96421
17-02-2025,18.5,81.5,33.29485
17-02-2025,18.5,82.5,32.213898
17-02-2025,18.5,83.5,32.80632
17-02-2025,18.5,84.5,33.4443
17-02-2025,19.5,80.5,34.4715
17-02-2025,19.5,81.5,33.99534
17-02-2025,19.5,82.5,33.50215
17-02-2025,19.5,83.5,33.970806
17-02-2025,19.5,84.5,34.31329
17-02-2025,20.5,80.5,34.587666
17-02-2025,20.5,81.5,34.776127
17-02-2025,20.5,82.5,35.147804
17-02-2025,20.5,83.5,34.925076
17-02-2025,20.5,84.5,34.480793
17-02-2025,21.5,80.5,33.499676
17-02-2025,21.5,81.5,34.8055
17-02-2025,21.5,82.5,35.122562
17-02-2025,21.5,83.5,34.961456
17-02-2025,21.5,84.5,34.95761
17-02-2025,22.5,80.5,32.747707
17-02-2025,22.5,81.5,33.7014
17-02-2025,22.5,82.5,33.722527
17-02-2025,22.5,83.5,33.594765
17-02-2025,22.5,84.5,33.901474
17-02-2025,23.5,80.5,32.023117
17-02-2025,23.5,81.5,31.418684
17-02-2025,23.5,82.5,32.891724
17-02-2025,23.5,83.5,33.556858
17-02-2025,23.5,84.5,33.615715
17-02-2025,24.5,80.5,31.371008
17-02-2025,24.5,81.5,31.338995
17-02-2025,24.5,82.5,31.475931
17-02-2025,24.5,83.5,31.427668
17-02-2025,24.5,84.5,31.470911
18-02-2025,17.5,80.5,33.56132
18-02-2025,17.5,81.5,32.496334
18-02-2025,17.5,82.5,31.911499
18-02-2025,17.5,83.5,31.780464
18-02-2025,17.5,84.5,
18-02-2025,18.5,80.5,33.984318
18-02-2025,18.5,81.5,32.930595
18-02-2025,18.5,82.5,31.927399
18-02-2025,18.5,83.5,32.410988
18-02-2025,18.5,84.5,33.000492
18-02-2025,19.5,80.5,34.56825
18-02-2025,19.5,81.5,34.112194
18-02-2025,19.5,82.5,33.110756
18-02-2025,19.5,83.5,33.53624
18-02-2025,19.5,84.5,33.762497
18-02-2025,20.5,80.5,34.84575
18-02-2025,20.5,81.5,34.155502
18-02-2025,20.5,82.5,34.646744
18-02-2025,20.5,83.5,34.56087
18-02-2025,20.5,84.5,34.104755
18-02-2025,21.5,80.5,33.696156
18-02-2025,21.5,81.5,34.53107
18-02-2025,21.5,82.5,34.75862
18-02-2025,21.5,83.5,34.47455
18-02-2025,21.5,84.5,34.3824
18-02-2025,22.5,80.5,32.509132
18-02-2025,22.5,81.5,33.41222
18-02-2025,22.5,82.5,33.32339
18-02-2025,22.5,83.5,33.257355
18-02-2025,22.5,84.5,33.003315
18-02-2025,23.5,80.5,31.423386
18-02-2025,23.5,81.5,30.836582
18-02-2025,23.5,82.5,32.6728
18-02-2025,23.5,83.5,33.12611
18-02-2025,23.5,84.5,32.58337
18-02-2025,24.5,80.5,30.387259
18-02-2025,24.5,81.5,30.620413
18-02-2025,24.5,82.5,31.377718
18-02-2025,24.5,83.5,31.03875
18-02-2025,24.5,84.5,30.888805
19-02-2025,17.5,80.5,33.698498
19-02-2025,17.5,81.5,32.787685
19-02-2025,17.5,82.5,32.28777
19-02-2025,17.5,83.5,31.845303
19-02-2025,17.5,84.5,
19-02-2025,18.5,80.5,34.233715
19-02-2025,18.5,81.5,33.333347
19-02-2025,18.5,82.5,32.063583
19-02-2025,18.5,83.5,32.274807
19-02-2025,18.5,84.5,32.912003
19-02-2025,19.5,80.5,34.353035
19-02-2025,19.5,81.5,33.847862
19-02-2025,19.5,82.5,32.877705
19-02-2025,19.5,83.5,33.250767
19-02-2025,19.5,84.5,33.488873
19-02-2025,20.5,80.5,34.41052
19-02-2025,20.5,81.5,33.784515
19-02-2025,20.5,82.5,34.604774
19-02-2025,20.5,83.5,34.205727
19-02-2025,20.5,84.5,33.345802
19-02-2025,21.5,80.5,32.38246
19-02-2025,21.5,81.5,33.83935
19-02-2025,21.5,82.5,34.202526
19-02-2025,21.5,83.5,34.42728
19-02-2025,21.5,84.5,33.922462
19-02-2025,22.5,80.5,31.180435
19-02-2025,22.5,81.5,32.678123
19-02-2025,22.5,82.5,33.17738
19-02-2025,22.5,83.5,33.174526
19-02-2025,22.5,84.5,32.358856
19-02-2025,23.5,80.5,30.364824
19-02-2025,23.5,81.5,30.191023
19-02-2025,23.5,82.5,32.129818
19-02-2025,23.5,83.5,32.836872
19-02-2025,23.5,84.5,32.0772
19-02-2025,24.5,80.5,30.331837
19-02-2025,24.5,81.5,30.483505
19-02-2025,24.5,82.5,30.97156
19-02-2025,24.5,83.5,30.723646
19-02-2025,24.5,84.5,30.635798
20-02-2025,17.5,80.5,33.270744
20-02-2025,17.5,81.5,32.427334
20-02-2025,17.5,82.5,32.04152
20-02-2025,17.5,83.5,31.695549
20-02-2025,17.5,84.5,
20-02-2025,18.5,80.5,33.790592
20-02-2025,18.5,81.5,33.211296
20-02-2025,18.5,82.5,32.05998
20-02-2025,18.5,83.5,32.1985
20-02-2025,18.5,84.5,32.496365
20-02-2025,19.5,80.5,34.532085
20-02-2025,19.5,81.5,34.05413
20-02-2025,19.5,82.5,32.75162
20-02-2025,19.5,83.5,32.968864
20-02-2025,19.5,84.5,32.96179
20-02-2025,20.5,80.5,34.941025
20-02-2025,20.5,81.5,34.300564
20-02-2025,20.5,82.5,34.504093
20-02-2025,20.5,83.5,33.975807
20-02-2025,20.5,84.5,32.923973
20-02-2025,21.5,80.5,33.269054
20-02-2025,21.5,81.5,34.556698
20-02-2025,21.5,82.5,34.446747
20-02-2025,21.5,83.5,33.555058
20-02-2025,21.5,84.5,32.128063
20-02-2025,22.5,80.5,32.401257
20-02-2025,22.5,81.5,33.699215
20-02-2025,22.5,82.5,33.04907
20-02-2025,22.5,83.5,32.28963
20-02-2025,22.5,84.5,31.697357
20-02-2025,23.5,80.5,31.331123
20-02-2025,23.5,81.5,30.908901
20-02-2025,23.5,82.5,32.196407
20-02-2025,23.5,83.5,32.101254
20-02-2025,23.5,84.5,30.53862
20-02-2025,24.5,80.5,30.173199
20-02-2025,24.5,81.5,30.189236
20-02-2025,24.5,82.5,30.92966
20-02-2025,24.5,83.5,29.961042
20-02-2025,24.5,84.5,28.654602
21-02-2025,17.5,80.5,33.246956
21-02-2025,17.5,81.5,32.323643
21-02-2025,17.5,82.5,31.757904
21-02-2025,17.5,83.5,31.484737
21-02-2025,17.5,84.5,
21-02-2025,18.5,80.5,33.952587
21-02-2025,18.5,81.5,32.966194
21-02-2025,18.5,82.5,31.920387
21-02-2025,18.5,83.5,31.856216
21-02-2025,18.5,84.5,32.270195
21-02-2025,19.5,80.5,34.876102
21-02-2025,19.5,81.5,33.92662
21-02-2025,19.5,82.5,32.542355
21-02-2025,19.5,83.5,32.877266
21-02-2025,19.5,84.5,32.90296
21-02-2025,20.5,80.5,35.042606
21-02-2025,20.5,81.5,34.244965
21-02-2025,20.5,82.5,34.463497
21-02-2025,20.5,83.5,34.225746
21-02-2025,20.5,84.5,33.07135
21-02-2025,21.5,80.5,33.51902
21-02-2025,21.5,81.5,34.484013
21-02-2025,21.5,82.5,34.565086
21-02-2025,21.5,83.5,34.166294
21-02-2025,21.5,84.5,32.718544
21-02-2025,22.5,80.5,32.576027
21-02-2025,22.5,81.5,33.751526
21-02-2025,22.5,82.5,33.3834
21-02-2025,22.5,83.5,33.10861
21-02-2025,22.5,84.5,32.131645
21-02-2025,23.5,80.5,31.749294
21-02-2025,23.5,81.5,31.56046
21-02-2025,23.5,82.5,32.72585
21-02-2025,23.5,83.5,32.490376
21-02-2025,23.5,84.5,31.232008
21-02-2025,24.5,80.5,31.26236
21-02-2025,24.5,81.5,31.261177
21-02-2025,24.5,82.5,31.148247
21-02-2025,24.5,83.5,30.341784
21-02-2025,24.5,84.5,29.644772
22-02-2025,17.5,80.5,33.540783
22-02-2025,17.5,81.5,32.64615
22-02-2025,17.5,82.5,32.18825
22-02-2025,17.5,83.5,32.0808
22-02-2025,17.5,84.5,
22-02-2025,18.5,80.5,33.952618
22-02-2025,18.5,81.5,33.339268
22-02-2025,18.5,82.5,32.44486
22-02-2025,18.5,83.5,32.531265
22-02-2025,18.5,84.5,32.940643
22-02-2025,19.5,80.5,33.920113
22-02-2025,19.5,81.5,34.137207
22-02-2025,19.5,82.5,33.164864
22-02-2025,19.5,83.5,33.44761
22-02-2025,19.5,84.5,33.491875
22-02-2025,20.5,80.5,33.56655
22-02-2025,20.5,81.5,33.32322
22-02-2025,20.5,82.5,34.859463
22-02-2025,20.5,83.5,34.37035
22-02-2025,20.5,84.5,33.486683
22-02-2025,21.5,80.5,31.310808
22-02-2025,21.5,81.5,33.144287
22-02-2025,21.5,82.5,33.771523
22-02-2025,21.5,83.5,34.32617
22-02-2025,21.5,84.5,32.901337
22-02-2025,22.5,80.5,30.123428
22-02-2025,22.5,81.5,31.990871
22-02-2025,22.5,82.5,32.634907
22-02-2025,22.5,83.5,32.83472
22-02-2025,22.5,84.5,32.166435
22-02-2025,23.5,80.5,28.969212
22-02-2025,23.5,81.5,29.00197
22-02-2025,23.5,82.5,31.430094
22-02-2025,23.5,83.5,31.559778
22-02-2025,23.5,84.5,31.06368
22-02-2025,24.5,80.5,28.837374
22-02-2025,24.5,81.5,28.925053
22-02-2025,24.5,82.5,29.659246
22-02-2025,24.5,83.5,29.723312
22-02-2025,24.5,84.5,29.724665
23-02-2025,17.5,80.5,33.691692
23-02-2025,17.5,81.5,33.293045
23-02-2025,17.5,82.5,32.738102
23-02-2025,17.5,83.5,32.65916
23-02-2025,17.5,84.5,
23-02-2025,18.5,80.5,33.843994
23-02-2025,18.5,81.5,33.210766
23-02-2025,18.5,82.5,32.734737
23-02-2025,18.5,83.5,32.99103
23-02-2025,18.5,84.5,33.370285
23-02-2025,19.5,80.5,33.334534
23-02-2025,19.5,81.5,33.816982
23-02-2025,19.5,82.5,32.907497
23-02-2025,19.5,83.5,33.675156
23-02-2025,19.5,84.5,33.624783
23-02-2025,20.5,80.5,32.94147
23-02-2025,20.5,81.5,32.396427
23-02-2025,20.5,82.5,34.241283
23-02-2025,20.5,83.5,34.174477
23-02-2025,20.5,84.5,33.548462
23-02-2025,21.5,80.5,31.405563
23-02-2025,21.5,81.5,32.218254
23-02-2025,21.5,82.5,32.625298
23-02-2025,21.5,83.5,33.363243
23-02-2025,21.5,84.5,32.17671
23-02-2025,22.5,80.5,30.215397
23-02-2025,22.5,81.5,31.194403
23-02-2025,22.5,82.5,31.16141
23-02-2025,22.5,83.5,31.274052
23-02-2025,22.5,84.5,30.543526
23-02-2025,23.5,80.5,29.03843
23-02-2025,23.5,81.5,28.54696
23-02-2025,23.5,82.5,30.20315
23-02-2025,23.5,83.5,30.19505
23-02-2025,23.5,84.5,29.84352
23-02-2025,24.5,80.5,28.447124
23-02-2025,24.5,81.5,28.038834
23-02-2025,24.5,82.5,28.516552
23-02-2025,24.5,83.5,28.145159
23-02-2025,24.5,84.5,28.500755
24-02-2025,17.5,80.5,33.391792
24-02-2025,17.5,81.5,32.72235
24-02-2025,17.5,82.5,31.818487
24-02-2025,17.5,83.5,31.308313
24-02-2025,17.5,84.5,
24-02-2025,18.5,80.5,33.877377
24-02-2025,18.5,81.5,33.073776
24-02-2025,18.5,82.5,31.848831
24-02-2025,18.5,83.5,31.838861
24-02-2025,18.5,84.5,31.990583
24-02-2025,19.5,80.5,33.905926
24-02-2025,19.5,81.5,33.255558
24-02-2025,19.5,82.5,32.399677
24-02-2025,19.5,83.5,32.735332
24-02-2025,19.5,84.5,32.645138
24-02-2025,20.5,80.5,33.352257
24-02-2025,20.5,81.5,33.088413
24-02-2025,20.5,82.5,33.921097
24-02-2025,20.5,83.5,33.723885
24-02-2025,20.5,84.5,32.695454
24-02-2025,21.5,80.5,31.743444
24-02-2025,21.5,81.5,33.014206
24-02-2025,21.5,82.5,33.102062
24-02-2025,21.5,83.5,33.28263
24-02-2025,21.5,84.5,32.06495
24-02-2025,22.5,80.5,30.563997
24-02-2025,22.5,81.5,31.965734
24-02-2025,22.5,82.5,31.736952
24-02-2025,22.5,83.5,31.839483
24-02-2025,22.5,84.5,30.96373
24-02-2025,23.5,80.5,29.570324
24-02-2025,23.5,81.5,29.110023
24-02-2025,23.5,82.5,30.82822
24-02-2025,23.5,83.5,31.062386
24-02-2025,23.5,84.5,30.595968
24-02-2025,24.5,80.5,29.156757
24-02-2025,24.5,81.5,28.976002
24-02-2025,24.5,82.5,29.187616
24-02-2025,24.5,83.5,28.855755
24-02-2025,24.5,84.5,29.050516
25-02-2025,17.5,80.5,32.907143
25-02-2025,17.5,81.5,32.12726
25-02-2025,17.5,82.5,31.495712
25-02-2025,17.5,83.5,31.848524
25-02-2025,17.5,84.5,
25-02-2025,18.5,80.5,33.199097
25-02-2025,18.5,81.5,32.54392
25-02-2025,18.5,82.5,32.001663
25-02-2025,18.5,83.5,32.517437
25-02-2025,18.5,84.5,32.765396
25-02-2025,19.5,80.5,33.332146
25-02-2025,19.5,81.5,33.43567
25-02-2025,19.5,82.5,32.568913
25-02-2025,19.5,83.5,33.29385
25-02-2025,19.5,84.5,33.34777
25-02-2025,20.5,80.5,33.098328
25-02-2025,20.5,81.5,33.252457
25-02-2025,20.5,82.5,34.615486
25-02-2025,20.5,83.5,34.52651
25-02-2025,20.5,84.5,33.53643
25-02-2025,21.5,80.5,31.802643
25-02-2025,21.5,81.5,32.867348
25-02-2025,21.5,82.5,33.559853
25-02-2025,21.5,83.5,34.219162
25-02-2025,21.5,84.5,32.996483
25-02-2025,22.5,80.5,30.99668
25-02-2025,22.5,81.5,31.914612
25-02-2025,22.5,82.5,31.966211
25-02-2025,22.5,83.5,31.780386
25-02-2025,22.5,84.5,31.924269
25-02-2025,23.5,80.5,29.958494
25-02-2025,23.5,81.5,29.26241
25-02-2025,23.5,82.5,31.006453
25-02-2025,23.5,83.5,31.130745
25-02-2025,23.5,84.5,31.185406
25-02-2025,24.5,80.5,29.86736
25-02-2025,24.5,81.5,29.334064
25-02-2025,24.5,82.5,29.169834
25-02-2025,24.5,83.5,28.964458
25-02-2025,24.5,84.5,28.606234
26-02-2025,17.5,80.5,32.86956
26-02-2025,17.5,81.5,32.147194
26-02-2025,17.5,82.5,31.54035
26-02-2025,17.5,83.5,31.749355
26-02-2025,17.5,84.5,
26-02-2025,18.5,80.5,33.331364
26-02-2025,18.5,81.5,32.7075
26-02-2025,18.5,82.5,32.04473
26-02-2025,18.5,83.5,32.34223
26-02-2025,18.5,84.5,32.680252
26-02-2025,19.5,80.5,33.93186
26-02-2025,19.5,81.5,33.825443
26-02-2025,19.5,82.5,32.78816
26-02-2025,19.5,83.5,33.26144
26-02-2025,19.5,84.5,33.37494
26-02-2025,20.5,80.5,33.94161
26-02-2025,20.5,81.5,33.710995
26-02-2025,20.5,82.5,34.545288
26-02-2025,20.5,83.5,34.236668
26-02-2025,20.5,84.5,33.584164
26-02-2025,21.5,80.5,32.63412
26-02-2025,21.5,81.5,33.2546
26-02-2025,21.5,82.5,33.83555
26-02-2025,21.5,83.5,33.933937
26-02-2025,21.5,84.5,32.886482
26-02-2025,22.5,80.5,31.352299
26-02-2025,22.5,81.5,32.24884
26-02-2025,22.5,82.5,31.937551
26-02-2025,22.5,83.5,31.629599
26-02-2025,22.5,84.5,31.49208
26-02-2025,23.5,80.5,30.56354
26-02-2025,23.5,81.5,29.797323
26-02-2025,23.5,82.5,30.929707
26-02-2025,23.5,83.5,30.872025
26-02-2025,23.5,84.5,30.343107
26-02-2025,24.5,80.5,30.352188
26-02-2025,24.5,81.5,29.885937
26-02-2025,24.5,82.5,29.130632
26-02-2025,24.5,83.5,28.634258
26-02-2025,24.5,84.5,28.064205
27-02-2025,17.5,80.5,32.918205
27-02-2025,17.5,81.5,31.956512
27-02-2025,17.5,82.5,31.44086
27-02-2025,17.5,83.5,31.918957
27-02-2025,17.5,84.5,
27-02-2025,18.5,80.5,33.356075
27-02-2025,18.5,81.5,32.72051
27-02-2025,18.5,82.5,32.167896
27-02-2025,18.5,83.5,32.62863
27-02-2025,18.5,84.5,33.15652
27-02-2025,19.5,80.5,34.286324
27-02-2025,19.5,81.5,34.07621
27-02-2025,19.5,82.5,33.067245
27-02-2025,19.5,83.5,33.69719
27-02-2025,19.5,84.5,33.893726
27-02-2025,20.5,80.5,34.63589
27-02-2025,20.5,81.5,34.556213
27-02-2025,20.5,82.5,35.2961
27-02-2025,20.5,83.5,35.23115
27-02-2025,20.5,84.5,34.21468
27-02-2025,21.5,80.5,33.740158
27-02-2025,21.5,81.5,34.410244
27-02-2025,21.5,82.5,35.45279
27-02-2025,21.5,83.5,35.20295
27-02-2025,21.5,84.5,33.398518
27-02-2025,22.5,80.5,33.17432
27-02-2025,22.5,81.5,33.778202
27-02-2025,22.5,82.5,33.760773
27-02-2025,22.5,83.5,33.25993
27-02-2025,22.5,84.5,32.10648
27-02-2025,23.5,80.5,32.964565
27-02-2025,23.5,81.5,32.194683
27-02-2025,23.5,82.5,32.953503
27-02-2025,23.5,83.5,32.295162
27-02-2025,23.5,84.5,30.721022
27-02-2025,24.5,80.5,32.972435
27-02-2025,24.5,81.5,32.45164
27-02-2025,24.5,82.5,30.931961
27-02-2025,24.5,83.5,29.655155
27-02-2025,24.5,84.5,29.192553
28-02-2025,17.5,80.5,33.23042
28-02-2025,17.5,81.5,32.63889
28-02-2025,17.5,82.5,32.18807
28-02-2025,17.5,83.5,32.771584
28-02-2025,17.5,84.5,
28-02-2025,18.5,80.5,33.973442
28-02-2025,18.5,81.5,33.52073
28-02-2025,18.5,82.5,32.933952
28-02-2025,18.5,83.5,33.64866
28-02-2025,18.5,84.5,34.059017
28-02-2025,19.5,80.5,34.930832
28-02-2025,19.5,81.5,35.039425
28-02-2025,19.5,82.5,34.024223
28-02-2025,19.5,83.5,34.806656
28-02-2025,19.5,84.5,34.95863
28-02-2025,20.5,80.5,35.4988
28-02-2025,20.5,81.5,35.59476
28-02-2025,20.5,82.5,36.36349
28-02-2025,20.5,83.5,36.43034
28-02-2025,20.5,84.5,35.415695
28-02-2025,21.5,80.5,34.468315
28-02-2025,21.5,81.5,35.502937
28-02-2025,21.5,82.5,36.486416
28-02-2025,21.5,83.5,36.352135
28-02-2025,21.5,84.5,34.542294
28-02-2025,22.5,80.5,33.931602
28-02-2025,22.5,81.5,34.683857
28-02-2025,22.5,82.5,34.925392
28-02-2025,22.5,83.5,34.4601
28-02-2025,22.5,84.5,33.351173
28-02-2025,23.5,80.5,32.969578
28-02-2025,23.5,81.5,32.258724
28-02-2025,23.5,82.5,33.311268
28-02-2025,23.5,83.5,33.074562
28-02-2025,23.5,84.5,32.047585
28-02-2025,24.5,80.5,33.0418
28-02-2025,24.5,81.5,32.531887
28-02-2025,24.5,82.5,31.266346
28-02-2025,24.5,83.5,30.211115
28-02-2025,24.5,84.5,30.487347
01-03-2025,17.5,80.5,33.672935
01-03-2025,17.5,81.5,33.28885
01-03-2025,17.5,82.5,32.962715
01-03-2025,17.5,83.5,33.37463
01-03-2025,17.5,84.5,
01-03-2025,18.5,80.5,34.42683
01-03-2025,18.5,81.5,34.10408
01-03-2025,18.5,82.5,33.6667
01-03-2025,18.5,83.5,34.284542
01-03-2025,18.5,84.5,34.935036
01-03-2025,19.5,80.5,35.60172
01-03-2025,19.5,81.5,35.86116
01-03-2025,19.5,82.5,35.058952
01-03-2025,19.5,83.5,35.59351
01-03-2025,19.5,84.5,35.93907
01-03-2025,20.5,80.5,36.359215
01-03-2025,20.5,81.5,36.676003
01-03-2025,20.5,82.5,37.078968
01-03-2025,20.5,83.5,37.14664
01-03-2025,20.5,84.5,36.507065
01-03-2025,21.5,80.5,35.55495
01-03-2025,21.5,81.5,36.85904
01-03-2025,21.5,82.5,37.226585
01-03-2025,21.5,83.5,36.9935
01-03-2025,21.5,84.5,35.82359
01-03-2025,22.5,80.5,35.14623
01-03-2025,22.5,81.5,35.68309
01-03-2025,22.5,82.5,36.165638
01-03-2025,22.5,83.5,35.612507
01-03-2025,22.5,84.5,34.79409
01-03-2025,23.5,80.5,34.31051
01-03-2025,23.5,81.5,33.988045
01-03-2025,23.5,82.5,33.929153
01-03-2025,23.5,83.5,34.95756
01-03-2025,23.5,84.5,34.387238
01-03-2025,24.5,80.5,32.69478
01-03-2025,24.5,81.5,32.829582
01-03-2025,24.5,82.5,33.407978
01-03-2025,24.5,83.5,32.81535
01-03-2025,24.5,84.5,33.290573
02-03-2025,17.5,80.5,34.8489
02-03-2025,17.5,81.5,33.53839
02-03-2025,17.5,82.5,33.32472
02-03-2025,17.5,83.5,33.60127
02-03-2025,17.5,84.5,
02-03-2025,18.5,80.5,35.432446
02-03-2025,18.5,81.5,34.4842
02-03-2025,18.5,82.5,33.74449
02-03-2025,18.5,83.5,34.20598
02-03-2025,18.5,84.5,34.7315
02-03-2025,19.5,80.5,35.655552
02-03-2025,19.5,81.5,35.463806
02-03-2025,19.5,82.5,34.272087
02-03-2025,19.5,83.5,35.232555
02-03-2025,19.5,84.5,35.411575
02-03-2025,20.5,80.5,36.182228
02-03-2025,20.5,81.5,35.75545
02-03-2025,20.5,82.5,35.664894
02-03-2025,20.5,83.5,36.12089
02-03-2025,20.5,84.5,35.991306
02-03-2025,21.5,80.5,34.93942
02-03-2025,21.5,81.5,35.453457
02-03-2025,21.5,82.5,35.81618
02-03-2025,21.5,83.5,35.994675
02-03-2025,21.5,84.5,35.41666
02-03-2025,22.5,80.5,33.994488
02-03-2025,22.5,81.5,34.29893
02-03-2025,22.5,82.5,34.37039
02-03-2025,22.5,83.5,34.428303
02-03-2025,22.5,84.5,34.510006
02-03-2025,23.5,80.5,32.626396
02-03-2025,23.5,81.5,32.443665
02-03-2025,23.5,82.5,32.723766
02-03-2025,23.5,83.5,33.602158
02-03-2025,23.5,84.5,34.096237
02-03-2025,24.5,80.5,31.95884
02-03-2025,24.5,81.5,32.106903
02-03-2025,24.5,82.5,32.58929
02-03-2025,24.5,83.5,32.236904
02-03-2025,24.5,84.5,32.96749
03-03-2025,17.5,80.5,35.553284
03-03-2025,17.5,81.5,34.419273
03-03-2025,17.5,82.5,34.12535
03-03-2025,17.5,83.5,33.531723
03-03-2025,17.5,84.5,
03-03-2025,18.5,80.5,36.166264
03-03-2025,18.5,81.5,35.12211
03-03-2025,18.5,82.5,34.10115
03-03-2025,18.5,83.5,34.176888
03-03-2025,18.5,84.5,34.441105
03-03-2025,19.5,80.5,36.254612
03-03-2025,19.5,81.5,35.93843
03-03-2025,19.5,82.5,34.972492
03-03-2025,19.5,83.5,35.212055
03-03-2025,19.5,84.5,35.149467
03-03-2025,20.5,80.5,36.247707
03-03-2025,20.5,81.5,35.50538
03-03-2025,20.5,82.5,35.700275
03-03-2025,20.5,83.5,35.554565
03-03-2025,20.5,84.5,35.406548
03-03-2025,21.5,80.5,33.988827
03-03-2025,21.5,81.5,34.8687
03-03-2025,21.5,82.5,34.673363
03-03-2025,21.5,83.5,34.871357
03-03-2025,21.5,84.5,34.69054
03-03-2025,22.5,80.5,32.501396
03-03-2025,22.5,81.5,33.5899
03-03-2025,22.5,82.5,33.37916
03-03-2025,22.5,83.5,33.185448
03-03-2025,22.5,84.5,33.78938
03-03-2025,23.5,80.5,31.253723
03-03-2025,23.5,81.5,31.092413
03-03-2025,23.5,82.5,31.769686
03-03-2025,23.5,83.5,32.359867
03-03-2025,23.5,84.5,33.05558
03-03-2025,24.5,80.5,30.621964
03-03-2025,24.5,81.5,30.671097
03-03-2025,24.5,82.5,30.854101
03-03-2025,24.5,83.5,30.84591
03-03-2025,24.5,84.5,31.294449
04-03-2025,17.5,80.5,36.467022
04-03-2025,17.5,81.5,34.96994
04-03-2025,17.5,82.5,34.32676
04-03-2025,17.5,83.5,34.146553
04-03-2025,17.5,84.5,
04-03-2025,18.5,80.5,37.10882
04-03-2025,18.5,81.5,35.544594
04-03-2025,18.5,82.5,34.438972
04-03-2025,18.5,83.5,34.53648
04-03-2025,18.5,84.5,34.662045
04-03-2025,19.5,80.5,36.56234
04-03-2025,19.5,81.5,36.174973
04-03-2025,19.5,82.5,34.862972
04-03-2025,19.5,83.5,35.38378
04-03-2025,19.5,84.5,35.403004
04-03-2025,20.5,80.5,36.460526
04-03-2025,20.5,81.5,36.129074
04-03-2025,20.5,82.5,35.8363
04-03-2025,20.5,83.5,36.344337
04-03-2025,20.5,84.5,36.01351
04-03-2025,21.5,80.5,34.61082
04-03-2025,21.5,81.5,35.778656
04-03-2025,21.5,82.5,35.636425
04-03-2025,21.5,83.5,36.02947
04-03-2025,21.5,84.5,35.811817
04-03-2025,22.5,80.5,33.436325
04-03-2025,22.5,81.5,34.435066
04-03-2025,22.5,82.5,34.45202
04-03-2025,22.5,83.5,34.531967
04-03-2025,22.5,84.5,34.89055
04-03-2025,23.5,80.5,32.327404
04-03-2025,23.5,81.5,32.20689
04-03-2025,23.5,82.5,33.206688
04-03-2025,23.5,83.5,33.60139
04-03-2025,23.5,84.5,33.611748
04-03-2025,24.5,80.5,31.946793
04-03-2025,24.5,81.5,31.724564
04-03-2025,24.5,82.5,32.333492
04-03-2025,24.5,83.5,31.91344
04-03-2025,24.5,84.5,31.857798
05-03-2025,17.5,80.5,35.01984
05-03-2025,17.5,81.5,34.15349
05-03-2025,17.5,82.5,34.10717
05-03-2025,17.5,83.5,33.479015
05-03-2025,17.5,84.5,
05-03-2025,18.5,80.5,34.85067
05-03-2025,18.5,81.5,34.411697
05-03-2025,18.5,82.5,33.768867
05-03-2025,18.5,83.5,34.250072
05-03-2025,18.5,84.5,34.225304
05-03-2025,19.5,80.5,34.073402
05-03-2025,19.5,81.5,34.594982
05-03-2025,19.5,82.5,33.95701
05-03-2025,19.5,83.5,34.52303
05-03-2025,19.5,84.5,34.608086
05-03-2025,20.5,80.5,33.053783
05-03-2025,20.5,81.5,32.96413
05-03-2025,20.5,82.5,34.06576
05-03-2025,20.5,83.5,34.413532
05-03-2025,20.5,84.5,34.729286
05-03-2025,21.5,80.5,30.942049
05-03-2025,21.5,81.5,32.539005
05-03-2025,21.5,82.5,32.252068
05-03-2025,21.5,83.5,33.28991
05-03-2025,21.5,84.5,34.23188
05-03-2025,22.5,80.5,29.310434
05-03-2025,22.5,81.5,30.653744
05-03-2025,22.5,82.5,30.4569
05-03-2025,22.5,83.5,30.724567
05-03-2025,22.5,84.5,31.739534
05-03-2025,23.5,80.5,28.324348
05-03-2025,23.5,81.5,27.884623
05-03-2025,23.5,82.5,28.906149
05-03-2025,23.5,83.5,29.575037
05-03-2025,23.5,84.5,30.593172
05-03-2025,24.5,80.5,27.70818
05-03-2025,24.5,81.5,27.28884
05-03-2025,24.5,82.5,27.878433
05-03-2025,24.5,83.5,27.427872
05-03-2025,24.5,84.5,28.510687
06-03-2025,17.5,80.5,34.301247
06-03-2025,17.5,81.5,33.685062
06-03-2025,17.5,82.5,33.060116
06-03-2025,17.5,83.5,32.67574
06-03-2025,17.5,84.5,
06-03-2025,18.5,80.5,34.071075
06-03-2025,18.5,81.5,33.70996
06-03-2025,18.5,82.5,32.470207
06-03-2025,18.5,83.5,33.003544
06-03-2025,18.5,84.5,32.878017
06-03-2025,19.5,80.5,33.10474
06-03-2025,19.5,81.5,33.465996
06-03-2025,19.5,82.5,32.682724
06-03-2025,19.5,83.5,33.31441
06-03-2025,19.5,84.5,33.45798
06-03-2025,20.5,80.5,32.876125
06-03-2025,20.5,81.5,32.26915
06-03-2025,20.5,82.5,33.485195
06-03-2025,20.5,83.5,33.61135
06-03-2025,20.5,84.5,33.532387
06-03-2025,21.5,80.5,31.419128
06-03-2025,21.5,81.5,32.083492
06-03-2025,21.5,82.5,31.50582
06-03-2025,21.5,83.5,32.504345
06-03-2025,21.5,84.5,33.007004
06-03-2025,22.5,80.5,30.001535
06-03-2025,22.5,81.5,30.789616
06-03-2025,22.5,82.5,30.951614
06-03-2025,22.5,83.5,30.85729
06-03-2025,22.5,84.5,31.361721
06-03-2025,23.5,80.5,29.434614
06-03-2025,23.5,81.5,28.719103
06-03-2025,23.5,82.5,29.655605
06-03-2025,23.5,83.5,29.84286
06-03-2025,23.5,84.5,30.297825
06-03-2025,24.5,80.5,29.532063
06-03-2025,24.5,81.5,29.0376
06-03-2025,24.5,82.5,28.685274
06-03-2025,24.5,83.5,27.75343
06-03-2025,24.5,84.5,27.83967
07-03-2025,17.5,80.5,34.43755
07-03-2025,17.5,81.5,33.44403
07-03-2025,17.5,82.5,32.486362
07-03-2025,17.5,83.5,32.171337
07-03-2025,17.5,84.5,
07-03-2025,18.5,80.5,34.465275
07-03-2025,18.5,81.5,33.41983
07-03-2025,18.5,82.5,32.907078
07-03-2025,18.5,83.5,32.981976
07-03-2025,18.5,84.5,33.11628
07-03-2025,19.5,80.5,34.78969
07-03-2025,19.5,81.5,34.778027
07-03-2025,19.5,82.5,33.487408
07-03-2025,19.5,83.5,33.480415
07-03-2025,19.5,84.5,33.45319
07-03-2025,20.5,80.5,34.97803
07-03-2025,20.5,81.5,34.30675
07-03-2025,20.5,82.5,34.404957
07-03-2025,20.5,83.5,34.44627
07-03-2025,20.5,84.5,33.66883
07-03-2025,21.5,80.5,33.709484
07-03-2025,21.5,81.5,34.28266
07-03-2025,21.5,82.5,33.78284
07-03-2025,21.5,83.5,33.70645
07-03-2025,21.5,84.5,33.526176
07-03-2025,22.5,80.5,32.528282
07-03-2025,22.5,81.5,33.236927
07-03-2025,22.5,82.5,32.861683
07-03-2025,22.5,83.5,31.990112
07-03-2025,22.5,84.5,32.33955
07-03-2025,23.5,80.5,31.762886
07-03-2025,23.5,81.5,31.017443
07-03-2025,23.5,82.5,31.635378
07-03-2025,23.5,83.5,31.32959
07-03-2025,23.5,84.5,31.131504
07-03-2025,24.5,80.5,31.996141
07-03-2025,24.5,81.5,31.224243
07-03-2025,24.5,82.5,30.21239
07-03-2025,24.5,83.5,29.331484
07-03-2025,24.5,84.5,29.032122
08-03-2025,17.5,80.5,35.168583
08-03-2025,17.5,81.5,33.93074
08-03-2025,17.5,82.5,33.165775
08-03-2025,17.5,83.5,32.694355
08-03-2025,17.5,84.5,
08-03-2025,18.5,80.5,35.70581
08-03-2025,18.5,81.5,34.30143
08-03-2025,18.5,82.5,33.213585
08-03-2025,18.5,83.5,33.246967
08-03-2025,18.5,84.5,33.710976
08-03-2025,19.5,80.5,36.181423
08-03-2025,19.5,81.5,35.277752
08-03-2025,19.5,82.5,33.89972
08-03-2025,19.5,83.5,34.088146
08-03-2025,19.5,84.5,34.304024
08-03-2025,20.5,80.5,36.29973
08-03-2025,20.5,81.5,35.61445
08-03-2025,20.5,82.5,35.29059
08-03-2025,20.5,83.5,35.387276
08-03-2025,20.5,84.5,34.79321
08-03-2025,21.5,80.5,35.085155
08-03-2025,21.5,81.5,35.673107
08-03-2025,21.5,82.5,35.2312
08-03-2025,21.5,83.5,34.75632
08-03-2025,21.5,84.5,34.727436
08-03-2025,22.5,80.5,33.912476
08-03-2025,22.5,81.5,34.69616
08-03-2025,22.5,82.5,34.34264
08-03-2025,22.5,83.5,33.774315
08-03-2025,22.5,84.5,33.893467
08-03-2025,23.5,80.5,33.129074
08-03-2025,23.5,81.5,32.689598
08-03-2025,23.5,82.5,33.207245
08-03-2025,23.5,83.5,33.193954
08-03-2025,23.5,84.5,33.26337
08-03-2025,24.5,80.5,32.7548
08-03-2025,24.5,81.5,32.45955
08-03-2025,24.5,82.5,32.115337
08-03-2025,24.5,83.5,31.423903
08-03-2025,24.5,84.5,31.314058
09-03-2025,17.5,80.5,34.138634
09-03-2025,17.5,81.5,32.76538
09-03-2025,17.5,82.5,32.31066
09-03-2025,17.5,83.5,32.09137
09-03-2025,17.5,84.5,
09-03-2025,18.5,80.5,34.658943
09-03-2025,18.5,81.5,33.591545
09-03-2025,18.5,82.5,32.549385
09-03-2025,18.5,83.5,32.76319
09-03-2025,18.5,84.5,33.23852
09-03-2025,19.5,80.5,36.033276
09-03-2025,19.5,81.5,34.617504
09-03-2025,19.5,82.5,33.624733
09-03-2025,19.5,83.5,33.844856
09-03-2025,19.5,84.5,34.094807
09-03-2025,20.5,80.5,36.125435
09-03-2025,20.5,81.5,35.50265
09-03-2025,20.5,82.5,35.320312
09-03-2025,20.5,83.5,35.48159
09-03-2025,20.5,84.5,34.587097
09-03-2025,21.5,80.5,35.23875
09-03-2025,21.5,81.5,35.911465
09-03-2025,21.5,82.5,35.48823
09-03-2025,21.5,83.5,35.0694
09-03-2025,21.5,84.5,35.182182
09-03-2025,22.5,80.5,34.242287
09-03-2025,22.5,81.5,34.784958
09-03-2025,22.5,82.5,34.617516
09-03-2025,22.5,83.5,34.26699
09-03-2025,22.5,84.5,34.455727
09-03-2025,23.5,80.5,33.65497
09-03-2025,23.5,81.5,33.012924
09-03-2025,23.5,82.5,33.44386
09-03-2025,23.5,83.5,33.62263
09-03-2025,23.5,84.5,33.692863
09-03-2025,24.5,80.5,33.047764
09-03-2025,24.5,81.5,33.017967
09-03-2025,24.5,82.5,32.858932
09-03-2025,24.5,83.5,32.112972
09-03-2025,24.5,84.5,31.890518
10-03-2025,17.5,80.5,33.761276
10-03-2025,17.5,81.5,32.794178
10-03-2025,17.5,82.5,32.230885
10-03-2025,17.5,83.5,32.089935
10-03-2025,17.5,84.5,
10-03-2025,18.5,80.5,34.112392
10-03-2025,18.5,81.5,33.584347
10-03-2025,18.5,82.5,32.526196
10-03-2025,18.5,83.5,32.75274
10-03-2025,18.5,84.5,33.228184
10-03-2025,19.5,80.5,35.66845
10-03-2025,19.5,81.5,34.565968
10-03-2025,19.5,82.5,33.6295
10-03-2025,19.5,83.5,33.745228
10-03-2025,19.5,84.5,34.054295
10-03-2025,20.5,80.5,36.28696
10-03-2025,20.5,81.5,35.506115
10-03-2025,20.5,82.5,35.350872
10-03-2025,20.5,83.5,35.169727
10-03-2025,20.5,84.5,34.280766
10-03-2025,21.5,80.5,35.541176
10-03-2025,21.5,81.5,35.991013
10-03-2025,21.5,82.5,35.604717
10-03-2025,21.5,83.5,35.090775
10-03-2025,21.5,84.5,35.256927
10-03-2025,22.5,80.5,34.779636
10-03-2025,22.5,81.5,34.99376
10-03-2025,22.5,82.5,35.0465
10-03-2025,22.5,83.5,34.284416
10-03-2025,22.5,84.5,34.77785
10-03-2025,23.5,80.5,34.448658
10-03-2025,23.5,81.5,33.606617
10-03-2025,23.5,82.5,33.91933
10-03-2025,23.5,83.5,33.624462
10-03-2025,23.5,84.5,33.792442
10-03-2025,24.5,80.5,34.249916
10-03-2025,24.5,81.5,33.77182
10-03-2025,24.5,82.5,32.970177
10-03-2025,24.5,83.5,32.12986
10-03-2025,24.5,84.5,32.27017
11-03-2025,17.5,80.5,34.59541
11-03-2025,17.5,81.5,33.455204
11-03-2025,17.5,82.5,32.805347
11-03-2025,17.5,83.5,32.67759
11-03-2025,17.5,84.5,
11-03-2025,18.5,80.5,34.95073
11-03-2025,18.5,81.5,34.378494
11-03-2025,18.5,82.5,33.249897
11-03-2025,18.5,83.5,33.484818
11-03-2025,18.5,84.5,33.915684
11-03-2025,19.5,80.5,36.18036
11-03-2025,19.5,81.5,35.350582
11-03-2025,19.5,82.5,34.483677
11-03-2025,19.5,83.5,34.65123
11-03-2025,19.5,84.5,34.949005
11-03-2025,20.5,80.5,36.32647
11-03-2025,20.5,81.5,36.35766
11-03-2025,20.5,82.5,36.19024
11-03-2025,20.5,83.5,36.13957
11-03-2025,20.5,84.5,35.483994
11-03-2025,21.5,80.5,35.618835
11-03-2025,21.5,81.5,36.384712
11-03-2025,21.5,82.5,36.52061
11-03-2025,21.5,83.5,35.820312
11-03-2025,21.5,84.5,36.009552
11-03-2025,22.5,80.5,35.47179
11-03-2025,22.5,81.5,35.641815
11-03-2025,22.5,82.5,35.49389
11-03-2025,22.5,83.5,34.887695
11-03-2025,22.5,84.5,35.68995
11-03-2025,23.5,80.5,35.795425
11-03-2025,23.5,81.5,35.086914
11-03-2025,23.5,82.5,35.145824
11-03-2025,23.5,83.5,34.692017
11-03-2025,23.5,84.5,34.726074
11-03-2025,24.5,80.5,35.89791
11-03-2025,24.5,81.5,35.12499
11-03-2025,24.5,82.5,34.530113
11-03-2025,24.5,83.5,33.492516
11-03-2025,24.5,84.5,33.09582
12-03-2025,17.5,80.5,36.38126
12-03-2025,17.5,81.5,35.232876
12-03-2025,17.5,82.5,34.228752
12-03-2025,17.5,83.5,33.57119
12-03-2025,17.5,84.5,
12-03-2025,18.5,80.5,36.852226
12-03-2025,18.5,81.5,35.783634
12-03-2025,18.5,82.5,34.539803
12-03-2025,18.5,83.5,34.354618
12-03-2025,18.5,84.5,34.92077
12-03-2025,19.5,80.5,38.336514
12-03-2025,19.5,81.5,37.064713
12-03-2025,19.5,82.5,35.43629
12-03-2025,19.5,83.5,35.34711
12-03-2025,19.5,84.5,35.54582
12-03-2025,20.5,80.5,38.85736
12-03-2025,20.5,81.5,38.01638
12-03-2025,20.5,82.5,37.32954
12-03-2025,20.5,83.5,36.951927
12-03-2025,20.5,84.5,36.082855
12-03-2025,21.5,80.5,38.012714
12-03-2025,21.5,81.5,38.273376
12-03-2025,21.5,82.5,38.253487
12-03-2025,21.5,83.5,37.102722
12-03-2025,21.5,84.5,37.22548
12-03-2025,22.5,80.5,37.63349
12-03-2025,22.5,81.5,37.722363
12-03-2025,22.5,82.5,37.720505
12-03-2025,22.5,83.5,37.044685
12-03-2025,22.5,84.5,37.6174
12-03-2025,23.5,80.5,37.577114
12-03-2025,23.5,81.5,37.273098
12-03-2025,23.5,82.5,37.2983
12-03-2025,23.5,83.5,37.10236
12-03-2025,23.5,84.5,36.962048
12-03-2025,24.5,80.5,37.96169
12-03-2025,24.5,81.5,37.318268
12-03-2025,24.5,82.5,36.70575
12-03-2025,24.5,83.5,35.743713
12-03-2025,24.5,84.5,35.359943
13-03-2025,17.5,80.5,37.16817
13-03-2025,17.5,81.5,36.247993
13-03-2025,17.5,82.5,35.360294
13-03-2025,17.5,83.5,34.65022
13-03-2025,17.5,84.5,
13-03-2025,18.5,80.5,37.898067
13-03-2025,18.5,81.5,36.566216
13-03-2025,18.5,82.5,35.453377
13-03-2025,18.5,83.5,35.395267
13-03-2025,18.5,84.5,36.000534
13-03-2025,19.5,80.5,39.179363
13-03-2025,19.5,81.5,38.211243
13-03-2025,19.5,82.5,36.680447
13-03-2025,19.5,83.5,36.64572
13-03-2025,19.5,84.5,36.89169
13-03-2025,20.5,80.5,39.677486
13-03-2025,20.5,81.5,39.074768
13-03-2025,20.5,82.5,38.71576
13-03-2025,20.5,83.5,38.35351
13-03-2025,20.5,84.5,37.37393
13-03-2025,21.5,80.5,38.92028
13-03-2025,21.5,81.5,39.419888
13-03-2025,21.5,82.5,39.34088
13-03-2025,21.5,83.5,38.32338
13-03-2025,21.5,84.5,38.675335
13-03-2025,22.5,80.5,38.294327
13-03-2025,22.5,81.5,38.582447
13-03-2025,22.5,82.5,38.66731
13-03-2025,22.5,83.5,38.062866
13-03-2025,22.5,84.5,38.728596
13-03-2025,23.5,80.5,38.18361
13-03-2025,23.5,81.5,37.56866
13-03-2025,23.5,82.5,37.691086
13-03-2025,23.5,83.5,37.644688
13-03-2025,23.5,84.5,38.372383
13-03-2025,24.5,80.5,38.33794
13-03-2025,24.5,81.5,37.58993
13-03-2025,24.5,82.5,37.152077
13-03-2025,24.5,83.5,36.31334
13-03-2025,24.5,84.5,36.090347
14-03-2025,17.5,80.5,37.094536
14-03-2025,17.5,81.5,35.74105
14-03-2025,17.5,82.5,34.715984
14-03-2025,17.5,83.5,34.076836
14-03-2025,17.5,84.5,
14-03-2025,18.5,80.5,37.752914
14-03-2025,18.5,81.5,36.23638
14-03-2025,18.5,82.5,35.062035
14-03-2025,18.5,83.5,34.988316
14-03-2025,18.5,84.5,35.629673
14-03-2025,19.5,80.5,39.088207
14-03-2025,19.5,81.5,37.930386
14-03-2025,19.5,82.5,36.730324
14-03-2025,19.5,83.5,36.555504
14-03-2025,19.5,84.5,36.869408
14-03-2025,20.5,80.5,39.573933
14-03-2025,20.5,81.5,39.2986
14-03-2025,20.5,82.5,38.86239
14-03-2025,20.5,83.5,38.751
14-03-2025,20.5,84.5,37.72221
14-03-2025,21.5,80.5,38.881283
14-03-2025,21.5,81.5,39.673
14-03-2025,21.5,82.5,39.55331
14-03-2025,21.5,83.5,38.94001
14-03-2025,21.5,84.5,39.353443
14-03-2025,22.5,80.5,38.04637
14-03-2025,22.5,81.5,38.496006
14-03-2025,22.5,82.5,39.07826
14-03-2025,22.5,83.5,38.56823
14-03-2025,22.5,84.5,39.123222
14-03-2025,23.5,80.5,38.34985
14-03-2025,23.5,81.5,37.88444
14-03-2025,23.5,82.5,38.09837
14-03-2025,23.5,83.5,38.24105
14-03-2025,23.5,84.5,38.7086
14-03-2025,24.5,80.5,38.145203
14-03-2025,24.5,81.5,38.01929
14-03-2025,24.5,82.5,37.341232
14-03-2025,24.5,83.5,36.723587
14-03-2025,24.5,84.5,36.66429
15-03-2025,17.5,80.5,36.42131
15-03-2025,17.5,81.5,35.114845
15-03-2025,17.5,82.5,34.20561
15-03-2025,17.5,83.5,34.02063
15-03-2025,17.5,84.5,
15-03-2025,18.5,80.5,37.208828
15-03-2025,18.5,81.5,35.95684
15-03-2025,18.5,82.5,34.58906
15-03-2025,18.5,83.5,35.18264
15-03-2025,18.5,84.5,35.885082
15-03-2025,19.5,80.5,38.95444
15-03-2025,19.5,81.5,37.6045
15-03-2025,19.5,82.5,36.783016
15-03-2025,19.5,83.5,36.671
15-03-2025,19.5,84.5,37.187977
15-03-2025,20.5,80.5,39.734413
15-03-2025,20.5,81.5,39.731
15-03-2025,20.5,82.5,39.257423
15-03-2025,20.5,83.5,39.123425
15-03-2025,20.5,84.5,37.84419
15-03-2025,21.5,80.5,39.323524
15-03-2025,21.5,81.5,40.470947
15-03-2025,21.5,82.5,40.234756
15-03-2025,21.5,83.5,39.601337
15-03-2025,21.5,84.5,39.864357
15-03-2025,22.5,80.5,38.49737
15-03-2025,22.5,81.5,39.400265
15-03-2025,22.5,82.5,40.018456
15-03-2025,22.5,83.5,39.548756
15-03-2025,22.5,84.5,39.718494
15-03-2025,23.5,80.5,38.669827
15-03-2025,23.5,81.5,38.468536
15-03-2025,23.5,82.5,39.010418
15-03-2025,23.5,83.5,39.312332
15-03-2025,23.5,84.5,39.280617
15-03-2025,24.5,80.5,38.77113
15-03-2025,24.5,81.5,38.574066
15-03-2025,24.5,82.5,38.347607
15-03-2025,24.5,83.5,37.789406
15-03-2025,24.5,84.5,37.407272
16-03-2025,17.5,80.5,37.089302
16-03-2025,17.5,81.5,35.65353
16-03-2025,17.5,82.5,34.700005
16-03-2025,17.5,83.5,34.04453
16-03-2025,17.5,84.5,
16-03-2025,18.5,80.5,37.67005
16-03-2025,18.5,81.5,36.370544
16-03-2025,18.5,82.5,34.931404
16-03-2025,18.5,83.5,34.8112
16-03-2025,18.5,84.5,35.507645
16-03-2025,19.5,80.5,38.81991
16-03-2025,19.5,81.5,37.91844
16-03-2025,19.5,82.5,36.452206
16-03-2025,19.5,83.5,36.105404
16-03-2025,19.5,84.5,36.49522
16-03-2025,20.5,80.5,39.178734
16-03-2025,20.5,81.5,38.65194
16-03-2025,20.5,82.5,38.42977
16-03-2025,20.5,83.5,37.52911
16-03-2025,20.5,84.5,36.68483
16-03-2025,21.5,80.5,37.720066
16-03-2025,21.5,81.5,38.999947
16-03-2025,21.5,82.5,38.851635
16-03-2025,21.5,83.5,38.182964
16-03-2025,21.5,84.5,38.620354
16-03-2025,22.5,80.5,36.622066
16-03-2025,22.5,81.5,38.281143
16-03-2025,22.5,82.5,38.39466
16-03-2025,22.5,83.5,38.021572
16-03-2025,22.5,84.5,37.950867
16-03-2025,23.5,80.5,36.180946
16-03-2025,23.5,81.5,35.712574
16-03-2025,23.5,82.5,36.66679
16-03-2025,23.5,83.5,36.805206
16-03-2025,23.5,84.5,37.036007
16-03-2025,24.5,80.5,36.04764
16-03-2025,24.5,81.5,36.199356
16-03-2025,24.5,82.5,35.31725
16-03-2025,24.5,83.5,35.044456
16-03-2025,24.5,84.5,35.524853
17-03-2025,17.5,80.5,36.920044
17-03-2025,17.5,81.5,35.513893
17-03-2025,17.5,82.5,34.57068
17-03-2025,17.5,83.5,33.78237
17-03-2025,17.5,84.5,
17-03-2025,18.5,80.5,37.308376
17-03-2025,18.5,81.5,36.232094
17-03-2025,18.5,82.5,34.770382
17-03-2025,18.5,83.5,34.614838
17-03-2025,18.5,84.5,35.17965
17-03-2025,19.5,80.5,38.1454
17-03-2025,19.5,81.5,37.460594
17-03-2025,19.5,82.5,36.03273
17-03-2025,19.5,83.5,35.71076
17-03-2025,19.5,84.5,35.94321
17-03-2025,20.5,80.5,38.289406
17-03-2025,20.5,81.5,36.666412
17-03-2025,20.5,82.5,37.196095
17-03-2025,20.5,83.5,36.44705
17-03-2025,20.5,84.5,36.31643
17-03-2025,21.5,80.5,36.076366
17-03-2025,21.5,81.5,36.624462
17-03-2025,21.5,82.5,36.649048
17-03-2025,21.5,83.5,36.48905
17-03-2025,21.5,84.5,37.19909
17-03-2025,22.5,80.5,34.344482
17-03-2025,22.5,81.5,35.82563
17-03-2025,22.5,82.5,35.936684
17-03-2025,22.5,83.5,35.780613
17-03-2025,22.5,84.5,36.56461
17-03-2025,23.5,80.5,33.917557
17-03-2025,23.5,81.5,33.874847
17-03-2025,23.5,82.5,34.65082
17-03-2025,23.5,83.5,34.73476
17-03-2025,23.5,84.5,35.670837
17-03-2025,24.5,80.5,33.632393
17-03-2025,24.5,81.5,34.338856
17-03-2025,24.5,82.5,34.438
17-03-2025,24.5,83.5,34.6572
17-03-2025,24.5,84.5,34.647236
18-03-2025,17.5,80.5,36.69572
18-03-2025,17.5,81.5,35.441875
18-03-2025,17.5,82.5,34.270836
18-03-2025,17.5,83.5,33.41612
18-03-2025,17.5,84.5,
18-03-2025,18.5,80.5,37.31385
18-03-2025,18.5,81.5,35.951004
18-03-2025,18.5,82.5,34.68585
18-03-2025,18.5,83.5,34.40561
18-03-2025,18.5,84.5,34.567955
18-03-2025,19.5,80.5,38.31895
18-03-2025,19.5,81.5,37.364616
18-03-2025,19.5,82.5,36.042507
18-03-2025,19.5,83.5,35.450466
18-03-2025,19.5,84.5,35.51951
18-03-2025,20.5,80.5,38.02894
18-03-2025,20.5,81.5,36.88505
18-03-2025,20.5,82.5,37.18913
18-03-2025,20.5,83.5,36.226624
18-03-2025,20.5,84.5,36.044884
18-03-2025,21.5,80.5,36.49651
18-03-2025,21.5,81.5,36.364635
18-03-2025,21.5,82.5,36.433247
18-03-2025,21.5,83.5,36.11466
18-03-2025,21.5,84.5,36.397118
18-03-2025,22.5,80.5,34.41344
18-03-2025,22.5,81.5,35.446377
18-03-2025,22.5,82.5,35.18505
18-03-2025,22.5,83.5,35.181694
18-03-2025,22.5,84.5,36.02542
18-03-2025,23.5,80.5,33.459553
18-03-2025,23.5,81.5,33.03883
18-03-2025,23.5,82.5,33.89082
18-03-2025,23.5,83.5,33.958553
18-03-2025,23.5,84.5,34.72061
18-03-2025,24.5,80.5,33.117516
18-03-2025,24.5,81.5,33.251823
18-03-2025,24.5,82.5,33.498913
18-03-2025,24.5,83.5,33.18362
18-03-2025,24.5,84.5,33.26059
19-03-2025,17.5,80.5,36.13179
19-03-2025,17.5,81.5,35.032425
19-03-2025,17.5,82.5,34.16246
19-03-2025,17.5,83.5,33.402985
19-03-2025,17.5,84.5,
19-03-2025,18.5,80.5,36.729088
19-03-2025,18.5,81.5,35.60476
19-03-2025,18.5,82.5,34.403057
19-03-2025,18.5,83.5,34.44376
19-03-2025,18.5,84.5,34.82372
19-03-2025,19.5,80.5,38.0761
19-03-2025,19.5,81.5,37.27626
19-03-2025,19.5,82.5,36.012146
19-03-2025,19.5,83.5,35.868412
19-03-2025,19.5,84.5,36.0957
19-03-2025,20.5,80.5,37.80823
19-03-2025,20.5,81.5,37.153816
19-03-2025,20.5,82.5,37.91529
19-03-2025,20.5,83.5,37.11402
19-03-2025,20.5,84.5,36.591904
19-03-2025,21.5,80.5,37.130707
19-03-2025,21.5,81.5,37.427334
19-03-2025,21.5,82.5,37.62361
19-03-2025,21.5,83.5,37.37256
19-03-2025,21.5,84.5,37.573963
19-03-2025,22.5,80.5,35.79244
19-03-2025,22.5,81.5,36.61611
19-03-2025,22.5,82.5,36.82345
19-03-2025,22.5,83.5,36.592342
19-03-2025,22.5,84.5,37.260567
19-03-2025,23.5,80.5,35.32009
19-03-2025,23.5,81.5,34.811832
19-03-2025,23.5,82.5,35.34104
19-03-2025,23.5,83.5,35.60098
19-03-2025,23.5,84.5,36.019455
19-03-2025,24.5,80.5,34.94347
19-03-2025,24.5,81.5,35.212
19-03-2025,24.5,82.5,34.904152
19-03-2025,24.5,83.5,34.53119
19-03-2025,24.5,84.5,34.280502
20-03-2025,17.5,80.5,35.926212
20-03-2025,17.5,81.5,35.02744
20-03-2025,17.5,82.5,34.056503
20-03-2025,17.5,83.5,33.642147
20-03-2025,17.5,84.5,
20-03-2025,18.5,80.5,36.163002
20-03-2025,18.5,81.5,35.314625
20-03-2025,18.5,82.5,34.293163
20-03-2025,18.5,83.5,34.50511
20-03-2025,18.5,84.5,34.881363
20-03-2025,19.5,80.5,37.606613
20-03-2025,19.5,81.5,36.97264
20-03-2025,19.5,82.5,35.410675
20-03-2025,19.5,83.5,35.66188
20-03-2025,19.5,84.5,35.97117
20-03-2025,20.5,80.5,37.496304
20-03-2025,20.5,81.5,36.65735
20-03-2025,20.5,82.5,37.503906
20-03-2025,20.5,83.5,36.97773
20-03-2025,20.5,84.5,36.47468
20-03-2025,21.5,80.5,36.945133
20-03-2025,21.5,81.5,36.963943
20-03-2025,21.5,82.5,36.525623
20-03-2025,21.5,83.5,36.538807
20-03-2025,21.5,84.5,36.80508
20-03-2025,22.5,80.5,35.499622
20-03-2025,22.5,81.5,35.79148
20-03-2025,22.5,82.5,35.142143
20-03-2025,22.5,83.5,34.5892
20-03-2025,22.5,84.5,35.119904
20-03-2025,23.5,80.5,34.61028
20-03-2025,23.5,81.5,32.83474
20-03-2025,23.5,82.5,33.288826
20-03-2025,23.5,83.5,33.00925
20-03-2025,23.5,84.5,32.901268
20-03-2025,24.5,80.5,34.115993
20-03-2025,24.5,81.5,33.750347
20-03-2025,24.5,82.5,32.08613
20-03-2025,24.5,83.5,31.883678
20-03-2025,24.5,84.5,31.274164
21-03-2025,17.5,80.5,35.608932
21-03-2025,17.5,81.5,34.64239
21-03-2025,17.5,82.5,33.311523
21-03-2025,17.5,83.5,32.73794
21-03-2025,17.5,84.5,
21-03-2025,18.5,80.5,35.657818
21-03-2025,18.5,81.5,34.519043
21-03-2025,18.5,82.5,33.693985
21-03-2025,18.5,83.5,33.417896
21-03-2025,18.5,84.5,33.587223
21-03-2025,19.5,80.5,36.118397
21-03-2025,19.5,81.5,36.203796
21-03-2025,19.5,82.5,34.035027
21-03-2025,19.5,83.5,34.251762
21-03-2025,19.5,84.5,34.545483
21-03-2025,20.5,80.5,35.580784
21-03-2025,20.5,81.5,34.05455
21-03-2025,20.5,82.5,34.80755
21-03-2025,20.5,83.5,34.376015
21-03-2025,20.5,84.5,34.847115
21-03-2025,21.5,80.5,34.42986
21-03-2025,21.5,81.5,33.872734
21-03-2025,21.5,82.5,32.67109
21-03-2025,21.5,83.5,32.643307
21-03-2025,21.5,84.5,33.55951
21-03-2025,22.5,80.5,32.53351
21-03-2025,22.5,81.5,32.873245
21-03-2025,22.5,82.5,31.155502
21-03-2025,22.5,83.5,29.527637
21-03-2025,22.5,84.5,29.767332
21-03-2025,23.5,80.5,32.452896
21-03-2025,23.5,81.5,31.09661
21-03-2025,23.5,82.5,31.512018
21-03-2025,23.5,83.5,29.708176
21-03-2025,23.5,84.5,28.582863
21-03-2025,24.5,80.5,33.71701
21-03-2025,24.5,81.5,32.089333
21-03-2025,24.5,82.5,30.347145
21-03-2025,24.5,83.5,28.815653
21-03-2025,24.5,84.5,26.961273
22-03-2025,17.5,80.5,34.454292
22-03-2025,17.5,81.5,33.65402
22-03-2025,17.5,82.5,32.302605
22-03-2025,17.5,83.5,31.022755
22-03-2025,17.5,84.5,
22-03-2025,18.5,80.5,34.688828
22-03-2025,18.5,81.5,33.30914
22-03-2025,18.5,82.5,32.692924
22-03-2025,18.5,83.5,31.613253
22-03-2025,18.5,84.5,30.903221
22-03-2025,19.5,80.5,35.292076
22-03-2025,19.5,81.5,35.13695
22-03-2025,19.5,82.5,32.957462
22-03-2025,19.5,83.5,32.182434
22-03-2025,19.5,84.5,31.359793
22-03-2025,20.5,80.5,35.522877
22-03-2025,20.5,81.5,33.44478
22-03-2025,20.5,82.5,34.27346
22-03-2025,20.5,83.5,32.64798
22-03-2025,20.5,84.5,30.731184
22-03-2025,21.5,80.5,35.403225
22-03-2025,21.5,81.5,33.833317
22-03-2025,21.5,82.5,33.404827
22-03-2025,21.5,83.5,32.259235
22-03-2025,21.5,84.5,31.486382
22-03-2025,22.5,80.5,33.940903
22-03-2025,22.5,81.5,33.207706
22-03-2025,22.5,82.5,32.49472
22-03-2025,22.5,83.5,31.305706
22-03-2025,22.5,84.5,30.594917
22-03-2025,23.5,80.5,33.761326
22-03-2025,23.5,81.5,33.07287
22-03-2025,23.5,82.5,32.876995
22-03-2025,23.5,83.5,32.10142
22-03-2025,23.5,84.5,31.314796
22-03-2025,24.5,80.5,34.532616
22-03-2025,24.5,81.5,33.7312
22-03-2025,24.5,82.5,33.0965
22-03-2025,24.5,83.5,32.10258
22-03-2025,24.5,84.5,30.77591
23-03-2025,17.5,80.5,34.59383
23-03-2025,17.5,81.5,33.918716
23-03-2025,17.5,82.5,32.312695
23-03-2025,17.5,83.5,31.295538
23-03-2025,17.5,84.5,
23-03-2025,18.5,80.5,35.004864
23-03-2025,18.5,81.5,33.475662
23-03-2025,18.5,82.5,32.337746
23-03-2025,18.5,83.5,31.739937
23-03-2025,18.5,84.5,31.161608
23-03-2025,19.5,80.5,35.84652
23-03-2025,19.5,81.5,34.889854
23-03-2025,19.5,82.5,32.419807
23-03-2025,19.5,83.5,32.47557
23-03-2025,19.5,84.5,31.944817
23-03-2025,20.5,80.5,36.123035
23-03-2025,20.5,81.5,33.652348
23-03-2025,20.5,82.5,34.118042
23-03-2025,20.5,83.5,33.41831
23-03-2025,20.5,84.5,31.91478
23-03-2025,21.5,80.5,35.95002
23-03-2025,21.5,81.5,34.542725
23-03-2025,21.5,82.5,33.842285
23-03-2025,21.5,83.5,32.91813
23-03-2025,21.5,84.5,32.760048
23-03-2025,22.5,80.5,34.749386
23-03-2025,22.5,81.5,33.804573
23-03-2025,22.5,82.5,32.82323
23-03-2025,22.5,83.5,31.824974
23-03-2025,22.5,84.5,31.107569
23-03-2025,23.5,80.5,34.19504
23-03-2025,23.5,81.5,33.32035
23-03-2025,23.5,82.5,33.186466
23-03-2025,23.5,83.5,32.261257
23-03-2025,23.5,84.5,30.533228
23-03-2025,24.5,80.5,34.32259
23-03-2025,24.5,81.5,33.87466
23-03-2025,24.5,82.5,33.044174
23-03-2025,24.5,83.5,31.940752
23-03-2025,24.5,84.5,30.647795
24-03-2025,17.5,80.5,34.64244
24-03-2025,17.5,81.5,33.969673
24-03-2025,17.5,82.5,32.463524
24-03-2025,17.5,83.5,31.966845
24-03-2025,17.5,84.5,
24-03-2025,18.5,80.5,35.223198
24-03-2025,18.5,81.5,33.952267
24-03-2025,18.5,82.5,32.68127
24-03-2025,18.5,83.5,32.736847
24-03-2025,18.5,84.5,32.621216
24-03-2025,19.5,80.5,35.9994
24-03-2025,19.5,81.5,35.410854
24-03-2025,19.5,82.5,33.497036
24-03-2025,19.5,83.5,33.73432
24-03-2025,19.5,84.5,33.658527
24-03-2025,20.5,80.5,36.429874
24-03-2025,20.5,81.5,34.659966
24-03-2025,20.5,82.5,35.329544
24-03-2025,20.5,83.5,34.90401
24-03-2025,20.5,84.5,34.261528
24-03-2025,21.5,80.5,35.570824
24-03-2025,21.5,81.5,35.036835
24-03-2025,21.5,82.5,34.768898
24-03-2025,21.5,83.5,34.892452
24-03-2025,21.5,84.5,35.5301
24-03-2025,22.5,80.5,34.58033
24-03-2025,22.5,81.5,34.442783
24-03-2025,22.5,82.5,34.2768
24-03-2025,22.5,83.5,33.80341
24-03-2025,22.5,84.5,33.783756
24-03-2025,23.5,80.5,34.51652
24-03-2025,23.5,81.5,33.78509
24-03-2025,23.5,82.5,33.789627
24-03-2025,23.5,83.5,33.48257
24-03-2025,23.5,84.5,32.89267
24-03-2025,24.5,80.5,34.989117
24-03-2025,24.5,81.5,34.56661
24-03-2025,24.5,82.5,33.869884
24-03-2025,24.5,83.5,33.329994
24-03-2025,24.5,84.5,32.51354
25-03-2025,17.5,80.5,35.246162
25-03-2025,17.5,81.5,34.41132
25-03-2025,17.5,82.5,33.460033
25-03-2025,17.5,83.5,33.24955
25-03-2025,17.5,84.5,
25-03-2025,18.5,80.5,36.067513
25-03-2025,18.5,81.5,34.628098
25-03-2025,18.5,82.5,34.235485
25-03-2025,18.5,83.5,34.37341
25-03-2025,18.5,84.5,34.285522
25-03-2025,19.5,80.5,37.112877
25-03-2025,19.5,81.5,37.002186
25-03-2025,19.5,82.5,35.37413
25-03-2025,19.5,83.5,35.44602
25-03-2025,19.5,84.5,35.422066
25-03-2025,20.5,80.5,37.881245
25-03-2025,20.5,81.5,36.48729
25-03-2025,20.5,82.5,37.51741
25-03-2025,20.5,83.5,37.03898
25-03-2025,20.5,84.5,35.891514
25-03-2025,21.5,80.5,36.947186
25-03-2025,21.5,81.5,37.009842
25-03-2025,21.5,82.5,37.213512
25-03-2025,21.5,83.5,37.029594
25-03-2025,21.5,84.5,36.140217
25-03-2025,22.5,80.5,36.19107
25-03-2025,22.5,81.5,36.410812
25-03-2025,22.5,82.5,36.145252
25-03-2025,22.5,83.5,35.5666
25-03-2025,22.5,84.5,34.360744
25-03-2025,23.5,80.5,35.989307
25-03-2025,23.5,81.5,35.197124
25-03-2025,23.5,82.5,35.68254
25-03-2025,23.5,83.5,34.51891
25-03-2025,23.5,84.5,32.75065
25-03-2025,24.5,80.5,36.59316
25-03-2025,24.5,81.5,35.940636
25-03-2025,24.5,82.5,34.773136
25-03-2025,24.5,83.5,33.939953
25-03-2025,24.5,84.5,33.12574
26-03-2025,17.5,80.5,35.949757
26-03-2025,17.5,81.5,34.99936
26-03-2025,17.5,82.5,34.06588
26-03-2025,17.5,83.5,33.766754
26-03-2025,17.5,84.5,
26-03-2025,18.5,80.5,36.788994
26-03-2025,18.5,81.5,35.17959
26-03-2025,18.5,82.5,34.589943
26-03-2025,18.5,83.5,34.70054
26-03-2025,18.5,84.5,34.922752
26-03-2025,19.5,80.5,38.090824
26-03-2025,19.5,81.5,37.287285
26-03-2025,19.5,82.5,35.8492
26-03-2025,19.5,83.5,35.929386
26-03-2025,19.5,84.5,35.983135
26-03-2025,20.5,80.5,38.70419
26-03-2025,20.5,81.5,37.982468
26-03-2025,20.5,82.5,38.46309
26-03-2025,20.5,83.5,38.043373
26-03-2025,20.5,84.5,36.791878
26-03-2025,21.5,80.5,38.499348
26-03-2025,21.5,81.5,38.71516
26-03-2025,21.5,82.5,38.87249
26-03-2025,21.5,83.5,38.28253
26-03-2025,21.5,84.5,37.43984
26-03-2025,22.5,80.5,38.076454
26-03-2025,22.5,81.5,38.373062
26-03-2025,22.5,82.5,37.991783
26-03-2025,22.5,83.5,37.503113
26-03-2025,22.5,84.5,36.561855
26-03-2025,23.5,80.5,38.285156
26-03-2025,23.5,81.5,37.57019
26-03-2025,23.5,82.5,37.897217
26-03-2025,23.5,83.5,37.282745
26-03-2025,23.5,84.5,35.437656
26-03-2025,24.5,80.5,38.90173
26-03-2025,24.5,81.5,38.411892
26-03-2025,24.5,82.5,37.311497
26-03-2025,24.5,83.5,36.752396
26-03-2025,24.5,84.5,35.561573
27-03-2025,17.5,80.5,37.13847
27-03-2025,17.5,81.5,36.033234
27-03-2025,17.5,82.5,35.005817
27-03-2025,17.5,83.5,35.006737
27-03-2025,17.5,84.5,
27-03-2025,18.5,80.5,38.013584
27-03-2025,18.5,81.5,36.477108
27-03-2025,18.5,82.5,35.666225
27-03-2025,18.5,83.5,35.88524
27-03-2025,18.5,84.5,36.106255
27-03-2025,19.5,80.5,39.178898
27-03-2025,19.5,81.5,38.694004
27-03-2025,19.5,82.5,36.960697
27-03-2025,19.5,83.5,37.100906
27-03-2025,19.5,84.5,37.25381
27-03-2025,20.5,80.5,39.88618
27-03-2025,20.5,81.5,39.150524
27-03-2025,20.5,82.5,39.645718
27-03-2025,20.5,83.5,39.101612
27-03-2025,20.5,84.5,37.940426
27-03-2025,21.5,80.5,39.24967
27-03-2025,21.5,81.5,39.7203
27-03-2025,21.5,82.5,39.77832
27-03-2025,21.5,83.5,39.361023
27-03-2025,21.5,84.5,38.547306
27-03-2025,22.5,80.5,38.837852
27-03-2025,22.5,81.5,39.519497
27-03-2025,22.5,82.5,39.224518
27-03-2025,22.5,83.5,38.79133
27-03-2025,22.5,84.5,37.899055
27-03-2025,23.5,80.5,38.58416
27-03-2025,23.5,81.5,38.364765
27-03-2025,23.5,82.5,39.29668
27-03-2025,23.5,83.5,38.40917
27-03-2025,23.5,84.5,37.153492
27-03-2025,24.5,80.5,39.40522
27-03-2025,24.5,81.5,39.212246
27-03-2025,24.5,82.5,38.610817
27-03-2025,24.5,83.5,38.12457
27-03-2025,24.5,84.5,37.239372
28-03-2025,17.5,80.5,37.98075
28-03-2025,17.5,81.5,36.54697
28-03-2025,17.5,82.5,35.31228
28-03-2025,17.5,83.5,35.22596
28-03-2025,17.5,84.5,
28-03-2025,18.5,80.5,38.545376
28-03-2025,18.5,81.5,36.890926
28-03-2025,18.5,82.5,36.147243
28-03-2025,18.5,83.5,36.31683
28-03-2025,18.5,84.5,36.87975
28-03-2025,19.5,80.5,39.654957
28-03-2025,19.5,81.5,39.24792
28-03-2025,19.5,82.5,37.774643
28-03-2025,19.5,83.5,37.91368
28-03-2025,19.5,84.5,38.17153
28-03-2025,20.5,80.5,40.205673
28-03-2025,20.5,81.5,39.436676
28-03-2025,20.5,82.5,39.854584
28-03-2025,20.5,83.5,39.58065
28-03-2025,20.5,84.5,39.190685
28-03-2025,21.5,80.5,38.58408
28-03-2025,21.5,81.5,39.677547
28-03-2025,21.5,82.5,39.821205
28-03-2025,21.5,83.5,39.728325
28-03-2025,21.5,84.5,39.44423
28-03-2025,22.5,80.5,37.58631
28-03-2025,22.5,81.5,38.988365
28-03-2025,22.5,82.5,38.691624
28-03-2025,22.5,83.5,38.80698
28-03-2025,22.5,84.5,38.64207
28-03-2025,23.5,80.5,36.953663
28-03-2025,23.5,81.5,37.06238
28-03-2025,23.5,82.5,38.14738
28-03-2025,23.5,83.5,37.827866
28-03-2025,23.5,84.5,38.34539
28-03-2025,24.5,80.5,37.064198
28-03-2025,24.5,81.5,37.715015
28-03-2025,24.5,82.5,38.071133
28-03-2025,24.5,83.5,37.624294
28-03-2025,24.5,84.5,37.339302
29-03-2025,17.5,80.5,38.14716
29-03-2025,17.5,81.5,37.185104
29-03-2025,17.5,82.5,35.895386
29-03-2025,17.5,83.5,35.865543
29-03-2025,17.5,84.5,
29-03-2025,18.5,80.5,38.469124
29-03-2025,18.5,81.5,37.379356
29-03-2025,18.5,82.5,36.634857
29-03-2025,18.5,83.5,36.85014
29-03-2025,18.5,84.5,36.71163
29-03-2025,19.5,80.5,38.788467
29-03-2025,19.5,81.5,39.20188
29-03-2025,19.5,82.5,37.78267
29-03-2025,19.5,83.5,37.95462
29-03-2025,19.5,84.5,37.86618
29-03-2025,20.5,80.5,38.756832
29-03-2025,20.5,81.5,37.996033
29-03-2025,20.5,82.5,39.159702
29-03-2025,20.5,83.5,38.61503
29-03-2025,20.5,84.5,38.438137
29-03-2025,21.5,80.5,37.03179
29-03-2025,21.5,81.5,37.613365
29-03-2025,21.5,82.5,37.54605
29-03-2025,21.5,83.5,38.1304
29-03-2025,21.5,84.5,38.32253
29-03-2025,22.5,80.5,35.402336
29-03-2025,22.5,81.5,36.6512
29-03-2025,22.5,82.5,36.183533
29-03-2025,22.5,83.5,36.706978
29-03-2025,22.5,84.5,36.825787
29-03-2025,23.5,80.5,34.64344
29-03-2025,23.5,81.5,34.19928
29-03-2025,23.5,82.5,35.36389
29-03-2025,23.5,83.5,35.721863
29-03-2025,23.5,84.5,36.784122
29-03-2025,24.5,80.5,34.52429
29-03-2025,24.5,81.5,34.718876
29-03-2025,24.5,82.5,35.771114
29-03-2025,24.5,83.5,35.644867
29-03-2025,24.5,84.5,36.063873
30-03-2025,17.5,80.5,37.08089
30-03-2025,17.5,81.5,35.836338
30-03-2025,17.5,82.5,34.901928
30-03-2025,17.5,83.5,34.70417
30-03-2025,17.5,84.5,
30-03-2025,18.5,80.5,38.06
30-03-2025,18.5,81.5,36.422035
30-03-2025,18.5,82.5,35.72925
30-03-2025,18.5,83.5,35.61908
30-03-2025,18.5,84.5,35.769196
30-03-2025,19.5,80.5,39.29805
30-03-2025,19.5,81.5,39.034184
30-03-2025,19.5,82.5,37.246502
30-03-2025,19.5,83.5,37.024178
30-03-2025,19.5,84.5,36.9337
30-03-2025,20.5,80.5,39.47232
30-03-2025,20.5,81.5,38.665665
30-03-2025,20.5,82.5,39.225857
30-03-2025,20.5,83.5,38.466866
30-03-2025,20.5,84.5,37.58499
30-03-2025,21.5,80.5,38.085598
30-03-2025,21.5,81.5,38.45801
30-03-2025,21.5,82.5,38.565586
30-03-2025,21.5,83.5,38.37433
30-03-2025,21.5,84.5,37.7433
30-03-2025,22.5,80.5,36.476376
30-03-2025,22.5,81.5,37.608543
30-03-2025,22.5,82.5,37.148823
30-03-2025,22.5,83.5,37.26174
30-03-2025,22.5,84.5,37.09347
30-03-2025,23.5,80.5,35.712696
30-03-2025,23.5,81.5,35.230232
30-03-2025,23.5,82.5,36.119694
30-03-2025,23.5,83.5,36.248013
30-03-2025,23.5,84.5,36.83971
30-03-2025,24.5,80.5,35.614555
30-03-2025,24.5,81.5,35.64802
30-03-2025,24.5,82.5,35.82244
30-03-2025,24.5,83.5,35.340378
30-03-2025,24.5,84.5,35.062737
31-03-2025,17.5,80.5,35.942745
31-03-2025,17.5,81.5,34.87383
31-03-2025,17.5,82.5,34.109802
31-03-2025,17.5,83.5,34.278378
31-03-2025,17.5,84.5,
31-03-2025,18.5,80.5,37.1458
31-03-2025,18.5,81.5,35.775387
31-03-2025,18.5,82.5,35.219864
31-03-2025,18.5,83.5,35.542027
31-03-2025,18.5,84.5,35.817997
31-03-2025,19.5,80.5,38.713417
31-03-2025,19.5,81.5,38.28297
31-03-2025,19.5,82.5,37.03984
31-03-2025,19.5,83.5,37.170246
31-03-2025,19.5,84.5,37.323727
31-03-2025,20.5,80.5,38.94255
31-03-2025,20.5,81.5,38.564884
31-03-2025,20.5,82.5,39.24035
31-03-2025,20.5,83.5,38.81584
31-03-2025,20.5,84.5,38.10578
31-03-2025,21.5,80.5,38.134903
31-03-2025,21.5,81.5,38.295
31-03-2025,21.5,82.5,38.631382
31-03-2025,21.5,83.5,38.711784
31-03-2025,21.5,84.5,38.461353
31-03-2025,22.5,80.5,36.940662
31-03-2025,22.5,81.5,37.56703
31-03-2025,22.5,82.5,37.19044
31-03-2025,22.5,83.5,37.423794
31-03-2025,22.5,84.5,37.520805
31-03-2025,23.5,80.5,36.550396
31-03-2025,23.5,81.5,36.056503
31-03-2025,23.5,82.5,36.700783
31-03-2025,23.5,83.5,36.859913
31-03-2025,23.5,84.5,37.176353
31-03-2025,24.5,80.5,36.538338
31-03-2025,24.5,81.5,36.753956
31-03-2025,24.5,82.5,37.010086
31-03-2025,24.5,83.5,36.5845
31-03-2025,24.5,84.5,36.07132
01-04-2025,17.5,80.5,35.85845
01-04-2025,17.5,81.5,34.7509
01-04-2025,17.5,82.5,33.906704
01-04-2025,17.5,83.5,34.213566
01-04-2025,17.5,84.5,
01-04-2025,18.5,80.5,36.53385
01-04-2025,18.5,81.5,35.534657
01-04-2025,18.5,82.5,34.957035
01-04-2025,18.5,83.5,35.309517
01-04-2025,18.5,84.5,35.43209
01-04-2025,19.5,80.5,36.579407
01-04-2025,19.5,81.5,37.223343
01-04-2025,19.5,82.5,36.093487
01-04-2025,19.5,83.5,36.627632
01-04-2025,19.5,84.5,36.71587
01-04-2025,20.5,80.5,36.619125
01-04-2025,20.5,81.5,36.00495
01-04-2025,20.5,82.5,38.13643
01-04-2025,20.5,83.5,37.98444
01-04-2025,20.5,84.5,37.529846
01-04-2025,21.5,80.5,34.78554
01-04-2025,21.5,81.5,35.864716
01-04-2025,21.5,82.5,36.909386
01-04-2025,21.5,83.5,37.86588
01-04-2025,21.5,84.5,37.905003
01-04-2025,22.5,80.5,34.159504
01-04-2025,22.5,81.5,35.313843
01-04-2025,22.5,82.5,36.156094
01-04-2025,22.5,83.5,36.55366
01-04-2025,22.5,84.5,36.72386
01-04-2025,23.5,80.5,35.37877
01-04-2025,23.5,81.5,35.085636
01-04-2025,23.5,82.5,36.10797
01-04-2025,23.5,83.5,36.23626
01-04-2025,23.5,84.5,36.660828
01-04-2025,24.5,80.5,36.65908
01-04-2025,24.5,81.5,36.732365
01-04-2025,24.5,82.5,37.30305
01-04-2025,24.5,83.5,37.23153
01-04-2025,24.5,84.5,36.957787
02-04-2025,17.5,80.5,34.82115
02-04-2025,17.5,81.5,34.158974
02-04-2025,17.5,82.5,33.479122
02-04-2025,17.5,83.5,33.932545
02-04-2025,17.5,84.5,
02-04-2025,18.5,80.5,35.319237
02-04-2025,18.5,81.5,34.64289
02-04-2025,18.5,82.5,34.476177
02-04-2025,18.5,83.5,34.90694
02-04-2025,18.5,84.5,35.03072
02-04-2025,19.5,80.5,35.240887
02-04-2025,19.5,81.5,36.816082
02-04-2025,19.5,82.5,35.56788
02-04-2025,19.5,83.5,36.199085
02-04-2025,19.5,84.5,36.14132
02-04-2025,20.5,80.5,35.422104
02-04-2025,20.5,81.5,34.915382
02-04-2025,20.5,82.5,37.928078
02-04-2025,20.5,83.5,37.61265
02-04-2025,20.5,84.5,36.85126
02-04-2025,21.5,80.5,33.25153
02-04-2025,21.5,81.5,34.548157
02-04-2025,21.5,82.5,35.340656
02-04-2025,21.5,83.5,37.498615
02-04-2025,21.5,84.5,37.3766
02-04-2025,22.5,80.5,32.660004
02-04-2025,22.5,81.5,33.613255
02-04-2025,22.5,82.5,34.582497
02-04-2025,22.5,83.5,35.51336
02-04-2025,22.5,84.5,36.325264
02-04-2025,23.5,80.5,32.715572
02-04-2025,23.5,81.5,32.007607
02-04-2025,23.5,82.5,33.47519
02-04-2025,23.5,83.5,34.276657
02-04-2025,23.5,84.5,35.526733
02-04-2025,24.5,80.5,34.24343
02-04-2025,24.5,81.5,33.687294
02-04-2025,24.5,82.5,34.233887
02-04-2025,24.5,83.5,34.846252
02-04-2025,24.5,84.5,34.83017
03-04-2025,17.5,80.5,35.890957
03-04-2025,17.5,81.5,35.173935
03-04-2025,17.5,82.5,34.18651
03-04-2025,17.5,83.5,34.575092
03-04-2025,17.5,84.5,
03-04-2025,18.5,80.5,35.695312
03-04-2025,18.5,81.5,34.98967
03-04-2025,18.5,82.5,35.306396
03-04-2025,18.5,83.5,35.221474
03-04-2025,18.5,84.5,35.28384
03-04-2025,19.5,80.5,34.223763
03-04-2025,19.5,81.5,36.28264
03-04-2025,19.5,82.5,35.42633
03-04-2025,19.5,83.5,36.2356
03-04-2025,19.5,84.5,36.17325
03-04-2025,20.5,80.5,34.392662
03-04-2025,20.5,81.5,34.003937
03-04-2025,20.5,82.5,37.500374
03-04-2025,20.5,83.5,37.586494
03-04-2025,20.5,84.5,36.781002
03-04-2025,21.5,80.5,32.38462
03-04-2025,21.5,81.5,33.844254
03-04-2025,21.5,82.5,35.580063
03-04-2025,21.5,83.5,37.641514
03-04-2025,21.5,84.5,37.32209
03-04-2025,22.5,80.5,32.330418
03-04-2025,22.5,81.5,33.140858
03-04-2025,22.5,82.5,34.86152
03-04-2025,22.5,83.5,35.493843
03-04-2025,22.5,84.5,35.727097
03-04-2025,23.5,80.5,33.325222
03-04-2025,23.5,81.5,33.140144
03-04-2025,23.5,82.5,33.9317
03-04-2025,23.5,83.5,34.668415
03-04-2025,23.5,84.5,35.860798
03-04-2025,24.5,80.5,34.87491
03-04-2025,24.5,81.5,34.82064
03-04-2025,24.5,82.5,35.04471
03-04-2025,24.5,83.5,35.85273
03-04-2025,24.5,84.5,36.118355
04-04-2025,17.5,80.5,35.106506
04-04-2025,17.5,81.5,34.604633
04-04-2025,17.5,82.5,33.334267
04-04-2025,17.5,83.5,34.050697
04-04-2025,17.5,84.5,
04-04-2025,18.5,80.5,35.45061
04-04-2025,18.5,81.5,34.222874
04-04-2025,18.5,82.5,34.48416
04-04-2025,18.5,83.5,34.396793
04-04-2025,18.5,84.5,34.22584
04-04-2025,19.5,80.5,35.49263
04-04-2025,19.5,81.5,36.24812
04-04-2025,19.5,82.5,33.869167
04-04-2025,19.5,83.5,34.694405
04-04-2025,19.5,84.5,34.653786
04-04-2025,20.5,80.5,36.56681
04-04-2025,20.5,81.5,34.68716
04-04-2025,20.5,82.5,36.048073
04-04-2025,20.5,83.5,36.189404
04-04-2025,20.5,84.5,35.51127
04-04-2025,21.5,80.5,36.182095
04-04-2025,21.5,81.5,35.14221
04-04-2025,21.5,82.5,35.382664
04-04-2025,21.5,83.5,36.263725
04-04-2025,21.5,84.5,35.60571
04-04-2025,22.5,80.5,36.347
04-04-2025,22.5,81.5,35.148186
04-04-2025,22.5,82.5,34.919323
04-04-2025,22.5,83.5,34.390762
04-04-2025,22.5,84.5,34.227226
04-04-2025,23.5,80.5,36.417873
04-04-2025,23.5,81.5,35.91323
04-04-2025,23.5,82.5,35.268044
04-04-2025,23.5,83.5,34.898987
04-04-2025,23.5,84.5,35.130787
04-04-2025,24.5,80.5,37.769676
04-04-2025,24.5,81.5,37.303143
04-04-2025,24.5,82.5,36.929253
04-04-2025,24.5,83.5,36.73743
04-04-2025,24.5,84.5,36.02856
05-04-2025,17.5,80.5,36.648743
05-04-2025,17.5,81.5,35.970562
05-04-2025,17.5,82.5,35.15159
05-04-2025,17.5,83.5,35.645718
05-04-2025,17.5,84.5,
05-04-2025,18.5,80.5,37.476162
05-04-2025,18.5,81.5,36.49665
05-04-2025,18.5,82.5,36.271053
05-04-2025,18.5,83.5,36.499237
05-04-2025,18.5,84.5,36.79056
05-04-2025,19.5,80.5,38.6275
05-04-2025,19.5,81.5,38.754204
05-04-2025,19.5,82.5,36.99301
05-04-2025,19.5,83.5,37.663498
05-04-2025,19.5,84.5,37.868107
05-04-2025,20.5,80.5,39.574165
05-04-2025,20.5,81.5,38.811024
05-04-2025,20.5,82.5,39.792988
05-04-2025,20.5,83.5,39.8244
05-04-2025,20.5,84.5,38.751797
05-04-2025,21.5,80.5,38.840775
05-04-2025,21.5,81.5,39.054752
05-04-2025,21.5,82.5,39.454647
05-04-2025,21.5,83.5,40.04805
05-04-2025,21.5,84.5,39.37154
05-04-2025,22.5,80.5,39.021175
05-04-2025,22.5,81.5,38.89823
05-04-2025,22.5,82.5,38.59195
05-04-2025,22.5,83.5,38.49823
05-04-2025,22.5,84.5,38.133923
05-04-2025,23.5,80.5,39.11871
05-04-2025,23.5,81.5,38.587452
05-04-2025,23.5,82.5,38.681416
05-04-2025,23.5,83.5,38.458626
05-04-2025,23.5,84.5,38.528053
05-04-2025,24.5,80.5,39.620617
05-04-2025,24.5,81.5,39.350853
05-04-2025,24.5,82.5,39.517338
05-04-2025,24.5,83.5,39.287506
05-04-2025,24.5,84.5,38.84253
06-04-2025,17.5,80.5,37.536858
06-04-2025,17.5,81.5,36.612457
06-04-2025,17.5,82.5,35.511436
06-04-2025,17.5,83.5,35.618042
06-04-2025,17.5,84.5,
06-04-2025,18.5,80.5,38.518654
06-04-2025,18.5,81.5,37.056248
06-04-2025,18.5,82.5,36.677696
06-04-2025,18.5,83.5,36.57223
06-04-2025,18.5,84.5,36.875725
06-04-2025,19.5,80.5,39.998844
06-04-2025,19.5,81.5,39.685745
06-04-2025,19.5,82.5,37.80041
06-04-2025,19.5,83.5,37.996178
06-04-2025,19.5,84.5,38.27827
06-04-2025,20.5,80.5,40.87942
06-04-2025,20.5,81.5,40.10988
06-04-2025,20.5,82.5,40.54642
06-04-2025,20.5,83.5,40.161034
06-04-2025,20.5,84.5,38.96634
06-04-2025,21.5,80.5,40.186684
06-04-2025,21.5,81.5,40.1159
06-04-2025,21.5,82.5,40.372646
06-04-2025,21.5,83.5,40.320198
06-04-2025,21.5,84.5,39.93685
06-04-2025,22.5,80.5,39.52865
06-04-2025,22.5,81.5,39.67295
06-04-2025,22.5,82.5,39.10633
06-04-2025,22.5,83.5,39.248997
06-04-2025,22.5,84.5,39.119453
06-04-2025,23.5,80.5,39.28955
06-04-2025,23.5,81.5,38.81519
06-04-2025,23.5,82.5,39.075127
06-04-2025,23.5,83.5,39.041225
06-04-2025,23.5,84.5,39.287895
06-04-2025,24.5,80.5,39.536716
06-04-2025,24.5,81.5,39.49765
06-04-2025,24.5,82.5,40.016308
06-04-2025,24.5,83.5,39.829445
06-04-2025,24.5,84.5,39.280754
07-04-2025,17.5,80.5,37.530544
07-04-2025,17.5,81.5,36.264015
07-04-2025,17.5,82.5,35.021526
07-04-2025,17.5,83.5,35.27422
07-04-2025,17.5,84.5,
07-04-2025,18.5,80.5,38.437386
07-04-2025,18.5,81.5,36.742733
07-04-2025,18.5,82.5,36.374943
07-04-2025,18.5,83.5,36.23394
07-04-2025,18.5,84.5,36.18955
07-04-2025,19.5,80.5,40.15162
07-04-2025,19.5,81.5,39.49977
07-04-2025,19.5,82.5,37.810272
07-04-2025,19.5,83.5,37.66782
07-04-2025,19.5,84.5,37.62038
07-04-2025,20.5,80.5,41.300766
07-04-2025,20.5,81.5,40.76346
07-04-2025,20.5,82.5,41.00743
07-04-2025,20.5,83.5,40.349518
07-04-2025,20.5,84.5,38.136265
07-04-2025,21.5,80.5,41.178402
07-04-2025,21.5,81.5,40.910484
07-04-2025,21.5,82.5,41.218586
07-04-2025,21.5,83.5,40.676754
07-04-2025,21.5,84.5,39.073895
07-04-2025,22.5,80.5,40.818905
07-04-2025,22.5,81.5,40.64976
07-04-2025,22.5,82.5,39.946808
07-04-2025,22.5,83.5,39.43549
07-04-2025,22.5,84.5,38.22937
07-04-2025,23.5,80.5,40.500725
07-04-2025,23.5,81.5,39.644634
07-04-2025,23.5,82.5,39.826424
07-04-2025,23.5,83.5,39.7141
07-04-2025,23.5,84.5,38.09148
07-04-2025,24.5,80.5,40.797546
07-04-2025,24.5,81.5,40.40444
07-04-2025,24.5,82.5,40.194553
07-04-2025,24.5,83.5,39.681698
07-04-2025,24.5,84.5,38.176117
08-04-2025,17.5,80.5,36.97111
08-04-2025,17.5,81.5,35.664318
08-04-2025,17.5,82.5,34.455444
08-04-2025,17.5,83.5,34.63785
08-04-2025,17.5,84.5,
08-04-2025,18.5,80.5,37.725105
08-04-2025,18.5,81.5,35.98649
08-04-2025,18.5,82.5,35.75085
08-04-2025,18.5,83.5,35.786865
08-04-2025,18.5,84.5,35.62867
08-04-2025,19.5,80.5,39.119545
08-04-2025,19.5,81.5,38.511337
08-04-2025,19.5,82.5,37.009773
08-04-2025,19.5,83.5,36.816963
08-04-2025,19.5,84.5,36.904236
08-04-2025,20.5,80.5,40.43763
08-04-2025,20.5,81.5,39.54902
08-04-2025,20.5,82.5,39.81398
08-04-2025,20.5,83.5,39.541653
08-04-2025,20.5,84.5,37.400074
08-04-2025,21.5,80.5,40.237804
08-04-2025,21.5,81.5,40.318886
08-04-2025,21.5,82.5,40.702377
08-04-2025,21.5,83.5,39.949234
08-04-2025,21.5,84.5,37.91127
08-04-2025,22.5,80.5,40.441883
08-04-2025,22.5,81.5,39.908432
08-04-2025,22.5,82.5,39.304043
08-04-2025,22.5,83.5,38.528713
08-04-2025,22.5,84.5,37.135765
08-04-2025,23.5,80.5,40.192924
08-04-2025,23.5,81.5,39.061436
08-04-2025,23.5,82.5,39.137287
08-04-2025,23.5,83.5,38.309628
08-04-2025,23.5,84.5,36.399292
08-04-2025,24.5,80.5,40.764523
08-04-2025,24.5,81.5,39.922726
08-04-2025,24.5,82.5,38.917553
08-04-2025,24.5,83.5,38.31184
08-04-2025,24.5,84.5,37.030224
09-04-2025,17.5,80.5,37.22232
09-04-2025,17.5,81.5,35.862865
09-04-2025,17.5,82.5,34.413876
09-04-2025,17.5,83.5,34.31451
09-04-2025,17.5,84.5,
09-04-2025,18.5,80.5,37.941757
09-04-2025,18.5,81.5,36.05396
09-04-2025,18.5,82.5,35.57846
09-04-2025,18.5,83.5,35.106655
09-04-2025,18.5,84.5,34.8931
09-04-2025,19.5,80.5,38.69091
09-04-2025,19.5,81.5,38.202545
09-04-2025,19.5,82.5,36.17919
09-04-2025,19.5,83.5,36.2057
09-04-2025,19.5,84.5,36.31452
09-04-2025,20.5,80.5,39.595566
09-04-2025,20.5,81.5,38.63782
09-04-2025,20.5,82.5,39.165092
09-04-2025,20.5,83.5,38.702156
09-04-2025,20.5,84.5,36.754013
09-04-2025,21.5,80.5,39.341225
09-04-2025,21.5,81.5,38.90985
09-04-2025,21.5,82.5,39.366604
09-04-2025,21.5,83.5,39.08145
09-04-2025,21.5,84.5,37.49605
09-04-2025,22.5,80.5,39.29774
09-04-2025,22.5,81.5,38.57044
09-04-2025,22.5,82.5,38.487038
09-04-2025,22.5,83.5,37.99156
09-04-2025,22.5,84.5,36.537
09-04-2025,23.5,80.5,39.312286
09-04-2025,23.5,81.5,38.27967
09-04-2025,23.5,82.5,38.646587
09-04-2025,23.5,83.5,38.052483
09-04-2025,23.5,84.5,36.03359
09-04-2025,24.5,80.5,40.22716
09-04-2025,24.5,81.5,39.61585
09-04-2025,24.5,82.5,38.590935
09-04-2025,24.5,83.5,37.87135
09-04-2025,24.5,84.5,35.86741
10-04-2025,17.5,80.5,37.684204
10-04-2025,17.5,81.5,36.13211
10-04-2025,17.5,82.5,34.72828
10-04-2025,17.5,83.5,34.55376
10-04-2025,17.5,84.5,
10-04-2025,18.5,80.5,38.296818
10-04-2025,18.5,81.5,36.3486
10-04-2025,18.5,82.5,35.815746
10-04-2025,18.5,83.5,35.381523
10-04-2025,18.5,84.5,35.39714
10-04-2025,19.5,80.5,39.505264
10-04-2025,19.5,81.5,39.017117
10-04-2025,19.5,82.5,36.489258
10-04-2025,19.5,83.5,36.70533
10-04-2025,19.5,84.5,36.71403
10-04-2025,20.5,80.5,40.727413
10-04-2025,20.5,81.5,39.444603
10-04-2025,20.5,82.5,39.702274
10-04-2025,20.5,83.5,39.329487
10-04-2025,20.5,84.5,37.240417
10-04-2025,21.5,80.5,40.14151
10-04-2025,21.5,81.5,39.74048
10-04-2025,21.5,82.5,39.812874
10-04-2025,21.5,83.5,38.93784
10-04-2025,21.5,84.5,37.27778
10-04-2025,22.5,80.5,39.771732
10-04-2025,22.5,81.5,39.103672
10-04-2025,22.5,82.5,37.929
10-04-2025,22.5,83.5,37.41563
10-04-2025,22.5,84.5,35.622246
10-04-2025,23.5,80.5,38.864273
10-04-2025,23.5,81.5,37.221016
10-04-2025,23.5,82.5,37.02853
10-04-2025,23.5,83.5,36.180946
10-04-2025,23.5,84.5,34.272335
10-04-2025,24.5,80.5,37.601944
10-04-2025,24.5,81.5,36.834316
10-04-2025,24.5,82.5,35.71565
10-04-2025,24.5,83.5,34.37796
10-04-2025,24.5,84.5,33.928844
11-04-2025,17.5,80.5,37.51806
11-04-2025,17.5,81.5,36.26998
11-04-2025,17.5,82.5,34.75195
11-04-2025,17.5,83.5,34.37716
11-04-2025,17.5,84.5,
11-04-2025,18.5,80.5,38.22116
11-04-2025,18.5,81.5,36.5652
11-04-2025,18.5,82.5,35.88912
11-04-2025,18.5,83.5,35.1873
11-04-2025,18.5,84.5,35.106125
11-04-2025,19.5,80.5,39.90265
11-04-2025,19.5,81.5,39.208744
11-04-2025,19.5,82.5,36.96093
11-04-2025,19.5,83.5,36.6376
11-04-2025,19.5,84.5,36.537937
11-04-2025,20.5,80.5,40.93901
11-04-2025,20.5,81.5,39.598457
11-04-2025,20.5,82.5,39.948017
11-04-2025,20.5,83.5,39.06583
11-04-2025,20.5,84.5,36.776245
11-04-2025,21.5,80.5,40.16979
11-04-2025,21.5,81.5,39.584137
11-04-2025,21.5,82.5,39.457363
11-04-2025,21.5,83.5,38.560886
11-04-2025,21.5,84.5,37.695984
11-04-2025,22.5,80.5,39.4355
11-04-2025,22.5,81.5,39.231915
11-04-2025,22.5,82.5,37.992954
11-04-2025,22.5,83.5,36.82778
11-04-2025,22.5,84.5,35.797916
11-04-2025,23.5,80.5,38.90754
11-04-2025,23.5,81.5,37.444782
11-04-2025,23.5,82.5,37.333508
11-04-2025,23.5,83.5,36.327656
11-04-2025,23.5,84.5,35.016087
11-04-2025,24.5,80.5,38.4904
11-04-2025,24.5,81.5,37.81562
11-04-2025,24.5,82.5,36.443573
11-04-2025,24.5,83.5,35.28536
11-04-2025,24.5,84.5,34.233322
12-04-2025,17.5,80.5,39.29024
12-04-2025,17.5,81.5,37.97557
12-04-2025,17.5,82.5,36.277668
12-04-2025,17.5,83.5,36.121933
12-04-2025,17.5,84.5,
12-04-2025,18.5,80.5,39.262856
12-04-2025,18.5,81.5,37.808464
12-04-2025,18.5,82.5,37.338726
12-04-2025,18.5,83.5,36.760326
12-04-2025,18.5,84.5,36.6991
12-04-2025,19.5,80.5,39.59535
12-04-2025,19.5,81.5,40.101936
12-04-2025,19.5,82.5,37.85878
12-04-2025,19.5,83.5,37.887024
12-04-2025,19.5,84.5,37.853065
12-04-2025,20.5,80.5,40.15848
12-04-2025,20.5,81.5,39.423748
12-04-2025,20.5,82.5,40.636612
12-04-2025,20.5,83.5,40.00301
12-04-2025,20.5,84.5,38.23289
12-04-2025,21.5,80.5,38.61136
12-04-2025,21.5,81.5,39.350468
12-04-2025,21.5,82.5,39.587902
12-04-2025,21.5,83.5,39.94016
12-04-2025,21.5,84.5,38.841988
12-04-2025,22.5,80.5,38.183437
12-04-2025,22.5,81.5,39.01886
12-04-2025,22.5,82.5,38.592823
12-04-2025,22.5,83.5,38.323082
12-04-2025,22.5,84.5,37.58712
12-04-2025,23.5,80.5,37.92975
12-04-2025,23.5,81.5,37.04698
12-04-2025,23.5,82.5,37.941948
12-04-2025,23.5,83.5,37.834156
12-04-2025,23.5,84.5,36.545513
12-04-2025,24.5,80.5,37.980312
12-04-2025,24.5,81.5,37.78105
12-04-2025,24.5,82.5,37.51067
12-04-2025,24.5,83.5,36.68889
12-04-2025,24.5,84.5,35.7941
13-04-2025,17.5,80.5,38.15663
13-04-2025,17.5,81.5,36.37391
13-04-2025,17.5,82.5,35.059353
13-04-2025,17.5,83.5,35.108288
13-04-2025,17.5,84.5,
13-04-2025,18.5,80.5,38.72076
13-04-2025,18.5,81.5,37.080696
13-04-2025,18.5,82.5,36.354725
13-04-2025,18.5,83.5,36.044746
13-04-2025,18.5,84.5,35.79051
13-04-2025,19.5,80.5,39.76278
13-04-2025,19.5,81.5,39.476765
13-04-2025,19.5,82.5,37.269783
13-04-2025,19.5,83.5,37.238537
13-04-2025,19.5,84.5,37.307457
13-04-2025,20.5,80.5,40.08379
13-04-2025,20.5,81.5,38.891014
13-04-2025,20.5,82.5,39.612522
13-04-2025,20.5,83.5,39.11027
13-04-2025,20.5,84.5,37.62547
13-04-2025,21.5,80.5,38.414642
13-04-2025,21.5,81.5,38.29619
13-04-2025,21.5,82.5,38.23986
13-04-2025,21.5,83.5,38.453926
13-04-2025,21.5,84.5,37.59869
13-04-2025,22.5,80.5,36.815113
13-04-2025,22.5,81.5,37.566
13-04-2025,22.5,82.5,36.548927
13-04-2025,22.5,83.5,35.938484
13-04-2025,22.5,84.5,35.201385
13-04-2025,23.5,80.5,35.623623
13-04-2025,23.5,81.5,34.636665
13-04-2025,23.5,82.5,35.57351
13-04-2025,23.5,83.5,34.59861
13-04-2025,23.5,84.5,33.78904
13-04-2025,24.5,80.5,35.839966
13-04-2025,24.5,81.5,35.5326
13-04-2025,24.5,82.5,33.82031
13-04-2025,24.5,83.5,32.90163
13-04-2025,24.5,84.5,32.613506
14-04-2025,17.5,80.5,37.057434
14-04-2025,17.5,81.5,35.802372
14-04-2025,17.5,82.5,34.52602
14-04-2025,17.5,83.5,34.69708
14-04-2025,17.5,84.5,
14-04-2025,18.5,80.5,37.81968
14-04-2025,18.5,81.5,36.720737
14-04-2025,18.5,82.5,35.88046
14-04-2025,18.5,83.5,35.82745
14-04-2025,18.5,84.5,35.58464
14-04-2025,19.5,80.5,38.98416
14-04-2025,19.5,81.5,39.344166
14-04-2025,19.5,82.5,37.224686
14-04-2025,19.5,83.5,37.069447
14-04-2025,19.5,84.5,36.97125
14-04-2025,20.5,80.5,39.67195
14-04-2025,20.5,81.5,38.591347
14-04-2025,20.5,82.5,40.02319
14-04-2025,20.5,83.5,39.178257
14-04-2025,20.5,84.5,37.241962
14-04-2025,21.5,80.5,38.308933
14-04-2025,21.5,81.5,38.556602
14-04-2025,21.5,82.5,38.299084
14-04-2025,21.5,83.5,38.216362
14-04-2025,21.5,84.5,37.0685
14-04-2025,22.5,80.5,37.49778
14-04-2025,22.5,81.5,38.102272
14-04-2025,22.5,82.5,37.060658
14-04-2025,22.5,83.5,36.791058
14-04-2025,22.5,84.5,35.333656
14-04-2025,23.5,80.5,36.834095
14-04-2025,23.5,81.5,35.328274
14-04-2025,23.5,82.5,36.264065
14-04-2025,23.5,83.5,35.7345
14-04-2025,23.5,84.5,34.649307
14-04-2025,24.5,80.5,36.93572
14-04-2025,24.5,81.5,36.587715
14-04-2025,24.5,82.5,35.41172
14-04-2025,24.5,83.5,34.977707
14-04-2025,24.5,84.5,34.8194
15-04-2025,17.5,80.5,37.28368
15-04-2025,17.5,81.5,35.408024
15-04-2025,17.5,82.5,33.9471
15-04-2025,17.5,83.5,33.746365
15-04-2025,17.5,84.5,
15-04-2025,18.5,80.5,38.22954
15-04-2025,18.5,81.5,36.077854
15-04-2025,18.5,82.5,35.163807
15-04-2025,18.5,83.5,34.79614
15-04-2025,18.5,84.5,34.508537
15-04-2025,19.5,80.5,39.729458
15-04-2025,19.5,81.5,38.954655
15-04-2025,19.5,82.5,36.19596
15-04-2025,19.5,83.5,36.11287
15-04-2025,19.5,84.5,35.890503
15-04-2025,20.5,80.5,40.01299
15-04-2025,20.5,81.5,38.362465
15-04-2025,20.5,82.5,38.71895
15-04-2025,20.5,83.5,38.180992
15-04-2025,20.5,84.5,36.35767
15-04-2025,21.5,80.5,38.99743
15-04-2025,21.5,81.5,38.392838
15-04-2025,21.5,82.5,38.13053
15-04-2025,21.5,83.5,37.803207
15-04-2025,21.5,84.5,36.425617
15-04-2025,22.5,80.5,38.055058
15-04-2025,22.5,81.5,38.35633
15-04-2025,22.5,82.5,36.859035
15-04-2025,22.5,83.5,35.893105
15-04-2025,22.5,84.5,34.142036
15-04-2025,23.5,80.5,37.274487
15-04-2025,23.5,81.5,36.16439
15-04-2025,23.5,82.5,36.694588
15-04-2025,23.5,83.5,35.527344
15-04-2025,23.5,84.5,33.889317
15-04-2025,24.5,80.5,37.176453
15-04-2025,24.5,81.5,37.01853
15-04-2025,24.5,82.5,36.176
15-04-2025,24.5,83.5,35.237183
15-04-2025,24.5,84.5,34.48966
16-04-2025,17.5,80.5,36.24091
16-04-2025,17.5,81.5,34.653763
16-04-2025,17.5,82.5,33.611134
16-04-2025,17.5,83.5,33.690197
16-04-2025,17.5,84.5,
16-04-2025,18.5,80.5,37.429985
16-04-2025,18.5,81.5,35.845287
16-04-2025,18.5,82.5,34.820717
16-04-2025,18.5,83.5,34.62441
16-04-2025,18.5,84.5,34.43602
16-04-2025,19.5,80.5,38.819023
16-04-2025,19.5,81.5,38.33347
16-04-2025,19.5,82.5,35.627018
16-04-2025,19.5,83.5,35.507614
16-04-2025,19.5,84.5,35.386337
16-04-2025,20.5,80.5,39.226746
16-04-2025,20.5,81.5,36.6103
16-04-2025,20.5,82.5,37.310448
16-04-2025,20.5,83.5,36.609085
16-04-2025,20.5,84.5,35.88192
16-04-2025,21.5,80.5,38.72851
16-04-2025,21.5,81.5,36.824966
16-04-2025,21.5,82.5,36.68964
16-04-2025,21.5,83.5,36.372437
16-04-2025,21.5,84.5,36.478703
16-04-2025,22.5,80.5,38.078667
16-04-2025,22.5,81.5,36.862465
16-04-2025,22.5,82.5,35.853287
16-04-2025,22.5,83.5,35.20546
16-04-2025,22.5,84.5,35.37466
16-04-2025,23.5,80.5,37.87267
16-04-2025,23.5,81.5,37.03333
16-04-2025,23.5,82.5,36.060772
16-04-2025,23.5,83.5,35.342243
16-04-2025,23.5,84.5,35.722893
16-04-2025,24.5,80.5,38.32579
16-04-2025,24.5,81.5,38.1369
16-04-2025,24.5,82.5,37.43359
16-04-2025,24.5,83.5,36.75609
16-04-2025,24.5,84.5,35.705116
17-04-2025,17.5,80.5,36.670235
17-04-2025,17.5,81.5,35.37928
17-04-2025,17.5,82.5,34.31628
17-04-2025,17.5,83.5,34.088886
17-04-2025,17.5,84.5,
17-04-2025,18.5,80.5,37.82512
17-04-2025,18.5,81.5,36.345135
17-04-2025,18.5,82.5,35.22207
17-04-2025,18.5,83.5,35.10655
17-04-2025,18.5,84.5,35.102478
17-04-2025,19.5,80.5,38.958992
17-04-2025,19.5,81.5,38.50584
17-04-2025,19.5,82.5,35.991116
17-04-2025,19.5,83.5,36.024548
17-04-2025,19.5,84.5,36.04573
17-04-2025,20.5,80.5,39.784245
17-04-2025,20.5,81.5,37.494553
17-04-2025,20.5,82.5,38.38399
17-04-2025,20.5,83.5,37.754856
17-04-2025,20.5,84.5,36.66591
17-04-2025,21.5,80.5,39.22511
17-04-2025,21.5,81.5,37.739468
17-04-2025,21.5,82.5,38.159477
17-04-2025,21.5,83.5,37.886093
17-04-2025,21.5,84.5,37.701973
17-04-2025,22.5,80.5,38.94057
17-04-2025,22.5,81.5,38.04645
17-04-2025,22.5,82.5,37.746582
17-04-2025,22.5,83.5,37.078686
17-04-2025,22.5,84.5,37.155647
17-04-2025,23.5,80.5,39.223995
17-04-2025,23.5,81.5,38.46527
17-04-2025,23.5,82.5,37.86572
17-04-2025,23.5,83.5,37.185955
17-04-2025,23.5,84.5,37.221127
17-04-2025,24.5,80.5,40.0091
17-04-2025,24.5,81.5,39.761387
17-04-2025,24.5,82.5,38.749905
17-04-2025,24.5,83.5,38.026928
17-04-2025,24.5,84.5,36.593224
18-04-2025,17.5,80.5,37.263012
18-04-2025,17.5,81.5,35.663383
18-04-2025,17.5,82.5,34.892315
18-04-2025,17.5,83.5,34.08405
18-04-2025,17.5,84.5,
18-04-2025,18.5,80.5,38.306084
18-04-2025,18.5,81.5,36.71225
18-04-2025,18.5,82.5,35.77538
18-04-2025,18.5,83.5,35.255928
18-04-2025,18.5,84.5,35.124584
18-04-2025,19.5,80.5,40.053715
18-04-2025,19.5,81.5,39.39538
18-04-2025,19.5,82.5,36.896996
18-04-2025,19.5,83.5,36.54121
18-04-2025,19.5,84.5,36.37206
18-04-2025,20.5,80.5,41.245255
18-04-2025,20.5,81.5,38.46732
18-04-2025,20.5,82.5,38.8924
18-04-2025,20.5,83.5,37.755676
18-04-2025,20.5,84.5,36.729473
18-04-2025,21.5,80.5,41.167706
18-04-2025,21.5,81.5,39.271584
18-04-2025,21.5,82.5,39.263245
18-04-2025,21.5,83.5,37.728104
18-04-2025,21.5,84.5,37.522293
18-04-2025,22.5,80.5,41.26487
18-04-2025,22.5,81.5,39.65062
18-04-2025,22.5,82.5,38.524292
18-04-2025,22.5,83.5,36.62904
18-04-2025,22.5,84.5,36.8419
18-04-2025,23.5,80.5,41.18647
18-04-2025,23.5,81.5,39.886875
18-04-2025,23.5,82.5,38.13089
18-04-2025,23.5,83.5,36.63084
18-04-2025,23.5,84.5,34.999844
18-04-2025,24.5,80.5,41.019188
18-04-2025,24.5,81.5,40.032837
18-04-2025,24.5,82.5,37.61366
18-04-2025,24.5,83.5,35.87058
18-04-2025,24.5,84.5,33.5532
19-04-2025,17.5,80.5,38.300243
19-04-2025,17.5,81.5,37.05039
19-04-2025,17.5,82.5,35.612286
19-04-2025,17.5,83.5,34.729412
19-04-2025,17.5,84.5,
19-04-2025,18.5,80.5,39.12738
19-04-2025,18.5,81.5,37.420773
19-04-2025,18.5,82.5,36.140644
19-04-2025,18.5,83.5,35.647015
19-04-2025,18.5,84.5,35.58242
19-04-2025,19.5,80.5,40.717087
19-04-2025,19.5,81.5,40.043728
19-04-2025,19.5,82.5,37.076035
19-04-2025,19.5,83.5,37.023552
19-04-2025,19.5,84.5,36.94056
19-04-2025,20.5,80.5,41.448452
19-04-2025,20.5,81.5,38.847866
19-04-2025,20.5,82.5,39.174667
19-04-2025,20.5,83.5,38.529472
19-04-2025,20.5,84.5,37.32265
19-04-2025,21.5,80.5,40.94818
19-04-2025,21.5,81.5,39.708595
19-04-2025,21.5,82.5,39.180065
19-04-2025,21.5,83.5,38.575924
19-04-2025,21.5,84.5,38.822456
19-04-2025,22.5,80.5,40.81823
19-04-2025,22.5,81.5,39.818996
19-04-2025,22.5,82.5,38.712284
19-04-2025,22.5,83.5,37.37516
19-04-2025,22.5,84.5,37.231754
19-04-2025,23.5,80.5,40.178425
19-04-2025,23.5,81.5,38.674465
19-04-2025,23.5,82.5,38.041283
19-04-2025,23.5,83.5,37.036087
19-04-2025,23.5,84.5,36.52292
19-04-2025,24.5,80.5,40.198658
19-04-2025,24.5,81.5,39.39688
19-04-2025,24.5,82.5,37.563557
19-04-2025,24.5,83.5,36.07646
19-04-2025,24.5,84.5,35.179207
20-04-2025,17.5,80.5,39.217583
20-04-2025,17.5,81.5,37.517307
20-04-2025,17.5,82.5,36.11304
20-04-2025,17.5,83.5,35.346294
20-04-2025,17.5,84.5,
20-04-2025,18.5,80.5,40.092857
20-04-2025,18.5,81.5,38.178013
20-04-2025,18.5,82.5,36.820377
20-04-2025,18.5,83.5,36.324013
20-04-2025,18.5,84.5,36.390015
20-04-2025,19.5,80.5,41.352463
20-04-2025,19.5,81.5,40.62354
20-04-2025,19.5,82.5,37.969467
20-04-2025,19.5,83.5,37.781555
20-04-2025,19.5,84.5,37.78386
20-04-2025,20.5,80.5,42.382538
20-04-2025,20.5,81.5,40.20332
20-04-2025,20.5,82.5,40.704075
20-04-2025,20.5,83.5,40.120728
20-04-2025,20.5,84.5,38.463104
20-04-2025,21.5,80.5,41.514606
20-04-2025,21.5,81.5,41.03634
20-04-2025,21.5,82.5,40.941315
20-04-2025,21.5,83.5,40.693256
20-04-2025,21.5,84.5,40.603806
20-04-2025,22.5,80.5,41.0875
20-04-2025,22.5,81.5,41.12889
20-04-2025,22.5,82.5,40.60961
20-04-2025,22.5,83.5,40.102844
20-04-2025,22.5,84.5,40.067966
20-04-2025,23.5,80.5,41.07302
20-04-2025,23.5,81.5,40.670918
20-04-2025,23.5,82.5,40.48993
20-04-2025,23.5,83.5,40.279358
20-04-2025,23.5,84.5,40.037907
20-04-2025,24.5,80.5,41.54966
20-04-2025,24.5,81.5,41.34912
20-04-2025,24.5,82.5,40.81617
20-04-2025,24.5,83.5,40.129997
20-04-2025,24.5,84.5,39.032894
21-04-2025,17.5,80.5,39.061855
21-04-2025,17.5,81.5,37.421593
21-04-2025,17.5,82.5,36.020386
21-04-2025,17.5,83.5,35.042587
21-04-2025,17.5,84.5,
21-04-2025,18.5,80.5,40.209347
21-04-2025,18.5,81.5,38.26341
21-04-2025,18.5,82.5,36.65101
21-04-2025,18.5,83.5,36.355785
21-04-2025,18.5,84.5,36.42781
21-04-2025,19.5,80.5,41.88463
21-04-2025,19.5,81.5,40.77547
21-04-2025,19.5,82.5,38.45559
21-04-2025,19.5,83.5,37.91203
21-04-2025,19.5,84.5,38.081997
21-04-2025,20.5,80.5,43.01757
21-04-2025,20.5,81.5,41.27397
21-04-2025,20.5,82.5,41.598232
21-04-2025,20.5,83.5,40.51789
21-04-2025,20.5,84.5,38.82413
21-04-2025,21.5,80.5,42.388054
21-04-2025,21.5,81.5,42.187916
21-04-2025,21.5,82.5,42.12543
21-04-2025,21.5,83.5,41.36947
21-04-2025,21.5,84.5,40.913986
21-04-2025,22.5,80.5,42.004463
21-04-2025,22.5,81.5,42.312515
21-04-2025,22.5,82.5,41.99066
21-04-2025,22.5,83.5,41.41716
21-04-2025,22.5,84.5,41.41492
21-04-2025,23.5,80.5,42.28029
21-04-2025,23.5,81.5,42.049305
21-04-2025,23.5,82.5,42.066574
21-04-2025,23.5,83.5,42.04132
21-04-2025,23.5,84.5,41.53376
21-04-2025,24.5,80.5,43.00899
21-04-2025,24.5,81.5,42.874763
21-04-2025,24.5,82.5,42.72775
21-04-2025,24.5,83.5,41.81302
21-04-2025,24.5,84.5,40.6109
22-04-2025,17.5,80.5,39.549202
22-04-2025,17.5,81.5,37.86546
22-04-2025,17.5,82.5,36.44797
22-04-2025,17.5,83.5,35.82856
22-04-2025,17.5,84.5,
22-04-2025,18.5,80.5,40.720276
22-04-2025,18.5,81.5,38.75832
22-04-2025,18.5,82.5,37.407307
22-04-2025,18.5,83.5,37.07793
22-04-2025,18.5,84.5,37.1127
22-04-2025,19.5,80.5,42.602554
22-04-2025,19.5,81.5,41.63817
22-04-2025,19.5,82.5,39.4688
22-04-2025,19.5,83.5,38.93868
22-04-2025,19.5,84.5,38.89409
22-04-2025,20.5,80.5,43.710037
22-04-2025,20.5,81.5,42.649986
22-04-2025,20.5,82.5,42.7265
22-04-2025,20.5,83.5,41.77618
22-04-2025,20.5,84.5,39.708176
22-04-2025,21.5,80.5,43.158707
22-04-2025,21.5,81.5,43.439705
22-04-2025,21.5,82.5,43.495365
22-04-2025,21.5,83.5,42.56983
22-04-2025,21.5,84.5,41.814327
22-04-2025,22.5,80.5,42.436493
22-04-2025,22.5,81.5,42.965454
22-04-2025,22.5,82.5,42.77972
22-04-2025,22.5,83.5,42.658394
22-04-2025,22.5,84.5,42.051918
22-04-2025,23.5,80.5,42.284626
22-04-2025,23.5,81.5,41.985428
22-04-2025,23.5,82.5,42.509296
22-04-2025,23.5,83.5,42.55587
22-04-2025,23.5,84.5,42.292175
22-04-2025,24.5,80.5,42.628998
22-04-2025,24.5,81.5,42.724075
22-04-2025,24.5,82.5,43.036125
22-04-2025,24.5,83.5,42.346077
22-04-2025,24.5,84.5,41.65187
23-04-2025,17.5,80.5,39.627075
23-04-2025,17.5,81.5,37.75395
23-04-2025,17.5,82.5,36.32615
23-04-2025,17.5,83.5,35.73676
23-04-2025,17.5,84.5,
23-04-2025,18.5,80.5,40.753826
23-04-2025,18.5,81.5,38.5559
23-04-2025,18.5,82.5,37.423626
23-04-2025,18.5,83.5,36.90082
23-04-2025,18.5,84.5,37.056435
23-04-2025,19.5,80.5,42.715694
23-04-2025,19.5,81.5,41.65822
23-04-2025,19.5,82.5,39.395832
23-04-2025,19.5,83.5,38.773876
23-04-2025,19.5,84.5,38.808903
23-04-2025,20.5,80.5,43.688015
23-04-2025,20.5,81.5,42.52064
23-04-2025,20.5,82.5,42.378788
23-04-2025,20.5,83.5,41.55046
23-04-2025,20.5,84.5,39.863773
23-04-2025,21.5,80.5,42.767
23-04-2025,21.5,81.5,42.92959
23-04-2025,21.5,82.5,43.056343
23-04-2025,21.5,83.5,42.19687
23-04-2025,21.5,84.5,41.83038
23-04-2025,22.5,80.5,42.11099
23-04-2025,22.5,81.5,42.683414
23-04-2025,22.5,82.5,42.049652
23-04-2025,22.5,83.5,41.99871
23-04-2025,22.5,84.5,41.71739
23-04-2025,23.5,80.5,42.044537
23-04-2025,23.5,81.5,41.584156
23-04-2025,23.5,82.5,41.78152
23-04-2025,23.5,83.5,41.967068
23-04-2025,23.5,84.5,42.42505
23-04-2025,24.5,80.5,42.094852
23-04-2025,24.5,81.5,42.103756
23-04-2025,24.5,82.5,42.459576
23-04-2025,24.5,83.5,42.183285
23-04-2025,24.5,84.5,41.874382
24-04-2025,17.5,80.5,39.78344
24-04-2025,17.5,81.5,38.112957
24-04-2025,17.5,82.5,36.33099
24-04-2025,17.5,83.5,35.817844
24-04-2025,17.5,84.5,
24-04-2025,18.5,80.5,40.767994
24-04-2025,18.5,81.5,38.534737
24-04-2025,18.5,82.5,37.662754
24-04-2025,18.5,83.5,37.11924
24-04-2025,18.5,84.5,37.186382
24-04-2025,19.5,80.5,42.46808
24-04-2025,19.5,81.5,41.737473
24-04-2025,19.5,82.5,39.582756
24-04-2025,19.5,83.5,39.00543
24-04-2025,19.5,84.5,39.00301
24-04-2025,20.5,80.5,43.407337
24-04-2025,20.5,81.5,42.41643
24-04-2025,20.5,82.5,42.468773
24-04-2025,20.5,83.5,41.61873
24-04-2025,20.5,84.5,39.948532
24-04-2025,21.5,80.5,42.563087
24-04-2025,21.5,81.5,42.59321
24-04-2025,21.5,82.5,42.82401
24-04-2025,21.5,83.5,42.24386
24-04-2025,21.5,84.5,41.619877
24-04-2025,22.5,80.5,41.959644
24-04-2025,22.5,81.5,42.342148
24-04-2025,22.5,82.5,41.760765
24-04-2025,22.5,83.5,41.94405
24-04-2025,22.5,84.5,41.66041
24-04-2025,23.5,80.5,41.94149
24-04-2025,23.5,81.5,41.586586
24-04-2025,23.5,82.5,41.90503
24-04-2025,23.5,83.5,42.05778
24-04-2025,23.5,84.5,41.79864
24-04-2025,24.5,80.5,42.412384
24-04-2025,24.5,81.5,42.324406
24-04-2025,24.5,82.5,42.55859
24-04-2025,24.5,83.5,41.91474
24-04-2025,24.5,84.5,41.143177
25-04-2025,17.5,80.5,38.85075
25-04-2025,17.5,81.5,37.38408
25-04-2025,17.5,82.5,35.90369
25-04-2025,17.5,83.5,35.82231
25-04-2025,17.5,84.5,
25-04-2025,18.5,80.5,39.95089
25-04-2025,18.5,81.5,38.061363
25-04-2025,18.5,82.5,37.305897
25-04-2025,18.5,83.5,37.174324
25-04-2025,18.5,84.5,37.314274
25-04-2025,19.5,80.5,41.641605
25-04-2025,19.5,81.5,41.34246
25-04-2025,19.5,82.5,39.448875
25-04-2025,19.5,83.5,39.05895
25-04-2025,19.5,84.5,39.021843
25-04-2025,20.5,80.5,43.115852
25-04-2025,20.5,81.5,42.305958
25-04-2025,20.5,82.5,42.850388
25-04-2025,20.5,83.5,41.93971
25-04-2025,20.5,84.5,40.049557
25-04-2025,21.5,80.5,42.380817
25-04-2025,21.5,81.5,42.74151
25-04-2025,21.5,82.5,43.253654
25-04-2025,21.5,83.5,42.66449
25-04-2025,21.5,84.5,41.488018
25-04-2025,22.5,80.5,42.08519
25-04-2025,22.5,81.5,42.57867
25-04-2025,22.5,82.5,42.290806
25-04-2025,22.5,83.5,42.3953
25-04-2025,22.5,84.5,41.83676
25-04-2025,23.5,80.5,42.295418
25-04-2025,23.5,81.5,42.042072
25-04-2025,23.5,82.5,42.573715
25-04-2025,23.5,83.5,42.68407
25-04-2025,23.5,84.5,42.096024
25-04-2025,24.5,80.5,43.184967
25-04-2025,24.5,81.5,43.11337
25-04-2025,24.5,82.5,43.37177
25-04-2025,24.5,83.5,42.55984
25-04-2025,24.5,84.5,41.551155
26-04-2025,17.5,80.5,38.196037
26-04-2025,17.5,81.5,36.664135
26-04-2025,17.5,82.5,35.45904
26-04-2025,17.5,83.5,35.514297
26-04-2025,17.5,84.5,
26-04-2025,18.5,80.5,38.89757
26-04-2025,18.5,81.5,37.20897
26-04-2025,18.5,82.5,36.889786
26-04-2025,18.5,83.5,36.792553
26-04-2025,18.5,84.5,36.99973
26-04-2025,19.5,80.5,40.05798
26-04-2025,19.5,81.5,40.507732
26-04-2025,19.5,82.5,38.76652
26-04-2025,19.5,83.5,38.706745
26-04-2025,19.5,84.5,38.65999
26-04-2025,20.5,80.5,41.489136
26-04-2025,20.5,81.5,39.954758
26-04-2025,20.5,82.5,41.297977
26-04-2025,20.5,83.5,40.769985
26-04-2025,20.5,84.5,39.676933
26-04-2025,21.5,80.5,40.193066
26-04-2025,21.5,81.5,40.26176
26-04-2025,21.5,82.5,40.94563
26-04-2025,21.5,83.5,41.587505
26-04-2025,21.5,84.5,41.080826
26-04-2025,22.5,80.5,39.754528
26-04-2025,22.5,81.5,39.659096
26-04-2025,22.5,82.5,39.99062
26-04-2025,22.5,83.5,40.954185
26-04-2025,22.5,84.5,41.564365
26-04-2025,23.5,80.5,40.0378
26-04-2025,23.5,81.5,40.558823
26-04-2025,23.5,82.5,40.67008
26-04-2025,23.5,83.5,41.22156
26-04-2025,23.5,84.5,42.084488
26-04-2025,24.5,80.5,42.032593
26-04-2025,24.5,81.5,42.065594
26-04-2025,24.5,82.5,42.802326
26-04-2025,24.5,83.5,42.71412
26-04-2025,24.5,84.5,41.53693
27-04-2025,17.5,80.5,35.820244
27-04-2025,17.5,81.5,35.32723
27-04-2025,17.5,82.5,34.059853
27-04-2025,17.5,83.5,34.929394
27-04-2025,17.5,84.5,
27-04-2025,18.5,80.5,35.932716
27-04-2025,18.5,81.5,34.789574
27-04-2025,18.5,82.5,35.118122
27-04-2025,18.5,83.5,35.487473
27-04-2025,18.5,84.5,35.462967
27-04-2025,19.5,80.5,36.08928
27-04-2025,19.5,81.5,37.542282
27-04-2025,19.5,82.5,35.20218
27-04-2025,19.5,83.5,36.146267
27-04-2025,19.5,84.5,36.17059
27-04-2025,20.5,80.5,37.64956
27-04-2025,20.5,81.5,35.554806
27-04-2025,20.5,82.5,37.93148
27-04-2025,20.5,83.5,37.8995
27-04-2025,20.5,84.5,36.421017
27-04-2025,21.5,80.5,37.52407
27-04-2025,21.5,81.5,36.564255
27-04-2025,21.5,82.5,36.617577
27-04-2025,21.5,83.5,37.85516
27-04-2025,21.5,84.5,36.9338
27-04-2025,22.5,80.5,37.922108
27-04-2025,22.5,81.5,36.84256
27-04-2025,22.5,82.5,36.055298
27-04-2025,22.5,83.5,35.51799
27-04-2025,22.5,84.5,34.984932
27-04-2025,23.5,80.5,37.70438
27-04-2025,23.5,81.5,37.572803
27-04-2025,23.5,82.5,37.665897
27-04-2025,23.5,83.5,37.170948
27-04-2025,23.5,84.5,36.06131
27-04-2025,24.5,80.5,39.347466
27-04-2025,24.5,81.5,39.3032
27-04-2025,24.5,82.5,39.249264
27-04-2025,24.5,83.5,37.82575
27-04-2025,24.5,84.5,35.780228
28-04-2025,17.5,80.5,37.77467
28-04-2025,17.5,81.5,36.81308
28-04-2025,17.5,82.5,35.065857
28-04-2025,17.5,83.5,35.48493
28-04-2025,17.5,84.5,
28-04-2025,18.5,80.5,38.455616
28-04-2025,18.5,81.5,36.733643
28-04-2025,18.5,82.5,36.44556
28-04-2025,18.5,83.5,36.193752
28-04-2025,18.5,84.5,36.15443
28-04-2025,19.5,80.5,39.401306
28-04-2025,19.5,81.5,39.96186
28-04-2025,19.5,82.5,37.041523
28-04-2025,19.5,83.5,37.341057
28-04-2025,19.5,84.5,37.40101
28-04-2025,20.5,80.5,39.812126
28-04-2025,20.5,81.5,38.036064
28-04-2025,20.5,82.5,38.985764
28-04-2025,20.5,83.5,38.534084
28-04-2025,20.5,84.5,37.908672
28-04-2025,21.5,80.5,39.01312
28-04-2025,21.5,81.5,37.858513
28-04-2025,21.5,82.5,37.62908
28-04-2025,21.5,83.5,38.301476
28-04-2025,21.5,84.5,37.96908
28-04-2025,22.5,80.5,38.31928
28-04-2025,22.5,81.5,37.567226
28-04-2025,22.5,82.5,36.669777
28-04-2025,22.5,83.5,35.655178
28-04-2025,22.5,84.5,35.120926
28-04-2025,23.5,80.5,38.099895
28-04-2025,23.5,81.5,36.870358
28-04-2025,23.5,82.5,36.893044
28-04-2025,23.5,83.5,35.985706
28-04-2025,23.5,84.5,34.431103
28-04-2025,24.5,80.5,39.367897
28-04-2025,24.5,81.5,37.902668
28-04-2025,24.5,82.5,35.806118
28-04-2025,24.5,83.5,34.112724
28-04-2025,24.5,84.5,32.610672
29-04-2025,17.5,80.5,38.627926
29-04-2025,17.5,81.5,37.186783
29-04-2025,17.5,82.5,35.428967
29-04-2025,17.5,83.5,35.29891
29-04-2025,17.5,84.5,
29-04-2025,18.5,80.5,39.44369
29-04-2025,18.5,81.5,37.17592
29-04-2025,18.5,82.5,36.786808
29-04-2025,18.5,83.5,35.99576
29-04-2025,18.5,84.5,35.502148
29-04-2025,19.5,80.5,39.66383
29-04-2025,19.5,81.5,40.188293
29-04-2025,19.5,82.5,37.14677
29-04-2025,19.5,83.5,37.008278
29-04-2025,19.5,84.5,36.487103
29-04-2025,20.5,80.5,40.13018
29-04-2025,20.5,81.5,38.356274
29-04-2025,20.5,82.5,39.099304
29-04-2025,20.5,83.5,38.3327
29-04-2025,20.5,84.5,36.791046
29-04-2025,21.5,80.5,39.59115
29-04-2025,21.5,81.5,38.49847
29-04-2025,21.5,82.5,38.206406
29-04-2025,21.5,83.5,38.45261
29-04-2025,21.5,84.5,37.0434
29-04-2025,22.5,80.5,39.69464
29-04-2025,22.5,81.5,38.585884
29-04-2025,22.5,82.5,37.52914
29-04-2025,22.5,83.5,36.173733
29-04-2025,22.5,84.5,34.989025
29-04-2025,23.5,80.5,39.116043
29-04-2025,23.5,81.5,37.77997
29-04-2025,23.5,82.5,37.638557
29-04-2025,23.5,83.5,35.88059
29-04-2025,23.5,84.5,33.763927
29-04-2025,24.5,80.5,39.56791
29-04-2025,24.5,81.5,38.330822
29-04-2025,24.5,82.5,35.924725
29-04-2025,24.5,83.5,33.990612
29-04-2025,24.5,84.5,32.84136
30-04-2025,17.5,80.5,38.740993
30-04-2025,17.5,81.5,36.028988
30-04-2025,17.5,82.5,32.741337
30-04-2025,17.5,83.5,32.1997
30-04-2025,17.5,84.5,
30-04-2025,18.5,80.5,39.464375
30-04-2025,18.5,81.5,35.38128
30-04-2025,18.5,82.5,34.373055
30-04-2025,18.5,83.5,32.39677
30-04-2025,18.5,84.5,32.078777
30-04-2025,19.5,80.5,39.09789
30-04-2025,19.5,81.5,38.30685
30-04-2025,19.5,82.5,33.715485
30-04-2025,19.5,83.5,32.881607
30-04-2025,19.5,84.5,32.64925
30-04-2025,20.5,80.5,38.966423
30-04-2025,20.5,81.5,35.99327
30-04-2025,20.5,82.5,35.127632
30-04-2025,20.5,83.5,34.38399
30-04-2025,20.5,84.5,33.622353
30-04-2025,21.5,80.5,39.102127
30-04-2025,21.5,81.5,35.433575
30-04-2025,21.5,82.5,35.373173
30-04-2025,21.5,83.5,34.772324
30-04-2025,21.5,84.5,33.73543
30-04-2025,22.5,80.5,38.420425
30-04-2025,22.5,81.5,35.399014
30-04-2025,22.5,82.5,34.361324
30-04-2025,22.5,83.5,33.602634
30-04-2025,22.5,84.5,33.511803
30-04-2025,23.5,80.5,38.179348
30-04-2025,23.5,81.5,36.79402
30-04-2025,23.5,82.5,35.38915
30-04-2025,23.5,83.5,34.630966
30-04-2025,23.5,84.5,34.40023
30-04-2025,24.5,80.5,38.60563
30-04-2025,24.5,81.5,37.3014
30-04-2025,24.5,82.5,36.203876
30-04-2025,24.5,83.5,35.072277
30-04-2025,24.5,84.5,34.17886
01-05-2025,17.5,80.5,37.984707
01-05-2025,17.5,81.5,36.153866
01-05-2025,17.5,82.5,34.096184
01-05-2025,17.5,83.5,33.99874
01-05-2025,17.5,84.5,
01-05-2025,18.5,80.5,38.612755
01-05-2025,18.5,81.5,36.1045
01-05-2025,18.5,82.5,35.609795
01-05-2025,18.5,83.5,34.923264
01-05-2025,18.5,84.5,34.525337
01-05-2025,19.5,80.5,39.41824
01-05-2025,19.5,81.5,39.343758
01-05-2025,19.5,82.5,36.25306
01-05-2025,19.5,83.5,35.923923
01-05-2025,19.5,84.5,35.629574
01-05-2025,20.5,80.5,39.899727
01-05-2025,20.5,81.5,38.4378
01-05-2025,20.5,82.5,38.606995
01-05-2025,20.5,83.5,38.015224
01-05-2025,20.5,84.5,36.485336
01-05-2025,21.5,80.5,38.77619
01-05-2025,21.5,81.5,38.482075
01-05-2025,21.5,82.5,38.498764
01-05-2025,21.5,83.5,38.208904
01-05-2025,21.5,84.5,37.479897
01-05-2025,22.5,80.5,38.647438
01-05-2025,22.5,81.5,38.270226
01-05-2025,22.5,82.5,37.470215
01-05-2025,22.5,83.5,36.40849
01-05-2025,22.5,84.5,36.712967
01-05-2025,23.5,80.5,39.234756
01-05-2025,23.5,81.5,37.89359
01-05-2025,23.5,82.5,37.77151
01-05-2025,23.5,83.5,36.743317
01-05-2025,23.5,84.5,36.30845
01-05-2025,24.5,80.5,39.864388
01-05-2025,24.5,81.5,38.780605
01-05-2025,24.5,82.5,36.96007
01-05-2025,24.5,83.5,35.91435
01-05-2025,24.5,84.5,34.951004
02-05-2025,17.5,80.5,38.168915
02-05-2025,17.5,81.5,36.075195
02-05-2025,17.5,82.5,33.79864
02-05-2025,17.5,83.5,33.390133
02-05-2025,17.5,84.5,
02-05-2025,18.5,80.5,38.75099
02-05-2025,18.5,81.5,35.940403
02-05-2025,18.5,82.5,35.04956
02-05-2025,18.5,83.5,34.132305
02-05-2025,18.5,84.5,33.8611
02-05-2025,19.5,80.5,39.363323
02-05-2025,19.5,81.5,38.867653
02-05-2025,19.5,82.5,35.662178
02-05-2025,19.5,83.5,35.25129
02-05-2025,19.5,84.5,35.15214
02-05-2025,20.5,80.5,39.721046
02-05-2025,20.5,81.5,37.843212
02-05-2025,20.5,82.5,38.27899
02-05-2025,20.5,83.5,37.612396
02-05-2025,20.5,84.5,36.09292
02-05-2025,21.5,80.5,39.39005
02-05-2025,21.5,81.5,38.095295
02-05-2025,21.5,82.5,37.916786
02-05-2025,21.5,83.5,37.49086
02-05-2025,21.5,84.5,37.072876
02-05-2025,22.5,80.5,38.55345
02-05-2025,22.5,81.5,37.65828
02-05-2025,22.5,82.5,36.717743
02-05-2025,22.5,83.5,36.21549
02-05-2025,22.5,84.5,36.135696
02-05-2025,23.5,80.5,38.510838
02-05-2025,23.5,81.5,37.335396
02-05-2025,23.5,82.5,37.15
02-05-2025,23.5,83.5,36.68356
02-05-2025,23.5,84.5,36.45214
02-05-2025,24.5,80.5,38.514267
02-05-2025,24.5,81.5,37.999176
02-05-2025,24.5,82.5,37.31267
02-05-2025,24.5,83.5,36.321087
02-05-2025,24.5,84.5,35.423283
03-05-2025,17.5,80.5,39.451797
03-05-2025,17.5,81.5,37.666912
03-05-2025,17.5,82.5,35.55889
03-05-2025,17.5,83.5,35.281765
03-05-2025,17.5,84.5,
03-05-2025,18.5,80.5,39.870743
03-05-2025,18.5,81.5,37.572235
03-05-2025,18.5,82.5,36.909
03-05-2025,18.5,83.5,36.16088
03-05-2025,18.5,84.5,36.055614
03-05-2025,19.5,80.5,40.5802
03-05-2025,19.5,81.5,40.514824
03-05-2025,19.5,82.5,37.676476
03-05-2025,19.5,83.5,37.458553
03-05-2025,19.5,84.5,37.458908
03-05-2025,20.5,80.5,40.846672
03-05-2025,20.5,81.5,39.234013
03-05-2025,20.5,82.5,39.9716
03-05-2025,20.5,83.5,39.28314
03-05-2025,20.5,84.5,38.055584
03-05-2025,21.5,80.5,39.883286
03-05-2025,21.5,81.5,39.189983
03-05-2025,21.5,82.5,39.124107
03-05-2025,21.5,83.5,39.418003
03-05-2025,21.5,84.5,39.31654
03-05-2025,22.5,80.5,39.402115
03-05-2025,22.5,81.5,39.156307
03-05-2025,22.5,82.5,38.255016
03-05-2025,22.5,83.5,37.742317
03-05-2025,22.5,84.5,37.984573
03-05-2025,23.5,80.5,39.344406
03-05-2025,23.5,81.5,38.590504
03-05-2025,23.5,82.5,38.7906
03-05-2025,23.5,83.5,38.379406
03-05-2025,23.5,84.5,39.02064
03-05-2025,24.5,80.5,40.561054
03-05-2025,24.5,81.5,39.77502
03-05-2025,24.5,82.5,38.96535
03-05-2025,24.5,83.5,38.106987
03-05-2025,24.5,84.5,37.290295
04-05-2025,17.5,80.5,35.967766
04-05-2025,17.5,81.5,34.00341
04-05-2025,17.5,82.5,32.05773
04-05-2025,17.5,83.5,32.567917
04-05-2025,17.5,84.5,
04-05-2025,18.5,80.5,35.958122
04-05-2025,18.5,81.5,34.022667
04-05-2025,18.5,82.5,33.626167
04-05-2025,18.5,83.5,33.04474
04-05-2025,18.5,84.5,33.11077
04-05-2025,19.5,80.5,37.652348
04-05-2025,19.5,81.5,37.040985
04-05-2025,19.5,82.5,34.274467
04-05-2025,19.5,83.5,34.26613
04-05-2025,19.5,84.5,34.784016
04-05-2025,20.5,80.5,38.337498
04-05-2025,20.5,81.5,36.431335
04-05-2025,20.5,82.5,37.12817
04-05-2025,20.5,83.5,36.60979
04-05-2025,20.5,84.5,35.41764
04-05-2025,21.5,80.5,38.24941
04-05-2025,21.5,81.5,36.741234
04-05-2025,21.5,82.5,36.637367
04-05-2025,21.5,83.5,37.111687
04-05-2025,21.5,84.5,37.016556
04-05-2025,22.5,80.5,37.721035
04-05-2025,22.5,81.5,36.797092
04-05-2025,22.5,82.5,36.25553
04-05-2025,22.5,83.5,35.450684
04-05-2025,22.5,84.5,35.844074
04-05-2025,23.5,80.5,38.051147
04-05-2025,23.5,81.5,37.217472
04-05-2025,23.5,82.5,36.83692
04-05-2025,23.5,83.5,36.640144
04-05-2025,23.5,84.5,37.101112
04-05-2025,24.5,80.5,39.745907
04-05-2025,24.5,81.5,38.653122
04-05-2025,24.5,82.5,37.871906
04-05-2025,24.5,83.5,37.440655
04-05-2025,24.5,84.5,36.55633
05-05-2025,17.5,80.5,37.89506
05-05-2025,17.5,81.5,36.383595
05-05-2025,17.5,82.5,34.98998
05-05-2025,17.5,83.5,35.06441
05-05-2025,17.5,84.5,
05-05-2025,18.5,80.5,38.17435
05-05-2025,18.5,81.5,36.339706
05-05-2025,18.5,82.5,35.91807
05-05-2025,18.5,83.5,35.856133
05-05-2025,18.5,84.5,35.923042
05-05-2025,19.5,80.5,38.518623
05-05-2025,19.5,81.5,38.66553
05-05-2025,19.5,82.5,36.746803
05-05-2025,19.5,83.5,37.028606
05-05-2025,19.5,84.5,37.202187
05-05-2025,20.5,80.5,39.29142
05-05-2025,20.5,81.5,37.358612
05-05-2025,20.5,82.5,38.84985
05-05-2025,20.5,83.5,38.43096
05-05-2025,20.5,84.5,37.679626
05-05-2025,21.5,80.5,38.01562
05-05-2025,21.5,81.5,37.738075
05-05-2025,21.5,82.5,37.48044
05-05-2025,21.5,83.5,38.112747
05-05-2025,21.5,84.5,38.81918
05-05-2025,22.5,80.5,37.141537
05-05-2025,22.5,81.5,37.267162
05-05-2025,22.5,82.5,36.71555
05-05-2025,22.5,83.5,36.58578
05-05-2025,22.5,84.5,37.007763
05-05-2025,23.5,80.5,37.4223
05-05-2025,23.5,81.5,36.75208
05-05-2025,23.5,82.5,36.8171
05-05-2025,23.5,83.5,36.322365
05-05-2025,23.5,84.5,37.430927
05-05-2025,24.5,80.5,38.38267
05-05-2025,24.5,81.5,37.87699
05-05-2025,24.5,82.5,37.345608
05-05-2025,24.5,83.5,37.03346
05-05-2025,24.5,84.5,36.771557
06-05-2025,17.5,80.5,36.683178
06-05-2025,17.5,81.5,35.33996
06-05-2025,17.5,82.5,34.707714
06-05-2025,17.5,83.5,35.4179
06-05-2025,17.5,84.5,
06-05-2025,18.5,80.5,36.926952
06-05-2025,18.5,81.5,36.00043
06-05-2025,18.5,82.5,35.415863
06-05-2025,18.5,83.5,36.155
06-05-2025,18.5,84.5,36.19142
06-05-2025,19.5,80.5,37.9138
06-05-2025,19.5,81.5,38.609474
06-05-2025,19.5,82.5,36.92211
06-05-2025,19.5,83.5,37.356945
06-05-2025,19.5,84.5,37.39978
06-05-2025,20.5,80.5,39.09646
06-05-2025,20.5,81.5,37.77323
06-05-2025,20.5,82.5,39.30173
06-05-2025,20.5,83.5,38.95656
06-05-2025,20.5,84.5,37.90033
06-05-2025,21.5,80.5,38.15296
06-05-2025,21.5,81.5,38.421806
06-05-2025,21.5,82.5,38.086105
06-05-2025,21.5,83.5,38.658432
06-05-2025,21.5,84.5,38.91563
06-05-2025,22.5,80.5,37.006004
06-05-2025,22.5,81.5,37.861507
06-05-2025,22.5,82.5,37.0874
06-05-2025,22.5,83.5,36.310722
06-05-2025,22.5,84.5,36.74849
06-05-2025,23.5,80.5,37.256634
06-05-2025,23.5,81.5,36.77753
06-05-2025,23.5,82.5,36.935455
06-05-2025,23.5,83.5,36.626144
06-05-2025,23.5,84.5,36.832165
06-05-2025,24.5,80.5,37.7861
06-05-2025,24.5,81.5,37.763786
06-05-2025,24.5,82.5,36.143135
06-05-2025,24.5,83.5,35.619778
06-05-2025,24.5,84.5,35.187847
07-05-2025,17.5,80.5,37.366673
07-05-2025,17.5,81.5,35.974037
07-05-2025,17.5,82.5,34.60974
07-05-2025,17.5,83.5,35.030975
07-05-2025,17.5,84.5,
07-05-2025,18.5,80.5,37.25609
07-05-2025,18.5,81.5,35.95515
07-05-2025,18.5,82.5,35.792267
07-05-2025,18.5,83.5,36.138493
07-05-2025,18.5,84.5,36.615807
07-05-2025,19.5,80.5,38.175896
07-05-2025,19.5,81.5,38.953068
07-05-2025,19.5,82.5,37.123173
07-05-2025,19.5,83.5,37.507122
07-05-2025,19.5,84.5,37.982807
07-05-2025,20.5,80.5,39.583725
07-05-2025,20.5,81.5,38.280907
07-05-2025,20.5,82.5,40.090675
07-05-2025,20.5,83.5,39.733067
07-05-2025,20.5,84.5,38.522762
07-05-2025,21.5,80.5,37.8204
07-05-2025,21.5,81.5,39.103806
07-05-2025,21.5,82.5,39.198147
07-05-2025,21.5,83.5,39.7878
07-05-2025,21.5,84.5,39.894814
07-05-2025,22.5,80.5,36.719845
07-05-2025,22.5,81.5,38.648857
07-05-2025,22.5,82.5,38.51991
07-05-2025,22.5,83.5,38.31272
07-05-2025,22.5,84.5,38.64882
07-05-2025,23.5,80.5,37.543076
07-05-2025,23.5,81.5,37.862186
07-05-2025,23.5,82.5,38.46026
07-05-2025,23.5,83.5,38.515907
07-05-2025,23.5,84.5,38.85168
07-05-2025,24.5,80.5,39.222706
07-05-2025,24.5,81.5,39.38024
07-05-2025,24.5,82.5,38.40181
07-05-2025,24.5,83.5,37.91905
07-05-2025,24.5,84.5,37.18201
08-05-2025,17.5,80.5,37.369324
08-05-2025,17.5,81.5,36.069084
08-05-2025,17.5,82.5,34.63262
08-05-2025,17.5,83.5,34.98531
08-05-2025,17.5,84.5,
08-05-2025,18.5,80.5,37.181183
08-05-2025,18.5,81.5,35.660442
08-05-2025,18.5,82.5,35.850735
08-05-2025,18.5,83.5,35.91077
08-05-2025,18.5,84.5,36.185112
08-05-2025,19.5,80.5,37.949165
08-05-2025,19.5,81.5,38.599472
08-05-2025,19.5,82.5,36.197998
08-05-2025,19.5,83.5,36.72465
08-05-2025,19.5,84.5,37.185963
08-05-2025,20.5,80.5,39.05301
08-05-2025,20.5,81.5,37.511974
08-05-2025,20.5,82.5,39.542953
08-05-2025,20.5,83.5,39.404633
08-05-2025,20.5,84.5,38.11213
08-05-2025,21.5,80.5,37.182655
08-05-2025,21.5,81.5,38.264843
08-05-2025,21.5,82.5,38.66929
08-05-2025,21.5,83.5,39.84936
08-05-2025,21.5,84.5,39.51286
08-05-2025,22.5,80.5,36.586014
08-05-2025,22.5,81.5,38.150764
08-05-2025,22.5,82.5,38.219814
08-05-2025,22.5,83.5,38.40422
08-05-2025,22.5,84.5,38.818905
08-05-2025,23.5,80.5,37.11437
08-05-2025,23.5,81.5,37.594097
08-05-2025,23.5,82.5,37.83314
08-05-2025,23.5,83.5,38.40466
08-05-2025,23.5,84.5,39.28315
08-05-2025,24.5,80.5,38.036354
08-05-2025,24.5,81.5,38.337296
08-05-2025,24.5,82.5,38.95329
08-05-2025,24.5,83.5,38.778294
08-05-2025,24.5,84.5,38.57954
09-05-2025,17.5,80.5,37.690468
09-05-2025,17.5,81.5,36.528656
09-05-2025,17.5,82.5,35.239853
09-05-2025,17.5,83.5,35.487827
09-05-2025,17.5,84.5,
09-05-2025,18.5,80.5,38.00464
09-05-2025,18.5,81.5,36.39681
09-05-2025,18.5,82.5,36.35803
09-05-2025,18.5,83.5,36.61174
09-05-2025,18.5,84.5,36.80045
09-05-2025,19.5,80.5,38.67057
09-05-2025,19.5,81.5,39.36334
09-05-2025,19.5,82.5,37.165867
09-05-2025,19.5,83.5,37.494812
09-05-2025,19.5,84.5,37.882145
09-05-2025,20.5,80.5,39.519833
09-05-2025,20.5,81.5,38.192673
09-05-2025,20.5,82.5,40.20294
09-05-2025,20.5,83.5,39.763325
09-05-2025,20.5,84.5,38.70104
09-05-2025,21.5,80.5,38.32428
09-05-2025,21.5,81.5,38.955322
09-05-2025,21.5,82.5,39.14778
09-05-2025,21.5,83.5,40.013695
09-05-2025,21.5,84.5,39.549484
09-05-2025,22.5,80.5,37.48981
09-05-2025,22.5,81.5,38.887268
09-05-2025,22.5,82.5,38.717297
09-05-2025,22.5,83.5,38.697483
09-05-2025,22.5,84.5,38.571007
09-05-2025,23.5,80.5,38.104706
09-05-2025,23.5,81.5,38.385193
09-05-2025,23.5,82.5,38.870174
09-05-2025,23.5,83.5,39.073887
09-05-2025,23.5,84.5,38.653835
09-05-2025,24.5,80.5,39.295013
09-05-2025,24.5,81.5,39.5286
09-05-2025,24.5,82.5,39.979034
09-05-2025,24.5,83.5,39.18435
09-05-2025,24.5,84.5,38.69731
10-05-2025,17.5,80.5,38.131588
10-05-2025,17.5,81.5,37.148293
10-05-2025,17.5,82.5,35.842052
10-05-2025,17.5,83.5,36.14493
10-05-2025,17.5,84.5,
10-05-2025,18.5,80.5,38.291973
10-05-2025,18.5,81.5,36.692093
10-05-2025,18.5,82.5,36.761585
10-05-2025,18.5,83.5,37.412193
10-05-2025,18.5,84.5,37.477444
10-05-2025,19.5,80.5,38.80355
10-05-2025,19.5,81.5,39.665627
10-05-2025,19.5,82.5,37.7919
10-05-2025,19.5,83.5,38.45241
10-05-2025,19.5,84.5,38.694004
10-05-2025,20.5,80.5,39.517014
10-05-2025,20.5,81.5,38.730354
10-05-2025,20.5,82.5,41.144
10-05-2025,20.5,83.5,41.00597
10-05-2025,20.5,84.5,39.85079
10-05-2025,21.5,80.5,37.864105
10-05-2025,21.5,81.5,39.548233
10-05-2025,21.5,82.5,39.992435
10-05-2025,21.5,83.5,41.21887
10-05-2025,21.5,84.5,40.543346
10-05-2025,22.5,80.5,37.670906
10-05-2025,22.5,81.5,39.445377
10-05-2025,22.5,82.5,39.505848
10-05-2025,22.5,83.5,39.691162
10-05-2025,22.5,84.5,39.673813
10-05-2025,23.5,80.5,38.618725
10-05-2025,23.5,81.5,38.784313
10-05-2025,23.5,82.5,39.6101
10-05-2025,23.5,83.5,39.569008
10-05-2025,23.5,84.5,39.988125
10-05-2025,24.5,80.5,39.904984
10-05-2025,24.5,81.5,39.961697
10-05-2025,24.5,82.5,40.481384
10-05-2025,24.5,83.5,39.7896
10-05-2025,24.5,84.5,39.39604
11-05-2025,17.5,80.5,38.674915
11-05-2025,17.5,81.5,37.692368
11-05-2025,17.5,82.5,36.243572
11-05-2025,17.5,83.5,36.383026
11-05-2025,17.5,84.5,
11-05-2025,18.5,80.5,38.73211
11-05-2025,18.5,81.5,37.124603
11-05-2025,18.5,82.5,37.307095
11-05-2025,18.5,83.5,37.483406
11-05-2025,18.5,84.5,37.66376
11-05-2025,19.5,80.5,39.05811
11-05-2025,19.5,81.5,40.237553
11-05-2025,19.5,82.5,38.14844
11-05-2025,19.5,83.5,38.624786
11-05-2025,19.5,84.5,38.802517
11-05-2025,20.5,80.5,39.95586
11-05-2025,20.5,81.5,39.506687
11-05-2025,20.5,82.5,41.668365
11-05-2025,20.5,83.5,41.39362
11-05-2025,20.5,84.5,40.121296
11-05-2025,21.5,80.5,38.54057
11-05-2025,21.5,81.5,40.03654
11-05-2025,21.5,82.5,40.795986
11-05-2025,21.5,83.5,41.552395
11-05-2025,21.5,84.5,40.48063
11-05-2025,22.5,80.5,38.307484
11-05-2025,22.5,81.5,39.93126
11-05-2025,22.5,82.5,40.21413
11-05-2025,22.5,83.5,40.19685
11-05-2025,22.5,84.5,39.81598
11-05-2025,23.5,80.5,39.02988
11-05-2025,23.5,81.5,39.269306
11-05-2025,23.5,82.5,40.16225
11-05-2025,23.5,83.5,40.200737
11-05-2025,23.5,84.5,40.281994
11-05-2025,24.5,80.5,40.73086
11-05-2025,24.5,81.5,40.742016
11-05-2025,24.5,82.5,40.944786
11-05-2025,24.5,83.5,40.535404
11-05-2025,24.5,84.5,39.81917
12-05-2025,17.5,80.5,38.704933
12-05-2025,17.5,81.5,37.832977
12-05-2025,17.5,82.5,35.95597
12-05-2025,17.5,83.5,36.640625
12-05-2025,17.5,84.5,
12-05-2025,18.5,80.5,38.389507
12-05-2025,18.5,81.5,36.921844
12-05-2025,18.5,82.5,37.026073
12-05-2025,18.5,83.5,37.657883
12-05-2025,18.5,84.5,37.850426
12-05-2025,19.5,80.5,37.84838
12-05-2025,19.5,81.5,39.265797
12-05-2025,19.5,82.5,38.098248
12-05-2025,19.5,83.5,38.775505
12-05-2025,19.5,84.5,38.89759
12-05-2025,20.5,80.5,39.28984
12-05-2025,20.5,81.5,38.591183
12-05-2025,20.5,82.5,41.26752
12-05-2025,20.5,83.5,41.13288
12-05-2025,20.5,84.5,39.68035
12-05-2025,21.5,80.5,37.901714
12-05-2025,21.5,81.5,39.147125
12-05-2025,21.5,82.5,40.373276
12-05-2025,21.5,83.5,41.205658
12-05-2025,21.5,84.5,40.830925
12-05-2025,22.5,80.5,37.71117
12-05-2025,22.5,81.5,39.171272
12-05-2025,22.5,82.5,39.704803
12-05-2025,22.5,83.5,39.801502
12-05-2025,22.5,84.5,39.49933
12-05-2025,23.5,80.5,38.51513
12-05-2025,23.5,81.5,38.770283
12-05-2025,23.5,82.5,39.51164
12-05-2025,23.5,83.5,39.910896
12-05-2025,23.5,84.5,40.421776
12-05-2025,24.5,80.5,39.90666
12-05-2025,24.5,81.5,40.10952
12-05-2025,24.5,82.5,40.491238
12-05-2025,24.5,83.5,39.923996
12-05-2025,24.5,84.5,39.756958
13-05-2025,17.5,80.5,38.22483
13-05-2025,17.5,81.5,37.551064
13-05-2025,17.5,82.5,35.72975
13-05-2025,17.5,83.5,36.00048
13-05-2025,17.5,84.5,
13-05-2025,18.5,80.5,38.354412
13-05-2025,18.5,81.5,36.51381
13-05-2025,18.5,82.5,36.84379
13-05-2025,18.5,83.5,36.892403
13-05-2025,18.5,84.5,36.709816
13-05-2025,19.5,80.5,38.282253
13-05-2025,19.5,81.5,39.424416
13-05-2025,19.5,82.5,38.04222
13-05-2025,19.5,83.5,37.978374
13-05-2025,19.5,84.5,37.972633
13-05-2025,20.5,80.5,39.678898
13-05-2025,20.5,81.5,39.30977
13-05-2025,20.5,82.5,41.059128
13-05-2025,20.5,83.5,40.55464
13-05-2025,20.5,84.5,38.961147
13-05-2025,21.5,80.5,38.699814
13-05-2025,21.5,81.5,39.82103
13-05-2025,21.5,82.5,40.681957
13-05-2025,21.5,83.5,41.006104
13-05-2025,21.5,84.5,40.174
13-05-2025,22.5,80.5,38.368122
13-05-2025,22.5,81.5,39.85715
13-05-2025,22.5,82.5,40.26391
13-05-2025,22.5,83.5,40.00638
13-05-2025,22.5,84.5,40.016033
13-05-2025,23.5,80.5,39.379234
13-05-2025,23.5,81.5,40.01441
13-05-2025,23.5,82.5,40.253223
13-05-2025,23.5,83.5,40.764893
13-05-2025,23.5,84.5,40.79055
13-05-2025,24.5,80.5,41.15547
13-05-2025,24.5,81.5,41.3783
13-05-2025,24.5,82.5,41.373085
13-05-2025,24.5,83.5,40.611973
13-05-2025,24.5,84.5,39.38118
14-05-2025,17.5,80.5,36.658447
14-05-2025,17.5,81.5,35.94059
14-05-2025,17.5,82.5,34.763893
14-05-2025,17.5,83.5,35.483738
14-05-2025,17.5,84.5,
14-05-2025,18.5,80.5,36.351334
14-05-2025,18.5,81.5,34.94789
14-05-2025,18.5,82.5,35.240112
14-05-2025,18.5,83.5,36.42985
14-05-2025,18.5,84.5,36.21788
14-05-2025,19.5,80.5,36.998917
14-05-2025,19.5,81.5,37.98893
14-05-2025,19.5,82.5,36.13122
14-05-2025,19.5,83.5,37.117714
14-05-2025,19.5,84.5,37.149708
14-05-2025,20.5,80.5,38.794395
14-05-2025,20.5,81.5,37.8002
14-05-2025,20.5,82.5,39.89363
14-05-2025,20.5,83.5,39.640785
14-05-2025,20.5,84.5,37.94151
14-05-2025,21.5,80.5,39.126385
14-05-2025,21.5,81.5,39.350388
14-05-2025,21.5,82.5,39.601402
14-05-2025,21.5,83.5,40.591427
14-05-2025,21.5,84.5,39.671143
14-05-2025,22.5,80.5,39.47018
14-05-2025,22.5,81.5,39.756447
14-05-2025,22.5,82.5,39.78598
14-05-2025,22.5,83.5,39.518112
14-05-2025,22.5,84.5,39.381313
14-05-2025,23.5,80.5,40.037548
14-05-2025,23.5,81.5,40.45389
14-05-2025,23.5,82.5,40.06424
14-05-2025,23.5,83.5,40.41251
14-05-2025,23.5,84.5,40.745255
14-05-2025,24.5,80.5,41.626183
14-05-2025,24.5,81.5,41.615223
14-05-2025,24.5,82.5,41.998386
14-05-2025,24.5,83.5,41.39891
14-05-2025,24.5,84.5,40.510082
15-05-2025,17.5,80.5,36.912006
15-05-2025,17.5,81.5,36.889954
15-05-2025,17.5,82.5,35.4372
15-05-2025,17.5,83.5,36.045715
15-05-2025,17.5,84.5,
15-05-2025,18.5,80.5,36.92003
15-05-2025,18.5,81.5,35.818836
15-05-2025,18.5,82.5,36.486794
15-05-2025,18.5,83.5,37.072685
15-05-2025,18.5,84.5,36.893547
15-05-2025,19.5,80.5,37.40158
15-05-2025,19.5,81.5,38.65646
15-05-2025,19.5,82.5,37.826897
15-05-2025,19.5,83.5,38.187035
15-05-2025,19.5,84.5,38.227566
15-05-2025,20.5,80.5,38.872116
15-05-2025,20.5,81.5,39.103237
15-05-2025,20.5,82.5,41.244495
15-05-2025,20.5,83.5,40.751217
15-05-2025,20.5,84.5,39.105488
15-05-2025,21.5,80.5,38.486053
15-05-2025,21.5,81.5,39.896126
15-05-2025,21.5,82.5,40.815662
15-05-2025,21.5,83.5,41.478424
15-05-2025,21.5,84.5,40.481644
15-05-2025,22.5,80.5,38.47257
15-05-2025,22.5,81.5,40.1311
15-05-2025,22.5,82.5,40.51662
15-05-2025,22.5,83.5,40.487907
15-05-2025,22.5,84.5,40.282364
15-05-2025,23.5,80.5,40.03913
15-05-2025,23.5,81.5,40.6609
15-05-2025,23.5,82.5,40.837162
15-05-2025,23.5,83.5,41.34249
15-05-2025,23.5,84.5,41.459442
15-05-2025,24.5,80.5,41.677544
15-05-2025,24.5,81.5,41.809563
15-05-2025,24.5,82.5,42.240417
15-05-2025,24.5,83.5,41.39734
15-05-2025,24.5,84.5,40.432323
16-05-2025,17.5,80.5,35.1739
16-05-2025,17.5,81.5,35.209724
16-05-2025,17.5,82.5,34.384315
16-05-2025,17.5,83.5,35.03369
16-05-2025,17.5,84.5,
16-05-2025,18.5,80.5,36.242176
16-05-2025,18.5,81.5,35.055054
16-05-2025,18.5,82.5,35.43244
16-05-2025,18.5,83.5,36.08834
16-05-2025,18.5,84.5,36.35088
16-05-2025,19.5,80.5,37.196434
16-05-2025,19.5,81.5,38.286686
16-05-2025,19.5,82.5,36.90232
16-05-2025,19.5,83.5,37.380306
16-05-2025,19.5,84.5,37.424347
16-05-2025,20.5,80.5,39.121387
16-05-2025,20.5,81.5,38.4765
16-05-2025,20.5,82.5,40.31583
16-05-2025,20.5,83.5,39.89384
16-05-2025,20.5,84.5,38.192142
16-05-2025,21.5,80.5,38.547688
16-05-2025,21.5,81.5,39.495872
16-05-2025,21.5,82.5,39.832626
16-05-2025,21.5,83.5,40.803703
16-05-2025,21.5,84.5,40.024395
16-05-2025,22.5,80.5,39.251305
16-05-2025,22.5,81.5,40.0245
16-05-2025,22.5,82.5,40.447536
16-05-2025,22.5,83.5,39.983837
16-05-2025,22.5,84.5,39.631447
16-05-2025,23.5,80.5,41.1151
16-05-2025,23.5,81.5,41.351997
16-05-2025,23.5,82.5,41.04987
16-05-2025,23.5,83.5,40.942036
16-05-2025,23.5,84.5,40.807945
16-05-2025,24.5,80.5,42.993862
16-05-2025,24.5,81.5,42.92356
16-05-2025,24.5,82.5,42.089725
16-05-2025,24.5,83.5,40.900192
16-05-2025,24.5,84.5,39.77993
17-05-2025,17.5,80.5,35.225082
17-05-2025,17.5,81.5,34.523045
17-05-2025,17.5,82.5,34.311993
17-05-2025,17.5,83.5,35.048855
17-05-2025,17.5,84.5,
17-05-2025,18.5,80.5,35.667324
17-05-2025,18.5,81.5,35.028175
17-05-2025,18.5,82.5,34.806324
17-05-2025,18.5,83.5,35.996353
17-05-2025,18.5,84.5,36.013214
17-05-2025,19.5,80.5,36.94997
17-05-2025,19.5,81.5,37.85971
17-05-2025,19.5,82.5,36.035324
17-05-2025,19.5,83.5,36.79329
17-05-2025,19.5,84.5,36.84446
17-05-2025,20.5,80.5,39.018143
17-05-2025,20.5,81.5,37.277195
17-05-2025,20.5,82.5,39.329594
17-05-2025,20.5,83.5,39.086437
17-05-2025,20.5,84.5,37.689888
17-05-2025,21.5,80.5,38.67717
17-05-2025,21.5,81.5,39.06856
17-05-2025,21.5,82.5,39.523705
17-05-2025,21.5,83.5,39.664093
17-05-2025,21.5,84.5,38.769424
17-05-2025,22.5,80.5,39.83219
17-05-2025,22.5,81.5,39.44349
17-05-2025,22.5,82.5,39.709538
17-05-2025,22.5,83.5,39.053036
17-05-2025,22.5,84.5,38.444702
17-05-2025,23.5,80.5,41.346863
17-05-2025,23.5,81.5,41.23902
17-05-2025,23.5,82.5,39.877197
17-05-2025,23.5,83.5,39.41445
17-05-2025,23.5,84.5,39.146526
17-05-2025,24.5,80.5,42.69114
17-05-2025,24.5,81.5,42.164543
17-05-2025,24.5,82.5,41.14286
17-05-2025,24.5,83.5,39.822468
17-05-2025,24.5,84.5,38.721527
18-05-2025,17.5,80.5,36.47831
18-05-2025,17.5,81.5,35.705414
18-05-2025,17.5,82.5,34.556484
18-05-2025,17.5,83.5,34.75544
18-05-2025,17.5,84.5,
18-05-2025,18.5,80.5,37.097694
18-05-2025,18.5,81.5,35.355198
18-05-2025,18.5,82.5,35.252308
18-05-2025,18.5,83.5,35.58125
18-05-2025,18.5,84.5,35.661594
18-05-2025,19.5,80.5,37.8106
18-05-2025,19.5,81.5,38.095078
18-05-2025,19.5,82.5,36.28317
18-05-2025,19.5,83.5,36.739803
18-05-2025,19.5,84.5,36.71541
18-05-2025,20.5,80.5,39.32848
18-05-2025,20.5,81.5,37.322876
18-05-2025,20.5,82.5,39.0958
18-05-2025,20.5,83.5,38.9049
18-05-2025,20.5,84.5,37.671467
18-05-2025,21.5,80.5,39.239872
18-05-2025,21.5,81.5,38.76723
18-05-2025,21.5,82.5,38.88486
18-05-2025,21.5,83.5,39.117943
18-05-2025,21.5,84.5,38.237534
18-05-2025,22.5,80.5,39.418793
18-05-2025,22.5,81.5,39.05032
18-05-2025,22.5,82.5,38.950836
18-05-2025,22.5,83.5,37.88721
18-05-2025,22.5,84.5,37.34205
18-05-2025,23.5,80.5,39.89518
18-05-2025,23.5,81.5,39.565258
18-05-2025,23.5,82.5,39.081978
18-05-2025,23.5,83.5,38.328083
18-05-2025,23.5,84.5,37.634323
18-05-2025,24.5,80.5,41.463253
18-05-2025,24.5,81.5,40.825348
18-05-2025,24.5,82.5,39.695988
18-05-2025,24.5,83.5,38.001896
18-05-2025,24.5,84.5,36.53533
19-05-2025,17.5,80.5,34.815456
19-05-2025,17.5,81.5,34.550255
19-05-2025,17.5,82.5,34.03512
19-05-2025,17.5,83.5,34.351936
19-05-2025,17.5,84.5,
19-05-2025,18.5,80.5,36.18006
19-05-2025,18.5,81.5,34.795753
19-05-2025,18.5,82.5,34.974598
19-05-2025,18.5,83.5,35.46494
19-05-2025,18.5,84.5,35.866924
19-05-2025,19.5,80.5,37.75532
19-05-2025,19.5,81.5,37.81522
19-05-2025,19.5,82.5,36.41799
19-05-2025,19.5,83.5,36.84919
19-05-2025,19.5,84.5,37.371117
19-05-2025,20.5,80.5,39.288647
19-05-2025,20.5,81.5,38.225018
19-05-2025,20.5,82.5,39.79544
19-05-2025,20.5,83.5,39.39588
19-05-2025,20.5,84.5,38.200027
19-05-2025,21.5,80.5,39.668213
19-05-2025,21.5,81.5,39.4538
19-05-2025,21.5,82.5,39.55303
19-05-2025,21.5,83.5,39.566402
19-05-2025,21.5,84.5,39.01063
19-05-2025,22.5,80.5,39.731182
19-05-2025,22.5,81.5,39.67347
19-05-2025,22.5,82.5,39.232876
19-05-2025,22.5,83.5,38.092205
19-05-2025,22.5,84.5,37.23811
19-05-2025,23.5,80.5,40.55376
19-05-2025,23.5,81.5,39.860687
19-05-2025,23.5,82.5,39.09801
19-05-2025,23.5,83.5,38.237984
19-05-2025,23.5,84.5,37.095875
19-05-2025,24.5,80.5,41.765785
19-05-2025,24.5,81.5,40.651745
19-05-2025,24.5,82.5,38.79608
19-05-2025,24.5,83.5,36.885845
19-05-2025,24.5,84.5,35.607353
20-05-2025,17.5,80.5,34.280994
20-05-2025,17.5,81.5,33.021656
20-05-2025,17.5,82.5,32.143814
20-05-2025,17.5,83.5,33.185
20-05-2025,17.5,84.5,
20-05-2025,18.5,80.5,35.220737
20-05-2025,18.5,81.5,33.871853
20-05-2025,18.5,82.5,33.452564
20-05-2025,18.5,83.5,34.588528
20-05-2025,18.5,84.5,35.366814
20-05-2025,19.5,80.5,38.188435
20-05-2025,19.5,81.5,37.341896
20-05-2025,19.5,82.5,35.798233
20-05-2025,19.5,83.5,36.354767
20-05-2025,19.5,84.5,37.143986
20-05-2025,20.5,80.5,40.11685
20-05-2025,20.5,81.5,38.49524
20-05-2025,20.5,82.5,39.282593
20-05-2025,20.5,83.5,39.423565
20-05-2025,20.5,84.5,38.361443
20-05-2025,21.5,80.5,39.854286
20-05-2025,21.5,81.5,39.70972
20-05-2025,21.5,82.5,39.75321
20-05-2025,21.5,83.5,39.835663
20-05-2025,21.5,84.5,39.538124
20-05-2025,22.5,80.5,39.45389
20-05-2025,22.5,81.5,39.873627
20-05-2025,22.5,82.5,39.575714
20-05-2025,22.5,83.5,38.623684
20-05-2025,22.5,84.5,37.68524
20-05-2025,23.5,80.5,40.3855
20-05-2025,23.5,81.5,40.392418
20-05-2025,23.5,82.5,39.578217
20-05-2025,23.5,83.5,38.964905
20-05-2025,23.5,84.5,38.332497
20-05-2025,24.5,80.5,41.93332
20-05-2025,24.5,81.5,41.06616
20-05-2025,24.5,82.5,40.113327
20-05-2025,24.5,83.5,38.708775
20-05-2025,24.5,84.5,37.962666
21-05-2025,17.5,80.5,32.074265
21-05-2025,17.5,81.5,31.9661
21-05-2025,17.5,82.5,31.0452
21-05-2025,17.5,83.5,32.276943
21-05-2025,17.5,84.5,
21-05-2025,18.5,80.5,32.510193
21-05-2025,18.5,81.5,32.354748
21-05-2025,18.5,82.5,32.074722
21-05-2025,18.5,83.5,33.508774
21-05-2025,18.5,84.5,34.244507
21-05-2025,19.5,80.5,35.668434
21-05-2025,19.5,81.5,35.61473
21-05-2025,19.5,82.5,34.425728
21-05-2025,19.5,83.5,35.35616
21-05-2025,19.5,84.5,36.069008
21-05-2025,20.5,80.5,37.92178
21-05-2025,20.5,81.5,37.151993
21-05-2025,20.5,82.5,38.002686
21-05-2025,20.5,83.5,38.20927
21-05-2025,20.5,84.5,37.366802
21-05-2025,21.5,80.5,38.877205
21-05-2025,21.5,81.5,39.016815
21-05-2025,21.5,82.5,39.04717
21-05-2025,21.5,83.5,38.618664
21-05-2025,21.5,84.5,38.62085
21-05-2025,22.5,80.5,39.508514
21-05-2025,22.5,81.5,39.397655
21-05-2025,22.5,82.5,38.98463
21-05-2025,22.5,83.5,38.108593
21-05-2025,22.5,84.5,37.511723
21-05-2025,23.5,80.5,40.17856
21-05-2025,23.5,81.5,39.62984
21-05-2025,23.5,82.5,38.821823
21-05-2025,23.5,83.5,38.09134
21-05-2025,23.5,84.5,37.687653
21-05-2025,24.5,80.5,41.263355
21-05-2025,24.5,81.5,40.25742
21-05-2025,24.5,82.5,39.04395
21-05-2025,24.5,83.5,37.65803
21-05-2025,24.5,84.5,36.645405
22-05-2025,17.5,80.5,31.920418
22-05-2025,17.5,81.5,31.99807
22-05-2025,17.5,82.5,31.369959
22-05-2025,17.5,83.5,31.751635
22-05-2025,17.5,84.5,
22-05-2025,18.5,80.5,31.738787
22-05-2025,18.5,81.5,31.006306
22-05-2025,18.5,82.5,31.461685
22-05-2025,18.5,83.5,32.838158
22-05-2025,18.5,84.5,33.188248
22-05-2025,19.5,80.5,31.226341
22-05-2025,19.5,81.5,33.087875
22-05-2025,19.5,82.5,32.821644
22-05-2025,19.5,83.5,34.178123
22-05-2025,19.5,84.5,34.503128
22-05-2025,20.5,80.5,33.09201
22-05-2025,20.5,81.5,32.72227
22-05-2025,20.5,82.5,35.88442
22-05-2025,20.5,83.5,36.072475
22-05-2025,20.5,84.5,35.839542
22-05-2025,21.5,80.5,34.026524
22-05-2025,21.5,81.5,34.08519
22-05-2025,21.5,82.5,34.679512
22-05-2025,21.5,83.5,35.368095
22-05-2025,21.5,84.5,35.79428
22-05-2025,22.5,80.5,34.355015
22-05-2025,22.5,81.5,34.01141
22-05-2025,22.5,82.5,34.14022
22-05-2025,22.5,83.5,33.735855
22-05-2025,22.5,84.5,33.674767
22-05-2025,23.5,80.5,35.257324
22-05-2025,23.5,81.5,34.236473
22-05-2025,23.5,82.5,33.950596
22-05-2025,23.5,83.5,33.751472
22-05-2025,23.5,84.5,34.026707
22-05-2025,24.5,80.5,36.418583
22-05-2025,24.5,81.5,35.455345
22-05-2025,24.5,82.5,34.330715
22-05-2025,24.5,83.5,33.505253
22-05-2025,24.5,84.5,33.618942
23-05-2025,17.5,80.5,32.566837
23-05-2025,17.5,81.5,32.519222
23-05-2025,17.5,82.5,31.071093
23-05-2025,17.5,83.5,31.872738
23-05-2025,17.5,84.5,
23-05-2025,18.5,80.5,31.785234
23-05-2025,18.5,81.5,30.70152
23-05-2025,18.5,82.5,31.262896
23-05-2025,18.5,83.5,32.600967
23-05-2025,18.5,84.5,32.647804
23-05-2025,19.5,80.5,31.216984
23-05-2025,19.5,81.5,32.60978
23-05-2025,19.5,82.5,31.710564
23-05-2025,19.5,83.5,33.535748
23-05-2025,19.5,84.5,33.781994
23-05-2025,20.5,80.5,33.705734
23-05-2025,20.5,81.5,32.478653
23-05-2025,20.5,82.5,35.115124
23-05-2025,20.5,83.5,35.6303
23-05-2025,20.5,84.5,34.97972
23-05-2025,21.5,80.5,34.453903
23-05-2025,21.5,81.5,34.31324
23-05-2025,21.5,82.5,35.248177
23-05-2025,21.5,83.5,35.748962
23-05-2025,21.5,84.5,35.621788
23-05-2025,22.5,80.5,35.687336
23-05-2025,22.5,81.5,34.91613
23-05-2025,22.5,82.5,35.010773
23-05-2025,22.5,83.5,34.491642
23-05-2025,22.5,84.5,34.525852
23-05-2025,23.5,80.5,37.196884
23-05-2025,23.5,81.5,36.988823
23-05-2025,23.5,82.5,35.980602
23-05-2025,23.5,83.5,35.433163
23-05-2025,23.5,84.5,35.453167
23-05-2025,24.5,80.5,38.815758
23-05-2025,24.5,81.5,38.229607
23-05-2025,24.5,82.5,37.68347
23-05-2025,24.5,83.5,36.813164
23-05-2025,24.5,84.5,35.88265
24-05-2025,17.5,80.5,33.708107
24-05-2025,17.5,81.5,33.769794
24-05-2025,17.5,82.5,32.326115
24-05-2025,17.5,83.5,32.81885
24-05-2025,17.5,84.5,
24-05-2025,18.5,80.5,32.634567
24-05-2025,18.5,81.5,31.878727
24-05-2025,18.5,82.5,32.632988
24-05-2025,18.5,83.5,33.759747
24-05-2025,18.5,84.5,33.40179
24-05-2025,19.5,80.5,31.626265
24-05-2025,19.5,81.5,33.94944
24-05-2025,19.5,82.5,32.75025
24-05-2025,19.5,83.5,34.403034
24-05-2025,19.5,84.5,34.21536
24-05-2025,20.5,80.5,32.77391
24-05-2025,20.5,81.5,31.881615
24-05-2025,20.5,82.5,35.625034
24-05-2025,20.5,83.5,35.827637
24-05-2025,20.5,84.5,35.12057
24-05-2025,21.5,80.5,32.72547
24-05-2025,21.5,81.5,32.634434
24-05-2025,21.5,82.5,33.171974
24-05-2025,21.5,83.5,35.313545
24-05-2025,21.5,84.5,35.324875
24-05-2025,22.5,80.5,32.99371
24-05-2025,22.5,81.5,32.316185
24-05-2025,22.5,82.5,32.38994
24-05-2025,22.5,83.5,32.786476
24-05-2025,22.5,84.5,33.523678
24-05-2025,23.5,80.5,34.337696
24-05-2025,23.5,81.5,33.779385
24-05-2025,23.5,82.5,32.64818
24-05-2025,23.5,83.5,33.24107
24-05-2025,23.5,84.5,34.18986
24-05-2025,24.5,80.5,36.36871
24-05-2025,24.5,81.5,35.269196
24-05-2025,24.5,82.5,34.620575
24-05-2025,24.5,83.5,34.95185
24-05-2025,24.5,84.5,34.27531
25-05-2025,17.5,80.5,33.48214
25-05-2025,17.5,81.5,33.07812
25-05-2025,17.5,82.5,31.706148
25-05-2025,17.5,83.5,31.909317
25-05-2025,17.5,84.5,
25-05-2025,18.5,80.5,33.2017
25-05-2025,18.5,81.5,32.183304
25-05-2025,18.5,82.5,32.366547
25-05-2025,18.5,83.5,33.193913
25-05-2025,18.5,84.5,33.063637
25-05-2025,19.5,80.5,32.873405
25-05-2025,19.5,81.5,34.698082
25-05-2025,19.5,82.5,33.225616
25-05-2025,19.5,83.5,34.1791
25-05-2025,19.5,84.5,33.936844
25-05-2025,20.5,80.5,34.34974
25-05-2025,20.5,81.5,33.450974
25-05-2025,20.5,82.5,35.657722
25-05-2025,20.5,83.5,35.641113
25-05-2025,20.5,84.5,34.73568
25-05-2025,21.5,80.5,34.138443
25-05-2025,21.5,81.5,34.3682
25-05-2025,21.5,82.5,34.202526
25-05-2025,21.5,83.5,35.190144
25-05-2025,21.5,84.5,35.93273
25-05-2025,22.5,80.5,34.242218
25-05-2025,22.5,81.5,34.371925
25-05-2025,22.5,82.5,33.851948
25-05-2025,22.5,83.5,33.442963
25-05-2025,22.5,84.5,33.351494
25-05-2025,23.5,80.5,35.279453
25-05-2025,23.5,81.5,34.883717
25-05-2025,23.5,82.5,34.437656
25-05-2025,23.5,83.5,33.60662
25-05-2025,23.5,84.5,34.2225
25-05-2025,24.5,80.5,36.998886
25-05-2025,24.5,81.5,36.39727
25-05-2025,24.5,82.5,35.61751
25-05-2025,24.5,83.5,34.79948
25-05-2025,24.5,84.5,34.002464
26-05-2025,17.5,80.5,31.341572
26-05-2025,17.5,81.5,31.831707
26-05-2025,17.5,82.5,31.170063
26-05-2025,17.5,83.5,32.24527
26-05-2025,17.5,84.5,
26-05-2025,18.5,80.5,32.47151
26-05-2025,18.5,81.5,32.07128
26-05-2025,18.5,82.5,32.35509
26-05-2025,18.5,83.5,33.498913
26-05-2025,18.5,84.5,33.378914
26-05-2025,19.5,80.5,33.636383
26-05-2025,19.5,81.5,34.906933
26-05-2025,19.5,82.5,33.886707
26-05-2025,19.5,83.5,34.633297
26-05-2025,19.5,84.5,34.44818
26-05-2025,20.5,80.5,35.646564
26-05-2025,20.5,81.5,35.104103
26-05-2025,20.5,82.5,36.519035
26-05-2025,20.5,83.5,36.37842
26-05-2025,20.5,84.5,35.174686
26-05-2025,21.5,80.5,36.064327
26-05-2025,21.5,81.5,36.24663
26-05-2025,21.5,82.5,36.013977
26-05-2025,21.5,83.5,36.093353
26-05-2025,21.5,84.5,35.204296
26-05-2025,22.5,80.5,36.6176
26-05-2025,22.5,81.5,36.396614
26-05-2025,22.5,82.5,35.77037
26-05-2025,22.5,83.5,34.641354
26-05-2025,22.5,84.5,33.327503
26-05-2025,23.5,80.5,37.695488
26-05-2025,23.5,81.5,36.94175
26-05-2025,23.5,82.5,36.085674
26-05-2025,23.5,83.5,34.951878
26-05-2025,23.5,84.5,34.32967
26-05-2025,24.5,80.5,39.125984
26-05-2025,24.5,81.5,38.275116
26-05-2025,24.5,82.5,36.929688
26-05-2025,24.5,83.5,36.01522
26-05-2025,24.5,84.5,35.039913
27-05-2025,17.5,80.5,33.295242
27-05-2025,17.5,81.5,34.23458
27-05-2025,17.5,82.5,32.760746
27-05-2025,17.5,83.5,32.68996
27-05-2025,17.5,84.5,
27-05-2025,18.5,80.5,33.65255
27-05-2025,18.5,81.5,32.95757
27-05-2025,18.5,82.5,33.53567
27-05-2025,18.5,83.5,33.148052
27-05-2025,18.5,84.5,32.675323
27-05-2025,19.5,80.5,34.476788
27-05-2025,19.5,81.5,35.55455
27-05-2025,19.5,82.5,33.533363
27-05-2025,19.5,83.5,34.102833
27-05-2025,19.5,84.5,33.629784
27-05-2025,20.5,80.5,36.049145
27-05-2025,20.5,81.5,34.518566
27-05-2025,20.5,82.5,36.14117
27-05-2025,20.5,83.5,35.441338
27-05-2025,20.5,84.5,33.716957
27-05-2025,21.5,80.5,37.37876
27-05-2025,21.5,81.5,36.124012
27-05-2025,21.5,82.5,35.510674
27-05-2025,21.5,83.5,35.127953
27-05-2025,21.5,84.5,34.076508
27-05-2025,22.5,80.5,37.575428
27-05-2025,22.5,81.5,36.375893
27-05-2025,22.5,82.5,35.39611
27-05-2025,22.5,83.5,34.42186
27-05-2025,22.5,84.5,33.06803
27-05-2025,23.5,80.5,38.031097
27-05-2025,23.5,81.5,36.860744
27-05-2025,23.5,82.5,35.894196
27-05-2025,23.5,83.5,34.90187
27-05-2025,23.5,84.5,34.32338
27-05-2025,24.5,80.5,39.344696
27-05-2025,24.5,81.5,38.20626
27-05-2025,24.5,82.5,37.181713
27-05-2025,24.5,83.5,36.377586
27-05-2025,24.5,84.5,35.695183
28-05-2025,17.5,80.5,30.734682
28-05-2025,17.5,81.5,30.735487
28-05-2025,17.5,82.5,29.302689
28-05-2025,17.5,83.5,29.71942
28-05-2025,17.5,84.5,
28-05-2025,18.5,80.5,30.18676
28-05-2025,18.5,81.5,28.809816
28-05-2025,18.5,82.5,29.541727
28-05-2025,18.5,83.5,30.426474
28-05-2025,18.5,84.5,30.284904
28-05-2025,19.5,80.5,29.82646
28-05-2025,19.5,81.5,30.804443
28-05-2025,19.5,82.5,30.34932
28-05-2025,19.5,83.5,31.58536
28-05-2025,19.5,84.5,31.44086
28-05-2025,20.5,80.5,33.136467
28-05-2025,20.5,81.5,31.935429
28-05-2025,20.5,82.5,33.45662
28-05-2025,20.5,83.5,33.638187
28-05-2025,20.5,84.5,32.502705
28-05-2025,21.5,80.5,34.731453
28-05-2025,21.5,81.5,34.681557
28-05-2025,21.5,82.5,34.517353
28-05-2025,21.5,83.5,34.17749
28-05-2025,21.5,84.5,33.590073
28-05-2025,22.5,80.5,36.421307
28-05-2025,22.5,81.5,35.3403
28-05-2025,22.5,82.5,35.011463
28-05-2025,22.5,83.5,34.22981
28-05-2025,22.5,84.5,33.390343
28-05-2025,23.5,80.5,38.00142
28-05-2025,23.5,81.5,37.743774
28-05-2025,23.5,82.5,36.45712
28-05-2025,23.5,83.5,35.422184
28-05-2025,23.5,84.5,35.30515
28-05-2025,24.5,80.5,39.956158
28-05-2025,24.5,81.5,39.421143
28-05-2025,24.5,82.5,38.187786
28-05-2025,24.5,83.5,37.555553
28-05-2025,24.5,84.5,37.21469
29-05-2025,17.5,80.5,32.185734
29-05-2025,17.5,81.5,32.483315
29-05-2025,17.5,82.5,30.798218
29-05-2025,17.5,83.5,30.879118
29-05-2025,17.5,84.5,
29-05-2025,18.5,80.5,32.308533
29-05-2025,18.5,81.5,30.72685
29-05-2025,18.5,82.5,30.755127
29-05-2025,18.5,83.5,31.547033
29-05-2025,18.5,84.5,31.672876
29-05-2025,19.5,80.5,32.96984
29-05-2025,19.5,81.5,32.798294
29-05-2025,19.5,82.5,31.685326
29-05-2025,19.5,83.5,32.793106
29-05-2025,19.5,84.5,32.8869
29-05-2025,20.5,80.5,35.63716
29-05-2025,20.5,81.5,33.90522
29-05-2025,20.5,82.5,34.80068
29-05-2025,20.5,83.5,34.921764
29-05-2025,20.5,84.5,33.89631
29-05-2025,21.5,80.5,36.69013
29-05-2025,21.5,81.5,35.92345
29-05-2025,21.5,82.5,35.532654
29-05-2025,21.5,83.5,35.425724
29-05-2025,21.5,84.5,34.69362
29-05-2025,22.5,80.5,37.222454
29-05-2025,22.5,81.5,36.30164
29-05-2025,22.5,82.5,35.671307
29-05-2025,22.5,83.5,34.709248
29-05-2025,22.5,84.5,33.46534
29-05-2025,23.5,80.5,38.26429
29-05-2025,23.5,81.5,37.871605
29-05-2025,23.5,82.5,36.85087
29-05-2025,23.5,83.5,35.264057
29-05-2025,23.5,84.5,34.000618
29-05-2025,24.5,80.5,39.85597
29-05-2025,24.5,81.5,39.128365
29-05-2025,24.5,82.5,38.318066
29-05-2025,24.5,83.5,37.15445
29-05-2025,24.5,84.5,36.392933
30-05-2025,17.5,80.5,34.335094
30-05-2025,17.5,81.5,34.877785
30-05-2025,17.5,82.5,33.4389
30-05-2025,17.5,83.5,33.673782
30-05-2025,17.5,84.5,
30-05-2025,18.5,80.5,33.720444
30-05-2025,18.5,81.5,32.571365
30-05-2025,18.5,82.5,33.24647
30-05-2025,18.5,83.5,34.090714
30-05-2025,18.5,84.5,34.30076
30-05-2025,19.5,80.5,33.19161
30-05-2025,19.5,81.5,34.659492
30-05-2025,19.5,82.5,33.601357
30-05-2025,19.5,83.5,35.18054
30-05-2025,19.5,84.5,35.276695
30-05-2025,20.5,80.5,35.11933
30-05-2025,20.5,81.5,33.78621
30-05-2025,20.5,82.5,36.01464
30-05-2025,20.5,83.5,36.328175
30-05-2025,20.5,84.5,36.115444
30-05-2025,21.5,80.5,35.197605
30-05-2025,21.5,81.5,36.00588
30-05-2025,21.5,82.5,35.919827
30-05-2025,21.5,83.5,36.497425
30-05-2025,21.5,84.5,36.66957
30-05-2025,22.5,80.5,36.062595
30-05-2025,22.5,81.5,36.305298
30-05-2025,22.5,82.5,36.231693
30-05-2025,22.5,83.5,35.74363
30-05-2025,22.5,84.5,35.22994
30-05-2025,23.5,80.5,37.48887
30-05-2025,23.5,81.5,37.922363
30-05-2025,23.5,82.5,37.370678
30-05-2025,23.5,83.5,36.281067
30-05-2025,23.5,84.5,35.967773
30-05-2025,24.5,80.5,40.043404
30-05-2025,24.5,81.5,39.96719
30-05-2025,24.5,82.5,38.931713
30-05-2025,24.5,83.5,38.261005
30-05-2025,24.5,84.5,37.655792
31-05-2025,17.5,80.5,34.259487
31-05-2025,17.5,81.5,34.335793
31-05-2025,17.5,82.5,32.374527
31-05-2025,17.5,83.5,32.68809
31-05-2025,17.5,84.5,
31-05-2025,18.5,80.5,34.171722
31-05-2025,18.5,81.5,32.115685
31-05-2025,18.5,82.5,32.355946
31-05-2025,18.5,83.5,32.800865
31-05-2025,18.5,84.5,33.120575
31-05-2025,19.5,80.5,33.497185
31-05-2025,19.5,81.5,34.237686
31-05-2025,19.5,82.5,32.479298
31-05-2025,19.5,83.5,33.639687
31-05-2025,19.5,84.5,33.93754
31-05-2025,20.5,80.5,35.383705
31-05-2025,20.5,81.5,33.19405
31-05-2025,20.5,82.5,34.97112
31-05-2025,20.5,83.5,35.11229
31-05-2025,20.5,84.5,34.819237
31-05-2025,21.5,80.5,35.663956
31-05-2025,21.5,81.5,34.40727
31-05-2025,21.5,82.5,34.20962
31-05-2025,21.5,83.5,35.572273
31-05-2025,21.5,84.5,35.49949
31-05-2025,22.5,80.5,35.817818
31-05-2025,22.5,81.5,34.721764
31-05-2025,22.5,82.5,34.51369
31-05-2025,22.5,83.5,34.06926
31-05-2025,22.5,84.5,33.27836
31-05-2025,23.5,80.5,36.936462
31-05-2025,23.5,81.5,36.97584
31-05-2025,23.5,82.5,35.77711
31-05-2025,23.5,83.5,35.21364
31-05-2025,23.5,84.5,35.195583
31-05-2025,24.5,80.5,39.37235
31-05-2025,24.5,81.5,39.14323
31-05-2025,24.5,82.5,38.47416
31-05-2025,24.5,83.5,38.364674
31-05-2025,24.5,84.5,38.15661
01-06-2025,17.5,80.5,36.374973
01-06-2025,17.5,81.5,36.336544
01-06-2025,17.5,82.5,35.028973
01-06-2025,17.5,83.5,35.47421
01-06-2025,17.5,84.5,
01-06-2025,18.5,80.5,36.348568
01-06-2025,18.5,81.5,35.066147
01-06-2025,18.5,82.5,35.050285
01-06-2025,18.5,83.5,35.917084
01-06-2025,18.5,84.5,36.04622
01-06-2025,19.5,80.5,35.6926
01-06-2025,19.5,81.5,36.983006
01-06-2025,19.5,82.5,35.57461
01-06-2025,19.5,83.5,36.715157
01-06-2025,19.5,84.5,36.856106
01-06-2025,20.5,80.5,36.952267
01-06-2025,20.5,81.5,35.641834
01-06-2025,20.5,82.5,38.08138
01-06-2025,20.5,83.5,38.04468
01-06-2025,20.5,84.5,37.686836
01-06-2025,21.5,80.5,36.260223
01-06-2025,21.5,81.5,36.579224
01-06-2025,21.5,82.5,36.66526
01-06-2025,21.5,83.5,38.05468
01-06-2025,21.5,84.5,38.263805
01-06-2025,22.5,80.5,35.73081
01-06-2025,22.5,81.5,36.64048
01-06-2025,22.5,82.5,36.51203
01-06-2025,22.5,83.5,36.386913
01-06-2025,22.5,84.5,36.20338
01-06-2025,23.5,80.5,37.438354
01-06-2025,23.5,81.5,37.589493
01-06-2025,23.5,82.5,37.22938
01-06-2025,23.5,83.5,37.074375
01-06-2025,23.5,84.5,37.390846
01-06-2025,24.5,80.5,39.734745
01-06-2025,24.5,81.5,39.75645
01-06-2025,24.5,82.5,39.65879
01-06-2025,24.5,83.5,39.60018
01-06-2025,24.5,84.5,39.203346
02-06-2025,17.5,80.5,36.411007
02-06-2025,17.5,81.5,37.011196
02-06-2025,17.5,82.5,35.687714
02-06-2025,17.5,83.5,36.355213
02-06-2025,17.5,84.5,
02-06-2025,18.5,80.5,36.031876
02-06-2025,18.5,81.5,35.41481
02-06-2025,18.5,82.5,35.71882
02-06-2025,18.5,83.5,36.689
02-06-2025,18.5,84.5,36.731937
02-06-2025,19.5,80.5,35.608982
02-06-2025,19.5,81.5,37.264954
02-06-2025,19.5,82.5,36.258907
02-06-2025,19.5,83.5,37.593296
02-06-2025,19.5,84.5,37.74472
02-06-2025,20.5,80.5,37.472694
02-06-2025,20.5,81.5,36.547405
02-06-2025,20.5,82.5,38.850563
02-06-2025,20.5,83.5,39.00572
02-06-2025,20.5,84.5,38.709507
02-06-2025,21.5,80.5,37.03672
02-06-2025,21.5,81.5,37.543427
02-06-2025,21.5,82.5,37.838345
02-06-2025,21.5,83.5,39.34585
02-06-2025,21.5,84.5,39.310772
02-06-2025,22.5,80.5,36.71502
02-06-2025,22.5,81.5,37.535645
02-06-2025,22.5,82.5,37.752384
02-06-2025,22.5,83.5,37.588287
02-06-2025,22.5,84.5,37.31968
02-06-2025,23.5,80.5,37.685234
02-06-2025,23.5,81.5,38.16953
02-06-2025,23.5,82.5,38.13135
02-06-2025,23.5,83.5,37.892498
02-06-2025,23.5,84.5,38.18453
02-06-2025,24.5,80.5,39.029232
02-06-2025,24.5,81.5,39.446396
02-06-2025,24.5,82.5,39.615868
02-06-2025,24.5,83.5,39.59463
02-06-2025,24.5,84.5,39.70858
03-06-2025,17.5,80.5,35.96838
03-06-2025,17.5,81.5,35.79974
03-06-2025,17.5,82.5,34.562386
03-06-2025,17.5,83.5,35.133736
03-06-2025,17.5,84.5,
03-06-2025,18.5,80.5,36.129253
03-06-2025,18.5,81.5,34.709717
03-06-2025,18.5,82.5,34.64523
03-06-2025,18.5,83.5,35.88811
03-06-2025,18.5,84.5,36.095882
03-06-2025,19.5,80.5,35.590332
03-06-2025,19.5,81.5,36.613457
03-06-2025,19.5,82.5,36.013348
03-06-2025,19.5,83.5,36.964836
03-06-2025,19.5,84.5,37.31916
03-06-2025,20.5,80.5,37.02688
03-06-2025,20.5,81.5,36.4715
03-06-2025,20.5,82.5,38.23995
03-06-2025,20.5,83.5,38.475574
03-06-2025,20.5,84.5,38.464874
03-06-2025,21.5,80.5,36.363197
03-06-2025,21.5,81.5,37.06307
03-06-2025,21.5,82.5,37.089058
03-06-2025,21.5,83.5,38.37229
03-06-2025,21.5,84.5,38.975403
03-06-2025,22.5,80.5,35.05451
03-06-2025,22.5,81.5,36.742638
03-06-2025,22.5,82.5,36.553314
03-06-2025,22.5,83.5,36.756783
03-06-2025,22.5,84.5,36.684143
03-06-2025,23.5,80.5,35.749687
03-06-2025,23.5,81.5,35.623863
03-06-2025,23.5,82.5,36.185444
03-06-2025,23.5,83.5,36.278873
03-06-2025,23.5,84.5,36.40904
03-06-2025,24.5,80.5,36.655777
03-06-2025,24.5,81.5,36.832035
03-06-2025,24.5,82.5,36.984116
03-06-2025,24.5,83.5,36.80471
03-06-2025,24.5,84.5,36.44738
04-06-2025,17.5,80.5,36.90675
04-06-2025,17.5,81.5,36.66362
04-06-2025,17.5,82.5,35.365917
04-06-2025,17.5,83.5,35.68118
04-06-2025,17.5,84.5,
04-06-2025,18.5,80.5,36.835712
04-06-2025,18.5,81.5,35.32373
04-06-2025,18.5,82.5,35.352825
04-06-2025,18.5,83.5,36.162037
04-06-2025,18.5,84.5,36.341408
04-06-2025,19.5,80.5,35.976376
04-06-2025,19.5,81.5,37.37921
04-06-2025,19.5,82.5,36.255188
04-06-2025,19.5,83.5,37.06797
04-06-2025,19.5,84.5,37.244698
04-06-2025,20.5,80.5,37.473206
04-06-2025,20.5,81.5,36.282314
04-06-2025,20.5,82.5,38.103626
04-06-2025,20.5,83.5,38.163757
04-06-2025,20.5,84.5,38.01666
04-06-2025,21.5,80.5,36.696323
04-06-2025,21.5,81.5,37.085224
04-06-2025,21.5,82.5,36.7129
04-06-2025,21.5,83.5,37.71619
04-06-2025,21.5,84.5,38.67093
04-06-2025,22.5,80.5,35.312912
04-06-2025,22.5,81.5,36.32895
04-06-2025,22.5,82.5,36.14002
04-06-2025,22.5,83.5,35.658325
04-06-2025,22.5,84.5,35.651283
04-06-2025,23.5,80.5,36.369514
04-06-2025,23.5,81.5,36.40672
04-06-2025,23.5,82.5,36.34084
04-06-2025,23.5,83.5,36.151028
04-06-2025,23.5,84.5,35.87681
04-06-2025,24.5,80.5,38.399723
04-06-2025,24.5,81.5,38.382824
04-06-2025,24.5,82.5,37.041363
04-06-2025,24.5,83.5,36.24055
04-06-2025,24.5,84.5,35.085068
05-06-2025,17.5,80.5,35.73001
05-06-2025,17.5,81.5,35.891197
05-06-2025,17.5,82.5,34.748707
05-06-2025,17.5,83.5,34.97372
05-06-2025,17.5,84.5,
05-06-2025,18.5,80.5,35.69522
05-06-2025,18.5,81.5,34.725647
05-06-2025,18.5,82.5,34.547886
05-06-2025,18.5,83.5,35.11423
05-06-2025,18.5,84.5,34.833862
05-06-2025,19.5,80.5,35.204468
05-06-2025,19.5,81.5,36.42966
05-06-2025,19.5,82.5,35.38846
05-06-2025,19.5,83.5,35.70239
05-06-2025,19.5,84.5,35.273014
05-06-2025,20.5,80.5,36.986496
05-06-2025,20.5,81.5,35.28304
05-06-2025,20.5,82.5,36.889088
05-06-2025,20.5,83.5,36.02422
05-06-2025,20.5,84.5,35.438927
05-06-2025,21.5,80.5,37.248516
05-06-2025,21.5,81.5,36.63636
05-06-2025,21.5,82.5,36.10746
05-06-2025,21.5,83.5,35.784473
05-06-2025,21.5,84.5,36.501156
05-06-2025,22.5,80.5,36.696465
05-06-2025,22.5,81.5,36.741417
05-06-2025,22.5,82.5,36.028458
05-06-2025,22.5,83.5,34.994507
05-06-2025,22.5,84.5,34.473083
05-06-2025,23.5,80.5,37.846962
05-06-2025,23.5,81.5,37.5464
05-06-2025,23.5,82.5,36.662006
05-06-2025,23.5,83.5,36.21813
05-06-2025,23.5,84.5,35.52253
05-06-2025,24.5,80.5,39.20419
05-06-2025,24.5,81.5,38.867313
05-06-2025,24.5,82.5,38.20327
05-06-2025,24.5,83.5,37.53145
05-06-2025,24.5,84.5,36.952526
06-06-2025,17.5,80.5,37.62836
06-06-2025,17.5,81.5,36.795628
06-06-2025,17.5,82.5,35.067364
06-06-2025,17.5,83.5,34.95832
06-06-2025,17.5,84.5,
06-06-2025,18.5,80.5,37.703724
06-06-2025,18.5,81.5,35.9634
06-06-2025,18.5,82.5,35.37581
06-06-2025,18.5,83.5,35.342003
06-06-2025,18.5,84.5,35.557476
06-06-2025,19.5,80.5,37.987434
06-06-2025,19.5,81.5,38.30621
06-06-2025,19.5,82.5,36.016808
06-06-2025,19.5,83.5,36.158134
06-06-2025,19.5,84.5,35.99972
06-06-2025,20.5,80.5,39.733753
06-06-2025,20.5,81.5,37.2486
06-06-2025,20.5,82.5,37.40775
06-06-2025,20.5,83.5,36.89305
06-06-2025,20.5,84.5,36.519463
06-06-2025,21.5,80.5,39.35574
06-06-2025,21.5,81.5,38.037827
06-06-2025,21.5,82.5,37.214035
06-06-2025,21.5,83.5,36.791424
06-06-2025,21.5,84.5,37.645485
06-06-2025,22.5,80.5,38.68029
06-06-2025,22.5,81.5,38.074383
06-06-2025,22.5,82.5,36.829433
06-06-2025,22.5,83.5,36.07468
06-06-2025,22.5,84.5,36.409786
06-06-2025,23.5,80.5,39.21326
06-06-2025,23.5,81.5,38.707283
06-06-2025,23.5,82.5,37.340813
06-06-2025,23.5,83.5,37.229397
06-06-2025,23.5,84.5,37.649723
06-06-2025,24.5,80.5,39.882057
06-06-2025,24.5,81.5,39.837074
06-06-2025,24.5,82.5,38.947113
06-06-2025,24.5,83.5,38.310833
06-06-2025,24.5,84.5,37.80864
07-06-2025,17.5,80.5,38.254585
07-06-2025,17.5,81.5,36.895515
07-06-2025,17.5,82.5,35.462975
07-06-2025,17.5,83.5,35.2756
07-06-2025,17.5,84.5,
07-06-2025,18.5,80.5,38.595486
07-06-2025,18.5,81.5,37.002678
07-06-2025,18.5,82.5,35.7811
07-06-2025,18.5,83.5,35.61846
07-06-2025,18.5,84.5,35.956635
07-06-2025,19.5,80.5,38.766647
07-06-2025,19.5,81.5,38.761368
07-06-2025,19.5,82.5,36.37766
07-06-2025,19.5,83.5,36.82415
07-06-2025,19.5,84.5,36.946136
07-06-2025,20.5,80.5,39.55014
07-06-2025,20.5,81.5,37.276623
07-06-2025,20.5,82.5,38.229927
07-06-2025,20.5,83.5,38.098087
07-06-2025,20.5,84.5,37.747128
07-06-2025,21.5,80.5,38.711624
07-06-2025,21.5,81.5,38.160942
07-06-2025,21.5,82.5,38.09489
07-06-2025,21.5,83.5,37.97937
07-06-2025,21.5,84.5,37.881626
07-06-2025,22.5,80.5,38.616394
07-06-2025,22.5,81.5,38.20104
07-06-2025,22.5,82.5,37.71807
07-06-2025,22.5,83.5,37.421143
07-06-2025,22.5,84.5,36.400288
07-06-2025,23.5,80.5,40.058968
07-06-2025,23.5,81.5,39.695015
07-06-2025,23.5,82.5,38.82723
07-06-2025,23.5,83.5,38.04071
07-06-2025,23.5,84.5,37.33051
07-06-2025,24.5,80.5,41.753952
07-06-2025,24.5,81.5,41.250595
07-06-2025,24.5,82.5,40.097763
07-06-2025,24.5,83.5,38.601116
07-06-2025,24.5,84.5,37.560486
08-06-2025,17.5,80.5,38.572678
08-06-2025,17.5,81.5,37.516605
08-06-2025,17.5,82.5,36.14204
08-06-2025,17.5,83.5,35.791397
08-06-2025,17.5,84.5,
08-06-2025,18.5,80.5,38.929905
08-06-2025,18.5,81.5,37.345375
08-06-2025,18.5,82.5,36.312756
08-06-2025,18.5,83.5,35.97991
08-06-2025,18.5,84.5,36.26607
08-06-2025,19.5,80.5,39.349
08-06-2025,19.5,81.5,38.953922
08-06-2025,19.5,82.5,36.73695
08-06-2025,19.5,83.5,37.148563
08-06-2025,19.5,84.5,37.194305
08-06-2025,20.5,80.5,41.255634
08-06-2025,20.5,81.5,38.550606
08-06-2025,20.5,82.5,38.81614
08-06-2025,20.5,83.5,38.770794
08-06-2025,20.5,84.5,38.074913
08-06-2025,21.5,80.5,41.16882
08-06-2025,21.5,81.5,39.58379
08-06-2025,21.5,82.5,39.28972
08-06-2025,21.5,83.5,38.808613
08-06-2025,21.5,84.5,38.564453
08-06-2025,22.5,80.5,41.304432
08-06-2025,22.5,81.5,39.82645
08-06-2025,22.5,82.5,38.893097
08-06-2025,22.5,83.5,38.25726
08-06-2025,22.5,84.5,37.41763
08-06-2025,23.5,80.5,42.426178
08-06-2025,23.5,81.5,41.739723
08-06-2025,23.5,82.5,39.861263
08-06-2025,23.5,83.5,39.13859
08-06-2025,23.5,84.5,38.37957
08-06-2025,24.5,80.5,43.540913
08-06-2025,24.5,81.5,42.998566
08-06-2025,24.5,82.5,41.492794
08-06-2025,24.5,83.5,40.614895
08-06-2025,24.5,84.5,39.20879
09-06-2025,17.5,80.5,34.33425
09-06-2025,17.5,81.5,35.103188
09-06-2025,17.5,82.5,35.193302
09-06-2025,17.5,83.5,35.43821
09-06-2025,17.5,84.5,
09-06-2025,18.5,80.5,34.68666
09-06-2025,18.5,81.5,35.162083
09-06-2025,18.5,82.5,34.114864
09-06-2025,18.5,83.5,35.8439
09-06-2025,18.5,84.5,36.28011
09-06-2025,19.5,80.5,36.75218
09-06-2025,19.5,81.5,36.53773
09-06-2025,19.5,82.5,35.364494
09-06-2025,19.5,83.5,36.81271
09-06-2025,19.5,84.5,36.94753
09-06-2025,20.5,80.5,39.438114
09-06-2025,20.5,81.5,37.536854
09-06-2025,20.5,82.5,38.80169
09-06-2025,20.5,83.5,38.46946
09-06-2025,20.5,84.5,37.398006
09-06-2025,21.5,80.5,41.24697
09-06-2025,21.5,81.5,40.234722
09-06-2025,21.5,82.5,39.74274
09-06-2025,21.5,83.5,38.7225
09-06-2025,21.5,84.5,38.19765
09-06-2025,22.5,80.5,41.700623
09-06-2025,22.5,81.5,40.779156
09-06-2025,22.5,82.5,39.70479
09-06-2025,22.5,83.5,38.707516
09-06-2025,22.5,84.5,37.57489
09-06-2025,23.5,80.5,42.558723
09-06-2025,23.5,81.5,41.87864
09-06-2025,23.5,82.5,40.627617
09-06-2025,23.5,83.5,39.8794
09-06-2025,23.5,84.5,38.569096
09-06-2025,24.5,80.5,43.55523
09-06-2025,24.5,81.5,42.98104
09-06-2025,24.5,82.5,41.786556
09-06-2025,24.5,83.5,40.851624
09-06-2025,24.5,84.5,39.248867
10-06-2025,17.5,80.5,34.372356
10-06-2025,17.5,81.5,33.070484
10-06-2025,17.5,82.5,31.20304
10-06-2025,17.5,83.5,30.271145
10-06-2025,17.5,84.5,
10-06-2025,18.5,80.5,33.594166
10-06-2025,18.5,81.5,31.380814
10-06-2025,18.5,82.5,30.188831
10-06-2025,18.5,83.5,30.40245
10-06-2025,18.5,84.5,30.960884
10-06-2025,19.5,80.5,35.044792
10-06-2025,19.5,81.5,32.639683
10-06-2025,19.5,82.5,30.378965
10-06-2025,19.5,83.5,31.476425
10-06-2025,19.5,84.5,31.82707
10-06-2025,20.5,80.5,37.86725
10-06-2025,20.5,81.5,35.114346
10-06-2025,20.5,82.5,33.632572
10-06-2025,20.5,83.5,34.326866
10-06-2025,20.5,84.5,33.248207
10-06-2025,21.5,80.5,39.89383
10-06-2025,21.5,81.5,37.77099
10-06-2025,21.5,82.5,37.026985
10-06-2025,21.5,83.5,35.766464
10-06-2025,21.5,84.5,35.147182
10-06-2025,22.5,80.5,41.352974
10-06-2025,22.5,81.5,39.116116
10-06-2025,22.5,82.5,37.68234
10-06-2025,22.5,83.5,36.811512
10-06-2025,22.5,84.5,35.688435
10-06-2025,23.5,80.5,42.569435
10-06-2025,23.5,81.5,41.438663
10-06-2025,23.5,82.5,40.040516
10-06-2025,23.5,83.5,39.155704
10-06-2025,23.5,84.5,37.995342
10-06-2025,24.5,80.5,43.70981
10-06-2025,24.5,81.5,42.747955
10-06-2025,24.5,82.5,41.613625
10-06-2025,24.5,83.5,40.74337
10-06-2025,24.5,84.5,39.203808
11-06-2025,17.5,80.5,32.658398
11-06-2025,17.5,81.5,31.90243
11-06-2025,17.5,82.5,31.229519
11-06-2025,17.5,83.5,31.322496
11-06-2025,17.5,84.5,
11-06-2025,18.5,80.5,32.70134
11-06-2025,18.5,81.5,31.824812
11-06-2025,18.5,82.5,31.090965
11-06-2025,18.5,83.5,31.765575
11-06-2025,18.5,84.5,32.76323
11-06-2025,19.5,80.5,34.46341
11-06-2025,19.5,81.5,33.622536
11-06-2025,19.5,82.5,32.522224
11-06-2025,19.5,83.5,33.438725
11-06-2025,19.5,84.5,33.898388
11-06-2025,20.5,80.5,37.061985
11-06-2025,20.5,81.5,35.477608
11-06-2025,20.5,82.5,35.9414
11-06-2025,20.5,83.5,35.86623
11-06-2025,20.5,84.5,34.60901
11-06-2025,21.5,80.5,38.925938
11-06-2025,21.5,81.5,37.90797
11-06-2025,21.5,82.5,37.808517
11-06-2025,21.5,83.5,36.243046
11-06-2025,21.5,84.5,35.480797
11-06-2025,22.5,80.5,39.927277
11-06-2025,22.5,81.5,38.651344
11-06-2025,22.5,82.5,37.7024
11-06-2025,22.5,83.5,36.965076
11-06-2025,22.5,84.5,35.440056
11-06-2025,23.5,80.5,41.46662
11-06-2025,23.5,81.5,40.517063
11-06-2025,23.5,82.5,39.212257
11-06-2025,23.5,83.5,38.688747
11-06-2025,23.5,84.5,37.640717
11-06-2025,24.5,80.5,42.701107
11-06-2025,24.5,81.5,42.136185
11-06-2025,24.5,82.5,41.462093
11-06-2025,24.5,83.5,40.719463
11-06-2025,24.5,84.5,39.39197
12-06-2025,17.5,80.5,33.37381
12-06-2025,17.5,81.5,33.28966
12-06-2025,17.5,82.5,32.447403
12-06-2025,17.5,83.5,31.971464
12-06-2025,17.5,84.5,
12-06-2025,18.5,80.5,33.325375
12-06-2025,18.5,81.5,32.247948
12-06-2025,18.5,82.5,32.62541
12-06-2025,18.5,83.5,32.08743
12-06-2025,18.5,84.5,33.060677
12-06-2025,19.5,80.5,34.67349
12-06-2025,19.5,81.5,34.364838
12-06-2025,19.5,82.5,32.60885
12-06-2025,19.5,83.5,33.41342
12-06-2025,19.5,84.5,33.735817
12-06-2025,20.5,80.5,37.137383
12-06-2025,20.5,81.5,35.38406
12-06-2025,20.5,82.5,35.520405
12-06-2025,20.5,83.5,35.69536
12-06-2025,20.5,84.5,34.500137
12-06-2025,21.5,80.5,38.683094
12-06-2025,21.5,81.5,37.796783
12-06-2025,21.5,82.5,37.712204
12-06-2025,21.5,83.5,35.75811
12-06-2025,21.5,84.5,34.901512
12-06-2025,22.5,80.5,40.066753
12-06-2025,22.5,81.5,38.570744
12-06-2025,22.5,82.5,37.192146
12-06-2025,22.5,83.5,36.521748
12-06-2025,22.5,84.5,35.295204
12-06-2025,23.5,80.5,41.251923
12-06-2025,23.5,81.5,40.499363
12-06-2025,23.5,82.5,38.979683
12-06-2025,23.5,83.5,38.172928
12-06-2025,23.5,84.5,37.341293
12-06-2025,24.5,80.5,42.844112
12-06-2025,24.5,81.5,42.48236
12-06-2025,24.5,82.5,41.21379
12-06-2025,24.5,83.5,40.38077
12-06-2025,24.5,84.5,39.486946
13-06-2025,17.5,80.5,32.74825
13-06-2025,17.5,81.5,32.807247
13-06-2025,17.5,82.5,32.47376
13-06-2025,17.5,83.5,33.156418
13-06-2025,17.5,84.5,
13-06-2025,18.5,80.5,33.029
13-06-2025,18.5,81.5,32.45244
13-06-2025,18.5,82.5,32.893612
13-06-2025,18.5,83.5,33.595066
13-06-2025,18.5,84.5,34.499645
13-06-2025,19.5,80.5,34.202927
13-06-2025,19.5,81.5,34.470356
13-06-2025,19.5,82.5,33.86639
13-06-2025,19.5,83.5,35.105297
13-06-2025,19.5,84.5,35.43185
13-06-2025,20.5,80.5,38.24467
13-06-2025,20.5,81.5,36.438385
13-06-2025,20.5,82.5,37.177197
13-06-2025,20.5,83.5,37.435543
13-06-2025,20.5,84.5,36.03975
13-06-2025,21.5,80.5,38.70193
13-06-2025,21.5,81.5,39.073265
13-06-2025,21.5,82.5,38.931866
13-06-2025,21.5,83.5,37.535427
13-06-2025,21.5,84.5,36.43047
13-06-2025,22.5,80.5,39.63132
13-06-2025,22.5,81.5,39.43429
13-06-2025,22.5,82.5,38.71414
13-06-2025,22.5,83.5,38.22009
13-06-2025,22.5,84.5,36.38279
13-06-2025,23.5,80.5,40.87014
13-06-2025,23.5,81.5,40.222168
13-06-2025,23.5,82.5,39.90611
13-06-2025,23.5,83.5,39.165928
13-06-2025,23.5,84.5,37.962364
13-06-2025,24.5,80.5,42.50858
13-06-2025,24.5,81.5,42.1023
13-06-2025,24.5,82.5,41.17485
13-06-2025,24.5,83.5,40.3863
13-06-2025,24.5,84.5,39.315083
14-06-2025,17.5,80.5,32.745075
14-06-2025,17.5,81.5,32.55224
14-06-2025,17.5,82.5,32.49547
14-06-2025,17.5,83.5,33.39778
14-06-2025,17.5,84.5,
14-06-2025,18.5,80.5,33.066734
14-06-2025,18.5,81.5,33.131443
14-06-2025,18.5,82.5,32.983044
14-06-2025,18.5,83.5,34.00817
14-06-2025,18.5,84.5,35.288338
14-06-2025,19.5,80.5,35.477695
14-06-2025,19.5,81.5,34.893093
14-06-2025,19.5,82.5,34.673412
14-06-2025,19.5,83.5,35.743607
14-06-2025,19.5,84.5,36.205296
14-06-2025,20.5,80.5,38.79574
14-06-2025,20.5,81.5,37.771484
14-06-2025,20.5,82.5,37.95413
14-06-2025,20.5,83.5,38.300453
14-06-2025,20.5,84.5,36.860073
14-06-2025,21.5,80.5,39.47206
14-06-2025,21.5,81.5,40.21081
14-06-2025,21.5,82.5,39.592285
14-06-2025,21.5,83.5,38.607994
14-06-2025,21.5,84.5,37.519012
14-06-2025,22.5,80.5,40.180836
14-06-2025,22.5,81.5,40.499542
14-06-2025,22.5,82.5,39.758667
14-06-2025,22.5,83.5,39.203297
14-06-2025,22.5,84.5,37.516815
14-06-2025,23.5,80.5,41.17918
14-06-2025,23.5,81.5,40.95109
14-06-2025,23.5,82.5,40.58057
14-06-2025,23.5,83.5,40.210564
14-06-2025,23.5,84.5,38.780483
14-06-2025,24.5,80.5,42.48649
14-06-2025,24.5,81.5,42.697628
14-06-2025,24.5,82.5,42.18086
14-06-2025,24.5,83.5,41.865135
14-06-2025,24.5,84.5,40.472694
15-06-2025,17.5,80.5,32.87466
15-06-2025,17.5,81.5,32.42405
15-06-2025,17.5,82.5,32.103046
15-06-2025,17.5,83.5,32.7366
15-06-2025,17.5,84.5,
15-06-2025,18.5,80.5,32.73667
15-06-2025,18.5,81.5,32.395493
15-06-2025,18.5,82.5,32.19531
15-06-2025,18.5,83.5,33.48007
15-06-2025,18.5,84.5,34.525875
15-06-2025,19.5,80.5,34.249996
15-06-2025,19.5,81.5,33.438587
15-06-2025,19.5,82.5,33.848854
15-06-2025,19.5,83.5,35.087936
15-06-2025,19.5,84.5,35.77585
15-06-2025,20.5,80.5,36.861855
15-06-2025,20.5,81.5,36.69328
15-06-2025,20.5,82.5,37.082268
15-06-2025,20.5,83.5,37.90342
15-06-2025,20.5,84.5,36.599766
15-06-2025,21.5,80.5,37.538834
15-06-2025,21.5,81.5,38.44564
15-06-2025,21.5,82.5,38.614147
15-06-2025,21.5,83.5,37.956707
15-06-2025,21.5,84.5,36.49228
15-06-2025,22.5,80.5,37.485138
15-06-2025,22.5,81.5,38.565067
15-06-2025,22.5,82.5,38.15915
15-06-2025,22.5,83.5,37.74166
15-06-2025,22.5,84.5,36.13377
15-06-2025,23.5,80.5,38.43101
15-06-2025,23.5,81.5,38.895008
15-06-2025,23.5,82.5,39.242973
15-06-2025,23.5,83.5,38.839264
15-06-2025,23.5,84.5,37.41768
15-06-2025,24.5,80.5,39.953213
15-06-2025,24.5,81.5,40.349895
15-06-2025,24.5,82.5,40.067688
15-06-2025,24.5,83.5,39.513622
15-06-2025,24.5,84.5,38.077904
16-06-2025,17.5,80.5,31.6307
16-06-2025,17.5,81.5,32.318535
16-06-2025,17.5,82.5,31.606003
16-06-2025,17.5,83.5,31.42671
16-06-2025,17.5,84.5,
16-06-2025,18.5,80.5,31.444332
16-06-2025,18.5,81.5,31.040934
16-06-2025,18.5,82.5,31.860659
16-06-2025,18.5,83.5,31.889994
16-06-2025,18.5,84.5,32.573032
16-06-2025,19.5,80.5,32.189304
16-06-2025,19.5,81.5,32.42128
16-06-2025,19.5,82.5,32.503094
16-06-2025,19.5,83.5,33.347668
16-06-2025,19.5,84.5,33.440067
16-06-2025,20.5,80.5,34.19635
16-06-2025,20.5,81.5,34.591644
16-06-2025,20.5,82.5,35.525974
16-06-2025,20.5,83.5,35.393005
16-06-2025,20.5,84.5,33.810017
16-06-2025,21.5,80.5,35.974895
16-06-2025,21.5,81.5,36.163956
16-06-2025,21.5,82.5,36.54856
16-06-2025,21.5,83.5,35.559216
16-06-2025,21.5,84.5,33.362133
16-06-2025,22.5,80.5,36.293827
16-06-2025,22.5,81.5,36.163734
16-06-2025,22.5,82.5,35.69548
16-06-2025,22.5,83.5,35.968357
16-06-2025,22.5,84.5,33.767365
16-06-2025,23.5,80.5,37.005074
16-06-2025,23.5,81.5,36.577084
16-06-2025,23.5,82.5,37.0805
16-06-2025,23.5,83.5,36.540524
16-06-2025,23.5,84.5,35.306797
16-06-2025,24.5,80.5,37.391846
16-06-2025,24.5,81.5,37.770226
16-06-2025,24.5,82.5,37.79714
16-06-2025,24.5,83.5,37.8381
16-06-2025,24.5,84.5,37.701206
17-06-2025,17.5,80.5,33.314426
17-06-2025,17.5,81.5,33.185734
17-06-2025,17.5,82.5,31.966145
17-06-2025,17.5,83.5,31.075195
17-06-2025,17.5,84.5,
17-06-2025,18.5,80.5,33.128624
17-06-2025,18.5,81.5,31.59942
17-06-2025,18.5,82.5,32.338127
17-06-2025,18.5,83.5,30.629536
17-06-2025,18.5,84.5,31.2305
17-06-2025,19.5,80.5,33.025143
17-06-2025,19.5,81.5,33.135227
17-06-2025,19.5,82.5,31.131485
17-06-2025,19.5,83.5,31.561003
17-06-2025,19.5,84.5,31.485943
17-06-2025,20.5,80.5,33.84835
17-06-2025,20.5,81.5,32.47274
17-06-2025,20.5,82.5,33.034416
17-06-2025,20.5,83.5,32.841244
17-06-2025,20.5,84.5,31.585827
17-06-2025,21.5,80.5,33.871597
17-06-2025,21.5,81.5,32.855564
17-06-2025,21.5,82.5,32.93121
17-06-2025,21.5,83.5,32.243755
17-06-2025,21.5,84.5,29.773441
17-06-2025,22.5,80.5,33.663002
17-06-2025,22.5,81.5,32.93932
17-06-2025,22.5,82.5,31.682232
17-06-2025,22.5,83.5,31.373161
17-06-2025,22.5,84.5,29.484798
17-06-2025,23.5,80.5,34.3287
17-06-2025,23.5,81.5,33.81271
17-06-2025,23.5,82.5,33.162773
17-06-2025,23.5,83.5,32.424942
17-06-2025,23.5,84.5,30.771393
17-06-2025,24.5,80.5,36.39905
17-06-2025,24.5,81.5,36.222176
17-06-2025,24.5,82.5,35.7525
17-06-2025,24.5,83.5,35.90961
17-06-2025,24.5,84.5,34.56793
18-06-2025,17.5,80.5,33.9882
18-06-2025,17.5,81.5,34.185947
18-06-2025,17.5,82.5,33.345898
18-06-2025,17.5,83.5,32.257195
18-06-2025,17.5,84.5,
18-06-2025,18.5,80.5,33.61511
18-06-2025,18.5,81.5,32.403446
18-06-2025,18.5,82.5,33.23909
18-06-2025,18.5,83.5,31.315489
18-06-2025,18.5,84.5,31.434261
18-06-2025,19.5,80.5,33.243668
18-06-2025,19.5,81.5,33.391247
18-06-2025,19.5,82.5,31.372555
18-06-2025,19.5,83.5,31.442692
18-06-2025,19.5,84.5,30.820883
18-06-2025,20.5,80.5,34.44665
18-06-2025,20.5,81.5,32.547546
18-06-2025,20.5,82.5,32.64847
18-06-2025,20.5,83.5,31.898903
18-06-2025,20.5,84.5,30.372492
18-06-2025,21.5,80.5,34.725677
18-06-2025,21.5,81.5,33.11811
18-06-2025,21.5,82.5,32.506893
18-06-2025,21.5,83.5,30.425148
18-06-2025,21.5,84.5,28.530443
18-06-2025,22.5,80.5,34.228577
18-06-2025,22.5,81.5,33.21514
18-06-2025,22.5,82.5,30.708206
18-06-2025,22.5,83.5,29.405056
18-06-2025,22.5,84.5,27.703587
18-06-2025,23.5,80.5,34.92695
18-06-2025,23.5,81.5,33.466194
18-06-2025,23.5,82.5,32.29088
18-06-2025,23.5,83.5,30.132652
18-06-2025,23.5,84.5,28.505535
18-06-2025,24.5,80.5,36.379986
18-06-2025,24.5,81.5,35.601852
18-06-2025,24.5,82.5,33.69347
18-06-2025,24.5,83.5,32.72153
18-06-2025,24.5,84.5,31.205576
19-06-2025,17.5,80.5,33.41023
19-06-2025,17.5,81.5,33.281147
19-06-2025,17.5,82.5,31.716787
19-06-2025,17.5,83.5,31.132542
19-06-2025,17.5,84.5,
19-06-2025,18.5,80.5,32.308685
19-06-2025,18.5,81.5,30.996475
19-06-2025,18.5,82.5,31.4113
19-06-2025,18.5,83.5,29.994633
19-06-2025,18.5,84.5,31.025757
19-06-2025,19.5,80.5,31.410288
19-06-2025,19.5,81.5,30.018124
19-06-2025,19.5,82.5,29.27854
19-06-2025,19.5,83.5,30.283913
19-06-2025,19.5,84.5,30.352697
19-06-2025,20.5,80.5,31.81493
19-06-2025,20.5,81.5,29.397152
19-06-2025,20.5,82.5,30.156023
19-06-2025,20.5,83.5,30.807655
19-06-2025,20.5,84.5,30.249077
19-06-2025,21.5,80.5,32.312172
19-06-2025,21.5,81.5,29.983204
19-06-2025,21.5,82.5,29.519333
19-06-2025,21.5,83.5,29.26778
19-06-2025,21.5,84.5,27.903633
19-06-2025,22.5,80.5,32.02488
19-06-2025,22.5,81.5,30.764853
19-06-2025,22.5,82.5,28.548012
19-06-2025,22.5,83.5,27.543262
19-06-2025,22.5,84.5,26.875263
19-06-2025,23.5,80.5,33.21254
19-06-2025,23.5,81.5,32.51158
19-06-2025,23.5,82.5,31.662117
19-06-2025,23.5,83.5,30.07588
19-06-2025,23.5,84.5,28.281818
19-06-2025,24.5,80.5,35.39449
19-06-2025,24.5,81.5,35.79667
19-06-2025,24.5,82.5,34.402664
19-06-2025,24.5,83.5,33.110237
19-06-2025,24.5,84.5,30.98753
20-06-2025,17.5,80.5,35.24424
20-06-2025,17.5,81.5,35.326305
20-06-2025,17.5,82.5,34.476936
20-06-2025,17.5,83.5,33.82829
20-06-2025,17.5,84.5,
20-06-2025,18.5,80.5,34.57779
20-06-2025,18.5,81.5,33.687035
20-06-2025,18.5,82.5,34.189743
20-06-2025,18.5,83.5,32.68376
20-06-2025,18.5,84.5,33.62984
20-06-2025,19.5,80.5,32.470055
20-06-2025,19.5,81.5,33.712402
20-06-2025,19.5,82.5,32.18295
20-06-2025,19.5,83.5,32.960323
20-06-2025,19.5,84.5,32.85886
20-06-2025,20.5,80.5,32.16188
20-06-2025,20.5,81.5,30.436316
20-06-2025,20.5,82.5,32.693214
20-06-2025,20.5,83.5,32.53283
20-06-2025,20.5,84.5,32.627842
20-06-2025,21.5,80.5,30.013037
20-06-2025,21.5,81.5,29.584246
20-06-2025,21.5,82.5,29.553913
20-06-2025,21.5,83.5,30.739216
20-06-2025,21.5,84.5,30.124144
20-06-2025,22.5,80.5,27.86068
20-06-2025,22.5,81.5,29.400597
20-06-2025,22.5,82.5,28.23843
20-06-2025,22.5,83.5,28.150642
20-06-2025,22.5,84.5,28.179985
20-06-2025,23.5,80.5,28.585426
20-06-2025,23.5,81.5,28.918743
20-06-2025,23.5,82.5,29.241459
20-06-2025,23.5,83.5,28.831173
20-06-2025,23.5,84.5,29.283577
20-06-2025,24.5,80.5,30.681173
20-06-2025,24.5,81.5,31.920412
20-06-2025,24.5,82.5,31.580112
20-06-2025,24.5,83.5,31.536951
20-06-2025,24.5,84.5,30.80307
21-06-2025,17.5,80.5,36.40253
21-06-2025,17.5,81.5,36.196095
21-06-2025,17.5,82.5,35.57604
21-06-2025,17.5,83.5,35.19132
21-06-2025,17.5,84.5,
21-06-2025,18.5,80.5,35.659897
21-06-2025,18.5,81.5,35.134605
21-06-2025,18.5,82.5,35.256386
21-06-2025,18.5,83.5,34.29735
21-06-2025,18.5,84.5,35.296227
21-06-2025,19.5,80.5,34.275105
21-06-2025,19.5,81.5,35.2048
21-06-2025,19.5,82.5,33.97336
21-06-2025,19.5,83.5,35.136
21-06-2025,19.5,84.5,35.16477
21-06-2025,20.5,80.5,34.31638
21-06-2025,20.5,81.5,32.967518
21-06-2025,20.5,82.5,35.18861
21-06-2025,20.5,83.5,35.44701
21-06-2025,20.5,84.5,35.237747
21-06-2025,21.5,80.5,31.736149
21-06-2025,21.5,81.5,32.96748
21-06-2025,21.5,82.5,32.708317
21-06-2025,21.5,83.5,34.081142
21-06-2025,21.5,84.5,33.80152
21-06-2025,22.5,80.5,29.678524
21-06-2025,22.5,81.5,32.03481
21-06-2025,22.5,82.5,30.990322
21-06-2025,22.5,83.5,32.17501
21-06-2025,22.5,84.5,31.967894
21-06-2025,23.5,80.5,29.818888
21-06-2025,23.5,81.5,29.63844
21-06-2025,23.5,82.5,31.11863
21-06-2025,23.5,83.5,31.746185
21-06-2025,23.5,84.5,32.05747
21-06-2025,24.5,80.5,31.666046
21-06-2025,24.5,81.5,32.55507
21-06-2025,24.5,82.5,32.645504
21-06-2025,24.5,83.5,33.201653
21-06-2025,24.5,84.5,33.184135
22-06-2025,17.5,80.5,34.981056
22-06-2025,17.5,81.5,34.504776
22-06-2025,17.5,82.5,33.703506
22-06-2025,17.5,83.5,33.350906
22-06-2025,17.5,84.5,
22-06-2025,18.5,80.5,34.245018
22-06-2025,18.5,81.5,32.91695
22-06-2025,18.5,82.5,33.178524
22-06-2025,18.5,83.5,33.04813
22-06-2025,18.5,84.5,34.1075
22-06-2025,19.5,80.5,32.599453
22-06-2025,19.5,81.5,32.75532
22-06-2025,19.5,82.5,33.11391
22-06-2025,19.5,83.5,34.33078
22-06-2025,19.5,84.5,34.686817
22-06-2025,20.5,80.5,32.992226
22-06-2025,20.5,81.5,31.997591
22-06-2025,20.5,82.5,34.618786
22-06-2025,20.5,83.5,35.379326
22-06-2025,20.5,84.5,35.099247
22-06-2025,21.5,80.5,30.56727
22-06-2025,21.5,81.5,32.37539
22-06-2025,21.5,82.5,32.609093
22-06-2025,21.5,83.5,34.50969
22-06-2025,21.5,84.5,33.636185
22-06-2025,22.5,80.5,28.934444
22-06-2025,22.5,81.5,31.684637
22-06-2025,22.5,82.5,31.678314
22-06-2025,22.5,83.5,32.83567
22-06-2025,22.5,84.5,32.525017
22-06-2025,23.5,80.5,29.719772
22-06-2025,23.5,81.5,30.886772
22-06-2025,23.5,82.5,32.53064
22-06-2025,23.5,83.5,33.455223
22-06-2025,23.5,84.5,33.942852
22-06-2025,24.5,80.5,31.785381
22-06-2025,24.5,81.5,33.26206
22-06-2025,24.5,82.5,34.659344
22-06-2025,24.5,83.5,35.177032
22-06-2025,24.5,84.5,35.11999
23-06-2025,17.5,80.5,31.002228
23-06-2025,17.5,81.5,29.958616
23-06-2025,17.5,82.5,29.258226
23-06-2025,17.5,83.5,28.516441
23-06-2025,17.5,84.5,
23-06-2025,18.5,80.5,30.541466
23-06-2025,18.5,81.5,28.66111
23-06-2025,18.5,82.5,28.523884
23-06-2025,18.5,83.5,28.038395
23-06-2025,18.5,84.5,29.205095
23-06-2025,19.5,80.5,29.476788
23-06-2025,19.5,81.5,28.725893
23-06-2025,19.5,82.5,28.59612
23-06-2025,19.5,83.5,29.198927
23-06-2025,19.5,84.5,29.517635
23-06-2025,20.5,80.5,30.148937
23-06-2025,20.5,81.5,28.77851
23-06-2025,20.5,82.5,30.074547
23-06-2025,20.5,83.5,30.094833
23-06-2025,20.5,84.5,30.021687
23-06-2025,21.5,80.5,29.080051
23-06-2025,21.5,81.5,29.756422
23-06-2025,21.5,82.5,29.521866
23-06-2025,21.5,83.5,30.525295
23-06-2025,21.5,84.5,30.235682
23-06-2025,22.5,80.5,28.36444
23-06-2025,22.5,81.5,29.783464
23-06-2025,22.5,82.5,29.555132
23-06-2025,22.5,83.5,30.404682
23-06-2025,22.5,84.5,30.037573
23-06-2025,23.5,80.5,28.968113
23-06-2025,23.5,81.5,29.848053
23-06-2025,23.5,82.5,30.33604
23-06-2025,23.5,83.5,31.030933
23-06-2025,23.5,84.5,31.521854
23-06-2025,24.5,80.5,30.616285
23-06-2025,24.5,81.5,31.879904
23-06-2025,24.5,82.5,32.33591
23-06-2025,24.5,83.5,32.802246
23-06-2025,24.5,84.5,33.229492
24-06-2025,17.5,80.5,30.99957
24-06-2025,17.5,81.5,30.468401
24-06-2025,17.5,82.5,30.126326
24-06-2025,17.5,83.5,29.892633
24-06-2025,17.5,84.5,
24-06-2025,18.5,80.5,30.114452
24-06-2025,18.5,81.5,29.604694
24-06-2025,18.5,82.5,29.35611
24-06-2025,18.5,83.5,29.52355
24-06-2025,18.5,84.5,30.871521
24-06-2025,19.5,80.5,29.91604
24-06-2025,19.5,81.5,29.642742
24-06-2025,19.5,82.5,29.420433
24-06-2025,19.5,83.5,30.498816
24-06-2025,19.5,84.5,31.019691
24-06-2025,20.5,80.5,30.653028
24-06-2025,20.5,81.5,29.534367
24-06-2025,20.5,82.5,30.829508
24-06-2025,20.5,83.5,31.435942
24-06-2025,20.5,84.5,31.681543
24-06-2025,21.5,80.5,29.036228
24-06-2025,21.5,81.5,30.365723
24-06-2025,21.5,82.5,30.498049
24-06-2025,21.5,83.5,31.59841
24-06-2025,21.5,84.5,31.61342
24-06-2025,22.5,80.5,28.974916
24-06-2025,22.5,81.5,30.343847
24-06-2025,22.5,82.5,30.47926
24-06-2025,22.5,83.5,30.963444
24-06-2025,22.5,84.5,31.117393
24-06-2025,23.5,80.5,29.659878
24-06-2025,23.5,81.5,30.367432
24-06-2025,23.5,82.5,30.817461
24-06-2025,23.5,83.5,31.087349
24-06-2025,23.5,84.5,32.493458
24-06-2025,24.5,80.5,32.097828
24-06-2025,24.5,81.5,33.138073
24-06-2025,24.5,82.5,33.760014
24-06-2025,24.5,83.5,33.701725
24-06-2025,24.5,84.5,34.146156
25-06-2025,17.5,80.5,30.353928
25-06-2025,17.5,81.5,29.169138
25-06-2025,17.5,82.5,27.954222
25-06-2025,17.5,83.5,27.51072
25-06-2025,17.5,84.5,
25-06-2025,18.5,80.5,29.190207
25-06-2025,18.5,81.5,27.445515
25-06-2025,18.5,82.5,27.013288
25-06-2025,18.5,83.5,27.14029
25-06-2025,18.5,84.5,28.16371
25-06-2025,19.5,80.5,28.713825
25-06-2025,19.5,81.5,27.26835
25-06-2025,19.5,82.5,26.903683
25-06-2025,19.5,83.5,28.189472
25-06-2025,19.5,84.5,28.545677
25-06-2025,20.5,80.5,29.685595
25-06-2025,20.5,81.5,28.429981
25-06-2025,20.5,82.5,29.049831
25-06-2025,20.5,83.5,30.033352
25-06-2025,20.5,84.5,29.220833
25-06-2025,21.5,80.5,29.896883
25-06-2025,21.5,81.5,30.03681
25-06-2025,21.5,82.5,29.82396
25-06-2025,21.5,83.5,30.056042
25-06-2025,21.5,84.5,29.771997
25-06-2025,22.5,80.5,30.659048
25-06-2025,22.5,81.5,30.727264
25-06-2025,22.5,82.5,30.236126
25-06-2025,22.5,83.5,30.588135
25-06-2025,22.5,84.5,30.14314
25-06-2025,23.5,80.5,31.141705
25-06-2025,23.5,81.5,31.197235
25-06-2025,23.5,82.5,31.890303
25-06-2025,23.5,83.5,31.467413
25-06-2025,23.5,84.5,32.006294
25-06-2025,24.5,80.5,32.739384
25-06-2025,24.5,81.5,33.65772
25-06-2025,24.5,82.5,34.362793
25-06-2025,24.5,83.5,32.89865
25-06-2025,24.5,84.5,33.174946
26-06-2025,17.5,80.5,31.449356
26-06-2025,17.5,81.5,30.928127
26-06-2025,17.5,82.5,29.877762
26-06-2025,17.5,83.5,29.676588
26-06-2025,17.5,84.5,
26-06-2025,18.5,80.5,29.859137
26-06-2025,18.5,81.5,29.169046
26-06-2025,18.5,82.5,28.856194
26-06-2025,18.5,83.5,29.07541
26-06-2025,18.5,84.5,30.43128
26-06-2025,19.5,80.5,28.29034
26-06-2025,19.5,81.5,28.505247
26-06-2025,19.5,82.5,28.686106
26-06-2025,19.5,83.5,30.056425
26-06-2025,19.5,84.5,30.685787
26-06-2025,20.5,80.5,29.319134
26-06-2025,20.5,81.5,28.405182
26-06-2025,20.5,82.5,29.976934
26-06-2025,20.5,83.5,30.965508
26-06-2025,20.5,84.5,31.191683
26-06-2025,21.5,80.5,29.233154
26-06-2025,21.5,81.5,30.027822
26-06-2025,21.5,82.5,29.906118
26-06-2025,21.5,83.5,30.74169
26-06-2025,21.5,84.5,30.787392
26-06-2025,22.5,80.5,29.84481
26-06-2025,22.5,81.5,29.976484
26-06-2025,22.5,82.5,30.06005
26-06-2025,22.5,83.5,30.521751
26-06-2025,22.5,84.5,30.287731
26-06-2025,23.5,80.5,30.847164
26-06-2025,23.5,81.5,30.941988
26-06-2025,23.5,82.5,31.585606
26-06-2025,23.5,83.5,31.562246
26-06-2025,23.5,84.5,31.974478
26-06-2025,24.5,80.5,33.21788
26-06-2025,24.5,81.5,33.697964
26-06-2025,24.5,82.5,33.914185
26-06-2025,24.5,83.5,32.568657
26-06-2025,24.5,84.5,33.022915
27-06-2025,17.5,80.5,33.1566
27-06-2025,17.5,81.5,32.29921
27-06-2025,17.5,82.5,30.968422
27-06-2025,17.5,83.5,30.033648
27-06-2025,17.5,84.5,
27-06-2025,18.5,80.5,32.15538
27-06-2025,18.5,81.5,30.804018
27-06-2025,18.5,82.5,30.238562
27-06-2025,18.5,83.5,29.213114
27-06-2025,18.5,84.5,29.994488
27-06-2025,19.5,80.5,31.146057
27-06-2025,19.5,81.5,30.586964
27-06-2025,19.5,82.5,29.55141
27-06-2025,19.5,83.5,29.994505
27-06-2025,19.5,84.5,30.079025
27-06-2025,20.5,80.5,31.21021
27-06-2025,20.5,81.5,29.815716
27-06-2025,20.5,82.5,30.261206
27-06-2025,20.5,83.5,30.327354
27-06-2025,20.5,84.5,30.15974
27-06-2025,21.5,80.5,30.131876
27-06-2025,21.5,81.5,29.876463
27-06-2025,21.5,82.5,29.960327
27-06-2025,21.5,83.5,29.729113
27-06-2025,21.5,84.5,29.325361
27-06-2025,22.5,80.5,29.565332
27-06-2025,22.5,81.5,29.727413
27-06-2025,22.5,82.5,29.270527
27-06-2025,22.5,83.5,29.546976
27-06-2025,22.5,84.5,29.515085
27-06-2025,23.5,80.5,30.405437
27-06-2025,23.5,81.5,30.1857
27-06-2025,23.5,82.5,30.854252
27-06-2025,23.5,83.5,30.031904
27-06-2025,23.5,84.5,31.290236
27-06-2025,24.5,80.5,33.23933
27-06-2025,24.5,81.5,33.37426
27-06-2025,24.5,82.5,32.792263
27-06-2025,24.5,83.5,32.236504
27-06-2025,24.5,84.5,32.73857
28-06-2025,17.5,80.5,34.817375
28-06-2025,17.5,81.5,34.00042
28-06-2025,17.5,82.5,32.4144
28-06-2025,17.5,83.5,30.93615
28-06-2025,17.5,84.5,
28-06-2025,18.5,80.5,33.653824
28-06-2025,18.5,81.5,32.136055
28-06-2025,18.5,82.5,31.296183
28-06-2025,18.5,83.5,29.663515
28-06-2025,18.5,84.5,29.845224
28-06-2025,19.5,80.5,31.742273
28-06-2025,19.5,81.5,31.716583
28-06-2025,19.5,82.5,29.775595
28-06-2025,19.5,83.5,29.95902
28-06-2025,19.5,84.5,29.48463
28-06-2025,20.5,80.5,31.78202
28-06-2025,20.5,81.5,29.75653
28-06-2025,20.5,82.5,30.123716
28-06-2025,20.5,83.5,29.785261
28-06-2025,20.5,84.5,29.013971
28-06-2025,21.5,80.5,30.596119
28-06-2025,21.5,81.5,29.838827
28-06-2025,21.5,82.5,29.326586
28-06-2025,21.5,83.5,29.16604
28-06-2025,21.5,84.5,28.77322
28-06-2025,22.5,80.5,29.117737
28-06-2025,22.5,81.5,28.845293
28-06-2025,22.5,82.5,28.43617
28-06-2025,22.5,83.5,29.378988
28-06-2025,22.5,84.5,28.806175
28-06-2025,23.5,80.5,28.51452
28-06-2025,23.5,81.5,28.417976
28-06-2025,23.5,82.5,29.135328
28-06-2025,23.5,83.5,29.662468
28-06-2025,23.5,84.5,31.404692
28-06-2025,24.5,80.5,30.844006
28-06-2025,24.5,81.5,31.526157
28-06-2025,24.5,82.5,32.22118
28-06-2025,24.5,83.5,32.873394
28-06-2025,24.5,84.5,33.641636
29-06-2025,17.5,80.5,32.922806
29-06-2025,17.5,81.5,31.803322
29-06-2025,17.5,82.5,30.534492
29-06-2025,17.5,83.5,29.353533
29-06-2025,17.5,84.5,
29-06-2025,18.5,80.5,31.388556
29-06-2025,18.5,81.5,29.79303
29-06-2025,18.5,82.5,29.307596
29-06-2025,18.5,83.5,28.095175
29-06-2025,18.5,84.5,28.547478
29-06-2025,19.5,80.5,29.062449
29-06-2025,19.5,81.5,28.789913
29-06-2025,19.5,82.5,27.19917
29-06-2025,19.5,83.5,28.243076
29-06-2025,19.5,84.5,28.199366
29-06-2025,20.5,80.5,29.304958
29-06-2025,20.5,81.5,27.385902
29-06-2025,20.5,82.5,28.416592
29-06-2025,20.5,83.5,28.769798
29-06-2025,20.5,84.5,27.91665
29-06-2025,21.5,80.5,27.766376
29-06-2025,21.5,81.5,28.601608
29-06-2025,21.5,82.5,28.607397
29-06-2025,21.5,83.5,28.678398
29-06-2025,21.5,84.5,27.920496
29-06-2025,22.5,80.5,27.96491
29-06-2025,22.5,81.5,28.686314
29-06-2025,22.5,82.5,28.71112
29-06-2025,22.5,83.5,28.510973
29-06-2025,22.5,84.5,28.188555
29-06-2025,23.5,80.5,29.441547
29-06-2025,23.5,81.5,30.057304
29-06-2025,23.5,82.5,29.827734
29-06-2025,23.5,83.5,29.474003
29-06-2025,23.5,84.5,30.085882
29-06-2025,24.5,80.5,32.245083
29-06-2025,24.5,81.5,32.685753
29-06-2025,24.5,82.5,32.62338
29-06-2025,24.5,83.5,32.5141
29-06-2025,24.5,84.5,32.335724
30-06-2025,17.5,80.5,29.607721
30-06-2025,17.5,81.5,28.885359
30-06-2025,17.5,82.5,27.939465
30-06-2025,17.5,83.5,28.097248
30-06-2025,17.5,84.5,
30-06-2025,18.5,80.5,28.470673
30-06-2025,18.5,81.5,27.301456
30-06-2025,18.5,82.5,27.06102
30-06-2025,18.5,83.5,27.333672
30-06-2025,18.5,84.5,28.346619
30-06-2025,19.5,80.5,27.134905
30-06-2025,19.5,81.5,27.415857
30-06-2025,19.5,82.5,26.611301
30-06-2025,19.5,83.5,28.20074
30-06-2025,19.5,84.5,28.620655
30-06-2025,20.5,80.5,28.034012
30-06-2025,20.5,81.5,26.241245
30-06-2025,20.5,82.5,28.11059
30-06-2025,20.5,83.5,28.77898
30-06-2025,20.5,84.5,28.891598
30-06-2025,21.5,80.5,27.491306
30-06-2025,21.5,81.5,27.43257
30-06-2025,21.5,82.5,27.588947
30-06-2025,21.5,83.5,29.301008
30-06-2025,21.5,84.5,29.06224
30-06-2025,22.5,80.5,27.558353
30-06-2025,22.5,81.5,27.61022
30-06-2025,22.5,82.5,28.114399
30-06-2025,22.5,83.5,28.303658
30-06-2025,22.5,84.5,29.028738
30-06-2025,23.5,80.5,28.336136
30-06-2025,23.5,81.5,28.99304
30-06-2025,23.5,82.5,29.302164
30-06-2025,23.5,83.5,29.75523
30-06-2025,23.5,84.5,30.621735
30-06-2025,24.5,80.5,30.797083
30-06-2025,24.5,81.5,31.519917
30-06-2025,24.5,82.5,32.543636
30-06-2025,24.5,83.5,33.044086
30-06-2025,24.5,84.5,32.267326
01-07-2025,17.5,80.5,27.683632
01-07-2025,17.5,81.5,27.261208
01-07-2025,17.5,82.5,26.585413
01-07-2025,17.5,83.5,27.168049
01-07-2025,17.5,84.5,
01-07-2025,18.5,80.5,26.478142
01-07-2025,18.5,81.5,25.833706
01-07-2025,18.5,82.5,26.08007
01-07-2025,18.5,83.5,26.950184
01-07-2025,18.5,84.5,28.228867
01-07-2025,19.5,80.5,25.982117
01-07-2025,19.5,81.5,25.900805
01-07-2025,19.5,82.5,26.451353
01-07-2025,19.5,83.5,28.122952
01-07-2025,19.5,84.5,28.922932
01-07-2025,20.5,80.5,27.58171
01-07-2025,20.5,81.5,27.204676
01-07-2025,20.5,82.5,28.83471
01-07-2025,20.5,83.5,29.878967
01-07-2025,20.5,84.5,29.591766
01-07-2025,21.5,80.5,26.897095
01-07-2025,21.5,81.5,28.20961
01-07-2025,21.5,82.5,28.971867
01-07-2025,21.5,83.5,30.048878
01-07-2025,21.5,84.5,29.827185
01-07-2025,22.5,80.5,27.334885
01-07-2025,22.5,81.5,28.439726
01-07-2025,22.5,82.5,28.958105
01-07-2025,22.5,83.5,29.486803
01-07-2025,22.5,84.5,29.528948
01-07-2025,23.5,80.5,28.826307
01-07-2025,23.5,81.5,28.987036
01-07-2025,23.5,82.5,30.133759
01-07-2025,23.5,83.5,30.18893
01-07-2025,23.5,84.5,30.488182
01-07-2025,24.5,80.5,31.181023
01-07-2025,24.5,81.5,31.869125
01-07-2025,24.5,82.5,32.998753
01-07-2025,24.5,83.5,33.12508
01-07-2025,24.5,84.5,32.673862
02-07-2025,17.5,80.5,28.712599
02-07-2025,17.5,81.5,27.825306
02-07-2025,17.5,82.5,26.838327
02-07-2025,17.5,83.5,27.277523
02-07-2025,17.5,84.5,
02-07-2025,18.5,80.5,27.990797
02-07-2025,18.5,81.5,27.51847
02-07-2025,18.5,82.5,26.255363
02-07-2025,18.5,83.5,27.035992
02-07-2025,18.5,84.5,28.145243
02-07-2025,19.5,80.5,27.92447
02-07-2025,19.5,81.5,27.15546
02-07-2025,19.5,82.5,26.382792
02-07-2025,19.5,83.5,27.891472
02-07-2025,19.5,84.5,28.620905
02-07-2025,20.5,80.5,29.155302
02-07-2025,20.5,81.5,27.194603
02-07-2025,20.5,82.5,28.497889
02-07-2025,20.5,83.5,29.541458
02-07-2025,20.5,84.5,29.17692
02-07-2025,21.5,80.5,28.299118
02-07-2025,21.5,81.5,28.59695
02-07-2025,21.5,82.5,28.95567
02-07-2025,21.5,83.5,30.044447
02-07-2025,21.5,84.5,30.302444
02-07-2025,22.5,80.5,28.91084
02-07-2025,22.5,81.5,28.926773
02-07-2025,22.5,82.5,29.554268
02-07-2025,22.5,83.5,30.108631
02-07-2025,22.5,84.5,30.328186
02-07-2025,23.5,80.5,29.832281
02-07-2025,23.5,81.5,30.168377
02-07-2025,23.5,82.5,30.956041
02-07-2025,23.5,83.5,31.467487
02-07-2025,23.5,84.5,32.596004
02-07-2025,24.5,80.5,32.213432
02-07-2025,24.5,81.5,33.2773
02-07-2025,24.5,82.5,34.354202
02-07-2025,24.5,83.5,34.407368
02-07-2025,24.5,84.5,34.705444
03-07-2025,17.5,80.5,31.56248
03-07-2025,17.5,81.5,30.650993
03-07-2025,17.5,82.5,29.917625
03-07-2025,17.5,83.5,29.4016
03-07-2025,17.5,84.5,
03-07-2025,18.5,80.5,30.477238
03-07-2025,18.5,81.5,29.676712
03-07-2025,18.5,82.5,28.976906
03-07-2025,18.5,83.5,28.823156
03-07-2025,18.5,84.5,29.723873
03-07-2025,19.5,80.5,29.670626
03-07-2025,19.5,81.5,29.372282
03-07-2025,19.5,82.5,27.8387
03-07-2025,19.5,83.5,29.04657
03-07-2025,19.5,84.5,29.468674
03-07-2025,20.5,80.5,30.363266
03-07-2025,20.5,81.5,28.017225
03-07-2025,20.5,82.5,28.990963
03-07-2025,20.5,83.5,29.78027
03-07-2025,20.5,84.5,29.862375
03-07-2025,21.5,80.5,29.429571
03-07-2025,21.5,81.5,28.925564
03-07-2025,21.5,82.5,28.922733
03-07-2025,21.5,83.5,30.100662
03-07-2025,21.5,84.5,30.646582
03-07-2025,22.5,80.5,29.611149
03-07-2025,22.5,81.5,29.06275
03-07-2025,22.5,82.5,29.561604
03-07-2025,22.5,83.5,29.612255
03-07-2025,22.5,84.5,29.978603
03-07-2025,23.5,80.5,30.343536
03-07-2025,23.5,81.5,30.253843
03-07-2025,23.5,82.5,30.78885
03-07-2025,23.5,83.5,30.648056
03-07-2025,23.5,84.5,32.11201
03-07-2025,24.5,80.5,32.346302
03-07-2025,24.5,81.5,33.198544
03-07-2025,24.5,82.5,33.719246
03-07-2025,24.5,83.5,33.96563
03-07-2025,24.5,84.5,34.38503
04-07-2025,17.5,80.5,32.34624
04-07-2025,17.5,81.5,31.78511
04-07-2025,17.5,82.5,30.919874
04-07-2025,17.5,83.5,29.53691
04-07-2025,17.5,84.5,
04-07-2025,18.5,80.5,31.69689
04-07-2025,18.5,81.5,31.124996
04-07-2025,18.5,82.5,30.026527
04-07-2025,18.5,83.5,29.18322
04-07-2025,18.5,84.5,29.749432
04-07-2025,19.5,80.5,29.898157
04-07-2025,19.5,81.5,30.2206
04-07-2025,19.5,82.5,28.800945
04-07-2025,19.5,83.5,29.26846
04-07-2025,19.5,84.5,29.22715
04-07-2025,20.5,80.5,29.11895
04-07-2025,20.5,81.5,27.071587
04-07-2025,20.5,82.5,28.758099
04-07-2025,20.5,83.5,28.593603
04-07-2025,20.5,84.5,29.228933
04-07-2025,21.5,80.5,27.758312
04-07-2025,21.5,81.5,27.581764
04-07-2025,21.5,82.5,27.780792
04-07-2025,21.5,83.5,28.3145
04-07-2025,21.5,84.5,29.069012
04-07-2025,22.5,80.5,27.306328
04-07-2025,22.5,81.5,27.453106
04-07-2025,22.5,82.5,27.98238
04-07-2025,22.5,83.5,28.667353
04-07-2025,22.5,84.5,29.00389
04-07-2025,23.5,80.5,28.76205
04-07-2025,23.5,81.5,29.265196
04-07-2025,23.5,82.5,29.549482
04-07-2025,23.5,83.5,29.74097
04-07-2025,23.5,84.5,31.139488
04-07-2025,24.5,80.5,31.213903
04-07-2025,24.5,81.5,31.94051
04-07-2025,24.5,82.5,33.53992
04-07-2025,24.5,83.5,33.78768
04-07-2025,24.5,84.5,33.976868
05-07-2025,17.5,80.5,32.323204
05-07-2025,17.5,81.5,31.445889
05-07-2025,17.5,82.5,30.513498
05-07-2025,17.5,83.5,29.502216
05-07-2025,17.5,84.5,
05-07-2025,18.5,80.5,31.526669
05-07-2025,18.5,81.5,30.43238
05-07-2025,18.5,82.5,29.503756
05-07-2025,18.5,83.5,28.65225
05-07-2025,18.5,84.5,29.110374
05-07-2025,19.5,80.5,29.789448
05-07-2025,19.5,81.5,29.724834
05-07-2025,19.5,82.5,28.260994
05-07-2025,19.5,83.5,28.908848
05-07-2025,19.5,84.5,28.679972
05-07-2025,20.5,80.5,29.6986
05-07-2025,20.5,81.5,27.090328
05-07-2025,20.5,82.5,28.198492
05-07-2025,20.5,83.5,28.501175
05-07-2025,20.5,84.5,28.708344
05-07-2025,21.5,80.5,28.385231
05-07-2025,21.5,81.5,27.412045
05-07-2025,21.5,82.5,27.346703
05-07-2025,21.5,83.5,28.156597
05-07-2025,21.5,84.5,28.637127
05-07-2025,22.5,80.5,27.730839
05-07-2025,22.5,81.5,26.877747
05-07-2025,22.5,82.5,27.171764
05-07-2025,22.5,83.5,27.84414
05-07-2025,22.5,84.5,28.935478
05-07-2025,23.5,80.5,28.521578
05-07-2025,23.5,81.5,28.927105
05-07-2025,23.5,82.5,28.417583
05-07-2025,23.5,83.5,28.624731
05-07-2025,23.5,84.5,30.496113
05-07-2025,24.5,80.5,31.036354
05-07-2025,24.5,81.5,32.04477
05-07-2025,24.5,82.5,32.220833
05-07-2025,24.5,83.5,32.658333
05-07-2025,24.5,84.5,33.20331
06-07-2025,17.5,80.5,31.806711
06-07-2025,17.5,81.5,30.99349
06-07-2025,17.5,82.5,29.960005
06-07-2025,17.5,83.5,29.28725
06-07-2025,17.5,84.5,
06-07-2025,18.5,80.5,30.72422
06-07-2025,18.5,81.5,29.809566
06-07-2025,18.5,82.5,29.244444
06-07-2025,18.5,83.5,28.514536
06-07-2025,18.5,84.5,29.360071
06-07-2025,19.5,80.5,29.014084
06-07-2025,19.5,81.5,29.414234
06-07-2025,19.5,82.5,27.985456
06-07-2025,19.5,83.5,28.76302
06-07-2025,19.5,84.5,29.191076
06-07-2025,20.5,80.5,28.648525
06-07-2025,20.5,81.5,26.535837
06-07-2025,20.5,82.5,28.247143
06-07-2025,20.5,83.5,28.466875
06-07-2025,20.5,84.5,29.355309
06-07-2025,21.5,80.5,27.086685
06-07-2025,21.5,81.5,27.005009
06-07-2025,21.5,82.5,27.334929
06-07-2025,21.5,83.5,28.459314
06-07-2025,21.5,84.5,29.42192
06-07-2025,22.5,80.5,27.299597
06-07-2025,22.5,81.5,26.452698
06-07-2025,22.5,82.5,27.249794
06-07-2025,22.5,83.5,27.897964
06-07-2025,22.5,84.5,28.894014
06-07-2025,23.5,80.5,28.62873
06-07-2025,23.5,81.5,28.75685
06-07-2025,23.5,82.5,28.88742
06-07-2025,23.5,83.5,29.364521
06-07-2025,23.5,84.5,31.114838
06-07-2025,24.5,80.5,32.25329
06-07-2025,24.5,81.5,32.543854
06-07-2025,24.5,82.5,33.02541
06-07-2025,24.5,83.5,33.773506
06-07-2025,24.5,84.5,33.87316
07-07-2025,17.5,80.5,31.392494
07-07-2025,17.5,81.5,30.802393
07-07-2025,17.5,82.5,30.196293
07-07-2025,17.5,83.5,29.746643
07-07-2025,17.5,84.5,
07-07-2025,18.5,80.5,29.564758
07-07-2025,18.5,81.5,29.0635
07-07-2025,18.5,82.5,28.978048
07-07-2025,18.5,83.5,29.03342
07-07-2025,18.5,84.5,29.926477
07-07-2025,19.5,80.5,26.762058
07-07-2025,19.5,81.5,27.953913
07-07-2025,19.5,82.5,28.122635
07-07-2025,19.5,83.5,29.256065
07-07-2025,19.5,84.5,29.458233
07-07-2025,20.5,80.5,28.16569
07-07-2025,20.5,81.5,26.499557
07-07-2025,20.5,82.5,29.237011
07-07-2025,20.5,83.5,29.557331
07-07-2025,20.5,84.5,29.356447
07-07-2025,21.5,80.5,28.286133
07-07-2025,21.5,81.5,28.652142
07-07-2025,21.5,82.5,28.872759
07-07-2025,21.5,83.5,29.18014
07-07-2025,21.5,84.5,29.2434
07-07-2025,22.5,80.5,29.525421
07-07-2025,22.5,81.5,29.059782
07-07-2025,22.5,82.5,29.46216
07-07-2025,22.5,83.5,28.816149
07-07-2025,22.5,84.5,28.66384
07-07-2025,23.5,80.5,31.407717
07-07-2025,23.5,81.5,31.548689
07-07-2025,23.5,82.5,31.510801
07-07-2025,23.5,83.5,30.98859
07-07-2025,23.5,84.5,30.5013
07-07-2025,24.5,80.5,34.449245
07-07-2025,24.5,81.5,35.03043
07-07-2025,24.5,82.5,35.03308
07-07-2025,24.5,83.5,34.378773
07-07-2025,24.5,84.5,33.450474
08-07-2025,17.5,80.5,31.920052
08-07-2025,17.5,81.5,31.652946
08-07-2025,17.5,82.5,31.215385
08-07-2025,17.5,83.5,30.585262
08-07-2025,17.5,84.5,
08-07-2025,18.5,80.5,29.930897
08-07-2025,18.5,81.5,29.695461
08-07-2025,18.5,82.5,30.142149
08-07-2025,18.5,83.5,30.168575
08-07-2025,18.5,84.5,30.811544
08-07-2025,19.5,80.5,26.985336
08-07-2025,19.5,81.5,28.700495
08-07-2025,19.5,82.5,28.950197
08-07-2025,19.5,83.5,30.127953
08-07-2025,19.5,84.5,30.122877
08-07-2025,20.5,80.5,28.221983
08-07-2025,20.5,81.5,26.864422
08-07-2025,20.5,82.5,30.531178
08-07-2025,20.5,83.5,30.716808
08-07-2025,20.5,84.5,29.818808
08-07-2025,21.5,80.5,28.374783
08-07-2025,21.5,81.5,29.395844
08-07-2025,21.5,82.5,29.949257
08-07-2025,21.5,83.5,30.252928
08-07-2025,21.5,84.5,29.611965
08-07-2025,22.5,80.5,29.757212
08-07-2025,22.5,81.5,29.984932
08-07-2025,22.5,82.5,30.968872
08-07-2025,22.5,83.5,30.107784
08-07-2025,22.5,84.5,29.369675
08-07-2025,23.5,80.5,31.79424
08-07-2025,23.5,81.5,32.283752
08-07-2025,23.5,82.5,32.436737
08-07-2025,23.5,83.5,31.646526
08-07-2025,23.5,84.5,30.777832
08-07-2025,24.5,80.5,34.808517
08-07-2025,24.5,81.5,35.486523
08-07-2025,24.5,82.5,35.14673
08-07-2025,24.5,83.5,34.556297
08-07-2025,24.5,84.5,33.649036
09-07-2025,17.5,80.5,31.904593
09-07-2025,17.5,81.5,32.01845
09-07-2025,17.5,82.5,31.81557
09-07-2025,17.5,83.5,31.416363
09-07-2025,17.5,84.5,
09-07-2025,18.5,80.5,29.973442
09-07-2025,18.5,81.5,29.885859
09-07-2025,18.5,82.5,30.62024
09-07-2025,18.5,83.5,30.836887
09-07-2025,18.5,84.5,31.36057
09-07-2025,19.5,80.5,26.67317
09-07-2025,19.5,81.5,28.39474
09-07-2025,19.5,82.5,28.870445
09-07-2025,19.5,83.5,30.91247
09-07-2025,19.5,84.5,30.837706
09-07-2025,20.5,80.5,27.624702
09-07-2025,20.5,81.5,26.649399
09-07-2025,20.5,82.5,30.166885
09-07-2025,20.5,83.5,30.975826
09-07-2025,20.5,84.5,30.265486
09-07-2025,21.5,80.5,27.613089
09-07-2025,21.5,81.5,28.664494
09-07-2025,21.5,82.5,29.293125
09-07-2025,21.5,83.5,30.186922
09-07-2025,21.5,84.5,29.551144
09-07-2025,22.5,80.5,28.980137
09-07-2025,22.5,81.5,28.56684
09-07-2025,22.5,82.5,28.891624
09-07-2025,22.5,83.5,28.742706
09-07-2025,22.5,84.5,28.765041
09-07-2025,23.5,80.5,30.15522
09-07-2025,23.5,81.5,30.260738
09-07-2025,23.5,82.5,30.418728
09-07-2025,23.5,83.5,29.900547
09-07-2025,23.5,84.5,29.581196
09-07-2025,24.5,80.5,31.194109
09-07-2025,24.5,81.5,32.074734
09-07-2025,24.5,82.5,32.782158
09-07-2025,24.5,83.5,33.05555
09-07-2025,24.5,84.5,32.432343
10-07-2025,17.5,80.5,32.091835
10-07-2025,17.5,81.5,31.98817
10-07-2025,17.5,82.5,32.037
10-07-2025,17.5,83.5,32.27092
10-07-2025,17.5,84.5,
10-07-2025,18.5,80.5,30.28871
10-07-2025,18.5,81.5,30.305094
10-07-2025,18.5,82.5,31.047947
10-07-2025,18.5,83.5,31.591555
10-07-2025,18.5,84.5,32.38319
10-07-2025,19.5,80.5,28.254276
10-07-2025,19.5,81.5,29.710918
10-07-2025,19.5,82.5,29.878475
10-07-2025,19.5,83.5,31.94071
10-07-2025,19.5,84.5,31.9492
10-07-2025,20.5,80.5,29.033102
10-07-2025,20.5,81.5,28.221846
10-07-2025,20.5,82.5,30.689043
10-07-2025,20.5,83.5,31.684803
10-07-2025,20.5,84.5,31.779453
10-07-2025,21.5,80.5,29.054953
10-07-2025,21.5,81.5,29.66201
10-07-2025,21.5,82.5,29.38922
10-07-2025,21.5,83.5,30.382692
10-07-2025,21.5,84.5,30.272707
10-07-2025,22.5,80.5,29.991873
10-07-2025,22.5,81.5,29.794868
10-07-2025,22.5,82.5,29.102556
10-07-2025,22.5,83.5,28.499472
10-07-2025,22.5,84.5,28.613605
10-07-2025,23.5,80.5,31.271786
10-07-2025,23.5,81.5,30.540794
10-07-2025,23.5,82.5,30.68969
10-07-2025,23.5,83.5,29.511383
10-07-2025,23.5,84.5,28.82263
10-07-2025,24.5,80.5,32.74655
10-07-2025,24.5,81.5,33.309044
10-07-2025,24.5,82.5,31.881004
10-07-2025,24.5,83.5,30.896053
10-07-2025,24.5,84.5,30.28153
11-07-2025,17.5,80.5,34.25113
11-07-2025,17.5,81.5,33.580143
11-07-2025,17.5,82.5,33.361855
11-07-2025,17.5,83.5,33.327923
11-07-2025,17.5,84.5,
11-07-2025,18.5,80.5,33.09621
11-07-2025,18.5,81.5,32.881004
11-07-2025,18.5,82.5,32.538555
11-07-2025,18.5,83.5,32.801
11-07-2025,18.5,84.5,33.678608
11-07-2025,19.5,80.5,31.77905
11-07-2025,19.5,81.5,32.39829
11-07-2025,19.5,82.5,32.147774
11-07-2025,19.5,83.5,33.25483
11-07-2025,19.5,84.5,33.52782
11-07-2025,20.5,80.5,31.878208
11-07-2025,20.5,81.5,30.750431
11-07-2025,20.5,82.5,32.469963
11-07-2025,20.5,83.5,32.747734
11-07-2025,20.5,84.5,33.386906
11-07-2025,21.5,80.5,30.443033
11-07-2025,21.5,81.5,30.57694
11-07-2025,21.5,82.5,30.22635
11-07-2025,21.5,83.5,31.556107
11-07-2025,21.5,84.5,32.07193
11-07-2025,22.5,80.5,28.638783
11-07-2025,22.5,81.5,29.757309
11-07-2025,22.5,82.5,29.198944
11-07-2025,22.5,83.5,29.665062
11-07-2025,22.5,84.5,30.24908
11-07-2025,23.5,80.5,28.87026
11-07-2025,23.5,81.5,28.299389
11-07-2025,23.5,82.5,29.240265
11-07-2025,23.5,83.5,29.318739
11-07-2025,23.5,84.5,30.773476
11-07-2025,24.5,80.5,30.500563
11-07-2025,24.5,81.5,30.545118
11-07-2025,24.5,82.5,30.983448
11-07-2025,24.5,83.5,31.415037
11-07-2025,24.5,84.5,32.038063
12-07-2025,17.5,80.5,33.98361
12-07-2025,17.5,81.5,33.76905
12-07-2025,17.5,82.5,33.492023
12-07-2025,17.5,83.5,33.79198
12-07-2025,17.5,84.5,
12-07-2025,18.5,80.5,32.927975
12-07-2025,18.5,81.5,33.11662
12-07-2025,18.5,82.5,33.052853
12-07-2025,18.5,83.5,33.31478
12-07-2025,18.5,84.5,34.610363
12-07-2025,19.5,80.5,31.677914
12-07-2025,19.5,81.5,32.592262
12-07-2025,19.5,82.5,32.83786
12-07-2025,19.5,83.5,34.030224
12-07-2025,19.5,84.5,34.424927
12-07-2025,20.5,80.5,32.11341
12-07-2025,20.5,81.5,31.387403
12-07-2025,20.5,82.5,33.832024
12-07-2025,20.5,83.5,34.223354
12-07-2025,20.5,84.5,34.302578
12-07-2025,21.5,80.5,31.027288
12-07-2025,21.5,81.5,31.686682
12-07-2025,21.5,82.5,31.817553
12-07-2025,21.5,83.5,32.915108
12-07-2025,21.5,84.5,33.34593
12-07-2025,22.5,80.5,29.353924
12-07-2025,22.5,81.5,30.704952
12-07-2025,22.5,82.5,30.625496
12-07-2025,22.5,83.5,31.519602
12-07-2025,22.5,84.5,32.370712
12-07-2025,23.5,80.5,29.152775
12-07-2025,23.5,81.5,29.555426
12-07-2025,23.5,82.5,30.809546
12-07-2025,23.5,83.5,31.420067
12-07-2025,23.5,84.5,33.022305
12-07-2025,24.5,80.5,29.69807
12-07-2025,24.5,81.5,31.243706
12-07-2025,24.5,82.5,32.692814
12-07-2025,24.5,83.5,33.41107
12-07-2025,24.5,84.5,33.89003
13-07-2025,17.5,80.5,34.07554
13-07-2025,17.5,81.5,34.141533
13-07-2025,17.5,82.5,34.069252
13-07-2025,17.5,83.5,33.645027
13-07-2025,17.5,84.5,
13-07-2025,18.5,80.5,33.313828
13-07-2025,18.5,81.5,33.391136
13-07-2025,18.5,82.5,33.367237
13-07-2025,18.5,83.5,33.259182
13-07-2025,18.5,84.5,34.210194
13-07-2025,19.5,80.5,31.52626
13-07-2025,19.5,81.5,32.52214
13-07-2025,19.5,82.5,32.83155
13-07-2025,19.5,83.5,33.82853
13-07-2025,19.5,84.5,33.735897
13-07-2025,20.5,80.5,32.16513
13-07-2025,20.5,81.5,31.219172
13-07-2025,20.5,82.5,33.50184
13-07-2025,20.5,83.5,33.799686
13-07-2025,20.5,84.5,33.621544
13-07-2025,21.5,80.5,30.882
13-07-2025,21.5,81.5,31.450922
13-07-2025,21.5,82.5,32.086098
13-07-2025,21.5,83.5,32.91129
13-07-2025,21.5,84.5,32.686302
13-07-2025,22.5,80.5,30.198898
13-07-2025,22.5,81.5,31.093845
13-07-2025,22.5,82.5,31.591688
13-07-2025,22.5,83.5,32.406708
13-07-2025,22.5,84.5,32.675888
13-07-2025,23.5,80.5,30.677626
13-07-2025,23.5,81.5,31.069576
13-07-2025,23.5,82.5,31.909544
13-07-2025,23.5,83.5,32.442463
13-07-2025,23.5,84.5,33.7912
13-07-2025,24.5,80.5,31.220768
13-07-2025,24.5,81.5,32.958588
13-07-2025,24.5,82.5,34.726852
13-07-2025,24.5,83.5,35.530743
13-07-2025,24.5,84.5,35.894444
14-07-2025,17.5,80.5,35.05738
14-07-2025,17.5,81.5,34.78145
14-07-2025,17.5,82.5,34.01775
14-07-2025,17.5,83.5,32.49533
14-07-2025,17.5,84.5,
14-07-2025,18.5,80.5,34.22841
14-07-2025,18.5,81.5,33.744442
14-07-2025,18.5,82.5,33.17364
14-07-2025,18.5,83.5,31.52084
14-07-2025,18.5,84.5,31.937466
14-07-2025,19.5,80.5,32.456856
14-07-2025,19.5,81.5,32.963333
14-07-2025,19.5,82.5,31.137493
14-07-2025,19.5,83.5,31.49284
14-07-2025,19.5,84.5,30.948086
14-07-2025,20.5,80.5,32.531635
14-07-2025,20.5,81.5,30.168941
14-07-2025,20.5,82.5,31.39218
14-07-2025,20.5,83.5,30.973162
14-07-2025,20.5,84.5,30.373335
14-07-2025,21.5,80.5,31.572746
14-07-2025,21.5,81.5,30.661264
14-07-2025,21.5,82.5,30.452564
14-07-2025,21.5,83.5,29.666542
14-07-2025,21.5,84.5,29.186798
14-07-2025,22.5,80.5,30.819204
14-07-2025,22.5,81.5,30.409853
14-07-2025,22.5,82.5,29.893501
14-07-2025,22.5,83.5,29.598883
14-07-2025,22.5,84.5,29.524145
14-07-2025,23.5,80.5,30.798317
14-07-2025,23.5,81.5,30.641956
14-07-2025,23.5,82.5,30.597012
14-07-2025,23.5,83.5,30.10428
14-07-2025,23.5,84.5,30.582808
14-07-2025,24.5,80.5,32.02024
14-07-2025,24.5,81.5,32.685104
14-07-2025,24.5,82.5,33.046177
14-07-2025,24.5,83.5,32.993717
14-07-2025,24.5,84.5,32.85076
15-07-2025,17.5,80.5,34.069695
15-07-2025,17.5,81.5,34.3468
15-07-2025,17.5,82.5,33.896454
15-07-2025,17.5,83.5,33.425327
15-07-2025,17.5,84.5,
15-07-2025,18.5,80.5,33.09391
15-07-2025,18.5,81.5,33.34702
15-07-2025,18.5,82.5,32.900917
15-07-2025,18.5,83.5,32.51071
15-07-2025,18.5,84.5,33.367767
15-07-2025,19.5,80.5,31.898424
15-07-2025,19.5,81.5,32.35664
15-07-2025,19.5,82.5,31.466703
15-07-2025,19.5,83.5,32.417347
15-07-2025,19.5,84.5,32.46651
15-07-2025,20.5,80.5,32.540062
15-07-2025,20.5,81.5,30.795034
15-07-2025,20.5,82.5,31.619019
15-07-2025,20.5,83.5,31.549734
15-07-2025,20.5,84.5,31.808039
15-07-2025,21.5,80.5,32.10257
15-07-2025,21.5,81.5,31.008553
15-07-2025,21.5,82.5,30.431532
15-07-2025,21.5,83.5,30.294056
15-07-2025,21.5,84.5,30.577969
15-07-2025,22.5,80.5,30.831758
15-07-2025,22.5,81.5,30.85196
15-07-2025,22.5,82.5,30.1434
15-07-2025,22.5,83.5,29.136213
15-07-2025,22.5,84.5,29.270384
15-07-2025,23.5,80.5,31.273422
15-07-2025,23.5,81.5,30.830404
15-07-2025,23.5,82.5,30.693481
15-07-2025,23.5,83.5,29.45055
15-07-2025,23.5,84.5,29.5799
15-07-2025,24.5,80.5,32.809742
15-07-2025,24.5,81.5,33.153774
15-07-2025,24.5,82.5,31.354353
15-07-2025,24.5,83.5,31.00267
15-07-2025,24.5,84.5,30.504826
16-07-2025,17.5,80.5,34.272926
16-07-2025,17.5,81.5,33.752213
16-07-2025,17.5,82.5,33.07843
16-07-2025,17.5,83.5,32.80473
16-07-2025,17.5,84.5,
16-07-2025,18.5,80.5,33.01982
16-07-2025,18.5,81.5,32.778324
16-07-2025,18.5,82.5,32.175945
16-07-2025,18.5,83.5,32.19801
16-07-2025,18.5,84.5,32.919643
16-07-2025,19.5,80.5,31.647799
16-07-2025,19.5,81.5,31.557747
16-07-2025,19.5,82.5,31.993723
16-07-2025,19.5,83.5,32.60667
16-07-2025,19.5,84.5,32.34085
16-07-2025,20.5,80.5,31.76267
16-07-2025,20.5,81.5,30.030325
16-07-2025,20.5,82.5,30.869827
16-07-2025,20.5,83.5,31.047085
16-07-2025,20.5,84.5,32.04204
16-07-2025,21.5,80.5,30.658617
16-07-2025,21.5,81.5,30.188608
16-07-2025,21.5,82.5,29.35025
16-07-2025,21.5,83.5,29.716284
16-07-2025,21.5,84.5,31.622936
16-07-2025,22.5,80.5,29.657448
16-07-2025,22.5,81.5,29.925907
16-07-2025,22.5,82.5,29.01164
16-07-2025,22.5,83.5,29.149004
16-07-2025,22.5,84.5,30.091091
16-07-2025,23.5,80.5,30.032747
16-07-2025,23.5,81.5,28.738867
16-07-2025,23.5,82.5,28.84442
16-07-2025,23.5,83.5,28.492437
16-07-2025,23.5,84.5,30.498777
16-07-2025,24.5,80.5,31.350624
16-07-2025,24.5,81.5,31.145565
16-07-2025,24.5,82.5,29.77326
16-07-2025,24.5,83.5,29.325075
16-07-2025,24.5,84.5,29.827517
17-07-2025,17.5,80.5,34.30152
17-07-2025,17.5,81.5,33.615
17-07-2025,17.5,82.5,33.300365
17-07-2025,17.5,83.5,32.9012
17-07-2025,17.5,84.5,
17-07-2025,18.5,80.5,32.919407
17-07-2025,18.5,81.5,32.640404
17-07-2025,18.5,82.5,32.12002
17-07-2025,18.5,83.5,32.465477
17-07-2025,18.5,84.5,33.147312
17-07-2025,19.5,80.5,30.46804
17-07-2025,19.5,81.5,31.26066
17-07-2025,19.5,82.5,31.50465
17-07-2025,19.5,83.5,32.82861
17-07-2025,19.5,84.5,32.72595
17-07-2025,20.5,80.5,30.66754
17-07-2025,20.5,81.5,29.475142
17-07-2025,20.5,82.5,32.006344
17-07-2025,20.5,83.5,32.45225
17-07-2025,20.5,84.5,32.7492
17-07-2025,21.5,80.5,29.21556
17-07-2025,21.5,81.5,29.944025
17-07-2025,21.5,82.5,30.161259
17-07-2025,21.5,83.5,31.724108
17-07-2025,21.5,84.5,32.757446
17-07-2025,22.5,80.5,28.30472
17-07-2025,22.5,81.5,29.266668
17-07-2025,22.5,82.5,29.696398
17-07-2025,22.5,83.5,31.099924
17-07-2025,22.5,84.5,32.36751
17-07-2025,23.5,80.5,27.961615
17-07-2025,23.5,81.5,27.977266
17-07-2025,23.5,82.5,29.33761
17-07-2025,23.5,83.5,30.30597
17-07-2025,23.5,84.5,33.32318
17-07-2025,24.5,80.5,29.257032
17-07-2025,24.5,81.5,30.13715
17-07-2025,24.5,82.5,30.713879
17-07-2025,24.5,83.5,32.181202
17-07-2025,24.5,84.5,34.17058
18-07-2025,17.5,80.5,32.52505
18-07-2025,17.5,81.5,32.41061
18-07-2025,17.5,82.5,32.614826
18-07-2025,17.5,83.5,32.399544
18-07-2025,17.5,84.5,
18-07-2025,18.5,80.5,32.228077
18-07-2025,18.5,81.5,32.437386
18-07-2025,18.5,82.5,31.961538
18-07-2025,18.5,83.5,32.10794
18-07-2025,18.5,84.5,33.542953
18-07-2025,19.5,80.5,31.243065
18-07-2025,19.5,81.5,31.364069
18-07-2025,19.5,82.5,31.661825
18-07-2025,19.5,83.5,32.96693
18-07-2025,19.5,84.5,33.197834
18-07-2025,20.5,80.5,31.50835
18-07-2025,20.5,81.5,30.054285
18-07-2025,20.5,82.5,32.229973
18-07-2025,20.5,83.5,33.01921
18-07-2025,20.5,84.5,33.300526
18-07-2025,21.5,80.5,30.430204
18-07-2025,21.5,81.5,31.206459
18-07-2025,21.5,82.5,31.70991
18-07-2025,21.5,83.5,32.437878
18-07-2025,21.5,84.5,33.18925
18-07-2025,22.5,80.5,30.139654
18-07-2025,22.5,81.5,31.098257
18-07-2025,22.5,82.5,31.834143
18-07-2025,22.5,83.5,32.279316
18-07-2025,22.5,84.5,32.97173
18-07-2025,23.5,80.5,30.677923
18-07-2025,23.5,81.5,31.267544
18-07-2025,23.5,82.5,32.427063
18-07-2025,23.5,83.5,32.756668
18-07-2025,23.5,84.5,34.221096
18-07-2025,24.5,80.5,31.946268
18-07-2025,24.5,81.5,33.461334
18-07-2025,24.5,82.5,34.394756
18-07-2025,24.5,83.5,34.81106
18-07-2025,24.5,84.5,35.088078
19-07-2025,17.5,80.5,34.537903
19-07-2025,17.5,81.5,34.401115
19-07-2025,17.5,82.5,33.817986
19-07-2025,17.5,83.5,33.073475
19-07-2025,17.5,84.5,
19-07-2025,18.5,80.5,33.94364
19-07-2025,18.5,81.5,33.64555
19-07-2025,18.5,82.5,32.885113
19-07-2025,18.5,83.5,32.586647
19-07-2025,18.5,84.5,33.89936
19-07-2025,19.5,80.5,33.101807
19-07-2025,19.5,81.5,32.689396
19-07-2025,19.5,82.5,32.630398
19-07-2025,19.5,83.5,33.52026
19-07-2025,19.5,84.5,33.822113
19-07-2025,20.5,80.5,33.310608
19-07-2025,20.5,81.5,31.908802
19-07-2025,20.5,82.5,32.970634
19-07-2025,20.5,83.5,33.430157
19-07-2025,20.5,84.5,34.05512
19-07-2025,21.5,80.5,32.9279
19-07-2025,21.5,81.5,32.48739
19-07-2025,21.5,82.5,32.587135
19-07-2025,21.5,83.5,32.49355
19-07-2025,21.5,84.5,33.601055
19-07-2025,22.5,80.5,32.371017
19-07-2025,22.5,81.5,32.404587
19-07-2025,22.5,82.5,32.11704
19-07-2025,22.5,83.5,32.404682
19-07-2025,22.5,84.5,33.353336
19-07-2025,23.5,80.5,32.581642
19-07-2025,23.5,81.5,32.509197
19-07-2025,23.5,82.5,32.80858
19-07-2025,23.5,83.5,32.62174
19-07-2025,23.5,84.5,34.71116
19-07-2025,24.5,80.5,33.477093
19-07-2025,24.5,81.5,34.201942
19-07-2025,24.5,82.5,34.75168
19-07-2025,24.5,83.5,34.936943
19-07-2025,24.5,84.5,35.54614
20-07-2025,17.5,80.5,33.057793
20-07-2025,17.5,81.5,32.41484
20-07-2025,17.5,82.5,32.14147
20-07-2025,17.5,83.5,31.6842
20-07-2025,17.5,84.5,
20-07-2025,18.5,80.5,31.949656
20-07-2025,18.5,81.5,31.567785
20-07-2025,18.5,82.5,31.152859
20-07-2025,18.5,83.5,31.264664
20-07-2025,18.5,84.5,32.650818
20-07-2025,19.5,80.5,30.92623
20-07-2025,19.5,81.5,30.23695
20-07-2025,19.5,82.5,30.4667
20-07-2025,19.5,83.5,31.993006
20-07-2025,19.5,84.5,32.50188
20-07-2025,20.5,80.5,31.22916
20-07-2025,20.5,81.5,29.750467
20-07-2025,20.5,82.5,30.998419
20-07-2025,20.5,83.5,31.710855
20-07-2025,20.5,84.5,32.58792
20-07-2025,21.5,80.5,31.708805
20-07-2025,21.5,81.5,30.71091
20-07-2025,21.5,82.5,31.016157
20-07-2025,21.5,83.5,31.451721
20-07-2025,21.5,84.5,32.59704
20-07-2025,22.5,80.5,31.84574
20-07-2025,22.5,81.5,31.253077
20-07-2025,22.5,82.5,30.930925
20-07-2025,22.5,83.5,30.629269
20-07-2025,22.5,84.5,31.37114
20-07-2025,23.5,80.5,32.569954
20-07-2025,23.5,81.5,32.046326
20-07-2025,23.5,82.5,32.05308
20-07-2025,23.5,83.5,31.496065
20-07-2025,23.5,84.5,32.62038
20-07-2025,24.5,80.5,33.85613
20-07-2025,24.5,81.5,34.247795
20-07-2025,24.5,82.5,33.30548
20-07-2025,24.5,83.5,33.031307
20-07-2025,24.5,84.5,33.136524
21-07-2025,17.5,80.5,30.589195
21-07-2025,17.5,81.5,29.8342
21-07-2025,17.5,82.5,30.4508
21-07-2025,17.5,83.5,30.801933
21-07-2025,17.5,84.5,
21-07-2025,18.5,80.5,30.811308
21-07-2025,18.5,81.5,30.586735
21-07-2025,18.5,82.5,29.947672
21-07-2025,18.5,83.5,30.746063
21-07-2025,18.5,84.5,32.348312
21-07-2025,19.5,80.5,31.67375
21-07-2025,19.5,81.5,29.971481
21-07-2025,19.5,82.5,30.477306
21-07-2025,19.5,83.5,32.06808
21-07-2025,19.5,84.5,32.38
21-07-2025,20.5,80.5,32.147007
21-07-2025,20.5,81.5,30.999542
21-07-2025,20.5,82.5,31.405296
21-07-2025,20.5,83.5,32.236702
21-07-2025,20.5,84.5,32.665638
21-07-2025,21.5,80.5,32.722282
21-07-2025,21.5,81.5,31.758787
21-07-2025,21.5,82.5,31.75813
21-07-2025,21.5,83.5,31.991762
21-07-2025,21.5,84.5,32.89902
21-07-2025,22.5,80.5,32.867382
21-07-2025,22.5,81.5,32.34255
21-07-2025,22.5,82.5,31.869267
21-07-2025,22.5,83.5,31.602335
21-07-2025,22.5,84.5,32.852303
21-07-2025,23.5,80.5,33.20257
21-07-2025,23.5,81.5,32.956394
21-07-2025,23.5,82.5,33.463886
21-07-2025,23.5,83.5,33.057327
21-07-2025,23.5,84.5,34.266483
21-07-2025,24.5,80.5,34.100574
21-07-2025,24.5,81.5,34.980885
21-07-2025,24.5,82.5,35.194035
21-07-2025,24.5,83.5,35.237858
21-07-2025,24.5,84.5,34.65961
22-07-2025,17.5,80.5,30.833437
22-07-2025,17.5,81.5,30.25169
22-07-2025,17.5,82.5,31.098621
22-07-2025,17.5,83.5,31.217657
22-07-2025,17.5,84.5,
22-07-2025,18.5,80.5,30.646967
22-07-2025,18.5,81.5,31.244967
22-07-2025,18.5,82.5,30.671507
22-07-2025,18.5,83.5,31.518076
22-07-2025,18.5,84.5,33.29355
22-07-2025,19.5,80.5,31.937809
22-07-2025,19.5,81.5,30.65927
22-07-2025,19.5,82.5,31.684841
22-07-2025,19.5,83.5,33.001907
22-07-2025,19.5,84.5,33.657173
22-07-2025,20.5,80.5,32.734566
22-07-2025,20.5,81.5,31.22244
22-07-2025,20.5,82.5,32.343483
22-07-2025,20.5,83.5,33.063587
22-07-2025,20.5,84.5,33.951916
22-07-2025,21.5,80.5,31.970955
22-07-2025,21.5,81.5,32.149395
22-07-2025,21.5,82.5,32.376175
22-07-2025,21.5,83.5,32.37078
22-07-2025,21.5,84.5,34.002506
22-07-2025,22.5,80.5,31.95557
22-07-2025,22.5,81.5,32.30074
22-07-2025,22.5,82.5,32.08421
22-07-2025,22.5,83.5,32.00744
22-07-2025,22.5,84.5,33.42475
22-07-2025,23.5,80.5,32.86861
22-07-2025,23.5,81.5,32.48279
22-07-2025,23.5,82.5,32.888836
22-07-2025,23.5,83.5,32.700405
22-07-2025,23.5,84.5,34.800606
22-07-2025,24.5,80.5,33.977295
22-07-2025,24.5,81.5,34.903778
22-07-2025,24.5,82.5,35.1695
22-07-2025,24.5,83.5,35.25025
22-07-2025,24.5,84.5,35.735134
23-07-2025,17.5,80.5,28.645592
23-07-2025,17.5,81.5,28.888529
23-07-2025,17.5,82.5,29.479937
23-07-2025,17.5,83.5,30.425995
23-07-2025,17.5,84.5,
23-07-2025,18.5,80.5,28.169357
23-07-2025,18.5,81.5,29.015192
23-07-2025,18.5,82.5,28.94503
23-07-2025,18.5,83.5,31.07989
23-07-2025,18.5,84.5,33.01574
23-07-2025,19.5,80.5,29.95655
23-07-2025,19.5,81.5,28.669565
23-07-2025,19.5,82.5,30.717121
23-07-2025,19.5,83.5,32.74084
23-07-2025,19.5,84.5,33.721325
23-07-2025,20.5,80.5,31.058998
23-07-2025,20.5,81.5,31.33744
23-07-2025,20.5,82.5,32.469727
23-07-2025,20.5,83.5,33.77024
23-07-2025,20.5,84.5,34.26116
23-07-2025,21.5,80.5,31.60641
23-07-2025,21.5,81.5,32.928097
23-07-2025,21.5,82.5,33.199467
23-07-2025,21.5,83.5,33.667244
23-07-2025,21.5,84.5,34.480377
23-07-2025,22.5,80.5,32.28282
23-07-2025,22.5,81.5,33.212822
23-07-2025,22.5,82.5,33.15391
23-07-2025,22.5,83.5,33.10995
23-07-2025,22.5,84.5,34.17532
23-07-2025,23.5,80.5,32.929413
23-07-2025,23.5,81.5,33.065556
23-07-2025,23.5,82.5,33.921696
23-07-2025,23.5,83.5,33.776123
23-07-2025,23.5,84.5,35.754158
23-07-2025,24.5,80.5,34.33684
23-07-2025,24.5,81.5,35.474873
23-07-2025,24.5,82.5,35.723297
23-07-2025,24.5,83.5,36.285652
23-07-2025,24.5,84.5,36.809437
24-07-2025,17.5,80.5,26.334698
24-07-2025,17.5,81.5,26.812805
24-07-2025,17.5,82.5,27.510626
24-07-2025,17.5,83.5,28.082458
24-07-2025,17.5,84.5,
24-07-2025,18.5,80.5,25.301601
24-07-2025,18.5,81.5,26.841928
24-07-2025,18.5,82.5,27.004637
24-07-2025,18.5,83.5,28.650545
24-07-2025,18.5,84.5,30.369055
24-07-2025,19.5,80.5,26.719282
24-07-2025,19.5,81.5,26.228376
24-07-2025,19.5,82.5,28.273914
24-07-2025,19.5,83.5,30.401058
24-07-2025,19.5,84.5,31.03164
24-07-2025,20.5,80.5,28.055878
24-07-2025,20.5,81.5,28.430391
24-07-2025,20.5,82.5,30.30237
24-07-2025,20.5,83.5,31.357351
24-07-2025,20.5,84.5,31.502466
24-07-2025,21.5,80.5,28.417282
24-07-2025,21.5,81.5,30.512518
24-07-2025,21.5,82.5,31.291664
24-07-2025,21.5,83.5,31.7255
24-07-2025,21.5,84.5,31.882315
24-07-2025,22.5,80.5,29.201035
24-07-2025,22.5,81.5,30.924335
24-07-2025,22.5,82.5,31.717518
24-07-2025,22.5,83.5,31.98206
24-07-2025,22.5,84.5,32.58791
24-07-2025,23.5,80.5,30.14512
24-07-2025,23.5,81.5,31.052011
24-07-2025,23.5,82.5,32.39913
24-07-2025,23.5,83.5,32.251026
24-07-2025,23.5,84.5,33.790768
24-07-2025,24.5,80.5,32.28093
24-07-2025,24.5,81.5,33.655582
24-07-2025,24.5,82.5,34.500637
24-07-2025,24.5,83.5,35.009327
24-07-2025,24.5,84.5,35.36477
25-07-2025,17.5,80.5,27.697224
25-07-2025,17.5,81.5,27.351768
25-07-2025,17.5,82.5,27.470047
25-07-2025,17.5,83.5,27.745724
25-07-2025,17.5,84.5,
25-07-2025,18.5,80.5,26.51682
25-07-2025,18.5,81.5,27.01003
25-07-2025,18.5,82.5,27.011866
25-07-2025,18.5,83.5,27.84225
25-07-2025,18.5,84.5,29.051746
25-07-2025,19.5,80.5,27.188896
25-07-2025,19.5,81.5,26.37997
25-07-2025,19.5,82.5,27.65935
25-07-2025,19.5,83.5,29.093987
25-07-2025,19.5,84.5,29.201654
25-07-2025,20.5,80.5,27.625778
25-07-2025,20.5,81.5,27.409351
25-07-2025,20.5,82.5,28.63004
25-07-2025,20.5,83.5,29.317907
25-07-2025,20.5,84.5,29.1916
25-07-2025,21.5,80.5,27.893957
25-07-2025,21.5,81.5,28.57188
25-07-2025,21.5,82.5,29.084183
25-07-2025,21.5,83.5,29.38426
25-07-2025,21.5,84.5,29.44089
25-07-2025,22.5,80.5,27.920153
25-07-2025,22.5,81.5,28.71892
25-07-2025,22.5,82.5,29.00129
25-07-2025,22.5,83.5,28.802647
25-07-2025,22.5,84.5,29.445877
25-07-2025,23.5,80.5,29.204784
25-07-2025,23.5,81.5,29.61912
25-07-2025,23.5,82.5,30.330713
25-07-2025,23.5,83.5,29.675417
25-07-2025,23.5,84.5,30.461714
25-07-2025,24.5,80.5,31.681257
25-07-2025,24.5,81.5,32.448463
25-07-2025,24.5,82.5,31.647861
25-07-2025,24.5,83.5,31.970516
25-07-2025,24.5,84.5,31.960754
26-07-2025,17.5,80.5,27.547512
26-07-2025,17.5,81.5,27.99985
26-07-2025,17.5,82.5,27.859755
26-07-2025,17.5,83.5,27.905472
26-07-2025,17.5,84.5,
26-07-2025,18.5,80.5,26.221622
26-07-2025,18.5,81.5,27.186203
26-07-2025,18.5,82.5,26.924726
26-07-2025,18.5,83.5,27.967316
26-07-2025,18.5,84.5,29.574266
26-07-2025,19.5,80.5,26.494976
26-07-2025,19.5,81.5,26.316038
26-07-2025,19.5,82.5,26.732897
26-07-2025,19.5,83.5,28.683666
26-07-2025,19.5,84.5,29.409904
26-07-2025,20.5,80.5,27.500088
26-07-2025,20.5,81.5,26.449387
26-07-2025,20.5,82.5,27.978676
26-07-2025,20.5,83.5,28.878933
26-07-2025,20.5,84.5,29.491564
26-07-2025,21.5,80.5,27.72244
26-07-2025,21.5,81.5,28.25086
26-07-2025,21.5,82.5,28.344044
26-07-2025,21.5,83.5,28.636969
26-07-2025,21.5,84.5,29.541948
26-07-2025,22.5,80.5,27.80658
26-07-2025,22.5,81.5,28.090332
26-07-2025,22.5,82.5,28.178255
26-07-2025,22.5,83.5,28.421358
26-07-2025,22.5,84.5,29.48343
26-07-2025,23.5,80.5,28.390917
26-07-2025,23.5,81.5,27.88174
26-07-2025,23.5,82.5,28.61442
26-07-2025,23.5,83.5,28.411581
26-07-2025,23.5,84.5,30.321598
26-07-2025,24.5,80.5,30.021431
26-07-2025,24.5,81.5,30.347647
26-07-2025,24.5,82.5,30.250805
26-07-2025,24.5,83.5,30.898535
26-07-2025,24.5,84.5,32.25789
27-07-2025,17.5,80.5,31.850674
27-07-2025,17.5,81.5,31.86021
27-07-2025,17.5,82.5,31.361172
27-07-2025,17.5,83.5,31.154665
27-07-2025,17.5,84.5,
27-07-2025,18.5,80.5,30.60754
27-07-2025,18.5,81.5,30.963985
27-07-2025,18.5,82.5,30.65983
27-07-2025,18.5,83.5,30.794643
27-07-2025,18.5,84.5,32.08264
27-07-2025,19.5,80.5,29.465744
27-07-2025,19.5,81.5,29.752218
27-07-2025,19.5,82.5,29.621504
27-07-2025,19.5,83.5,31.14184
27-07-2025,19.5,84.5,31.604584
27-07-2025,20.5,80.5,29.699886
27-07-2025,20.5,81.5,27.892536
27-07-2025,20.5,82.5,29.837164
27-07-2025,20.5,83.5,30.570599
27-07-2025,20.5,84.5,31.435299
27-07-2025,21.5,80.5,28.82808
27-07-2025,21.5,81.5,28.670595
27-07-2025,21.5,82.5,29.121107
27-07-2025,21.5,83.5,29.855417
27-07-2025,21.5,84.5,30.700527
27-07-2025,22.5,80.5,28.160141
27-07-2025,22.5,81.5,28.463623
27-07-2025,22.5,82.5,28.908613
27-07-2025,22.5,83.5,28.966549
27-07-2025,22.5,84.5,29.460629
27-07-2025,23.5,80.5,28.998484
27-07-2025,23.5,81.5,28.922253
27-07-2025,23.5,82.5,29.582747
27-07-2025,23.5,83.5,29.46312
27-07-2025,23.5,84.5,30.838808
27-07-2025,24.5,80.5,30.779377
27-07-2025,24.5,81.5,31.196072
27-07-2025,24.5,82.5,31.771866
27-07-2025,24.5,83.5,32.08537
27-07-2025,24.5,84.5,32.825565
28-07-2025,17.5,80.5,31.974836
28-07-2025,17.5,81.5,32.28489
28-07-2025,17.5,82.5,31.769077
28-07-2025,17.5,83.5,31.64896
28-07-2025,17.5,84.5,
28-07-2025,18.5,80.5,30.93131
28-07-2025,18.5,81.5,31.262403
28-07-2025,18.5,82.5,31.353
28-07-2025,18.5,83.5,31.359646
28-07-2025,18.5,84.5,32.410576
28-07-2025,19.5,80.5,29.455
28-07-2025,19.5,81.5,30.52592
28-07-2025,19.5,82.5,30.724554
28-07-2025,19.5,83.5,31.92146
28-07-2025,19.5,84.5,32.13
28-07-2025,20.5,80.5,28.983404
28-07-2025,20.5,81.5,28.29451
28-07-2025,20.5,82.5,31.20089
28-07-2025,20.5,83.5,31.404348
28-07-2025,20.5,84.5,31.891724
28-07-2025,21.5,80.5,27.675346
28-07-2025,21.5,81.5,28.711542
28-07-2025,21.5,82.5,29.530556
28-07-2025,21.5,83.5,30.581316
28-07-2025,21.5,84.5,31.003433
28-07-2025,22.5,80.5,26.996141
28-07-2025,22.5,81.5,28.370462
28-07-2025,22.5,82.5,28.907436
28-07-2025,22.5,83.5,29.25802
28-07-2025,22.5,84.5,29.778074
28-07-2025,23.5,80.5,27.999144
28-07-2025,23.5,81.5,28.234858
28-07-2025,23.5,82.5,29.238274
28-07-2025,23.5,83.5,29.444746
28-07-2025,23.5,84.5,30.150526
28-07-2025,24.5,80.5,29.425472
28-07-2025,24.5,81.5,30.243416
28-07-2025,24.5,82.5,30.227732
28-07-2025,24.5,83.5,30.514538
28-07-2025,24.5,84.5,31.151678
29-07-2025,17.5,80.5,31.082996
29-07-2025,17.5,81.5,30.978909
29-07-2025,17.5,82.5,30.264524
29-07-2025,17.5,83.5,29.32023
29-07-2025,17.5,84.5,
29-07-2025,18.5,80.5,29.652542
29-07-2025,18.5,81.5,29.271002
29-07-2025,18.5,82.5,28.909977
29-07-2025,18.5,83.5,28.587988
29-07-2025,18.5,84.5,29.513617
29-07-2025,19.5,80.5,26.656012
29-07-2025,19.5,81.5,27.707327
29-07-2025,19.5,82.5,26.823956
29-07-2025,19.5,83.5,28.438925
29-07-2025,19.5,84.5,28.62012
29-07-2025,20.5,80.5,26.503515
29-07-2025,20.5,81.5,24.302881
29-07-2025,20.5,82.5,26.96747
29-07-2025,20.5,83.5,27.370481
29-07-2025,20.5,84.5,28.360495
29-07-2025,21.5,80.5,26.497736
29-07-2025,21.5,81.5,25.911339
29-07-2025,21.5,82.5,26.499842
29-07-2025,21.5,83.5,27.047056
29-07-2025,21.5,84.5,28.373703
29-07-2025,22.5,80.5,27.34432
29-07-2025,22.5,81.5,26.426311
29-07-2025,22.5,82.5,27.088575
29-07-2025,22.5,83.5,27.16694
29-07-2025,22.5,84.5,28.067526
29-07-2025,23.5,80.5,29.087275
29-07-2025,23.5,81.5,29.29025
29-07-2025,23.5,82.5,28.875793
29-07-2025,23.5,83.5,28.714869
29-07-2025,23.5,84.5,29.894115
29-07-2025,24.5,80.5,31.043762
29-07-2025,24.5,81.5,31.644104
29-07-2025,24.5,82.5,31.758406
29-07-2025,24.5,83.5,31.630884
29-07-2025,24.5,84.5,31.861166
30-07-2025,17.5,80.5,30.889431
30-07-2025,17.5,81.5,31.22535
30-07-2025,17.5,82.5,31.04035
30-07-2025,17.5,83.5,30.496126
30-07-2025,17.5,84.5,
30-07-2025,18.5,80.5,29.400589
30-07-2025,18.5,81.5,29.533943
30-07-2025,18.5,82.5,29.577171
30-07-2025,18.5,83.5,30.000093
30-07-2025,18.5,84.5,30.478142
30-07-2025,19.5,80.5,27.84988
30-07-2025,19.5,81.5,28.531145
30-07-2025,19.5,82.5,28.727114
30-07-2025,19.5,83.5,30.26422
30-07-2025,19.5,84.5,30.012804
30-07-2025,20.5,80.5,27.95883
30-07-2025,20.5,81.5,26.799763
30-07-2025,20.5,82.5,29.250479
30-07-2025,20.5,83.5,29.678814
30-07-2025,20.5,84.5,29.512743
30-07-2025,21.5,80.5,27.700617
30-07-2025,21.5,81.5,27.99779
30-07-2025,21.5,82.5,28.127993
30-07-2025,21.5,83.5,29.452572
30-07-2025,21.5,84.5,29.936872
30-07-2025,22.5,80.5,27.48901
30-07-2025,22.5,81.5,28.078045
30-07-2025,22.5,82.5,28.303305
30-07-2025,22.5,83.5,29.083956
30-07-2025,22.5,84.5,30.04645
30-07-2025,23.5,80.5,28.176315
30-07-2025,23.5,81.5,28.822449
30-07-2025,23.5,82.5,29.506989
30-07-2025,23.5,83.5,30.250078
30-07-2025,23.5,84.5,31.297213
30-07-2025,24.5,80.5,29.327467
30-07-2025,24.5,81.5,30.75889
30-07-2025,24.5,82.5,32.387222
30-07-2025,24.5,83.5,32.862892
30-07-2025,24.5,84.5,31.98426
31-07-2025,17.5,80.5,32.775417
31-07-2025,17.5,81.5,32.852993
31-07-2025,17.5,82.5,32.726547
31-07-2025,17.5,83.5,32.378853
31-07-2025,17.5,84.5,
31-07-2025,18.5,80.5,31.844227
31-07-2025,18.5,81.5,32.07554
31-07-2025,18.5,82.5,32.220562
31-07-2025,18.5,83.5,32.222843
31-07-2025,18.5,84.5,33.16647
31-07-2025,19.5,80.5,31.47325
31-07-2025,19.5,81.5,31.792643
31-07-2025,19.5,82.5,31.837044
31-07-2025,19.5,83.5,32.88021
31-07-2025,19.5,84.5,33.088013
31-07-2025,20.5,80.5,31.098242
31-07-2025,20.5,81.5,29.895134
31-07-2025,20.5,82.5,31.49974
31-07-2025,20.5,83.5,31.879786
31-07-2025,20.5,84.5,32.844563
31-07-2025,21.5,80.5,29.475374
31-07-2025,21.5,81.5,29.752846
31-07-2025,21.5,82.5,29.916386
31-07-2025,21.5,83.5,30.940989
31-07-2025,21.5,84.5,31.665895
31-07-2025,22.5,80.5,28.177122
31-07-2025,22.5,81.5,28.849236
31-07-2025,22.5,82.5,28.578938
31-07-2025,22.5,83.5,29.567535
31-07-2025,22.5,84.5,31.025808
31-07-2025,23.5,80.5,27.989399
31-07-2025,23.5,81.5,28.140192
31-07-2025,23.5,82.5,28.747934
31-07-2025,23.5,83.5,29.344772
31-07-2025,23.5,84.5,30.855238
31-07-2025,24.5,80.5,28.722242
31-07-2025,24.5,81.5,29.805843
31-07-2025,24.5,82.5,30.857029
31-07-2025,24.5,83.5,31.80596
31-07-2025,24.5,84.5,31.480743
01-08-2025,17.5,80.5,33.641006
01-08-2025,17.5,81.5,33.7018
01-08-2025,17.5,82.5,33.68375
01-08-2025,17.5,83.5,33.512722
01-08-2025,17.5,84.5,
01-08-2025,18.5,80.5,32.679996
01-08-2025,18.5,81.5,32.919785
01-08-2025,18.5,82.5,32.885582
01-08-2025,18.5,83.5,33.28317
01-08-2025,18.5,84.5,34.29161
01-08-2025,19.5,80.5,32.016983
01-08-2025,19.5,81.5,32.49555
01-08-2025,19.5,82.5,32.435688
01-08-2025,19.5,83.5,33.66132
01-08-2025,19.5,84.5,33.938377
01-08-2025,20.5,80.5,32.076653
01-08-2025,20.5,81.5,31.278696
01-08-2025,20.5,82.5,32.803627
01-08-2025,20.5,83.5,33.245434
01-08-2025,20.5,84.5,33.81342
01-08-2025,21.5,80.5,30.672588
01-08-2025,21.5,81.5,31.555216
01-08-2025,21.5,82.5,31.689545
01-08-2025,21.5,83.5,32.45801
01-08-2025,21.5,84.5,32.813534
01-08-2025,22.5,80.5,29.798471
01-08-2025,22.5,81.5,30.955608
01-08-2025,22.5,82.5,30.766556
01-08-2025,22.5,83.5,30.983116
01-08-2025,22.5,84.5,32.189903
01-08-2025,23.5,80.5,30.084932
01-08-2025,23.5,81.5,29.8672
01-08-2025,23.5,82.5,30.878471
01-08-2025,23.5,83.5,30.995245
01-08-2025,23.5,84.5,32.61925
01-08-2025,24.5,80.5,30.790506
01-08-2025,24.5,81.5,31.318153
01-08-2025,24.5,82.5,32.017776
01-08-2025,24.5,83.5,32.853092
01-08-2025,24.5,84.5,33.79727
02-08-2025,17.5,80.5,34.29781
02-08-2025,17.5,81.5,34.188255
02-08-2025,17.5,82.5,34.1763
02-08-2025,17.5,83.5,33.896004
02-08-2025,17.5,84.5,
02-08-2025,18.5,80.5,33.25226
02-08-2025,18.5,81.5,33.530766
02-08-2025,18.5,82.5,33.48322
02-08-2025,18.5,83.5,33.590416
02-08-2025,18.5,84.5,34.176678
02-08-2025,19.5,80.5,32.81385
02-08-2025,19.5,81.5,33.001
02-08-2025,19.5,82.5,32.374966
02-08-2025,19.5,83.5,33.63261
02-08-2025,19.5,84.5,33.74636
02-08-2025,20.5,80.5,32.313446
02-08-2025,20.5,81.5,31.051983
02-08-2025,20.5,82.5,32.338406
02-08-2025,20.5,83.5,32.838737
02-08-2025,20.5,84.5,33.574753
02-08-2025,21.5,80.5,31.234293
02-08-2025,21.5,81.5,30.929943
02-08-2025,21.5,82.5,30.81906
02-08-2025,21.5,83.5,31.83013
02-08-2025,21.5,84.5,32.424934
02-08-2025,22.5,80.5,29.636955
02-08-2025,22.5,81.5,29.78501
02-08-2025,22.5,82.5,29.64051
02-08-2025,22.5,83.5,29.717573
02-08-2025,22.5,84.5,31.227303
02-08-2025,23.5,80.5,29.345572
02-08-2025,23.5,81.5,28.814703
02-08-2025,23.5,82.5,29.154919
02-08-2025,23.5,83.5,29.11287
02-08-2025,23.5,84.5,31.172846
02-08-2025,24.5,80.5,30.15802
02-08-2025,24.5,81.5,30.425888
02-08-2025,24.5,82.5,30.267424
02-08-2025,24.5,83.5,31.048977
02-08-2025,24.5,84.5,31.88837
03-08-2025,17.5,80.5,34.668583
03-08-2025,17.5,81.5,34.440834
03-08-2025,17.5,82.5,34.1334
03-08-2025,17.5,83.5,33.507835
03-08-2025,17.5,84.5,
03-08-2025,18.5,80.5,33.222065
03-08-2025,18.5,81.5,33.651775
03-08-2025,18.5,82.5,33.65433
03-08-2025,18.5,83.5,33.07278
03-08-2025,18.5,84.5,34.26005
03-08-2025,19.5,80.5,32.813957
03-08-2025,19.5,81.5,33.144505
03-08-2025,19.5,82.5,33.171356
03-08-2025,19.5,83.5,33.686348
03-08-2025,19.5,84.5,33.546165
03-08-2025,20.5,80.5,32.825573
03-08-2025,20.5,81.5,32.22919
03-08-2025,20.5,82.5,32.822346
03-08-2025,20.5,83.5,32.714325
03-08-2025,20.5,84.5,33.253513
03-08-2025,21.5,80.5,31.699532
03-08-2025,21.5,81.5,31.684135
03-08-2025,21.5,82.5,31.438005
03-08-2025,21.5,83.5,31.47574
03-08-2025,21.5,84.5,32.00092
03-08-2025,22.5,80.5,29.988863
03-08-2025,22.5,81.5,30.735243
03-08-2025,22.5,82.5,29.902533
03-08-2025,22.5,83.5,30.02083
03-08-2025,22.5,84.5,30.779308
03-08-2025,23.5,80.5,29.204369
03-08-2025,23.5,81.5,28.3934
03-08-2025,23.5,82.5,29.27285
03-08-2025,23.5,83.5,29.193775
03-08-2025,23.5,84.5,30.94065
03-08-2025,24.5,80.5,29.559608
03-08-2025,24.5,81.5,29.458527
03-08-2025,24.5,82.5,29.087711
03-08-2025,24.5,83.5,29.42155
03-08-2025,24.5,84.5,30.59373
04-08-2025,17.5,80.5,34.215916
04-08-2025,17.5,81.5,33.86078
04-08-2025,17.5,82.5,33.68768
04-08-2025,17.5,83.5,33.152035
04-08-2025,17.5,84.5,
04-08-2025,18.5,80.5,33.39185
04-08-2025,18.5,81.5,33.328205
04-08-2025,18.5,82.5,33.15893
04-08-2025,18.5,83.5,32.68626
04-08-2025,18.5,84.5,33.6734
04-08-2025,19.5,80.5,33.41964
04-08-2025,19.5,81.5,32.7359
04-08-2025,19.5,82.5,32.6516
04-08-2025,19.5,83.5,33.222878
04-08-2025,19.5,84.5,33.310844
04-08-2025,20.5,80.5,33.404705
04-08-2025,20.5,81.5,32.947647
04-08-2025,20.5,82.5,33.320755
04-08-2025,20.5,83.5,33.395573
04-08-2025,20.5,84.5,33.23033
04-08-2025,21.5,80.5,33.211224
04-08-2025,21.5,81.5,33.070107
04-08-2025,21.5,82.5,32.911484
04-08-2025,21.5,83.5,32.435955
04-08-2025,21.5,84.5,32.553555
04-08-2025,22.5,80.5,31.548515
04-08-2025,22.5,81.5,32.281567
04-08-2025,22.5,82.5,31.53687
04-08-2025,22.5,83.5,31.669813
04-08-2025,22.5,84.5,31.933973
04-08-2025,23.5,80.5,30.558546
04-08-2025,23.5,81.5,29.394793
04-08-2025,23.5,82.5,30.239508
04-08-2025,23.5,83.5,30.443203
04-08-2025,23.5,84.5,31.569729
04-08-2025,24.5,80.5,29.160164
04-08-2025,24.5,81.5,29.813591
04-08-2025,24.5,82.5,29.937325
04-08-2025,24.5,83.5,30.120768
04-08-2025,24.5,84.5,31.41171
05-08-2025,17.5,80.5,33.73138
05-08-2025,17.5,81.5,33.398724
05-08-2025,17.5,82.5,33.39909
05-08-2025,17.5,83.5,33.443535
05-08-2025,17.5,84.5,
05-08-2025,18.5,80.5,32.817856
05-08-2025,18.5,81.5,33.2128
05-08-2025,18.5,82.5,32.912106
05-08-2025,18.5,83.5,33.29632
05-08-2025,18.5,84.5,34.599922
05-08-2025,19.5,80.5,33.333813
05-08-2025,19.5,81.5,32.41738
05-08-2025,19.5,82.5,33.36806
05-08-2025,19.5,83.5,34.260746
05-08-2025,19.5,84.5,34.61635
05-08-2025,20.5,80.5,33.841248
05-08-2025,20.5,81.5,33.38439
05-08-2025,20.5,82.5,33.710674
05-08-2025,20.5,83.5,34.319813
05-08-2025,20.5,84.5,34.82055
05-08-2025,21.5,80.5,33.897293
05-08-2025,21.5,81.5,33.733963
05-08-2025,21.5,82.5,33.835354
05-08-2025,21.5,83.5,33.432247
05-08-2025,21.5,84.5,34.03327
05-08-2025,22.5,80.5,33.000366
05-08-2025,22.5,81.5,33.283714
05-08-2025,22.5,82.5,32.633877
05-08-2025,22.5,83.5,32.582947
05-08-2025,22.5,84.5,32.87216
05-08-2025,23.5,80.5,32.92663
05-08-2025,23.5,81.5,32.472183
05-08-2025,23.5,82.5,32.488117
05-08-2025,23.5,83.5,32.24538
05-08-2025,23.5,84.5,33.49149
05-08-2025,24.5,80.5,32.46831
05-08-2025,24.5,81.5,33.359573
05-08-2025,24.5,82.5,33.07458
05-08-2025,24.5,83.5,32.84213
05-08-2025,24.5,84.5,33.63923
06-08-2025,17.5,80.5,33.494606
06-08-2025,17.5,81.5,33.013245
06-08-2025,17.5,82.5,33.1796
06-08-2025,17.5,83.5,33.161686
06-08-2025,17.5,84.5,
06-08-2025,18.5,80.5,32.418655
06-08-2025,18.5,81.5,32.907604
06-08-2025,18.5,82.5,32.367992
06-08-2025,18.5,83.5,32.67425
06-08-2025,18.5,84.5,33.73258
06-08-2025,19.5,80.5,33.226692
06-08-2025,19.5,81.5,32.31276
06-08-2025,19.5,82.5,32.78117
06-08-2025,19.5,83.5,33.57055
06-08-2025,19.5,84.5,33.618034
06-08-2025,20.5,80.5,34.143738
06-08-2025,20.5,81.5,33.033566
06-08-2025,20.5,82.5,33.48817
06-08-2025,20.5,83.5,33.73421
06-08-2025,20.5,84.5,33.31949
06-08-2025,21.5,80.5,33.685535
06-08-2025,21.5,81.5,33.80581
06-08-2025,21.5,82.5,33.82693
06-08-2025,21.5,83.5,33.19857
06-08-2025,21.5,84.5,33.165344
06-08-2025,22.5,80.5,33.107265
06-08-2025,22.5,81.5,33.58665
06-08-2025,22.5,82.5,33.06623
06-08-2025,22.5,83.5,32.749542
06-08-2025,22.5,84.5,32.90273
06-08-2025,23.5,80.5,33.116814
06-08-2025,23.5,81.5,32.80509
06-08-2025,23.5,82.5,33.027294
06-08-2025,23.5,83.5,32.411415
06-08-2025,23.5,84.5,32.810364
06-08-2025,24.5,80.5,33.752106
06-08-2025,24.5,81.5,34.336277
06-08-2025,24.5,82.5,33.505733
06-08-2025,24.5,83.5,33.197277
06-08-2025,24.5,84.5,32.6911
07-08-2025,17.5,80.5,32.619186
07-08-2025,17.5,81.5,32.42409
07-08-2025,17.5,82.5,32.848553
07-08-2025,17.5,83.5,33.232185
07-08-2025,17.5,84.5,
07-08-2025,18.5,80.5,31.334602
07-08-2025,18.5,81.5,32.066666
07-08-2025,18.5,82.5,31.99858
07-08-2025,18.5,83.5,32.873352
07-08-2025,18.5,84.5,34.031563
07-08-2025,19.5,80.5,31.821724
07-08-2025,19.5,81.5,31.185913
07-08-2025,19.5,82.5,32.35497
07-08-2025,19.5,83.5,33.629875
07-08-2025,19.5,84.5,33.85154
07-08-2025,20.5,80.5,32.98619
07-08-2025,20.5,81.5,32.715996
07-08-2025,20.5,82.5,33.61024
07-08-2025,20.5,83.5,34.037613
07-08-2025,20.5,84.5,33.512535
07-08-2025,21.5,80.5,33.39148
07-08-2025,21.5,81.5,33.88616
07-08-2025,21.5,82.5,34.06046
07-08-2025,21.5,83.5,33.317867
07-08-2025,21.5,84.5,32.924515
07-08-2025,22.5,80.5,32.945847
07-08-2025,22.5,81.5,33.48829
07-08-2025,22.5,82.5,33.21355
07-08-2025,22.5,83.5,32.75803
07-08-2025,22.5,84.5,32.730396
07-08-2025,23.5,80.5,33.386395
07-08-2025,23.5,81.5,33.00445
07-08-2025,23.5,82.5,33.63949
07-08-2025,23.5,83.5,32.666843
07-08-2025,23.5,84.5,32.504776
07-08-2025,24.5,80.5,34.68276
07-08-2025,24.5,81.5,35.063526
07-08-2025,24.5,82.5,34.21282
07-08-2025,24.5,83.5,33.944313
07-08-2025,24.5,84.5,32.918648
08-08-2025,17.5,80.5,30.412521
08-08-2025,17.5,81.5,30.771084
08-08-2025,17.5,82.5,30.219301
08-08-2025,17.5,83.5,29.996246
08-08-2025,17.5,84.5,
08-08-2025,18.5,80.5,29.120127
08-08-2025,18.5,81.5,29.844107
08-08-2025,18.5,82.5,29.74487
08-08-2025,18.5,83.5,29.397387
08-08-2025,18.5,84.5,30.475662
08-08-2025,19.5,80.5,28.264128
08-08-2025,19.5,81.5,28.521925
08-08-2025,19.5,82.5,28.916746
08-08-2025,19.5,83.5,29.758701
08-08-2025,19.5,84.5,29.626677
08-08-2025,20.5,80.5,28.857191
08-08-2025,20.5,81.5,28.20161
08-08-2025,20.5,82.5,29.513311
08-08-2025,20.5,83.5,29.477942
08-08-2025,20.5,84.5,29.271235
08-08-2025,21.5,80.5,29.813707
08-08-2025,21.5,81.5,28.950813
08-08-2025,21.5,82.5,29.519106
08-08-2025,21.5,83.5,28.572498
08-08-2025,21.5,84.5,28.25238
08-08-2025,22.5,80.5,29.689022
08-08-2025,22.5,81.5,28.628937
08-08-2025,22.5,82.5,28.561993
08-08-2025,22.5,83.5,28.314573
08-08-2025,22.5,84.5,29.01725
08-08-2025,23.5,80.5,29.616575
08-08-2025,23.5,81.5,28.776556
08-08-2025,23.5,82.5,29.180803
08-08-2025,23.5,83.5,28.413671
08-08-2025,23.5,84.5,29.229683
08-08-2025,24.5,80.5,29.862812
08-08-2025,24.5,81.5,30.305054
08-08-2025,24.5,82.5,30.146475
08-08-2025,24.5,83.5,30.289446
08-08-2025,24.5,84.5,30.520853
09-08-2025,17.5,80.5,31.365343
09-08-2025,17.5,81.5,31.838171
09-08-2025,17.5,82.5,32.166744
09-08-2025,17.5,83.5,32.363525
09-08-2025,17.5,84.5,
09-08-2025,18.5,80.5,30.481869
09-08-2025,18.5,81.5,31.250221
09-08-2025,18.5,82.5,31.568037
09-08-2025,18.5,83.5,32.083416
09-08-2025,18.5,84.5,33.490112
09-08-2025,19.5,80.5,30.29356
09-08-2025,19.5,81.5,30.224253
09-08-2025,19.5,82.5,31.60746
09-08-2025,19.5,83.5,32.84582
09-08-2025,19.5,84.5,33.241604
09-08-2025,20.5,80.5,30.793726
09-08-2025,20.5,81.5,30.875761
09-08-2025,20.5,82.5,32.23237
09-08-2025,20.5,83.5,32.695827
09-08-2025,20.5,84.5,33.161694
09-08-2025,21.5,80.5,30.588129
09-08-2025,21.5,81.5,31.470512
09-08-2025,21.5,82.5,31.80539
09-08-2025,21.5,83.5,31.885403
09-08-2025,21.5,84.5,32.760563
09-08-2025,22.5,80.5,30.695055
09-08-2025,22.5,81.5,31.374481
09-08-2025,22.5,82.5,31.358347
09-08-2025,22.5,83.5,31.427977
09-08-2025,22.5,84.5,32.59284
09-08-2025,23.5,80.5,30.860834
09-08-2025,23.5,81.5,30.511982
09-08-2025,23.5,82.5,31.625427
09-08-2025,23.5,83.5,31.209318
09-08-2025,23.5,84.5,32.895363
09-08-2025,24.5,80.5,31.75897
09-08-2025,24.5,81.5,32.321835
09-08-2025,24.5,82.5,32.550877
09-08-2025,24.5,83.5,32.34218
09-08-2025,24.5,84.5,32.674965
10-08-2025,17.5,80.5,31.165817
10-08-2025,17.5,81.5,30.856255
10-08-2025,17.5,82.5,31.497265
10-08-2025,17.5,83.5,31.48309
10-08-2025,17.5,84.5,
10-08-2025,18.5,80.5,30.963518
10-08-2025,18.5,81.5,31.379053
10-08-2025,18.5,82.5,30.943726
10-08-2025,18.5,83.5,31.600605
10-08-2025,18.5,84.5,33.31001
10-08-2025,19.5,80.5,31.972847
10-08-2025,19.5,81.5,31.022867
10-08-2025,19.5,82.5,31.857426
10-08-2025,19.5,83.5,32.889126
10-08-2025,19.5,84.5,33.573566
10-08-2025,20.5,80.5,32.66368
10-08-2025,20.5,81.5,32.31934
10-08-2025,20.5,82.5,33.17017
10-08-2025,20.5,83.5,33.501965
10-08-2025,20.5,84.5,33.532646
10-08-2025,21.5,80.5,32.01863
10-08-2025,21.5,81.5,33.25016
10-08-2025,21.5,82.5,33.350327
10-08-2025,21.5,83.5,33.04542
10-08-2025,21.5,84.5,33.42986
10-08-2025,22.5,80.5,31.583838
10-08-2025,22.5,81.5,32.975006
10-08-2025,22.5,82.5,32.851765
10-08-2025,22.5,83.5,33.286392
10-08-2025,22.5,84.5,33.661957
10-08-2025,23.5,80.5,31.67172
10-08-2025,23.5,81.5,31.604378
10-08-2025,23.5,82.5,33.031986
10-08-2025,23.5,83.5,33.16744
10-08-2025,23.5,84.5,34.184925
10-08-2025,24.5,80.5,32.505096
10-08-2025,24.5,81.5,33.210175
10-08-2025,24.5,82.5,33.683125
10-08-2025,24.5,83.5,33.84285
10-08-2025,24.5,84.5,34.437057
11-08-2025,17.5,80.5,30.686306
11-08-2025,17.5,81.5,30.698605
11-08-2025,17.5,82.5,31.656263
11-08-2025,17.5,83.5,32.691677
11-08-2025,17.5,84.5,
11-08-2025,18.5,80.5,30.766329
11-08-2025,18.5,81.5,32.03564
11-08-2025,18.5,82.5,31.880037
11-08-2025,18.5,83.5,32.8758
11-08-2025,18.5,84.5,34.27743
11-08-2025,19.5,80.5,31.96816
11-08-2025,19.5,81.5,31.626833
11-08-2025,19.5,82.5,32.35507
11-08-2025,19.5,83.5,33.97782
11-08-2025,19.5,84.5,34.41175
11-08-2025,20.5,80.5,32.384098
11-08-2025,20.5,81.5,32.197147
11-08-2025,20.5,82.5,33.217182
11-08-2025,20.5,83.5,34.07003
11-08-2025,20.5,84.5,34.44857
11-08-2025,21.5,80.5,31.793262
11-08-2025,21.5,81.5,32.96306
11-08-2025,21.5,82.5,33.131264
11-08-2025,21.5,83.5,33.56664
11-08-2025,21.5,84.5,33.84905
11-08-2025,22.5,80.5,31.22851
11-08-2025,22.5,81.5,32.54713
11-08-2025,22.5,82.5,32.457863
11-08-2025,22.5,83.5,32.699722
11-08-2025,22.5,84.5,33.05414
11-08-2025,23.5,80.5,30.97889
11-08-2025,23.5,81.5,30.988361
11-08-2025,23.5,82.5,32.711914
11-08-2025,23.5,83.5,32.309483
11-08-2025,23.5,84.5,33.320644
11-08-2025,24.5,80.5,31.33233
11-08-2025,24.5,81.5,32.137596
11-08-2025,24.5,82.5,32.603195
11-08-2025,24.5,83.5,32.43014
11-08-2025,24.5,84.5,33.251534
12-08-2025,17.5,80.5,31.092764
12-08-2025,17.5,81.5,31.782066
12-08-2025,17.5,82.5,32.672935
12-08-2025,17.5,83.5,33.265232
12-08-2025,17.5,84.5,
12-08-2025,18.5,80.5,31.015514
12-08-2025,18.5,81.5,32.214264
12-08-2025,18.5,82.5,32.26226
12-08-2025,18.5,83.5,33.37525
12-08-2025,18.5,84.5,34.91443
12-08-2025,19.5,80.5,31.314037
12-08-2025,19.5,81.5,31.54434
12-08-2025,19.5,82.5,32.977886
12-08-2025,19.5,83.5,34.440662
12-08-2025,19.5,84.5,34.841454
12-08-2025,20.5,80.5,32.240974
12-08-2025,20.5,81.5,32.217915
12-08-2025,20.5,82.5,34.206654
12-08-2025,20.5,83.5,34.757164
12-08-2025,20.5,84.5,34.794624
12-08-2025,21.5,80.5,31.627314
12-08-2025,21.5,81.5,33.10938
12-08-2025,21.5,82.5,33.341827
12-08-2025,21.5,83.5,34.2002
12-08-2025,21.5,84.5,34.371708
12-08-2025,22.5,80.5,31.164333
12-08-2025,22.5,81.5,32.501602
12-08-2025,22.5,82.5,32.714165
12-08-2025,22.5,83.5,33.46003
12-08-2025,22.5,84.5,34.08229
12-08-2025,23.5,80.5,31.229593
12-08-2025,23.5,81.5,31.1533
12-08-2025,23.5,82.5,33.103497
12-08-2025,23.5,83.5,33.513824
12-08-2025,23.5,84.5,34.450573
12-08-2025,24.5,80.5,32.195454
12-08-2025,24.5,81.5,33.240124
12-08-2025,24.5,82.5,33.675243
12-08-2025,24.5,83.5,34.112186
12-08-2025,24.5,84.5,34.24214
13-08-2025,17.5,80.5,28.2743
13-08-2025,17.5,81.5,28.955479
13-08-2025,17.5,82.5,30.411022
13-08-2025,17.5,83.5,31.437927
13-08-2025,17.5,84.5,
13-08-2025,18.5,80.5,28.107298
13-08-2025,18.5,81.5,29.572132
13-08-2025,18.5,82.5,30.052645
13-08-2025,18.5,83.5,31.587498
13-08-2025,18.5,84.5,33.525307
13-08-2025,19.5,80.5,28.265347
13-08-2025,19.5,81.5,28.690428
13-08-2025,19.5,82.5,30.931192
13-08-2025,19.5,83.5,32.894188
13-08-2025,19.5,84.5,33.294403
13-08-2025,20.5,80.5,29.487614
13-08-2025,20.5,81.5,29.30909
13-08-2025,20.5,82.5,32.089584
13-08-2025,20.5,83.5,32.908253
13-08-2025,20.5,84.5,33.274002
13-08-2025,21.5,80.5,28.876469
13-08-2025,21.5,81.5,30.660074
13-08-2025,21.5,82.5,31.234947
13-08-2025,21.5,83.5,31.983814
13-08-2025,21.5,84.5,32.363174
13-08-2025,22.5,80.5,28.530972
13-08-2025,22.5,81.5,30.265419
13-08-2025,22.5,82.5,30.767437
13-08-2025,22.5,83.5,30.453762
13-08-2025,22.5,84.5,31.03157
13-08-2025,23.5,80.5,29.554789
13-08-2025,23.5,81.5,29.302265
13-08-2025,23.5,82.5,30.834366
13-08-2025,23.5,83.5,30.415852
13-08-2025,23.5,84.5,30.870504
13-08-2025,24.5,80.5,30.908989
13-08-2025,24.5,81.5,31.752407
13-08-2025,24.5,82.5,30.24621
13-08-2025,24.5,83.5,29.835743
13-08-2025,24.5,84.5,30.018457
14-08-2025,17.5,80.5,29.06005
14-08-2025,17.5,81.5,29.134785
14-08-2025,17.5,82.5,29.638027
14-08-2025,17.5,83.5,29.707405
14-08-2025,17.5,84.5,
14-08-2025,18.5,80.5,28.53075
14-08-2025,18.5,81.5,29.513947
14-08-2025,18.5,82.5,29.183441
14-08-2025,18.5,83.5,29.666006
14-08-2025,18.5,84.5,31.146637
14-08-2025,19.5,80.5,29.278627
14-08-2025,19.5,81.5,28.924776
14-08-2025,19.5,82.5,29.47247
14-08-2025,19.5,83.5,30.523386
14-08-2025,19.5,84.5,31.00716
14-08-2025,20.5,80.5,30.774742
14-08-2025,20.5,81.5,29.69941
14-08-2025,20.5,82.5,30.53846
14-08-2025,20.5,83.5,30.786198
14-08-2025,20.5,84.5,30.924257
14-08-2025,21.5,80.5,31.173311
14-08-2025,21.5,81.5,30.948809
14-08-2025,21.5,82.5,31.278542
14-08-2025,21.5,83.5,30.71085
14-08-2025,21.5,84.5,31.157295
14-08-2025,22.5,80.5,31.521568
14-08-2025,22.5,81.5,31.276424
14-08-2025,22.5,82.5,31.345171
14-08-2025,22.5,83.5,30.802614
14-08-2025,22.5,84.5,31.154839
14-08-2025,23.5,80.5,32.09434
14-08-2025,23.5,81.5,31.476572
14-08-2025,23.5,82.5,31.79943
14-08-2025,23.5,83.5,31.400677
14-08-2025,23.5,84.5,31.689442
14-08-2025,24.5,80.5,33.035717
14-08-2025,24.5,81.5,33.352184
14-08-2025,24.5,82.5,33.069622
14-08-2025,24.5,83.5,32.398678
14-08-2025,24.5,84.5,31.883734
15-08-2025,17.5,80.5,30.316427
15-08-2025,17.5,81.5,30.389402
15-08-2025,17.5,82.5,30.661606
15-08-2025,17.5,83.5,30.706123
15-08-2025,17.5,84.5,
15-08-2025,18.5,80.5,29.622385
15-08-2025,18.5,81.5,30.210281
15-08-2025,18.5,82.5,30.101233
15-08-2025,18.5,83.5,30.630732
15-08-2025,18.5,84.5,31.953575
15-08-2025,19.5,80.5,29.624706
15-08-2025,19.5,81.5,29.342768
15-08-2025,19.5,82.5,30.149765
15-08-2025,19.5,83.5,31.505442
15-08-2025,19.5,84.5,31.790272
15-08-2025,20.5,80.5,31.044876
15-08-2025,20.5,81.5,30.112814
15-08-2025,20.5,82.5,31.275331
15-08-2025,20.5,83.5,31.68046
15-08-2025,20.5,84.5,31.485
15-08-2025,21.5,80.5,31.402885
15-08-2025,21.5,81.5,31.547604
15-08-2025,21.5,82.5,31.9045
15-08-2025,21.5,83.5,31.248398
15-08-2025,21.5,84.5,31.13179
15-08-2025,22.5,80.5,31.897701
15-08-2025,22.5,81.5,31.733284
15-08-2025,22.5,82.5,31.804237
15-08-2025,22.5,83.5,31.472261
15-08-2025,22.5,84.5,31.745995
15-08-2025,23.5,80.5,32.62448
15-08-2025,23.5,81.5,32.13512
15-08-2025,23.5,82.5,33.161743
15-08-2025,23.5,83.5,32.471115
15-08-2025,23.5,84.5,32.976345
15-08-2025,24.5,80.5,33.785194
15-08-2025,24.5,81.5,34.156273
15-08-2025,24.5,82.5,34.092083
15-08-2025,24.5,83.5,33.40791
15-08-2025,24.5,84.5,33.334484
16-08-2025,17.5,80.5,29.051905
16-08-2025,17.5,81.5,29.293127
16-08-2025,17.5,82.5,30.119053
16-08-2025,17.5,83.5,30.316875
16-08-2025,17.5,84.5,
16-08-2025,18.5,80.5,28.021494
16-08-2025,18.5,81.5,29.29842
16-08-2025,18.5,82.5,29.520046
16-08-2025,18.5,83.5,30.246933
16-08-2025,18.5,84.5,31.759806
16-08-2025,19.5,80.5,28.679562
16-08-2025,19.5,81.5,28.57965
16-08-2025,19.5,82.5,29.905014
16-08-2025,19.5,83.5,31.28156
16-08-2025,19.5,84.5,31.712736
16-08-2025,20.5,80.5,30.13136
16-08-2025,20.5,81.5,29.84527
16-08-2025,20.5,82.5,31.172953
16-08-2025,20.5,83.5,31.610823
16-08-2025,20.5,84.5,31.729261
16-08-2025,21.5,80.5,30.381601
16-08-2025,21.5,81.5,31.280281
16-08-2025,21.5,82.5,31.806183
16-08-2025,21.5,83.5,31.795391
16-08-2025,21.5,84.5,31.860134
16-08-2025,22.5,80.5,31.243484
16-08-2025,22.5,81.5,31.573606
16-08-2025,22.5,82.5,32.03333
16-08-2025,22.5,83.5,32.084885
16-08-2025,22.5,84.5,32.169594
16-08-2025,23.5,80.5,32.027943
16-08-2025,23.5,81.5,31.63121
16-08-2025,23.5,82.5,33.038628
16-08-2025,23.5,83.5,32.738438
16-08-2025,23.5,84.5,32.990192
16-08-2025,24.5,80.5,33.644012
16-08-2025,24.5,81.5,34.061768
16-08-2025,24.5,82.5,34.61352
16-08-2025,24.5,83.5,34.51526
16-08-2025,24.5,84.5,34.08533
17-08-2025,17.5,80.5,28.406742
17-08-2025,17.5,81.5,27.950516
17-08-2025,17.5,82.5,28.79819
17-08-2025,17.5,83.5,28.779018
17-08-2025,17.5,84.5,
17-08-2025,18.5,80.5,28.46842
17-08-2025,18.5,81.5,28.688988
17-08-2025,18.5,82.5,28.107857
17-08-2025,18.5,83.5,28.771847
17-08-2025,18.5,84.5,30.420586
17-08-2025,19.5,80.5,29.532066
17-08-2025,19.5,81.5,27.670147
17-08-2025,19.5,82.5,28.825735
17-08-2025,19.5,83.5,30.086851
17-08-2025,19.5,84.5,30.928358
17-08-2025,20.5,80.5,30.741331
17-08-2025,20.5,81.5,30.487186
17-08-2025,20.5,82.5,30.945242
17-08-2025,20.5,83.5,31.79871
17-08-2025,20.5,84.5,31.476215
17-08-2025,21.5,80.5,31.184107
17-08-2025,21.5,81.5,31.983723
17-08-2025,21.5,82.5,32.642956
17-08-2025,21.5,83.5,32.209366
17-08-2025,21.5,84.5,31.84637
17-08-2025,22.5,80.5,32.041504
17-08-2025,22.5,81.5,32.612846
17-08-2025,22.5,82.5,33.210228
17-08-2025,22.5,83.5,33.08471
17-08-2025,22.5,84.5,32.698223
17-08-2025,23.5,80.5,32.92336
17-08-2025,23.5,81.5,32.861988
17-08-2025,23.5,82.5,34.31213
17-08-2025,23.5,83.5,33.77515
17-08-2025,23.5,84.5,34.103615
17-08-2025,24.5,80.5,34.30781
17-08-2025,24.5,81.5,35.06909
17-08-2025,24.5,82.5,35.409065
17-08-2025,24.5,83.5,34.786674
17-08-2025,24.5,84.5,34.95037
18-08-2025,17.5,80.5,26.548956
18-08-2025,17.5,81.5,26.452408
18-08-2025,17.5,82.5,27.132895
18-08-2025,17.5,83.5,28.02048
18-08-2025,17.5,84.5,
18-08-2025,18.5,80.5,26.412296
18-08-2025,18.5,81.5,27.013948
18-08-2025,18.5,82.5,26.377924
18-08-2025,18.5,83.5,27.962177
18-08-2025,18.5,84.5,29.546507
18-08-2025,19.5,80.5,27.95789
18-08-2025,19.5,81.5,26.33307
18-08-2025,19.5,82.5,27.684954
18-08-2025,19.5,83.5,29.130033
18-08-2025,19.5,84.5,29.854582
18-08-2025,20.5,80.5,29.938963
18-08-2025,20.5,81.5,29.329493
18-08-2025,20.5,82.5,29.357233
18-08-2025,20.5,83.5,30.133362
18-08-2025,20.5,84.5,30.15094
18-08-2025,21.5,80.5,31.379879
18-08-2025,21.5,81.5,30.568146
18-08-2025,21.5,82.5,30.92193
18-08-2025,21.5,83.5,30.351748
18-08-2025,21.5,84.5,30.31385
18-08-2025,22.5,80.5,31.840805
18-08-2025,22.5,81.5,31.107216
18-08-2025,22.5,82.5,30.906378
18-08-2025,22.5,83.5,30.71797
18-08-2025,22.5,84.5,30.84011
18-08-2025,23.5,80.5,31.87574
18-08-2025,23.5,81.5,31.442055
18-08-2025,23.5,82.5,31.892315
18-08-2025,23.5,83.5,31.48223
18-08-2025,23.5,84.5,32.46035
18-08-2025,24.5,80.5,32.80434
18-08-2025,24.5,81.5,33.22031
18-08-2025,24.5,82.5,33.8119
18-08-2025,24.5,83.5,33.613476
18-08-2025,24.5,84.5,33.78858
19-08-2025,17.5,80.5,26.70734
19-08-2025,17.5,81.5,27.125084
19-08-2025,17.5,82.5,27.863342
19-08-2025,17.5,83.5,28.717962
19-08-2025,17.5,84.5,
19-08-2025,18.5,80.5,26.425812
19-08-2025,18.5,81.5,27.329266
19-08-2025,18.5,82.5,27.48504
19-08-2025,18.5,83.5,28.80928
19-08-2025,18.5,84.5,30.03983
19-08-2025,19.5,80.5,26.65118
19-08-2025,19.5,81.5,26.275618
19-08-2025,19.5,82.5,27.63123
19-08-2025,19.5,83.5,29.655031
19-08-2025,19.5,84.5,30.073473
19-08-2025,20.5,80.5,28.254417
19-08-2025,20.5,81.5,28.252453
19-08-2025,20.5,82.5,29.341225
19-08-2025,20.5,83.5,30.332563
19-08-2025,20.5,84.5,30.11898
19-08-2025,21.5,80.5,29.224817
19-08-2025,21.5,81.5,29.546007
19-08-2025,21.5,82.5,30.547657
19-08-2025,21.5,83.5,30.277061
19-08-2025,21.5,84.5,30.092045
19-08-2025,22.5,80.5,30.656239
19-08-2025,22.5,81.5,30.330141
19-08-2025,22.5,82.5,30.50972
19-08-2025,22.5,83.5,30.134659
19-08-2025,22.5,84.5,30.510025
19-08-2025,23.5,80.5,31.47967
19-08-2025,23.5,81.5,31.085178
19-08-2025,23.5,82.5,31.99929
19-08-2025,23.5,83.5,31.320866
19-08-2025,23.5,84.5,31.532873
19-08-2025,24.5,80.5,33.042038
19-08-2025,24.5,81.5,33.437267
19-08-2025,24.5,82.5,33.27125
19-08-2025,24.5,83.5,32.81279
19-08-2025,24.5,84.5,31.926737
20-08-2025,17.5,80.5,30.678076
20-08-2025,17.5,81.5,30.553165
20-08-2025,17.5,82.5,30.598427
20-08-2025,17.5,83.5,30.504309
20-08-2025,17.5,84.5,
20-08-2025,18.5,80.5,29.99958
20-08-2025,18.5,81.5,30.215252
20-08-2025,18.5,82.5,30.142975
20-08-2025,18.5,83.5,30.291672
20-08-2025,18.5,84.5,31.484423
20-08-2025,19.5,80.5,29.151249
20-08-2025,19.5,81.5,28.938791
20-08-2025,19.5,82.5,29.368315
20-08-2025,19.5,83.5,30.853735
20-08-2025,19.5,84.5,31.129822
20-08-2025,20.5,80.5,29.31457
20-08-2025,20.5,81.5,28.717533
20-08-2025,20.5,82.5,29.906858
20-08-2025,20.5,83.5,30.91797
20-08-2025,20.5,84.5,31.018265
20-08-2025,21.5,80.5,28.780104
20-08-2025,21.5,81.5,29.146313
20-08-2025,21.5,82.5,30.310223
20-08-2025,21.5,83.5,31.009827
20-08-2025,21.5,84.5,30.598663
20-08-2025,22.5,80.5,28.878891
20-08-2025,22.5,81.5,29.44488
20-08-2025,22.5,82.5,30.379326
20-08-2025,22.5,83.5,30.428602
20-08-2025,22.5,84.5,30.8634
20-08-2025,23.5,80.5,30.031586
20-08-2025,23.5,81.5,30.313547
20-08-2025,23.5,82.5,31.410498
20-08-2025,23.5,83.5,31.216118
20-08-2025,23.5,84.5,31.494457
20-08-2025,24.5,80.5,31.743134
20-08-2025,24.5,81.5,32.341717
20-08-2025,24.5,82.5,32.778202
20-08-2025,24.5,83.5,32.59113
20-08-2025,24.5,84.5,32.11833
21-08-2025,17.5,80.5,31.825245
21-08-2025,17.5,81.5,31.234768
21-08-2025,17.5,82.5,31.018291
21-08-2025,17.5,83.5,30.144733
21-08-2025,17.5,84.5,
21-08-2025,18.5,80.5,31.363255
21-08-2025,18.5,81.5,31.36161
21-08-2025,18.5,82.5,30.687475
21-08-2025,18.5,83.5,29.62162
21-08-2025,18.5,84.5,30.471636
21-08-2025,19.5,80.5,31.092222
21-08-2025,19.5,81.5,30.573204
21-08-2025,19.5,82.5,29.82268
21-08-2025,19.5,83.5,30.105614
21-08-2025,19.5,84.5,29.978731
21-08-2025,20.5,80.5,30.880016
21-08-2025,20.5,81.5,29.673475
21-08-2025,20.5,82.5,30.075222
21-08-2025,20.5,83.5,29.786476
21-08-2025,20.5,84.5,29.564901
21-08-2025,21.5,80.5,30.455202
21-08-2025,21.5,81.5,29.794655
21-08-2025,21.5,82.5,30.368555
21-08-2025,21.5,83.5,29.619257
21-08-2025,21.5,84.5,29.329056
21-08-2025,22.5,80.5,29.630756
21-08-2025,22.5,81.5,30.063232
21-08-2025,22.5,82.5,30.21622
21-08-2025,22.5,83.5,29.933088
21-08-2025,22.5,84.5,29.993406
21-08-2025,23.5,80.5,29.857254
21-08-2025,23.5,81.5,30.287397
21-08-2025,23.5,82.5,31.169558
21-08-2025,23.5,83.5,30.862293
21-08-2025,23.5,84.5,31.447565
21-08-2025,24.5,80.5,30.537287
21-08-2025,24.5,81.5,31.85387
21-08-2025,24.5,82.5,32.57218
21-08-2025,24.5,83.5,32.039234
21-08-2025,24.5,84.5,32.252144
22-08-2025,17.5,80.5,31.335218
22-08-2025,17.5,81.5,31.250872
22-08-2025,17.5,82.5,30.802462
22-08-2025,17.5,83.5,30.134884
22-08-2025,17.5,84.5,
22-08-2025,18.5,80.5,30.741718
22-08-2025,18.5,81.5,30.839777
22-08-2025,18.5,82.5,30.492718
22-08-2025,18.5,83.5,29.195246
22-08-2025,18.5,84.5,29.786621
22-08-2025,19.5,80.5,30.112257
22-08-2025,19.5,81.5,29.768858
22-08-2025,19.5,82.5,28.845984
22-08-2025,19.5,83.5,29.19431
22-08-2025,19.5,84.5,28.73479
22-08-2025,20.5,80.5,30.1914
22-08-2025,20.5,81.5,28.67474
22-08-2025,20.5,82.5,29.037178
22-08-2025,20.5,83.5,28.80765
22-08-2025,20.5,84.5,28.088179
22-08-2025,21.5,80.5,29.638395
22-08-2025,21.5,81.5,28.737732
22-08-2025,21.5,82.5,28.656752
22-08-2025,21.5,83.5,27.74138
22-08-2025,21.5,84.5,26.992035
22-08-2025,22.5,80.5,28.904423
22-08-2025,22.5,81.5,28.876183
22-08-2025,22.5,82.5,28.196583
22-08-2025,22.5,83.5,27.54887
22-08-2025,22.5,84.5,27.1385
22-08-2025,23.5,80.5,29.444788
22-08-2025,23.5,81.5,29.432938
22-08-2025,23.5,82.5,29.62844
22-08-2025,23.5,83.5,29.082947
22-08-2025,23.5,84.5,28.926353
22-08-2025,24.5,80.5,31.294752
22-08-2025,24.5,81.5,31.747355
22-08-2025,24.5,82.5,31.888016
22-08-2025,24.5,83.5,31.517008
22-08-2025,24.5,84.5,31.187214
23-08-2025,17.5,80.5,31.778225
23-08-2025,17.5,81.5,31.729368
23-08-2025,17.5,82.5,31.776487
23-08-2025,17.5,83.5,31.41619
23-08-2025,17.5,84.5,
23-08-2025,18.5,80.5,31.197887
23-08-2025,18.5,81.5,31.451813
23-08-2025,18.5,82.5,31.127964
23-08-2025,18.5,83.5,30.564236
23-08-2025,18.5,84.5,31.339788
23-08-2025,19.5,80.5,30.586842
23-08-2025,19.5,81.5,30.426529
23-08-2025,19.5,82.5,29.117662
23-08-2025,19.5,83.5,30.283987
23-08-2025,19.5,84.5,30.132881
23-08-2025,20.5,80.5,29.839996
23-08-2025,20.5,81.5,27.182285
23-08-2025,20.5,82.5,28.23743
23-08-2025,20.5,83.5,28.6162
23-08-2025,20.5,84.5,29.55676
23-08-2025,21.5,80.5,28.7212
23-08-2025,21.5,81.5,26.930897
23-08-2025,21.5,82.5,26.896229
23-08-2025,21.5,83.5,27.117208
23-08-2025,21.5,84.5,27.687561
23-08-2025,22.5,80.5,27.245472
23-08-2025,22.5,81.5,26.792778
23-08-2025,22.5,82.5,26.176472
23-08-2025,22.5,83.5,25.975142
23-08-2025,22.5,84.5,26.735567
23-08-2025,23.5,80.5,27.684944
23-08-2025,23.5,81.5,27.586637
23-08-2025,23.5,82.5,26.854624
23-08-2025,23.5,83.5,26.623755
23-08-2025,23.5,84.5,27.665806
23-08-2025,24.5,80.5,29.616707
23-08-2025,24.5,81.5,29.740717
23-08-2025,24.5,82.5,29.431892
23-08-2025,24.5,83.5,29.13106
23-08-2025,24.5,84.5,28.60066
24-08-2025,17.5,80.5,31.977942
24-08-2025,17.5,81.5,31.533237
24-08-2025,17.5,82.5,30.69237
24-08-2025,17.5,83.5,29.885155
24-08-2025,17.5,84.5,
24-08-2025,18.5,80.5,31.04208
24-08-2025,18.5,81.5,30.57591
24-08-2025,18.5,82.5,29.995605
24-08-2025,18.5,83.5,28.999054
24-08-2025,18.5,84.5,29.652708
24-08-2025,19.5,80.5,29.74682
24-08-2025,19.5,81.5,29.212166
24-08-2025,19.5,82.5,28.07649
24-08-2025,19.5,83.5,28.94232
24-08-2025,19.5,84.5,28.874664
24-08-2025,20.5,80.5,28.679169
24-08-2025,20.5,81.5,26.316704
24-08-2025,20.5,82.5,27.426449
24-08-2025,20.5,83.5,27.627897
24-08-2025,20.5,84.5,28.38098
24-08-2025,21.5,80.5,27.401155
24-08-2025,21.5,81.5,25.89291
24-08-2025,21.5,82.5,26.239885
24-08-2025,21.5,83.5,26.804527
24-08-2025,21.5,84.5,27.237871
24-08-2025,22.5,80.5,26.022398
24-08-2025,22.5,81.5,25.479027
24-08-2025,22.5,82.5,25.377941
24-08-2025,22.5,83.5,25.740486
24-08-2025,22.5,84.5,26.783949
24-08-2025,23.5,80.5,26.052736
24-08-2025,23.5,81.5,26.18514
24-08-2025,23.5,82.5,25.879425
24-08-2025,23.5,83.5,25.921474
24-08-2025,23.5,84.5,27.302505
24-08-2025,24.5,80.5,27.706152
24-08-2025,24.5,81.5,28.25958
24-08-2025,24.5,82.5,28.482956
24-08-2025,24.5,83.5,28.860384
24-08-2025,24.5,84.5,28.441784
25-08-2025,17.5,80.5,32.035904
25-08-2025,17.5,81.5,31.292288
25-08-2025,17.5,82.5,30.362152
25-08-2025,17.5,83.5,29.270939
25-08-2025,17.5,84.5,
25-08-2025,18.5,80.5,31.084694
25-08-2025,18.5,81.5,30.163088
25-08-2025,18.5,82.5,29.535378
25-08-2025,18.5,83.5,28.647444
25-08-2025,18.5,84.5,29.196636
25-08-2025,19.5,80.5,29.55781
25-08-2025,19.5,81.5,28.855013
25-08-2025,19.5,82.5,28.544704
25-08-2025,19.5,83.5,29.279932
25-08-2025,19.5,84.5,28.993177
25-08-2025,20.5,80.5,29.147375
25-08-2025,20.5,81.5,27.837282
25-08-2025,20.5,82.5,28.59735
25-08-2025,20.5,83.5,28.72732
25-08-2025,20.5,84.5,28.915033
25-08-2025,21.5,80.5,28.414799
25-08-2025,21.5,81.5,28.21693
25-08-2025,21.5,82.5,28.82605
25-08-2025,21.5,83.5,29.053602
25-08-2025,21.5,84.5,29.635347
25-08-2025,22.5,80.5,28.617619
25-08-2025,22.5,81.5,28.579916
25-08-2025,22.5,82.5,28.976164
25-08-2025,22.5,83.5,29.203363
25-08-2025,22.5,84.5,30.175554
25-08-2025,23.5,80.5,29.436697
25-08-2025,23.5,81.5,29.626652
25-08-2025,23.5,82.5,30.084587
25-08-2025,23.5,83.5,29.34251
25-08-2025,23.5,84.5,30.531055
25-08-2025,24.5,80.5,30.312908
25-08-2025,24.5,81.5,31.02824
25-08-2025,24.5,82.5,31.308832
25-08-2025,24.5,83.5,31.112898
25-08-2025,24.5,84.5,30.725822
26-08-2025,17.5,80.5,28.446697
26-08-2025,17.5,81.5,27.5756
26-08-2025,17.5,82.5,27.275291
26-08-2025,17.5,83.5,27.314266
26-08-2025,17.5,84.5,
26-08-2025,18.5,80.5,27.790298
26-08-2025,18.5,81.5,27.098564
26-08-2025,18.5,82.5,26.617737
26-08-2025,18.5,83.5,27.107552
26-08-2025,18.5,84.5,28.64568
26-08-2025,19.5,80.5,28.770435
26-08-2025,19.5,81.5,26.716328
26-08-2025,19.5,82.5,26.994461
26-08-2025,19.5,83.5,28.391071
26-08-2025,19.5,84.5,29.240456
26-08-2025,20.5,80.5,29.72401
26-08-2025,20.5,81.5,28.98933
26-08-2025,20.5,82.5,28.079914
26-08-2025,20.5,83.5,29.339323
26-08-2025,20.5,84.5,30.011816
26-08-2025,21.5,80.5,30.243202
26-08-2025,21.5,81.5,29.986597
26-08-2025,21.5,82.5,30.201637
26-08-2025,21.5,83.5,30.437273
26-08-2025,21.5,84.5,31.296179
26-08-2025,22.5,80.5,30.898996
26-08-2025,22.5,81.5,30.514153
26-08-2025,22.5,82.5,30.620726
26-08-2025,22.5,83.5,30.487328
26-08-2025,22.5,84.5,31.656202
26-08-2025,23.5,80.5,30.90077
26-08-2025,23.5,81.5,30.981846
26-08-2025,23.5,82.5,31.409824
26-08-2025,23.5,83.5,30.825634
26-08-2025,23.5,84.5,32.10869
26-08-2025,24.5,80.5,31.792665
26-08-2025,24.5,81.5,32.42187
26-08-2025,24.5,82.5,32.98611
26-08-2025,24.5,83.5,32.97902
26-08-2025,24.5,84.5,32.552036
27-08-2025,17.5,80.5,27.402502
27-08-2025,17.5,81.5,27.870356
27-08-2025,17.5,82.5,28.622408
27-08-2025,17.5,83.5,28.342741
27-08-2025,17.5,84.5,
27-08-2025,18.5,80.5,27.051977
27-08-2025,18.5,81.5,28.10334
27-08-2025,18.5,82.5,27.857008
27-08-2025,18.5,83.5,28.58353
27-08-2025,18.5,84.5,30.13022
27-08-2025,19.5,80.5,28.892965
27-08-2025,19.5,81.5,27.902931
27-08-2025,19.5,82.5,28.949608
27-08-2025,19.5,83.5,30.065321
27-08-2025,19.5,84.5,30.547691
27-08-2025,20.5,80.5,30.663048
27-08-2025,20.5,81.5,29.986557
27-08-2025,20.5,82.5,30.436827
27-08-2025,20.5,83.5,30.948208
27-08-2025,20.5,84.5,30.93616
27-08-2025,21.5,80.5,31.74786
27-08-2025,21.5,81.5,31.561651
27-08-2025,21.5,82.5,31.64259
27-08-2025,21.5,83.5,30.900377
27-08-2025,21.5,84.5,31.31786
27-08-2025,22.5,80.5,32.34202
27-08-2025,22.5,81.5,31.70075
27-08-2025,22.5,82.5,31.643105
27-08-2025,22.5,83.5,31.581615
27-08-2025,22.5,84.5,32.3341
27-08-2025,23.5,80.5,32.949883
27-08-2025,23.5,81.5,32.633575
27-08-2025,23.5,82.5,32.53926
27-08-2025,23.5,83.5,32.054417
27-08-2025,23.5,84.5,32.869297
27-08-2025,24.5,80.5,33.761593
27-08-2025,24.5,81.5,34.327564
27-08-2025,24.5,82.5,34.267883
27-08-2025,24.5,83.5,34.253475
27-08-2025,24.5,84.5,33.325127
28-08-2025,17.5,80.5,28.629642
28-08-2025,17.5,81.5,28.976637
28-08-2025,17.5,82.5,29.351027
28-08-2025,17.5,83.5,29.635942
28-08-2025,17.5,84.5,
28-08-2025,18.5,80.5,27.946161
28-08-2025,18.5,81.5,29.10675
28-08-2025,18.5,82.5,28.969795
28-08-2025,18.5,83.5,29.508787
28-08-2025,18.5,84.5,30.729752
28-08-2025,19.5,80.5,28.862108
28-08-2025,19.5,81.5,28.9203
28-08-2025,19.5,82.5,29.41164
28-08-2025,19.5,83.5,30.571278
28-08-2025,19.5,84.5,30.858032
28-08-2025,20.5,80.5,30.900476
28-08-2025,20.5,81.5,29.72539
28-08-2025,20.5,82.5,30.762264
28-08-2025,20.5,83.5,31.201445
28-08-2025,20.5,84.5,30.88975
28-08-2025,21.5,80.5,31.531057
28-08-2025,21.5,81.5,31.160967
28-08-2025,21.5,82.5,31.42556
28-08-2025,21.5,83.5,30.946228
28-08-2025,21.5,84.5,30.99636
28-08-2025,22.5,80.5,31.779812
28-08-2025,22.5,81.5,31.104239
28-08-2025,22.5,82.5,31.512926
28-08-2025,22.5,83.5,30.806173
28-08-2025,22.5,84.5,30.869328
28-08-2025,23.5,80.5,32.543274
28-08-2025,23.5,81.5,31.898348
28-08-2025,23.5,82.5,32.14706
28-08-2025,23.5,83.5,31.323824
28-08-2025,23.5,84.5,31.482037
28-08-2025,24.5,80.5,33.821453
28-08-2025,24.5,81.5,34.22401
28-08-2025,24.5,82.5,33.53653
28-08-2025,24.5,83.5,33.261284
28-08-2025,24.5,84.5,32.587948
29-08-2025,17.5,80.5,30.664576
29-08-2025,17.5,81.5,30.2512
29-08-2025,17.5,82.5,30.351109
29-08-2025,17.5,83.5,29.87493
29-08-2025,17.5,84.5,
29-08-2025,18.5,80.5,29.991714
29-08-2025,18.5,81.5,30.162035
29-08-2025,18.5,82.5,29.658443
29-08-2025,18.5,83.5,29.66786
29-08-2025,18.5,84.5,31.22394
29-08-2025,19.5,80.5,30.081642
29-08-2025,19.5,81.5,29.650967
29-08-2025,19.5,82.5,29.694742
29-08-2025,19.5,83.5,30.9523
29-08-2025,19.5,84.5,31.103031
29-08-2025,20.5,80.5,31.195665
29-08-2025,20.5,81.5,30.276562
29-08-2025,20.5,82.5,30.846659
29-08-2025,20.5,83.5,31.132206
29-08-2025,20.5,84.5,31.209967
29-08-2025,21.5,80.5,31.053326
29-08-2025,21.5,81.5,31.677126
29-08-2025,21.5,82.5,31.605774
29-08-2025,21.5,83.5,31.21516
29-08-2025,21.5,84.5,31.664003
29-08-2025,22.5,80.5,31.314838
29-08-2025,22.5,81.5,31.736862
29-08-2025,22.5,82.5,31.894094
29-08-2025,22.5,83.5,31.663197
29-08-2025,22.5,84.5,32.005516
29-08-2025,23.5,80.5,31.864563
29-08-2025,23.5,81.5,31.591309
29-08-2025,23.5,82.5,32.485218
29-08-2025,23.5,83.5,32.021797
29-08-2025,23.5,84.5,33.027775
29-08-2025,24.5,80.5,33.29921
29-08-2025,24.5,81.5,33.64833
29-08-2025,24.5,82.5,33.586674
29-08-2025,24.5,83.5,32.824768
29-08-2025,24.5,84.5,32.948017
30-08-2025,17.5,80.5,30.985556
30-08-2025,17.5,81.5,30.762247
30-08-2025,17.5,82.5,31.388826
30-08-2025,17.5,83.5,31.016876
30-08-2025,17.5,84.5,
30-08-2025,18.5,80.5,30.29521
30-08-2025,18.5,81.5,30.798704
30-08-2025,18.5,82.5,30.38489
30-08-2025,18.5,83.5,30.850977
30-08-2025,18.5,84.5,31.85741
30-08-2025,19.5,80.5,30.229895
30-08-2025,19.5,81.5,29.647154
30-08-2025,19.5,82.5,30.083916
30-08-2025,19.5,83.5,31.479847
30-08-2025,19.5,84.5,31.548265
30-08-2025,20.5,80.5,30.773
30-08-2025,20.5,81.5,29.925316
30-08-2025,20.5,82.5,30.804962
30-08-2025,20.5,83.5,31.519464
30-08-2025,20.5,84.5,31.606424
30-08-2025,21.5,80.5,30.946074
30-08-2025,21.5,81.5,31.377754
30-08-2025,21.5,82.5,31.659386
30-08-2025,21.5,83.5,31.624704
30-08-2025,21.5,84.5,32.32266
30-08-2025,22.5,80.5,31.424383
30-08-2025,22.5,81.5,31.665346
30-08-2025,22.5,82.5,32.260777
30-08-2025,22.5,83.5,32.219738
30-08-2025,22.5,84.5,32.80401
30-08-2025,23.5,80.5,32.099525
30-08-2025,23.5,81.5,31.781086
30-08-2025,23.5,82.5,32.480816
30-08-2025,23.5,83.5,32.289516
30-08-2025,23.5,84.5,33.552547
30-08-2025,24.5,80.5,33.03877
30-08-2025,24.5,81.5,33.636
30-08-2025,24.5,82.5,33.764187
30-08-2025,24.5,83.5,33.393093
30-08-2025,24.5,84.5,33.676945
31-08-2025,17.5,80.5,31.25218
31-08-2025,17.5,81.5,31.288504
31-08-2025,17.5,82.5,31.329218
31-08-2025,17.5,83.5,30.659004
31-08-2025,17.5,84.5,
31-08-2025,18.5,80.5,30.649683
31-08-2025,18.5,81.5,30.362284
31-08-2025,18.5,82.5,30.363035
31-08-2025,18.5,83.5,30.346182
31-08-2025,18.5,84.5,31.570852
31-08-2025,19.5,80.5,30.469416
31-08-2025,19.5,81.5,29.48815
31-08-2025,19.5,82.5,30.305779
31-08-2025,19.5,83.5,31.438038
31-08-2025,19.5,84.5,31.740929
31-08-2025,20.5,80.5,30.767025
31-08-2025,20.5,81.5,29.874813
31-08-2025,20.5,82.5,30.407703
31-08-2025,20.5,83.5,31.076454
31-08-2025,20.5,84.5,32.03417
31-08-2025,21.5,80.5,30.677538
31-08-2025,21.5,81.5,30.921202
31-08-2025,21.5,82.5,31.041185
31-08-2025,21.5,83.5,30.916517
31-08-2025,21.5,84.5,32.115814
31-08-2025,22.5,80.5,30.799984
31-08-2025,22.5,81.5,30.954815
31-08-2025,22.5,82.5,31.205069
31-08-2025,22.5,83.5,31.216438
31-08-2025,22.5,84.5,32.209167
31-08-2025,23.5,80.5,31.99139
31-08-2025,23.5,81.5,31.851025
31-08-2025,23.5,82.5,31.848734
31-08-2025,23.5,83.5,31.41497
31-08-2025,23.5,84.5,33.31644
31-08-2025,24.5,80.5,33.09905
31-08-2025,24.5,81.5,33.64033
31-08-2025,24.5,82.5,33.280327
31-08-2025,24.5,83.5,32.954647
31-08-2025,24.5,84.5,33.57579
01-09-2025,17.5,80.5,29.83782
01-09-2025,17.5,81.5,30.32037
01-09-2025,17.5,82.5,30.81164
01-09-2025,17.5,83.5,30.53433
01-09-2025,17.5,84.5,
01-09-2025,18.5,80.5,29.169611
01-09-2025,18.5,81.5,29.788094
01-09-2025,18.5,82.5,29.891687
01-09-2025,18.5,83.5,30.61551
01-09-2025,18.5,84.5,32.08009
01-09-2025,19.5,80.5,29.508657
01-09-2025,19.5,81.5,29.274778
01-09-2025,19.5,82.5,30.283165
01-09-2025,19.5,83.5,31.930933
01-09-2025,19.5,84.5,32.315987
01-09-2025,20.5,80.5,30.298765
01-09-2025,20.5,81.5,29.534563
01-09-2025,20.5,82.5,31.569803
01-09-2025,20.5,83.5,32.208557
01-09-2025,20.5,84.5,32.556118
01-09-2025,21.5,80.5,29.994791
01-09-2025,21.5,81.5,31.19476
01-09-2025,21.5,82.5,31.607704
01-09-2025,21.5,83.5,32.151596
01-09-2025,21.5,84.5,33.01498
01-09-2025,22.5,80.5,29.79104
01-09-2025,22.5,81.5,30.718801
01-09-2025,22.5,82.5,31.546547
01-09-2025,22.5,83.5,32.39687
01-09-2025,22.5,84.5,33.311428
01-09-2025,23.5,80.5,30.190031
01-09-2025,23.5,81.5,30.417667
01-09-2025,23.5,82.5,31.553965
01-09-2025,23.5,83.5,32.039993
01-09-2025,23.5,84.5,33.530243
01-09-2025,24.5,80.5,30.57437
01-09-2025,24.5,81.5,31.695652
01-09-2025,24.5,82.5,32.863068
01-09-2025,24.5,83.5,33.386257
01-09-2025,24.5,84.5,33.74917
02-09-2025,17.5,80.5,29.346931
02-09-2025,17.5,81.5,29.675995
02-09-2025,17.5,82.5,30.024736
02-09-2025,17.5,83.5,29.509792
02-09-2025,17.5,84.5,
02-09-2025,18.5,80.5,28.589237
02-09-2025,18.5,81.5,29.487656
02-09-2025,18.5,82.5,29.233967
02-09-2025,18.5,83.5,29.387377
02-09-2025,18.5,84.5,30.257833
02-09-2025,19.5,80.5,28.522745
02-09-2025,19.5,81.5,28.595488
02-09-2025,19.5,82.5,29.010242
02-09-2025,19.5,83.5,29.967983
02-09-2025,19.5,84.5,29.917622
02-09-2025,20.5,80.5,29.651018
02-09-2025,20.5,81.5,28.801495
02-09-2025,20.5,82.5,30.342144
02-09-2025,20.5,83.5,30.20551
02-09-2025,20.5,84.5,29.50526
02-09-2025,21.5,80.5,30.039541
02-09-2025,21.5,81.5,30.501127
02-09-2025,21.5,82.5,30.455673
02-09-2025,21.5,83.5,29.242641
02-09-2025,21.5,84.5,29.168312
02-09-2025,22.5,80.5,30.421158
02-09-2025,22.5,81.5,30.519764
02-09-2025,22.5,82.5,30.093445
02-09-2025,22.5,83.5,29.555618
02-09-2025,22.5,84.5,29.422014
02-09-2025,23.5,80.5,30.731869
02-09-2025,23.5,81.5,30.298414
02-09-2025,23.5,82.5,30.85799
02-09-2025,23.5,83.5,29.958094
02-09-2025,23.5,84.5,30.151428
02-09-2025,24.5,80.5,31.488419
02-09-2025,24.5,81.5,32.04676
02-09-2025,24.5,82.5,32.09761
02-09-2025,24.5,83.5,31.595634
02-09-2025,24.5,84.5,30.869858
03-09-2025,17.5,80.5,31.204332
03-09-2025,17.5,81.5,31.165545
03-09-2025,17.5,82.5,30.928524
03-09-2025,17.5,83.5,29.514015
03-09-2025,17.5,84.5,
03-09-2025,18.5,80.5,30.00846
03-09-2025,18.5,81.5,29.999287
03-09-2025,18.5,82.5,29.651134
03-09-2025,18.5,83.5,29.135849
03-09-2025,18.5,84.5,29.76537
03-09-2025,19.5,80.5,29.15441
03-09-2025,19.5,81.5,28.827011
03-09-2025,19.5,82.5,28.673798
03-09-2025,19.5,83.5,29.61378
03-09-2025,19.5,84.5,29.317945
03-09-2025,20.5,80.5,29.257065
03-09-2025,20.5,81.5,28.441113
03-09-2025,20.5,82.5,29.815886
03-09-2025,20.5,83.5,29.783
03-09-2025,20.5,84.5,29.209436
03-09-2025,21.5,80.5,29.1648
03-09-2025,21.5,81.5,30.192133
03-09-2025,21.5,82.5,30.364122
03-09-2025,21.5,83.5,29.429127
03-09-2025,21.5,84.5,28.97929
03-09-2025,22.5,80.5,29.506748
03-09-2025,22.5,81.5,30.399305
03-09-2025,22.5,82.5,30.303646
03-09-2025,22.5,83.5,30.42718
03-09-2025,22.5,84.5,29.918467
03-09-2025,23.5,80.5,30.329288
03-09-2025,23.5,81.5,30.387655
03-09-2025,23.5,82.5,31.084799
03-09-2025,23.5,83.5,30.59593
03-09-2025,23.5,84.5,30.940292
03-09-2025,24.5,80.5,31.763725
03-09-2025,24.5,81.5,32.600258
03-09-2025,24.5,82.5,32.675694
03-09-2025,24.5,83.5,32.047413
03-09-2025,24.5,84.5,32.366047
04-09-2025,17.5,80.5,31.882107
04-09-2025,17.5,81.5,31.822098
04-09-2025,17.5,82.5,31.440527
04-09-2025,17.5,83.5,30.82421
04-09-2025,17.5,84.5,
04-09-2025,18.5,80.5,30.764826
04-09-2025,18.5,81.5,30.55355
04-09-2025,18.5,82.5,30.370214
04-09-2025,18.5,83.5,30.396828
04-09-2025,18.5,84.5,31.16282
04-09-2025,19.5,80.5,29.498123
04-09-2025,19.5,81.5,29.216675
04-09-2025,19.5,82.5,29.180744
04-09-2025,19.5,83.5,30.763756
04-09-2025,19.5,84.5,30.734581
04-09-2025,20.5,80.5,28.705025
04-09-2025,20.5,81.5,28.175442
04-09-2025,20.5,82.5,29.356153
04-09-2025,20.5,83.5,30.245852
04-09-2025,20.5,84.5,30.732841
04-09-2025,21.5,80.5,28.038471
04-09-2025,21.5,81.5,28.993706
04-09-2025,21.5,82.5,29.160425
04-09-2025,21.5,83.5,29.807114
04-09-2025,21.5,84.5,30.021187
04-09-2025,22.5,80.5,28.004646
04-09-2025,22.5,81.5,28.700876
04-09-2025,22.5,82.5,28.821545
04-09-2025,22.5,83.5,29.511387
04-09-2025,22.5,84.5,29.270054
04-09-2025,23.5,80.5,28.721626
04-09-2025,23.5,81.5,28.487356
04-09-2025,23.5,82.5,29.325838
04-09-2025,23.5,83.5,29.480286
04-09-2025,23.5,84.5,30.552233
04-09-2025,24.5,80.5,30.246649
04-09-2025,24.5,81.5,30.323034
04-09-2025,24.5,82.5,30.835676
04-09-2025,24.5,83.5,31.147757
04-09-2025,24.5,84.5,32.045277
05-09-2025,17.5,80.5,32.82084
05-09-2025,17.5,81.5,32.555115
05-09-2025,17.5,82.5,32.623215
05-09-2025,17.5,83.5,31.637774
05-09-2025,17.5,84.5,
05-09-2025,18.5,80.5,31.988295
05-09-2025,18.5,81.5,32.131855
05-09-2025,18.5,82.5,31.584957
05-09-2025,18.5,83.5,31.42692
05-09-2025,18.5,84.5,32.102604
05-09-2025,19.5,80.5,30.676668
05-09-2025,19.5,81.5,30.979431
05-09-2025,19.5,82.5,31.027678
05-09-2025,19.5,83.5,32.000343
05-09-2025,19.5,84.5,31.86634
05-09-2025,20.5,80.5,30.661861
05-09-2025,20.5,81.5,29.859102
05-09-2025,20.5,82.5,31.956812
05-09-2025,20.5,83.5,31.944183
05-09-2025,20.5,84.5,31.808104
05-09-2025,21.5,80.5,29.657047
05-09-2025,21.5,81.5,31.177801
05-09-2025,21.5,82.5,31.75362
05-09-2025,21.5,83.5,31.525503
05-09-2025,21.5,84.5,31.898407
05-09-2025,22.5,80.5,29.476475
05-09-2025,22.5,81.5,30.812384
05-09-2025,22.5,82.5,31.63511
05-09-2025,22.5,83.5,31.950903
05-09-2025,22.5,84.5,31.982824
05-09-2025,23.5,80.5,30.376421
05-09-2025,23.5,81.5,30.696424
05-09-2025,23.5,82.5,31.749788
05-09-2025,23.5,83.5,31.779732
05-09-2025,23.5,84.5,32.973724
05-09-2025,24.5,80.5,31.320534
05-09-2025,24.5,81.5,32.456924
05-09-2025,24.5,82.5,33.300907
05-09-2025,24.5,83.5,33.4279
05-09-2025,24.5,84.5,34.149494
06-09-2025,17.5,80.5,33.381653
06-09-2025,17.5,81.5,33.076214
06-09-2025,17.5,82.5,32.63659
06-09-2025,17.5,83.5,31.96434
06-09-2025,17.5,84.5,
06-09-2025,18.5,80.5,32.42617
06-09-2025,18.5,81.5,32.46163
06-09-2025,18.5,82.5,31.877048
06-09-2025,18.5,83.5,31.757198
06-09-2025,18.5,84.5,32.56203
06-09-2025,19.5,80.5,30.74962
06-09-2025,19.5,81.5,31.25535
06-09-2025,19.5,82.5,31.039091
06-09-2025,19.5,83.5,32.277653
06-09-2025,19.5,84.5,32.416096
06-09-2025,20.5,80.5,30.957169
06-09-2025,20.5,81.5,30.274185
06-09-2025,20.5,82.5,31.634932
06-09-2025,20.5,83.5,32.28785
06-09-2025,20.5,84.5,32.535526
06-09-2025,21.5,80.5,30.310747
06-09-2025,21.5,81.5,31.490509
06-09-2025,21.5,82.5,32.02332
06-09-2025,21.5,83.5,32.167904
06-09-2025,21.5,84.5,32.349945
06-09-2025,22.5,80.5,30.944832
06-09-2025,22.5,81.5,31.736574
06-09-2025,22.5,82.5,32.43107
06-09-2025,22.5,83.5,32.368618
06-09-2025,22.5,84.5,32.34668
06-09-2025,23.5,80.5,31.756063
06-09-2025,23.5,81.5,32.226913
06-09-2025,23.5,82.5,32.64203
06-09-2025,23.5,83.5,32.87645
06-09-2025,23.5,84.5,33.683422
06-09-2025,24.5,80.5,32.856117
06-09-2025,24.5,81.5,33.969227
06-09-2025,24.5,82.5,34.691284
06-09-2025,24.5,83.5,34.598312
06-09-2025,24.5,84.5,34.905663
07-09-2025,17.5,80.5,32.707214
07-09-2025,17.5,81.5,32.072304
07-09-2025,17.5,82.5,31.29701
07-09-2025,17.5,83.5,31.022383
07-09-2025,17.5,84.5,
07-09-2025,18.5,80.5,31.942322
07-09-2025,18.5,81.5,31.344604
07-09-2025,18.5,82.5,30.570522
07-09-2025,18.5,83.5,31.01199
07-09-2025,18.5,84.5,32.16518
07-09-2025,19.5,80.5,30.794426
07-09-2025,19.5,81.5,30.359886
07-09-2025,19.5,82.5,30.848555
07-09-2025,19.5,83.5,31.92768
07-09-2025,19.5,84.5,32.262207
07-09-2025,20.5,80.5,31.738014
07-09-2025,20.5,81.5,31.121502
07-09-2025,20.5,82.5,31.972265
07-09-2025,20.5,83.5,32.31888
07-09-2025,20.5,84.5,32.384403
07-09-2025,21.5,80.5,31.371706
07-09-2025,21.5,81.5,32.391712
07-09-2025,21.5,82.5,32.645798
07-09-2025,21.5,83.5,32.623848
07-09-2025,21.5,84.5,32.146645
07-09-2025,22.5,80.5,31.44333
07-09-2025,22.5,81.5,32.316513
07-09-2025,22.5,82.5,32.834526
07-09-2025,22.5,83.5,32.904785
07-09-2025,22.5,84.5,32.44365
07-09-2025,23.5,80.5,31.880589
07-09-2025,23.5,81.5,32.289482
07-09-2025,23.5,82.5,33.43273
07-09-2025,23.5,83.5,33.3333
07-09-2025,23.5,84.5,33.40053
07-09-2025,24.5,80.5,33.327343
07-09-2025,24.5,81.5,34.271408
07-09-2025,24.5,82.5,34.06533
07-09-2025,24.5,83.5,34.002228
07-09-2025,24.5,84.5,34.32846
08-09-2025,17.5,80.5,33.672115
08-09-2025,17.5,81.5,32.921295
08-09-2025,17.5,82.5,32.533924
08-09-2025,17.5,83.5,32.119694
08-09-2025,17.5,84.5,
08-09-2025,18.5,80.5,33.097584
08-09-2025,18.5,81.5,32.374428
08-09-2025,18.5,82.5,31.779411
08-09-2025,18.5,83.5,31.968328
08-09-2025,18.5,84.5,32.8693
08-09-2025,19.5,80.5,32.084385
08-09-2025,19.5,81.5,31.526663
08-09-2025,19.5,82.5,31.545727
08-09-2025,19.5,83.5,32.61761
08-09-2025,19.5,84.5,32.92883
08-09-2025,20.5,80.5,32.412914
08-09-2025,20.5,81.5,31.712828
08-09-2025,20.5,82.5,32.536003
08-09-2025,20.5,83.5,33.13005
08-09-2025,20.5,84.5,33.141212
08-09-2025,21.5,80.5,31.462736
08-09-2025,21.5,81.5,32.33779
08-09-2025,21.5,82.5,32.733402
08-09-2025,21.5,83.5,33.06457
08-09-2025,21.5,84.5,32.90454
08-09-2025,22.5,80.5,31.131922
08-09-2025,22.5,81.5,32.17382
08-09-2025,22.5,82.5,32.69143
08-09-2025,22.5,83.5,32.758434
08-09-2025,22.5,84.5,32.59834
08-09-2025,23.5,80.5,31.711393
08-09-2025,23.5,81.5,31.596252
08-09-2025,23.5,82.5,33.023823
08-09-2025,23.5,83.5,32.7718
08-09-2025,23.5,84.5,33.250427
08-09-2025,24.5,80.5,32.174744
08-09-2025,24.5,81.5,33.039474
08-09-2025,24.5,82.5,33.766533
08-09-2025,24.5,83.5,33.729057
08-09-2025,24.5,84.5,33.954605
09-09-2025,17.5,80.5,33.553947
09-09-2025,17.5,81.5,32.352364
09-09-2025,17.5,82.5,32.114063
09-09-2025,17.5,83.5,31.957157
09-09-2025,17.5,84.5,
09-09-2025,18.5,80.5,32.729843
09-09-2025,18.5,81.5,31.83067
09-09-2025,18.5,82.5,31.606133
09-09-2025,18.5,83.5,32.0771
09-09-2025,18.5,84.5,33.15858
09-09-2025,19.5,80.5,32.42698
09-09-2025,19.5,81.5,31.287785
09-09-2025,19.5,82.5,31.471727
09-09-2025,19.5,83.5,32.87525
09-09-2025,19.5,84.5,33.404785
09-09-2025,20.5,80.5,32.6077
09-09-2025,20.5,81.5,32.359062
09-09-2025,20.5,82.5,32.704
09-09-2025,20.5,83.5,33.641285
09-09-2025,20.5,84.5,33.73697
09-09-2025,21.5,80.5,32.039867
09-09-2025,21.5,81.5,33.071644
09-09-2025,21.5,82.5,33.28956
09-09-2025,21.5,83.5,33.59379
09-09-2025,21.5,84.5,33.43442
09-09-2025,22.5,80.5,31.782324
09-09-2025,22.5,81.5,32.899593
09-09-2025,22.5,82.5,32.877262
09-09-2025,22.5,83.5,33.107964
09-09-2025,22.5,84.5,32.846344
09-09-2025,23.5,80.5,31.956753
09-09-2025,23.5,81.5,31.89866
09-09-2025,23.5,82.5,33.354164
09-09-2025,23.5,83.5,32.82663
09-09-2025,23.5,84.5,32.996056
09-09-2025,24.5,80.5,32.69984
09-09-2025,24.5,81.5,33.54185
09-09-2025,24.5,82.5,33.399303
09-09-2025,24.5,83.5,33.140934
09-09-2025,24.5,84.5,32.801147
10-09-2025,17.5,80.5,33.15738
10-09-2025,17.5,81.5,32.520218
10-09-2025,17.5,82.5,32.21446
10-09-2025,17.5,83.5,32.65424
10-09-2025,17.5,84.5,
10-09-2025,18.5,80.5,32.222054
10-09-2025,18.5,81.5,31.982746
10-09-2025,18.5,82.5,31.894514
10-09-2025,18.5,83.5,32.792614
10-09-2025,18.5,84.5,33.991913
10-09-2025,19.5,80.5,32.34454
10-09-2025,19.5,81.5,31.78257
10-09-2025,19.5,82.5,32.230034
10-09-2025,19.5,83.5,33.55837
10-09-2025,19.5,84.5,34.215565
10-09-2025,20.5,80.5,33.03812
10-09-2025,20.5,81.5,32.917305
10-09-2025,20.5,82.5,33.412575
10-09-2025,20.5,83.5,34.21546
10-09-2025,20.5,84.5,34.59304
10-09-2025,21.5,80.5,32.059704
10-09-2025,21.5,81.5,33.019077
10-09-2025,21.5,82.5,33.328117
10-09-2025,21.5,83.5,33.929707
10-09-2025,21.5,84.5,34.03539
10-09-2025,22.5,80.5,31.720526
10-09-2025,22.5,81.5,32.772316
10-09-2025,22.5,82.5,32.82385
10-09-2025,22.5,83.5,33.047775
10-09-2025,22.5,84.5,33.47708
10-09-2025,23.5,80.5,31.89961
10-09-2025,23.5,81.5,31.902548
10-09-2025,23.5,82.5,33.18293
10-09-2025,23.5,83.5,32.85617
10-09-2025,23.5,84.5,33.852566
10-09-2025,24.5,80.5,33.020847
10-09-2025,24.5,81.5,33.78796
10-09-2025,24.5,82.5,33.662334
10-09-2025,24.5,83.5,33.84134
10-09-2025,24.5,84.5,33.653027
11-09-2025,17.5,80.5,31.03201
11-09-2025,17.5,81.5,31.340454
11-09-2025,17.5,82.5,31.517239
11-09-2025,17.5,83.5,32.330063
11-09-2025,17.5,84.5,
11-09-2025,18.5,80.5,30.072346
11-09-2025,18.5,81.5,30.834126
11-09-2025,18.5,82.5,31.299662
11-09-2025,18.5,83.5,32.404377
11-09-2025,18.5,84.5,33.695923
11-09-2025,19.5,80.5,30.259634
11-09-2025,19.5,81.5,30.480963
11-09-2025,19.5,82.5,31.44304
11-09-2025,19.5,83.5,33.18648
11-09-2025,19.5,84.5,33.769135
11-09-2025,20.5,80.5,31.246569
11-09-2025,20.5,81.5,31.566727
11-09-2025,20.5,82.5,32.67243
11-09-2025,20.5,83.5,33.65267
11-09-2025,20.5,84.5,34.24776
11-09-2025,21.5,80.5,31.165277
11-09-2025,21.5,81.5,32.470715
11-09-2025,21.5,82.5,32.893692
11-09-2025,21.5,83.5,33.058544
11-09-2025,21.5,84.5,33.33385
11-09-2025,22.5,80.5,31.013573
11-09-2025,22.5,81.5,32.10841
11-09-2025,22.5,82.5,32.19012
11-09-2025,22.5,83.5,32.197575
11-09-2025,22.5,84.5,32.50579
11-09-2025,23.5,80.5,31.46254
11-09-2025,23.5,81.5,31.483854
11-09-2025,23.5,82.5,32.641483
11-09-2025,23.5,83.5,32.328938
11-09-2025,23.5,84.5,33.044174
11-09-2025,24.5,80.5,32.439587
11-09-2025,24.5,81.5,33.11392
11-09-2025,24.5,82.5,32.23354
11-09-2025,24.5,83.5,31.80177
11-09-2025,24.5,84.5,32.34568
12-09-2025,17.5,80.5,29.201014
12-09-2025,17.5,81.5,28.902266
12-09-2025,17.5,82.5,29.064169
12-09-2025,17.5,83.5,29.866915
12-09-2025,17.5,84.5,
12-09-2025,18.5,80.5,28.489817
12-09-2025,18.5,81.5,28.72798
12-09-2025,18.5,82.5,28.838238
12-09-2025,18.5,83.5,29.779932
12-09-2025,18.5,84.5,31.004034
12-09-2025,19.5,80.5,29.31365
12-09-2025,19.5,81.5,28.93224
12-09-2025,19.5,82.5,29.3185
12-09-2025,19.5,83.5,30.826738
12-09-2025,19.5,84.5,31.257626
12-09-2025,20.5,80.5,30.84465
12-09-2025,20.5,81.5,30.519842
12-09-2025,20.5,82.5,31.15561
12-09-2025,20.5,83.5,32.14297
12-09-2025,20.5,84.5,31.682838
12-09-2025,21.5,80.5,30.700228
12-09-2025,21.5,81.5,31.668386
12-09-2025,21.5,82.5,32.333206
12-09-2025,21.5,83.5,32.374496
12-09-2025,21.5,84.5,31.949505
12-09-2025,22.5,80.5,30.881798
12-09-2025,22.5,81.5,31.606632
12-09-2025,22.5,82.5,32.217167
12-09-2025,22.5,83.5,32.11253
12-09-2025,22.5,84.5,31.838133
12-09-2025,23.5,80.5,31.678644
12-09-2025,23.5,81.5,31.853756
12-09-2025,23.5,82.5,32.85184
12-09-2025,23.5,83.5,32.609325
12-09-2025,23.5,84.5,33.252296
12-09-2025,24.5,80.5,32.925426
12-09-2025,24.5,81.5,33.67948
12-09-2025,24.5,82.5,34.229103
12-09-2025,24.5,83.5,33.775833
12-09-2025,24.5,84.5,34.104904
13-09-2025,17.5,80.5,29.408146
13-09-2025,17.5,81.5,29.507658
13-09-2025,17.5,82.5,29.884104
13-09-2025,17.5,83.5,30.835306
13-09-2025,17.5,84.5,
13-09-2025,18.5,80.5,29.574509
13-09-2025,18.5,81.5,29.961275
13-09-2025,18.5,82.5,30.127457
13-09-2025,18.5,83.5,30.7815
13-09-2025,18.5,84.5,32.106953
13-09-2025,19.5,80.5,30.350027
13-09-2025,19.5,81.5,30.347734
13-09-2025,19.5,82.5,30.761086
13-09-2025,19.5,83.5,31.723381
13-09-2025,19.5,84.5,32.12441
13-09-2025,20.5,80.5,31.566296
13-09-2025,20.5,81.5,31.158339
13-09-2025,20.5,82.5,32.269764
13-09-2025,20.5,83.5,32.625957
13-09-2025,20.5,84.5,32.336357
13-09-2025,21.5,80.5,31.07834
13-09-2025,21.5,81.5,31.943237
13-09-2025,21.5,82.5,32.484203
13-09-2025,21.5,83.5,32.283604
13-09-2025,21.5,84.5,31.603292
13-09-2025,22.5,80.5,31.071815
13-09-2025,22.5,81.5,31.84743
13-09-2025,22.5,82.5,32.33479
13-09-2025,22.5,83.5,31.951462
13-09-2025,22.5,84.5,31.625193
13-09-2025,23.5,80.5,31.846886
13-09-2025,23.5,81.5,31.543951
13-09-2025,23.5,82.5,32.78906
13-09-2025,23.5,83.5,32.81717
13-09-2025,23.5,84.5,33.045994
13-09-2025,24.5,80.5,33.27041
13-09-2025,24.5,81.5,33.82226
13-09-2025,24.5,82.5,34.25201
13-09-2025,24.5,83.5,34.04635
13-09-2025,24.5,84.5,34.0543
14-09-2025,17.5,80.5,31.201181
14-09-2025,17.5,81.5,31.316553
14-09-2025,17.5,82.5,31.493198
14-09-2025,17.5,83.5,31.924265
14-09-2025,17.5,84.5,
14-09-2025,18.5,80.5,31.022184
14-09-2025,18.5,81.5,31.09568
14-09-2025,18.5,82.5,31.475142
14-09-2025,18.5,83.5,31.882792
14-09-2025,18.5,84.5,32.668793
14-09-2025,19.5,80.5,31.403786
14-09-2025,19.5,81.5,31.367321
14-09-2025,19.5,82.5,31.649498
14-09-2025,19.5,83.5,32.76988
14-09-2025,19.5,84.5,32.739037
14-09-2025,20.5,80.5,31.749426
14-09-2025,20.5,81.5,31.797731
14-09-2025,20.5,82.5,32.901222
14-09-2025,20.5,83.5,33.350616
14-09-2025,20.5,84.5,32.7663
14-09-2025,21.5,80.5,31.4994
14-09-2025,21.5,81.5,32.636787
14-09-2025,21.5,82.5,33.285572
14-09-2025,21.5,83.5,33.044926
14-09-2025,21.5,84.5,31.83619
14-09-2025,22.5,80.5,31.564758
14-09-2025,22.5,81.5,32.75368
14-09-2025,22.5,82.5,32.940296
14-09-2025,22.5,83.5,32.477577
14-09-2025,22.5,84.5,31.543392
14-09-2025,23.5,80.5,32.40789
14-09-2025,23.5,81.5,32.281063
14-09-2025,23.5,82.5,33.206875
14-09-2025,23.5,83.5,32.261154
14-09-2025,23.5,84.5,31.49231
14-09-2025,24.5,80.5,33.67952
14-09-2025,24.5,81.5,34.041634
14-09-2025,24.5,82.5,32.917614
14-09-2025,24.5,83.5,32.863598
14-09-2025,24.5,84.5,31.62348
15-09-2025,17.5,80.5,31.352358
15-09-2025,17.5,81.5,31.348433
15-09-2025,17.5,82.5,31.148779
15-09-2025,17.5,83.5,31.085766
15-09-2025,17.5,84.5,
15-09-2025,18.5,80.5,31.01028
15-09-2025,18.5,81.5,31.018188
15-09-2025,18.5,82.5,31.172234
15-09-2025,18.5,83.5,30.88605
15-09-2025,18.5,84.5,31.513084
15-09-2025,19.5,80.5,31.067474
15-09-2025,19.5,81.5,30.872599
15-09-2025,19.5,82.5,30.629757
15-09-2025,19.5,83.5,31.20202
15-09-2025,19.5,84.5,31.441074
15-09-2025,20.5,80.5,31.145325
15-09-2025,20.5,81.5,30.375563
15-09-2025,20.5,82.5,31.243742
15-09-2025,20.5,83.5,31.41613
15-09-2025,20.5,84.5,31.496986
15-09-2025,21.5,80.5,30.2247
15-09-2025,21.5,81.5,30.476292
15-09-2025,21.5,82.5,31.121386
15-09-2025,21.5,83.5,30.577608
15-09-2025,21.5,84.5,30.180904
15-09-2025,22.5,80.5,29.75709
15-09-2025,22.5,81.5,30.233267
15-09-2025,22.5,82.5,30.465992
15-09-2025,22.5,83.5,29.944395
15-09-2025,22.5,84.5,29.685486
15-09-2025,23.5,80.5,30.792042
15-09-2025,23.5,81.5,30.40578
15-09-2025,23.5,82.5,30.932234
15-09-2025,23.5,83.5,29.761679
15-09-2025,23.5,84.5,30.253305
15-09-2025,24.5,80.5,32.275505
15-09-2025,24.5,81.5,32.140163
15-09-2025,24.5,82.5,31.408747
15-09-2025,24.5,83.5,30.85983
15-09-2025,24.5,84.5,31.04385
16-09-2025,17.5,80.5,31.33655
16-09-2025,17.5,81.5,31.062433
16-09-2025,17.5,82.5,30.404335
16-09-2025,17.5,83.5,30.393549
16-09-2025,17.5,84.5,
16-09-2025,18.5,80.5,30.913342
16-09-2025,18.5,81.5,30.598782
16-09-2025,18.5,82.5,30.17334
16-09-2025,18.5,83.5,30.109182
16-09-2025,18.5,84.5,30.910471
16-09-2025,19.5,80.5,30.624653
16-09-2025,19.5,81.5,30.202366
16-09-2025,19.5,82.5,30.016626
16-09-2025,19.5,83.5,30.69174
16-09-2025,19.5,84.5,31.012215
16-09-2025,20.5,80.5,31.506054
16-09-2025,20.5,81.5,30.211468
16-09-2025,20.5,82.5,31.27652
16-09-2025,20.5,83.5,31.394567
16-09-2025,20.5,84.5,31.035404
16-09-2025,21.5,80.5,30.306053
16-09-2025,21.5,81.5,30.719975
16-09-2025,21.5,82.5,31.446241
16-09-2025,21.5,83.5,30.805302
16-09-2025,21.5,84.5,30.582159
16-09-2025,22.5,80.5,29.541698
16-09-2025,22.5,81.5,30.272831
16-09-2025,22.5,82.5,30.51022
16-09-2025,22.5,83.5,30.397772
16-09-2025,22.5,84.5,30.376621
16-09-2025,23.5,80.5,30.127003
16-09-2025,23.5,81.5,30.026377
16-09-2025,23.5,82.5,30.56347
16-09-2025,23.5,83.5,29.915966
16-09-2025,23.5,84.5,30.337746
16-09-2025,24.5,80.5,30.717968
16-09-2025,24.5,81.5,31.18467
16-09-2025,24.5,82.5,31.055422
16-09-2025,24.5,83.5,30.6748
16-09-2025,24.5,84.5,30.756678
17-09-2025,17.5,80.5,31.78631
17-09-2025,17.5,81.5,31.335722
17-09-2025,17.5,82.5,31.674807
17-09-2025,17.5,83.5,31.750763
17-09-2025,17.5,84.5,
17-09-2025,18.5,80.5,31.050838
17-09-2025,18.5,81.5,30.914587
17-09-2025,18.5,82.5,31.122467
17-09-2025,18.5,83.5,31.714743
17-09-2025,18.5,84.5,32.706055
17-09-2025,19.5,80.5,30.719664
17-09-2025,19.5,81.5,30.792181
17-09-2025,19.5,82.5,31.069511
17-09-2025,19.5,83.5,32.44985
17-09-2025,19.5,84.5,32.797634
17-09-2025,20.5,80.5,31.280079
17-09-2025,20.5,81.5,31.003994
17-09-2025,20.5,82.5,32.505142
17-09-2025,20.5,83.5,32.89095
17-09-2025,20.5,84.5,32.938744
17-09-2025,21.5,80.5,31.009123
17-09-2025,21.5,81.5,32.033504
17-09-2025,21.5,82.5,32.47964
17-09-2025,21.5,83.5,32.197643
17-09-2025,21.5,84.5,32.38007
17-09-2025,22.5,80.5,30.433287
17-09-2025,22.5,81.5,31.720549
17-09-2025,22.5,82.5,31.94612
17-09-2025,22.5,83.5,31.669975
17-09-2025,22.5,84.5,31.964575
17-09-2025,23.5,80.5,31.000126
17-09-2025,23.5,81.5,30.811926
17-09-2025,23.5,82.5,31.970785
17-09-2025,23.5,83.5,31.444906
17-09-2025,23.5,84.5,32.016605
17-09-2025,24.5,80.5,31.8744
17-09-2025,24.5,81.5,32.20177
17-09-2025,24.5,82.5,32.06376
17-09-2025,24.5,83.5,31.590351
17-09-2025,24.5,84.5,31.985626
18-09-2025,17.5,80.5,32.50843
18-09-2025,17.5,81.5,32.181442
18-09-2025,17.5,82.5,32.43528
18-09-2025,17.5,83.5,32.97399
18-09-2025,17.5,84.5,
18-09-2025,18.5,80.5,32.089924
18-09-2025,18.5,81.5,32.010765
18-09-2025,18.5,82.5,32.28081
18-09-2025,18.5,83.5,32.801483
18-09-2025,18.5,84.5,33.875313
18-09-2025,19.5,80.5,32.15792
18-09-2025,19.5,81.5,32.05381
18-09-2025,19.5,82.5,32.07288
18-09-2025,19.5,83.5,33.520947
18-09-2025,19.5,84.5,33.946377
18-09-2025,20.5,80.5,32.210125
18-09-2025,20.5,81.5,31.823992
18-09-2025,20.5,82.5,32.782898
18-09-2025,20.5,83.5,33.71594
18-09-2025,20.5,84.5,34.27781
18-09-2025,21.5,80.5,31.31769
18-09-2025,21.5,81.5,32.296444
18-09-2025,21.5,82.5,32.624767
18-09-2025,21.5,83.5,33.097183
18-09-2025,21.5,84.5,33.66592
18-09-2025,22.5,80.5,30.583292
18-09-2025,22.5,81.5,31.648075
18-09-2025,22.5,82.5,31.789883
18-09-2025,22.5,83.5,32.051228
18-09-2025,22.5,84.5,32.627098
18-09-2025,23.5,80.5,30.168406
18-09-2025,23.5,81.5,30.077456
18-09-2025,23.5,82.5,31.228945
18-09-2025,23.5,83.5,31.470928
18-09-2025,23.5,84.5,32.914402
18-09-2025,24.5,80.5,30.6579
18-09-2025,24.5,81.5,31.025276
18-09-2025,24.5,82.5,32.121895
18-09-2025,24.5,83.5,32.16742
18-09-2025,24.5,84.5,33.017956
19-09-2025,17.5,80.5,32.68226
19-09-2025,17.5,81.5,32.832287
19-09-2025,17.5,82.5,33.174805
19-09-2025,17.5,83.5,33.664818
19-09-2025,17.5,84.5,
19-09-2025,18.5,80.5,32.532066
19-09-2025,18.5,81.5,32.75346
19-09-2025,18.5,82.5,33.143917
19-09-2025,18.5,83.5,33.637756
19-09-2025,18.5,84.5,34.89303
19-09-2025,19.5,80.5,32.66289
19-09-2025,19.5,81.5,32.809086
19-09-2025,19.5,82.5,33.25187
19-09-2025,19.5,83.5,34.591187
19-09-2025,19.5,84.5,34.86353
19-09-2025,20.5,80.5,33.282837
19-09-2025,20.5,81.5,32.83945
19-09-2025,20.5,82.5,34.353783
19-09-2025,20.5,83.5,34.881733
19-09-2025,20.5,84.5,34.978573
19-09-2025,21.5,80.5,32.266327
19-09-2025,21.5,81.5,33.398785
19-09-2025,21.5,82.5,33.86045
19-09-2025,21.5,83.5,34.213737
19-09-2025,21.5,84.5,34.459984
19-09-2025,22.5,80.5,31.624063
19-09-2025,22.5,81.5,32.861305
19-09-2025,22.5,82.5,33.007637
19-09-2025,22.5,83.5,33.100296
19-09-2025,22.5,84.5,33.902176
19-09-2025,23.5,80.5,31.722515
19-09-2025,23.5,81.5,31.532768
19-09-2025,23.5,82.5,32.6812
19-09-2025,23.5,83.5,32.733788
19-09-2025,23.5,84.5,33.544518
19-09-2025,24.5,80.5,32.43879
19-09-2025,24.5,81.5,32.991806
19-09-2025,24.5,82.5,33.046352
19-09-2025,24.5,83.5,32.967117
19-09-2025,24.5,84.5,33.56357
20-09-2025,17.5,80.5,33.73662
20-09-2025,17.5,81.5,33.931824
20-09-2025,17.5,82.5,34.117462
20-09-2025,17.5,83.5,34.451046
20-09-2025,17.5,84.5,
20-09-2025,18.5,80.5,33.60923
20-09-2025,18.5,81.5,33.651566
20-09-2025,18.5,82.5,33.984325
20-09-2025,18.5,83.5,34.097443
20-09-2025,18.5,84.5,34.840027
20-09-2025,19.5,80.5,33.354473
20-09-2025,19.5,81.5,33.595783
20-09-2025,19.5,82.5,33.728607
20-09-2025,19.5,83.5,34.74461
20-09-2025,19.5,84.5,34.940536
20-09-2025,20.5,80.5,33.742126
20-09-2025,20.5,81.5,33.54184
20-09-2025,20.5,82.5,34.831512
20-09-2025,20.5,83.5,35.256283
20-09-2025,20.5,84.5,35.22418
20-09-2025,21.5,80.5,33.227783
20-09-2025,21.5,81.5,34.250916
20-09-2025,21.5,82.5,34.353134
20-09-2025,21.5,83.5,34.749504
20-09-2025,21.5,84.5,34.98895
20-09-2025,22.5,80.5,32.72821
20-09-2025,22.5,81.5,33.730766
20-09-2025,22.5,82.5,33.73013
20-09-2025,22.5,83.5,33.677776
20-09-2025,22.5,84.5,33.87222
20-09-2025,23.5,80.5,32.89071
20-09-2025,23.5,81.5,32.114697
20-09-2025,23.5,82.5,33.285133
20-09-2025,23.5,83.5,33.226185
20-09-2025,23.5,84.5,33.949535
20-09-2025,24.5,80.5,33.36368
20-09-2025,24.5,81.5,33.493217
20-09-2025,24.5,82.5,33.33032
20-09-2025,24.5,83.5,33.2953
20-09-2025,24.5,84.5,33.960205
21-09-2025,17.5,80.5,32.858738
21-09-2025,17.5,81.5,32.549496
21-09-2025,17.5,82.5,32.765358
21-09-2025,17.5,83.5,33.006332
21-09-2025,17.5,84.5,
21-09-2025,18.5,80.5,32.498756
21-09-2025,18.5,81.5,32.317036
21-09-2025,18.5,82.5,32.703693
21-09-2025,18.5,83.5,32.811558
21-09-2025,18.5,84.5,33.723625
21-09-2025,19.5,80.5,32.68418
21-09-2025,19.5,81.5,32.46677
21-09-2025,19.5,82.5,33.0508
21-09-2025,19.5,83.5,33.7308
21-09-2025,19.5,84.5,34.03458
21-09-2025,20.5,80.5,33.695976
21-09-2025,20.5,81.5,33.393806
21-09-2025,20.5,82.5,34.27766
21-09-2025,20.5,83.5,34.350964
21-09-2025,20.5,84.5,34.153885
21-09-2025,21.5,80.5,33.398113
21-09-2025,21.5,81.5,34.085087
21-09-2025,21.5,82.5,34.235813
21-09-2025,21.5,83.5,34.3655
21-09-2025,21.5,84.5,34.020508
21-09-2025,22.5,80.5,33.104263
21-09-2025,22.5,81.5,33.747604
21-09-2025,22.5,82.5,33.788948
21-09-2025,22.5,83.5,33.250294
21-09-2025,22.5,84.5,33.440105
21-09-2025,23.5,80.5,33.684746
21-09-2025,23.5,81.5,33.297386
21-09-2025,23.5,82.5,34.070034
21-09-2025,23.5,83.5,33.483837
21-09-2025,23.5,84.5,33.82368
21-09-2025,24.5,80.5,34.4736
21-09-2025,24.5,81.5,34.674797
21-09-2025,24.5,82.5,34.14321
21-09-2025,24.5,83.5,33.742767
21-09-2025,24.5,84.5,33.779804
22-09-2025,17.5,80.5,31.121483
22-09-2025,17.5,81.5,30.95206
22-09-2025,17.5,82.5,30.909082
22-09-2025,17.5,83.5,31.50433
22-09-2025,17.5,84.5,
22-09-2025,18.5,80.5,30.86954
22-09-2025,18.5,81.5,30.703194
22-09-2025,18.5,82.5,30.79122
22-09-2025,18.5,83.5,31.53104
22-09-2025,18.5,84.5,32.467747
22-09-2025,19.5,80.5,31.27543
22-09-2025,19.5,81.5,31.068417
22-09-2025,19.5,82.5,31.45876
22-09-2025,19.5,83.5,32.52051
22-09-2025,19.5,84.5,32.830776
22-09-2025,20.5,80.5,32.48187
22-09-2025,20.5,81.5,32.3931
22-09-2025,20.5,82.5,32.94924
22-09-2025,20.5,83.5,33.530087
22-09-2025,20.5,84.5,33.06462
22-09-2025,21.5,80.5,32.318016
22-09-2025,21.5,81.5,33.33676
22-09-2025,21.5,82.5,33.486095
22-09-2025,21.5,83.5,33.70019
22-09-2025,21.5,84.5,33.090324
22-09-2025,22.5,80.5,32.89322
22-09-2025,22.5,81.5,33.341667
22-09-2025,22.5,82.5,33.40716
22-09-2025,22.5,83.5,33.03989
22-09-2025,22.5,84.5,32.887936
22-09-2025,23.5,80.5,33.710487
22-09-2025,23.5,81.5,33.412468
22-09-2025,23.5,82.5,34.153442
22-09-2025,23.5,83.5,33.779907
22-09-2025,23.5,84.5,34.042503
22-09-2025,24.5,80.5,34.800507
22-09-2025,24.5,81.5,35.071156
22-09-2025,24.5,82.5,34.905636
22-09-2025,24.5,83.5,34.681793
22-09-2025,24.5,84.5,34.723213
23-09-2025,17.5,80.5,29.164207
23-09-2025,17.5,81.5,29.753286
23-09-2025,17.5,82.5,29.82561
23-09-2025,17.5,83.5,30.162098
23-09-2025,17.5,84.5,
23-09-2025,18.5,80.5,29.458286
23-09-2025,18.5,81.5,29.845304
23-09-2025,18.5,82.5,29.968811
23-09-2025,18.5,83.5,30.157312
23-09-2025,18.5,84.5,30.89882
23-09-2025,19.5,80.5,30.588428
23-09-2025,19.5,81.5,30.369383
23-09-2025,19.5,82.5,30.717388
23-09-2025,19.5,83.5,31.01275
23-09-2025,19.5,84.5,31.030664
23-09-2025,20.5,80.5,31.881384
23-09-2025,20.5,81.5,30.953054
23-09-2025,20.5,82.5,31.923555
23-09-2025,20.5,83.5,31.434076
23-09-2025,20.5,84.5,30.568146
23-09-2025,21.5,80.5,32.582195
23-09-2025,21.5,81.5,31.966318
23-09-2025,21.5,82.5,31.939928
23-09-2025,21.5,83.5,31.554619
23-09-2025,21.5,84.5,30.267056
23-09-2025,22.5,80.5,33.23323
23-09-2025,22.5,81.5,32.23563
23-09-2025,22.5,82.5,31.89696
23-09-2025,22.5,83.5,30.98621
23-09-2025,22.5,84.5,30.64208
23-09-2025,23.5,80.5,33.605824
23-09-2025,23.5,81.5,33.403835
23-09-2025,23.5,82.5,33.03917
23-09-2025,23.5,83.5,32.29446
23-09-2025,23.5,84.5,31.869751
23-09-2025,24.5,80.5,34.86285
23-09-2025,24.5,81.5,35.266834
23-09-2025,24.5,82.5,34.216415
23-09-2025,24.5,83.5,33.702698
23-09-2025,24.5,84.5,32.938004
24-09-2025,17.5,80.5,29.55145
24-09-2025,17.5,81.5,29.614857
24-09-2025,17.5,82.5,29.264442
24-09-2025,17.5,83.5,30.07803
24-09-2025,17.5,84.5,
24-09-2025,18.5,80.5,29.537066
24-09-2025,18.5,81.5,28.999315
24-09-2025,18.5,82.5,29.237268
24-09-2025,18.5,83.5,29.872974
24-09-2025,18.5,84.5,30.849092
24-09-2025,19.5,80.5,29.67667
24-09-2025,19.5,81.5,29.288061
24-09-2025,19.5,82.5,29.103113
24-09-2025,19.5,83.5,30.277548
24-09-2025,19.5,84.5,30.761253
24-09-2025,20.5,80.5,31.084686
24-09-2025,20.5,81.5,29.327826
24-09-2025,20.5,82.5,29.98667
24-09-2025,20.5,83.5,30.407804
24-09-2025,20.5,84.5,30.414896
24-09-2025,21.5,80.5,31.598915
24-09-2025,21.5,81.5,30.265537
24-09-2025,21.5,82.5,30.322474
24-09-2025,21.5,83.5,30.565517
24-09-2025,21.5,84.5,30.74157
24-09-2025,22.5,80.5,32.359283
24-09-2025,22.5,81.5,30.523922
24-09-2025,22.5,82.5,30.435146
24-09-2025,22.5,83.5,30.080605
24-09-2025,22.5,84.5,30.021832
24-09-2025,23.5,80.5,33.004955
24-09-2025,23.5,81.5,32.66699
24-09-2025,23.5,82.5,31.989075
24-09-2025,23.5,83.5,31.198774
24-09-2025,23.5,84.5,31.692253
24-09-2025,24.5,80.5,34.10837
24-09-2025,24.5,81.5,34.31015
24-09-2025,24.5,82.5,33.91076
24-09-2025,24.5,83.5,33.67273
24-09-2025,24.5,84.5,33.13507
25-09-2025,17.5,80.5,27.974531
25-09-2025,17.5,81.5,28.449814
25-09-2025,17.5,82.5,28.984558
25-09-2025,17.5,83.5,30.196613
25-09-2025,17.5,84.5,
25-09-2025,18.5,80.5,26.807014
25-09-2025,18.5,81.5,28.105188
25-09-2025,18.5,82.5,28.460136
25-09-2025,18.5,83.5,30.66148
25-09-2025,18.5,84.5,31.745924
25-09-2025,19.5,80.5,26.917131
25-09-2025,19.5,81.5,28.143959
25-09-2025,19.5,82.5,29.230673
25-09-2025,19.5,83.5,31.43647
25-09-2025,19.5,84.5,31.911623
25-09-2025,20.5,80.5,28.891705
25-09-2025,20.5,81.5,28.916658
25-09-2025,20.5,82.5,31.222345
25-09-2025,20.5,83.5,32.02602
25-09-2025,20.5,84.5,32.11415
25-09-2025,21.5,80.5,30.082489
25-09-2025,21.5,81.5,30.726871
25-09-2025,21.5,82.5,31.451317
25-09-2025,21.5,83.5,32.466835
25-09-2025,21.5,84.5,32.356052
25-09-2025,22.5,80.5,31.215078
25-09-2025,22.5,81.5,30.888039
25-09-2025,22.5,82.5,31.704647
25-09-2025,22.5,83.5,31.926008
25-09-2025,22.5,84.5,32.22952
25-09-2025,23.5,80.5,32.015198
25-09-2025,23.5,81.5,31.865498
25-09-2025,23.5,82.5,32.363773
25-09-2025,23.5,83.5,31.961222
25-09-2025,23.5,84.5,32.895103
25-09-2025,24.5,80.5,33.538746
25-09-2025,24.5,81.5,33.769897
25-09-2025,24.5,82.5,33.320312
25-09-2025,24.5,83.5,33.441334
25-09-2025,24.5,84.5,33.739063
26-09-2025,17.5,80.5,27.142035
26-09-2025,17.5,81.5,27.84302
26-09-2025,17.5,82.5,27.995352
26-09-2025,17.5,83.5,28.49736
26-09-2025,17.5,84.5,
26-09-2025,18.5,80.5,28.26198
26-09-2025,18.5,81.5,28.976202
26-09-2025,18.5,82.5,28.590057
26-09-2025,18.5,83.5,28.536552
26-09-2025,18.5,84.5,29.36785
26-09-2025,19.5,80.5,30.231373
26-09-2025,19.5,81.5,30.16655
26-09-2025,19.5,82.5,29.74882
26-09-2025,19.5,83.5,29.67906
26-09-2025,19.5,84.5,29.71489
26-09-2025,20.5,80.5,31.702543
26-09-2025,20.5,81.5,30.960464
26-09-2025,20.5,82.5,31.611765
26-09-2025,20.5,83.5,30.778236
26-09-2025,20.5,84.5,29.590113
26-09-2025,21.5,80.5,32.095478
26-09-2025,21.5,81.5,31.862715
26-09-2025,21.5,82.5,32.16947
26-09-2025,21.5,83.5,30.58538
26-09-2025,21.5,84.5,29.72397
26-09-2025,22.5,80.5,32.35945
26-09-2025,22.5,81.5,31.7481
26-09-2025,22.5,82.5,31.802252
26-09-2025,22.5,83.5,31.638258
26-09-2025,22.5,84.5,31.427832
26-09-2025,23.5,80.5,32.770203
26-09-2025,23.5,81.5,32.599216
26-09-2025,23.5,82.5,32.59129
26-09-2025,23.5,83.5,31.917946
26-09-2025,23.5,84.5,32.774364
26-09-2025,24.5,80.5,34.252655
26-09-2025,24.5,81.5,34.590073
26-09-2025,24.5,82.5,34.245277
26-09-2025,24.5,83.5,33.778557
26-09-2025,24.5,84.5,34.056633
27-09-2025,17.5,80.5,27.773321
27-09-2025,17.5,81.5,28.787664
27-09-2025,17.5,82.5,28.83231
27-09-2025,17.5,83.5,29.787151
27-09-2025,17.5,84.5,
27-09-2025,18.5,80.5,27.712643
27-09-2025,18.5,81.5,28.850477
27-09-2025,18.5,82.5,29.094814
27-09-2025,18.5,83.5,29.746964
27-09-2025,18.5,84.5,30.522684
27-09-2025,19.5,80.5,28.061493
27-09-2025,19.5,81.5,28.779528
27-09-2025,19.5,82.5,28.89204
27-09-2025,19.5,83.5,30.378336
27-09-2025,19.5,84.5,30.534367
27-09-2025,20.5,80.5,29.033218
27-09-2025,20.5,81.5,28.57294
27-09-2025,20.5,82.5,30.195078
27-09-2025,20.5,83.5,30.733757
27-09-2025,20.5,84.5,30.599873
27-09-2025,21.5,80.5,29.258034
27-09-2025,21.5,81.5,29.580923
27-09-2025,21.5,82.5,30.2468
27-09-2025,21.5,83.5,30.463253
27-09-2025,21.5,84.5,30.199629
27-09-2025,22.5,80.5,29.54892
27-09-2025,22.5,81.5,29.480343
27-09-2025,22.5,82.5,29.845434
27-09-2025,22.5,83.5,30.001799
27-09-2025,22.5,84.5,30.390753
27-09-2025,23.5,80.5,29.994608
27-09-2025,23.5,81.5,29.730766
27-09-2025,23.5,82.5,30.264397
27-09-2025,23.5,83.5,29.81726
27-09-2025,23.5,84.5,31.189302
27-09-2025,24.5,80.5,31.097633
27-09-2025,24.5,81.5,31.594519
27-09-2025,24.5,82.5,31.884495
27-09-2025,24.5,83.5,31.69599
27-09-2025,24.5,84.5,32.258717
28-09-2025,17.5,80.5,29.61356
28-09-2025,17.5,81.5,30.504093
28-09-2025,17.5,82.5,30.407583
28-09-2025,17.5,83.5,30.545595
28-09-2025,17.5,84.5,
28-09-2025,18.5,80.5,28.613941
28-09-2025,18.5,81.5,29.38802
28-09-2025,18.5,82.5,30.066671
28-09-2025,18.5,83.5,30.872528
28-09-2025,18.5,84.5,31.953186
28-09-2025,19.5,80.5,27.786682
28-09-2025,19.5,81.5,29.191408
28-09-2025,19.5,82.5,30.101618
28-09-2025,19.5,83.5,31.659697
28-09-2025,19.5,84.5,31.983173
28-09-2025,20.5,80.5,29.510544
28-09-2025,20.5,81.5,28.93222
28-09-2025,20.5,82.5,31.526857
28-09-2025,20.5,83.5,32.204483
28-09-2025,20.5,84.5,31.981508
28-09-2025,21.5,80.5,29.822428
28-09-2025,21.5,81.5,30.375727
28-09-2025,21.5,82.5,31.37738
28-09-2025,21.5,83.5,31.972572
28-09-2025,21.5,84.5,31.54483
28-09-2025,22.5,80.5,30.420712
28-09-2025,22.5,81.5,30.845976
28-09-2025,22.5,82.5,30.995415
28-09-2025,22.5,83.5,31.344831
28-09-2025,22.5,84.5,30.995506
28-09-2025,23.5,80.5,31.22467
28-09-2025,23.5,81.5,31.119024
28-09-2025,23.5,82.5,31.542906
28-09-2025,23.5,83.5,31.522505
28-09-2025,23.5,84.5,31.738974
28-09-2025,24.5,80.5,32.424328
28-09-2025,24.5,81.5,33.074623
28-09-2025,24.5,82.5,33.366558
28-09-2025,24.5,83.5,32.87203
28-09-2025,24.5,84.5,33.29426
29-09-2025,17.5,80.5,31.633635
29-09-2025,17.5,81.5,31.71954
29-09-2025,17.5,82.5,31.468273
29-09-2025,17.5,83.5,31.363699
29-09-2025,17.5,84.5,
29-09-2025,18.5,80.5,31.605436
29-09-2025,18.5,81.5,31.332811
29-09-2025,18.5,82.5,31.074299
29-09-2025,18.5,83.5,31.521786
29-09-2025,18.5,84.5,32.22927
29-09-2025,19.5,80.5,31.037521
29-09-2025,19.5,81.5,31.415699
29-09-2025,19.5,82.5,31.072666
29-09-2025,19.5,83.5,32.022305
29-09-2025,19.5,84.5,32.31105
29-09-2025,20.5,80.5,31.523882
29-09-2025,20.5,81.5,31.021276
29-09-2025,20.5,82.5,32.58885
29-09-2025,20.5,83.5,32.693184
29-09-2025,20.5,84.5,32.460358
29-09-2025,21.5,80.5,30.990967
29-09-2025,21.5,81.5,32.033733
29-09-2025,21.5,82.5,32.279716
29-09-2025,21.5,83.5,33.123333
29-09-2025,21.5,84.5,32.78497
29-09-2025,22.5,80.5,31.145964
29-09-2025,22.5,81.5,32.047775
29-09-2025,22.5,82.5,32.7924
29-09-2025,22.5,83.5,32.879963
29-09-2025,22.5,84.5,33.283592
29-09-2025,23.5,80.5,31.823524
29-09-2025,23.5,81.5,32.19582
29-09-2025,23.5,82.5,33.09352
29-09-2025,23.5,83.5,33.305122
29-09-2025,23.5,84.5,34.407524
29-09-2025,24.5,80.5,33.03831
29-09-2025,24.5,81.5,33.898598
29-09-2025,24.5,82.5,34.537296
29-09-2025,24.5,83.5,34.51495
29-09-2025,24.5,84.5,34.872223
30-09-2025,17.5,80.5,31.532154
30-09-2025,17.5,81.5,31.556433
30-09-2025,17.5,82.5,31.36046
30-09-2025,17.5,83.5,31.637802
30-09-2025,17.5,84.5,
30-09-2025,18.5,80.5,31.461197
30-09-2025,18.5,81.5,31.50883
30-09-2025,18.5,82.5,31.360788
30-09-2025,18.5,83.5,31.774233
30-09-2025,18.5,84.5,32.962326
30-09-2025,19.5,80.5,31.175243
30-09-2025,19.5,81.5,31.745203
30-09-2025,19.5,82.5,31.530828
30-09-2025,19.5,83.5,32.599884
30-09-2025,19.5,84.5,33.185875
30-09-2025,20.5,80.5,31.715963
30-09-2025,20.5,81.5,31.377579
30-09-2025,20.5,82.5,32.882717
30-09-2025,20.5,83.5,33.133602
30-09-2025,20.5,84.5,33.48063
30-09-2025,21.5,80.5,31.383003
30-09-2025,21.5,81.5,32.57883
30-09-2025,21.5,82.5,32.808025
30-09-2025,21.5,83.5,33.547066
30-09-2025,21.5,84.5,33.890995
30-09-2025,22.5,80.5,31.83836
30-09-2025,22.5,81.5,32.711937
30-09-2025,22.5,82.5,33.431797
30-09-2025,22.5,83.5,33.461147
30-09-2025,22.5,84.5,33.97573
30-09-2025,23.5,80.5,32.360355
30-09-2025,23.5,81.5,32.58615
30-09-2025,23.5,82.5,33.43152
30-09-2025,23.5,83.5,33.48678
30-09-2025,23.5,84.5,34.45397
30-09-2025,24.5,80.5,33.36187
30-09-2025,24.5,81.5,33.95116
30-09-2025,24.5,82.5,34.55516
30-09-2025,24.5,83.5,34.20234
30-09-2025,24.5,84.5,34.612514
01-10-2025,17.5,80.5,30.573484
01-10-2025,17.5,81.5,30.630825
01-10-2025,17.5,82.5,30.867092
01-10-2025,17.5,83.5,31.165594
01-10-2025,17.5,84.5,
01-10-2025,18.5,80.5,31.011782
01-10-2025,18.5,81.5,30.935646
01-10-2025,18.5,82.5,30.874369
01-10-2025,18.5,83.5,31.49096
01-10-2025,18.5,84.5,32.869366
01-10-2025,19.5,80.5,31.735054
01-10-2025,19.5,81.5,31.840067
01-10-2025,19.5,82.5,31.837418
01-10-2025,19.5,83.5,32.921387
01-10-2025,19.5,84.5,33.47076
01-10-2025,20.5,80.5,32.28146
01-10-2025,20.5,81.5,31.803608
01-10-2025,20.5,82.5,33.014114
01-10-2025,20.5,83.5,33.526146
01-10-2025,20.5,84.5,33.789352
01-10-2025,21.5,80.5,31.2682
01-10-2025,21.5,81.5,32.50291
01-10-2025,21.5,82.5,32.600452
01-10-2025,21.5,83.5,33.58695
01-10-2025,21.5,84.5,33.88943
01-10-2025,22.5,80.5,31.033453
01-10-2025,22.5,81.5,32.15072
01-10-2025,22.5,82.5,32.729416
01-10-2025,22.5,83.5,32.89518
01-10-2025,22.5,84.5,33.708622
01-10-2025,23.5,80.5,31.692677
01-10-2025,23.5,81.5,31.698349
01-10-2025,23.5,82.5,32.47706
01-10-2025,23.5,83.5,32.414867
01-10-2025,23.5,84.5,33.916355
01-10-2025,24.5,80.5,31.850805
01-10-2025,24.5,81.5,32.86982
01-10-2025,24.5,82.5,33.215473
01-10-2025,24.5,83.5,33.012432
01-10-2025,24.5,84.5,33.55012
02-10-2025,17.5,80.5,29.114899
02-10-2025,17.5,81.5,28.11955
02-10-2025,17.5,82.5,27.464828
02-10-2025,17.5,83.5,27.41919
02-10-2025,17.5,84.5,
02-10-2025,18.5,80.5,29.336372
02-10-2025,18.5,81.5,27.914454
02-10-2025,18.5,82.5,27.348516
02-10-2025,18.5,83.5,27.589222
02-10-2025,18.5,84.5,28.526335
02-10-2025,19.5,80.5,29.916788
02-10-2025,19.5,81.5,28.553804
02-10-2025,19.5,82.5,27.927305
02-10-2025,19.5,83.5,28.613102
02-10-2025,19.5,84.5,29.085575
02-10-2025,20.5,80.5,30.282516
02-10-2025,20.5,81.5,29.649178
02-10-2025,20.5,82.5,29.577295
02-10-2025,20.5,83.5,29.866304
02-10-2025,20.5,84.5,29.375269
02-10-2025,21.5,80.5,30.891708
02-10-2025,21.5,81.5,30.46438
02-10-2025,21.5,82.5,30.462374
02-10-2025,21.5,83.5,30.256062
02-10-2025,21.5,84.5,30.092392
02-10-2025,22.5,80.5,31.262762
02-10-2025,22.5,81.5,30.713858
02-10-2025,22.5,82.5,30.213955
02-10-2025,22.5,83.5,29.79399
02-10-2025,22.5,84.5,29.935427
02-10-2025,23.5,80.5,31.00205
02-10-2025,23.5,81.5,30.427427
02-10-2025,23.5,82.5,30.907873
02-10-2025,23.5,83.5,30.067379
02-10-2025,23.5,84.5,30.36587
02-10-2025,24.5,80.5,31.380108
02-10-2025,24.5,81.5,31.663277
02-10-2025,24.5,82.5,31.110395
02-10-2025,24.5,83.5,30.028212
02-10-2025,24.5,84.5,29.966404
03-10-2025,17.5,80.5,31.923769
03-10-2025,17.5,81.5,31.836208
03-10-2025,17.5,82.5,31.345926
03-10-2025,17.5,83.5,31.810595
03-10-2025,17.5,84.5,
03-10-2025,18.5,80.5,31.477085
03-10-2025,18.5,81.5,31.155771
03-10-2025,18.5,82.5,31.181767
03-10-2025,18.5,83.5,31.29105
03-10-2025,18.5,84.5,31.72943
03-10-2025,19.5,80.5,30.89433
03-10-2025,19.5,81.5,31.539377
03-10-2025,19.5,82.5,30.275234
03-10-2025,19.5,83.5,31.1792
03-10-2025,19.5,84.5,31.243814
03-10-2025,20.5,80.5,30.721806
03-10-2025,20.5,81.5,29.209082
03-10-2025,20.5,82.5,30.633137
03-10-2025,20.5,83.5,30.537783
03-10-2025,20.5,84.5,30.885365
03-10-2025,21.5,80.5,30.386068
03-10-2025,21.5,81.5,29.262123
03-10-2025,21.5,82.5,29.075329
03-10-2025,21.5,83.5,29.508259
03-10-2025,21.5,84.5,29.845114
03-10-2025,22.5,80.5,29.698208
03-10-2025,22.5,81.5,28.862925
03-10-2025,22.5,82.5,28.136305
03-10-2025,22.5,83.5,27.485136
03-10-2025,22.5,84.5,27.922686
03-10-2025,23.5,80.5,29.16459
03-10-2025,23.5,81.5,27.926765
03-10-2025,23.5,82.5,27.743315
03-10-2025,23.5,83.5,27.374968
03-10-2025,23.5,84.5,28.219315
03-10-2025,24.5,80.5,29.72641
03-10-2025,24.5,81.5,29.411184
03-10-2025,24.5,82.5,28.671095
03-10-2025,24.5,83.5,28.250935
03-10-2025,24.5,84.5,28.83823
04-10-2025,17.5,80.5,32.56979
04-10-2025,17.5,81.5,31.93902
04-10-2025,17.5,82.5,31.251192
04-10-2025,17.5,83.5,31.729492
04-10-2025,17.5,84.5,
04-10-2025,18.5,80.5,32.027447
04-10-2025,18.5,81.5,31.274918
04-10-2025,18.5,82.5,31.326578
04-10-2025,18.5,83.5,31.566048
04-10-2025,18.5,84.5,32.111492
04-10-2025,19.5,80.5,31.1657
04-10-2025,19.5,81.5,31.541595
04-10-2025,19.5,82.5,30.887733
04-10-2025,19.5,83.5,31.794405
04-10-2025,19.5,84.5,31.906158
04-10-2025,20.5,80.5,31.792233
04-10-2025,20.5,81.5,30.87973
04-10-2025,20.5,82.5,31.55601
04-10-2025,20.5,83.5,31.897066
04-10-2025,20.5,84.5,31.994308
04-10-2025,21.5,80.5,30.84141
04-10-2025,21.5,81.5,30.867975
04-10-2025,21.5,82.5,31.031183
04-10-2025,21.5,83.5,31.189034
04-10-2025,21.5,84.5,31.346228
04-10-2025,22.5,80.5,30.033354
04-10-2025,22.5,81.5,30.238539
04-10-2025,22.5,82.5,29.897821
04-10-2025,22.5,83.5,29.992422
04-10-2025,22.5,84.5,29.93419
04-10-2025,23.5,80.5,29.939062
04-10-2025,23.5,81.5,29.195389
04-10-2025,23.5,82.5,29.547787
04-10-2025,23.5,83.5,29.613073
04-10-2025,23.5,84.5,29.702232
04-10-2025,24.5,80.5,30.61668
04-10-2025,24.5,81.5,30.504435
04-10-2025,24.5,82.5,29.306814
04-10-2025,24.5,83.5,28.93908
04-10-2025,24.5,84.5,29.597675
05-10-2025,17.5,80.5,32.038994
05-10-2025,17.5,81.5,32.20122
05-10-2025,17.5,82.5,31.429024
05-10-2025,17.5,83.5,31.104164
05-10-2025,17.5,84.5,
05-10-2025,18.5,80.5,31.27897
05-10-2025,18.5,81.5,31.341354
05-10-2025,18.5,82.5,31.273325
05-10-2025,18.5,83.5,30.840048
05-10-2025,18.5,84.5,31.067724
05-10-2025,19.5,80.5,30.407318
05-10-2025,19.5,81.5,31.613083
05-10-2025,19.5,82.5,30.469687
05-10-2025,19.5,83.5,30.77385
05-10-2025,19.5,84.5,30.596104
05-10-2025,20.5,80.5,31.407135
05-10-2025,20.5,81.5,30.17459
05-10-2025,20.5,82.5,31.494314
05-10-2025,20.5,83.5,30.865227
05-10-2025,20.5,84.5,30.164932
05-10-2025,21.5,80.5,30.948252
05-10-2025,21.5,81.5,30.951199
05-10-2025,21.5,82.5,31.275469
05-10-2025,21.5,83.5,30.352524
05-10-2025,21.5,84.5,29.638111
05-10-2025,22.5,80.5,30.942284
05-10-2025,22.5,81.5,30.7672
05-10-2025,22.5,82.5,30.829739
05-10-2025,22.5,83.5,30.09208
05-10-2025,22.5,84.5,29.464478
05-10-2025,23.5,80.5,31.593166
05-10-2025,23.5,81.5,31.398966
05-10-2025,23.5,82.5,31.417542
05-10-2025,23.5,83.5,30.791365
05-10-2025,23.5,84.5,30.333618
05-10-2025,24.5,80.5,33.12177
05-10-2025,24.5,81.5,33.127426
05-10-2025,24.5,82.5,32.13979
05-10-2025,24.5,83.5,30.904985
05-10-2025,24.5,84.5,30.097485
06-10-2025,17.5,80.5,31.698809
06-10-2025,17.5,81.5,31.440857
06-10-2025,17.5,82.5,31.906298
06-10-2025,17.5,83.5,32.08655
06-10-2025,17.5,84.5,
06-10-2025,18.5,80.5,31.146694
06-10-2025,18.5,81.5,31.300936
06-10-2025,18.5,82.5,31.744884
06-10-2025,18.5,83.5,31.833612
06-10-2025,18.5,84.5,32.140488
06-10-2025,19.5,80.5,30.445004
06-10-2025,19.5,81.5,31.385944
06-10-2025,19.5,82.5,30.728676
06-10-2025,19.5,83.5,32.11357
06-10-2025,19.5,84.5,31.803087
06-10-2025,20.5,80.5,31.011114
06-10-2025,20.5,81.5,30.044754
06-10-2025,20.5,82.5,32.079
06-10-2025,20.5,83.5,32.366837
06-10-2025,20.5,84.5,31.548536
06-10-2025,21.5,80.5,30.371614
06-10-2025,21.5,81.5,31.376495
06-10-2025,21.5,82.5,31.793642
06-10-2025,21.5,83.5,32.076763
06-10-2025,21.5,84.5,31.507988
06-10-2025,22.5,80.5,30.244465
06-10-2025,22.5,81.5,30.973854
06-10-2025,22.5,82.5,31.499565
06-10-2025,22.5,83.5,31.463577
06-10-2025,22.5,84.5,30.897179
06-10-2025,23.5,80.5,31.122438
06-10-2025,23.5,81.5,31.23233
06-10-2025,23.5,82.5,31.674585
06-10-2025,23.5,83.5,31.805445
06-10-2025,23.5,84.5,31.818829
06-10-2025,24.5,80.5,32.8047
06-10-2025,24.5,81.5,33.218292
06-10-2025,24.5,82.5,32.607967
06-10-2025,24.5,83.5,31.952595
06-10-2025,24.5,84.5,32.022533
07-10-2025,17.5,80.5,31.807463
07-10-2025,17.5,81.5,31.665228
07-10-2025,17.5,82.5,31.631016
07-10-2025,17.5,83.5,31.999205
07-10-2025,17.5,84.5,
07-10-2025,18.5,80.5,31.71584
07-10-2025,18.5,81.5,31.815527
07-10-2025,18.5,82.5,32.00655
07-10-2025,18.5,83.5,31.882837
07-10-2025,18.5,84.5,32.50046
07-10-2025,19.5,80.5,31.683346
07-10-2025,19.5,81.5,32.439163
07-10-2025,19.5,82.5,31.760244
07-10-2025,19.5,83.5,32.545174
07-10-2025,19.5,84.5,32.58388
07-10-2025,20.5,80.5,32.24873
07-10-2025,20.5,81.5,31.920956
07-10-2025,20.5,82.5,33.065598
07-10-2025,20.5,83.5,33.212112
07-10-2025,20.5,84.5,32.692986
07-10-2025,21.5,80.5,31.338823
07-10-2025,21.5,81.5,32.650234
07-10-2025,21.5,82.5,32.899185
07-10-2025,21.5,83.5,32.994617
07-10-2025,21.5,84.5,32.507183
07-10-2025,22.5,80.5,31.108002
07-10-2025,22.5,81.5,32.19029
07-10-2025,22.5,82.5,32.323856
07-10-2025,22.5,83.5,32.017483
07-10-2025,22.5,84.5,32.19878
07-10-2025,23.5,80.5,31.55545
07-10-2025,23.5,81.5,31.729301
07-10-2025,23.5,82.5,32.525913
07-10-2025,23.5,83.5,32.401745
07-10-2025,23.5,84.5,32.682186
07-10-2025,24.5,80.5,32.066982
07-10-2025,24.5,81.5,32.68537
07-10-2025,24.5,82.5,32.848534
07-10-2025,24.5,83.5,32.452606
07-10-2025,24.5,84.5,32.609447
08-10-2025,17.5,80.5,31.962238
08-10-2025,17.5,81.5,31.79128
08-10-2025,17.5,82.5,31.46954
08-10-2025,17.5,83.5,31.876045
08-10-2025,17.5,84.5,
08-10-2025,18.5,80.5,32.22933
08-10-2025,18.5,81.5,32.0847
08-10-2025,18.5,82.5,31.944994
08-10-2025,18.5,83.5,31.916136
08-10-2025,18.5,84.5,32.631523
08-10-2025,19.5,80.5,32.123997
08-10-2025,19.5,81.5,32.51066
08-10-2025,19.5,82.5,31.765976
08-10-2025,19.5,83.5,32.69335
08-10-2025,19.5,84.5,32.8005
08-10-2025,20.5,80.5,32.411804
08-10-2025,20.5,81.5,32.096817
08-10-2025,20.5,82.5,33.17589
08-10-2025,20.5,83.5,33.505238
08-10-2025,20.5,84.5,32.923218
08-10-2025,21.5,80.5,31.592161
08-10-2025,21.5,81.5,32.663788
08-10-2025,21.5,82.5,33.09834
08-10-2025,21.5,83.5,33.203976
08-10-2025,21.5,84.5,32.737347
08-10-2025,22.5,80.5,31.778955
08-10-2025,22.5,81.5,32.336094
08-10-2025,22.5,82.5,32.298836
08-10-2025,22.5,83.5,32.383507
08-10-2025,22.5,84.5,32.402637
08-10-2025,23.5,80.5,32.069157
08-10-2025,23.5,81.5,31.874615
08-10-2025,23.5,82.5,32.637573
08-10-2025,23.5,83.5,32.54622
08-10-2025,23.5,84.5,33.15319
08-10-2025,24.5,80.5,32.17127
08-10-2025,24.5,81.5,32.850273
08-10-2025,24.5,82.5,33.389294
08-10-2025,24.5,83.5,32.920567
08-10-2025,24.5,84.5,33.345497
09-10-2025,17.5,80.5,31.00928
09-10-2025,17.5,81.5,30.83794
09-10-2025,17.5,82.5,30.91819
09-10-2025,17.5,83.5,31.478666
09-10-2025,17.5,84.5,
09-10-2025,18.5,80.5,31.376352
09-10-2025,18.5,81.5,31.325974
09-10-2025,18.5,82.5,31.320526
09-10-2025,18.5,83.5,31.662804
09-10-2025,18.5,84.5,32.598736
09-10-2025,19.5,80.5,31.860416
09-10-2025,19.5,81.5,31.705511
09-10-2025,19.5,82.5,31.373676
09-10-2025,19.5,83.5,32.496193
09-10-2025,19.5,84.5,32.551666
09-10-2025,20.5,80.5,32.480255
09-10-2025,20.5,81.5,31.56987
09-10-2025,20.5,82.5,32.82451
09-10-2025,20.5,83.5,33.190353
09-10-2025,20.5,84.5,32.852043
09-10-2025,21.5,80.5,31.174599
09-10-2025,21.5,81.5,31.956749
09-10-2025,21.5,82.5,32.351112
09-10-2025,21.5,83.5,32.872456
09-10-2025,21.5,84.5,32.57706
09-10-2025,22.5,80.5,30.645634
09-10-2025,22.5,81.5,31.401556
09-10-2025,22.5,82.5,31.398287
09-10-2025,22.5,83.5,31.8065
09-10-2025,22.5,84.5,32.191364
09-10-2025,23.5,80.5,30.310108
09-10-2025,23.5,81.5,30.195826
09-10-2025,23.5,82.5,31.439362
09-10-2025,23.5,83.5,31.787031
09-10-2025,23.5,84.5,33.023552
09-10-2025,24.5,80.5,30.47801
09-10-2025,24.5,81.5,31.332623
09-10-2025,24.5,82.5,32.160965
09-10-2025,24.5,83.5,32.29147
09-10-2025,24.5,84.5,33.23245
10-10-2025,17.5,80.5,30.905289
10-10-2025,17.5,81.5,30.747295
10-10-2025,17.5,82.5,30.624905
10-10-2025,17.5,83.5,31.169043
10-10-2025,17.5,84.5,
10-10-2025,18.5,80.5,31.31484
10-10-2025,18.5,81.5,30.844833
10-10-2025,18.5,82.5,31.076992
10-10-2025,18.5,83.5,31.270197
10-10-2025,18.5,84.5,32.311153
10-10-2025,19.5,80.5,31.378727
10-10-2025,19.5,81.5,31.410532
10-10-2025,19.5,82.5,30.829868
10-10-2025,19.5,83.5,32.097733
10-10-2025,19.5,84.5,32.50432
10-10-2025,20.5,80.5,31.243425
10-10-2025,20.5,81.5,30.128832
10-10-2025,20.5,82.5,31.958048
10-10-2025,20.5,83.5,32.47399
10-10-2025,20.5,84.5,32.651173
10-10-2025,21.5,80.5,29.591297
10-10-2025,21.5,81.5,30.098328
10-10-2025,21.5,82.5,30.818115
10-10-2025,21.5,83.5,32.03851
10-10-2025,21.5,84.5,32.19903
10-10-2025,22.5,80.5,28.964207
10-10-2025,22.5,81.5,29.667534
10-10-2025,22.5,82.5,30.012205
10-10-2025,22.5,83.5,30.482252
10-10-2025,22.5,84.5,30.991196
10-10-2025,23.5,80.5,29.059103
10-10-2025,23.5,81.5,29.023624
10-10-2025,23.5,82.5,29.998915
10-10-2025,23.5,83.5,30.419827
10-10-2025,23.5,84.5,32.25765
10-10-2025,24.5,80.5,29.600082
10-10-2025,24.5,81.5,30.514746
10-10-2025,24.5,82.5,31.388704
10-10-2025,24.5,83.5,31.704756
10-10-2025,24.5,84.5,32.924374
11-10-2025,17.5,80.5,30.277584
11-10-2025,17.5,81.5,30.094421
11-10-2025,17.5,82.5,30.0468
11-10-2025,17.5,83.5,31.124815
11-10-2025,17.5,84.5,
11-10-2025,18.5,80.5,30.938915
11-10-2025,18.5,81.5,30.859612
11-10-2025,18.5,82.5,30.939926
11-10-2025,18.5,83.5,31.465235
11-10-2025,18.5,84.5,32.40796
11-10-2025,19.5,80.5,31.646378
11-10-2025,19.5,81.5,31.902897
11-10-2025,19.5,82.5,31.339367
11-10-2025,19.5,83.5,32.353985
11-10-2025,19.5,84.5,32.52044
11-10-2025,20.5,80.5,30.9771
11-10-2025,20.5,81.5,30.353493
11-10-2025,20.5,82.5,31.773275
11-10-2025,20.5,83.5,32.06606
11-10-2025,20.5,84.5,32.692932
11-10-2025,21.5,80.5,29.700401
11-10-2025,21.5,81.5,30.24479
11-10-2025,21.5,82.5,30.173374
11-10-2025,21.5,83.5,31.423117
11-10-2025,21.5,84.5,31.901905
11-10-2025,22.5,80.5,28.646416
11-10-2025,22.5,81.5,29.252449
11-10-2025,22.5,82.5,29.16536
11-10-2025,22.5,83.5,29.750118
11-10-2025,22.5,84.5,30.42724
11-10-2025,23.5,80.5,28.676538
11-10-2025,23.5,81.5,28.229164
11-10-2025,23.5,82.5,29.376379
11-10-2025,23.5,83.5,29.621326
11-10-2025,23.5,84.5,31.318027
11-10-2025,24.5,80.5,29.945053
11-10-2025,24.5,81.5,30.307613
11-10-2025,24.5,82.5,30.292025
11-10-2025,24.5,83.5,30.540165
11-10-2025,24.5,84.5,31.83784
12-10-2025,17.5,80.5,31.558601
12-10-2025,17.5,81.5,30.851507
12-10-2025,17.5,82.5,30.734945
12-10-2025,17.5,83.5,31.260448
12-10-2025,17.5,84.5,
12-10-2025,18.5,80.5,31.59223
12-10-2025,18.5,81.5,31.087692
12-10-2025,18.5,82.5,30.927952
12-10-2025,18.5,83.5,31.269674
12-10-2025,18.5,84.5,32.1147
12-10-2025,19.5,80.5,31.450636
12-10-2025,19.5,81.5,31.61678
12-10-2025,19.5,82.5,31.102995
12-10-2025,19.5,83.5,32.12781
12-10-2025,19.5,84.5,32.30515
12-10-2025,20.5,80.5,31.469408
12-10-2025,20.5,81.5,30.808453
12-10-2025,20.5,82.5,32.234913
12-10-2025,20.5,83.5,32.5864
12-10-2025,20.5,84.5,32.499714
12-10-2025,21.5,80.5,30.306995
12-10-2025,21.5,81.5,31.182152
12-10-2025,21.5,82.5,31.55275
12-10-2025,21.5,83.5,32.303337
12-10-2025,21.5,84.5,32.422596
12-10-2025,22.5,80.5,29.782034
12-10-2025,22.5,81.5,30.71741
12-10-2025,22.5,82.5,30.98114
12-10-2025,22.5,83.5,31.200094
12-10-2025,22.5,84.5,31.536545
12-10-2025,23.5,80.5,30.256813
12-10-2025,23.5,81.5,30.157349
12-10-2025,23.5,82.5,31.164377
12-10-2025,23.5,83.5,31.010283
12-10-2025,23.5,84.5,32.21308
12-10-2025,24.5,80.5,31.019012
12-10-2025,24.5,81.5,31.45912
12-10-2025,24.5,82.5,31.648941
12-10-2025,24.5,83.5,31.563385
12-10-2025,24.5,84.5,32.277374
13-10-2025,17.5,80.5,27.34451
13-10-2025,17.5,81.5,26.645227
13-10-2025,17.5,82.5,27.031929
13-10-2025,17.5,83.5,27.944965
13-10-2025,17.5,84.5,
13-10-2025,18.5,80.5,28.24256
13-10-2025,18.5,81.5,27.58274
13-10-2025,18.5,82.5,27.280863
13-10-2025,18.5,83.5,28.42635
13-10-2025,18.5,84.5,29.802298
13-10-2025,19.5,80.5,29.733332
13-10-2025,19.5,81.5,28.852728
13-10-2025,19.5,82.5,29.289383
13-10-2025,19.5,83.5,29.911839
13-10-2025,19.5,84.5,30.559689
13-10-2025,20.5,80.5,30.897259
13-10-2025,20.5,81.5,31.255539
13-10-2025,20.5,82.5,31.669779
13-10-2025,20.5,83.5,31.614725
13-10-2025,20.5,84.5,31.322308
13-10-2025,21.5,80.5,30.998823
13-10-2025,21.5,81.5,32.149292
13-10-2025,21.5,82.5,32.497124
13-10-2025,21.5,83.5,31.840345
13-10-2025,21.5,84.5,31.708979
13-10-2025,22.5,80.5,30.4698
13-10-2025,22.5,81.5,31.677496
13-10-2025,22.5,82.5,31.85653
13-10-2025,22.5,83.5,31.759565
13-10-2025,22.5,84.5,31.916803
13-10-2025,23.5,80.5,30.894571
13-10-2025,23.5,81.5,30.937153
13-10-2025,23.5,82.5,32.075382
13-10-2025,23.5,83.5,31.608618
13-10-2025,23.5,84.5,31.968407
13-10-2025,24.5,80.5,31.849342
13-10-2025,24.5,81.5,32.397858
13-10-2025,24.5,82.5,32.066765
13-10-2025,24.5,83.5,31.809145
13-10-2025,24.5,84.5,32.052013
14-10-2025,17.5,80.5,30.04751
14-10-2025,17.5,81.5,29.6529
14-10-2025,17.5,82.5,29.741438
14-10-2025,17.5,83.5,30.555532
14-10-2025,17.5,84.5,
14-10-2025,18.5,80.5,30.269182
14-10-2025,18.5,81.5,30.308258
14-10-2025,18.5,82.5,30.140324
14-10-2025,18.5,83.5,30.809904
14-10-2025,18.5,84.5,31.732195
14-10-2025,19.5,80.5,31.125732
14-10-2025,19.5,81.5,31.102936
14-10-2025,19.5,82.5,30.698828
14-10-2025,19.5,83.5,31.779615
14-10-2025,19.5,84.5,32.328045
14-10-2025,20.5,80.5,31.778625
14-10-2025,20.5,81.5,31.66009
14-10-2025,20.5,82.5,32.77475
14-10-2025,20.5,83.5,33.09075
14-10-2025,20.5,84.5,32.656555
14-10-2025,21.5,80.5,31.257223
14-10-2025,21.5,81.5,32.578136
14-10-2025,21.5,82.5,32.86874
14-10-2025,21.5,83.5,33.001602
14-10-2025,21.5,84.5,32.52494
14-10-2025,22.5,80.5,30.98503
14-10-2025,22.5,81.5,31.966373
14-10-2025,22.5,82.5,32.299168
14-10-2025,22.5,83.5,32.121624
14-10-2025,22.5,84.5,32.07366
14-10-2025,23.5,80.5,31.278683
14-10-2025,23.5,81.5,31.205359
14-10-2025,23.5,82.5,32.269344
14-10-2025,23.5,83.5,31.962847
14-10-2025,23.5,84.5,32.14534
14-10-2025,24.5,80.5,32.28004
14-10-2025,24.5,81.5,32.658657
14-10-2025,24.5,82.5,32.32752
14-10-2025,24.5,83.5,31.976871
14-10-2025,24.5,84.5,32.20553
15-10-2025,17.5,80.5,32.04643
15-10-2025,17.5,81.5,31.440083
15-10-2025,17.5,82.5,31.250032
15-10-2025,17.5,83.5,31.487228
15-10-2025,17.5,84.5,
15-10-2025,18.5,80.5,32.42311
15-10-2025,18.5,81.5,32.100353
15-10-2025,18.5,82.5,31.464317
15-10-2025,18.5,83.5,31.485235
15-10-2025,18.5,84.5,32.31963
15-10-2025,19.5,80.5,32.82716
15-10-2025,19.5,81.5,32.650356
15-10-2025,19.5,82.5,31.7507
15-10-2025,19.5,83.5,32.29721
15-10-2025,19.5,84.5,32.626644
15-10-2025,20.5,80.5,32.76188
15-10-2025,20.5,81.5,32.40034
15-10-2025,20.5,82.5,33.155117
15-10-2025,20.5,83.5,33.16651
15-10-2025,20.5,84.5,32.899086
15-10-2025,21.5,80.5,31.954704
15-10-2025,21.5,81.5,32.76843
15-10-2025,21.5,82.5,33.018723
15-10-2025,21.5,83.5,32.92786
15-10-2025,21.5,84.5,32.596104
15-10-2025,22.5,80.5,30.915216
15-10-2025,22.5,81.5,32.126705
15-10-2025,22.5,82.5,32.37499
15-10-2025,22.5,83.5,32.212795
15-10-2025,22.5,84.5,32.310463
15-10-2025,23.5,80.5,30.858753
15-10-2025,23.5,81.5,31.042503
15-10-2025,23.5,82.5,32.32566
15-10-2025,23.5,83.5,32.141674
15-10-2025,23.5,84.5,32.558033
15-10-2025,24.5,80.5,31.84388
15-10-2025,24.5,81.5,32.427765
15-10-2025,24.5,82.5,32.383545
15-10-2025,24.5,83.5,32.105003
15-10-2025,24.5,84.5,32.411114
16-10-2025,17.5,80.5,31.232399
16-10-2025,17.5,81.5,30.696426
16-10-2025,17.5,82.5,30.755205
16-10-2025,17.5,83.5,31.333492
16-10-2025,17.5,84.5,
16-10-2025,18.5,80.5,31.925419
16-10-2025,18.5,81.5,31.5934
16-10-2025,18.5,82.5,31.096075
16-10-2025,18.5,83.5,31.290665
16-10-2025,18.5,84.5,32.289486
16-10-2025,19.5,80.5,32.433384
16-10-2025,19.5,81.5,32.274788
16-10-2025,19.5,82.5,31.610777
16-10-2025,19.5,83.5,32.17945
16-10-2025,19.5,84.5,32.434704
16-10-2025,20.5,80.5,32.37186
16-10-2025,20.5,81.5,31.855122
16-10-2025,20.5,82.5,32.719204
16-10-2025,20.5,83.5,32.78438
16-10-2025,20.5,84.5,32.683304
16-10-2025,21.5,80.5,31.65217
16-10-2025,21.5,81.5,32.300797
16-10-2025,21.5,82.5,32.577797
16-10-2025,21.5,83.5,32.389248
16-10-2025,21.5,84.5,32.125404
16-10-2025,22.5,80.5,31.012794
16-10-2025,22.5,81.5,31.741062
16-10-2025,22.5,82.5,31.864925
16-10-2025,22.5,83.5,31.63845
16-10-2025,22.5,84.5,31.768936
16-10-2025,23.5,80.5,31.183464
16-10-2025,23.5,81.5,31.08325
16-10-2025,23.5,82.5,32.154316
16-10-2025,23.5,83.5,31.586704
16-10-2025,23.5,84.5,32.038692
16-10-2025,24.5,80.5,32.269836
16-10-2025,24.5,81.5,32.53899
16-10-2025,24.5,82.5,32.376766
16-10-2025,24.5,83.5,31.791988
16-10-2025,24.5,84.5,31.970613
17-10-2025,17.5,80.5,31.408028
17-10-2025,17.5,81.5,30.739065
17-10-2025,17.5,82.5,30.945015
17-10-2025,17.5,83.5,31.4151
17-10-2025,17.5,84.5,
17-10-2025,18.5,80.5,31.817612
17-10-2025,18.5,81.5,31.618275
17-10-2025,18.5,82.5,31.146275
17-10-2025,18.5,83.5,31.371798
17-10-2025,18.5,84.5,32.201008
17-10-2025,19.5,80.5,32.236923
17-10-2025,19.5,81.5,32.007225
17-10-2025,19.5,82.5,31.470972
17-10-2025,19.5,83.5,32.15675
17-10-2025,19.5,84.5,32.348907
17-10-2025,20.5,80.5,32.031013
17-10-2025,20.5,81.5,31.694153
17-10-2025,20.5,82.5,32.553852
17-10-2025,20.5,83.5,32.721966
17-10-2025,20.5,84.5,32.598003
17-10-2025,21.5,80.5,31.26259
17-10-2025,21.5,81.5,31.947186
17-10-2025,21.5,82.5,32.257027
17-10-2025,21.5,83.5,32.429966
17-10-2025,21.5,84.5,32.18601
17-10-2025,22.5,80.5,30.894861
17-10-2025,22.5,81.5,31.507229
17-10-2025,22.5,82.5,31.70393
17-10-2025,22.5,83.5,31.522045
17-10-2025,22.5,84.5,31.59016
17-10-2025,23.5,80.5,31.271614
17-10-2025,23.5,81.5,30.975464
17-10-2025,23.5,82.5,32.04913
17-10-2025,23.5,83.5,31.194004
17-10-2025,23.5,84.5,31.688503
17-10-2025,24.5,80.5,32.551117
17-10-2025,24.5,81.5,32.72672
17-10-2025,24.5,82.5,31.979893
17-10-2025,24.5,83.5,31.518473
17-10-2025,24.5,84.5,31.742085
18-10-2025,17.5,80.5,31.634104
18-10-2025,17.5,81.5,31.06177
18-10-2025,17.5,82.5,30.986881
18-10-2025,17.5,83.5,31.34491
18-10-2025,17.5,84.5,
18-10-2025,18.5,80.5,31.88784
18-10-2025,18.5,81.5,31.499601
18-10-2025,18.5,82.5,31.363976
18-10-2025,18.5,83.5,31.258974
18-10-2025,18.5,84.5,31.99199
18-10-2025,19.5,80.5,31.834738
18-10-2025,19.5,81.5,32.084946
18-10-2025,19.5,82.5,31.313568
18-10-2025,19.5,83.5,31.96983
18-10-2025,19.5,84.5,32.15905
18-10-2025,20.5,80.5,31.7387
18-10-2025,20.5,81.5,31.463375
18-10-2025,20.5,82.5,32.546738
18-10-2025,20.5,83.5,32.647514
18-10-2025,20.5,84.5,32.488747
18-10-2025,21.5,80.5,30.867886
18-10-2025,21.5,81.5,31.724491
18-10-2025,21.5,82.5,32.20131
18-10-2025,21.5,83.5,32.502014
18-10-2025,21.5,84.5,32.078613
18-10-2025,22.5,80.5,30.51894
18-10-2025,22.5,81.5,31.133482
18-10-2025,22.5,82.5,31.567097
18-10-2025,22.5,83.5,31.682934
18-10-2025,22.5,84.5,31.76992
18-10-2025,23.5,80.5,30.818922
18-10-2025,23.5,81.5,30.637617
18-10-2025,23.5,82.5,31.91073
18-10-2025,23.5,83.5,31.850203
18-10-2025,23.5,84.5,32.51524
18-10-2025,24.5,80.5,32.100327
18-10-2025,24.5,81.5,32.421852
18-10-2025,24.5,82.5,32.302837
18-10-2025,24.5,83.5,31.95795
18-10-2025,24.5,84.5,32.489964
19-10-2025,17.5,80.5,29.752962
19-10-2025,17.5,81.5,28.999592
19-10-2025,17.5,82.5,29.101454
19-10-2025,17.5,83.5,29.747717
19-10-2025,17.5,84.5,
19-10-2025,18.5,80.5,30.268047
19-10-2025,18.5,81.5,30.176662
19-10-2025,18.5,82.5,29.76364
19-10-2025,18.5,83.5,29.872261
19-10-2025,18.5,84.5,31.314842
19-10-2025,19.5,80.5,31.60141
19-10-2025,19.5,81.5,31.308258
19-10-2025,19.5,82.5,30.405025
19-10-2025,19.5,83.5,31.187082
19-10-2025,19.5,84.5,31.708527
19-10-2025,20.5,80.5,31.865013
19-10-2025,20.5,81.5,31.270294
19-10-2025,20.5,82.5,32.415474
19-10-2025,20.5,83.5,32.590424
19-10-2025,20.5,84.5,32.03008
19-10-2025,21.5,80.5,30.88314
19-10-2025,21.5,81.5,31.808739
19-10-2025,21.5,82.5,32.329353
19-10-2025,21.5,83.5,32.468643
19-10-2025,21.5,84.5,31.774958
19-10-2025,22.5,80.5,30.538227
19-10-2025,22.5,81.5,31.19123
19-10-2025,22.5,82.5,31.64102
19-10-2025,22.5,83.5,32.032776
19-10-2025,22.5,84.5,31.988667
19-10-2025,23.5,80.5,30.74931
19-10-2025,23.5,81.5,30.70394
19-10-2025,23.5,82.5,31.835835
19-10-2025,23.5,83.5,31.915333
19-10-2025,23.5,84.5,32.341408
19-10-2025,24.5,80.5,31.858025
19-10-2025,24.5,81.5,32.35896
19-10-2025,24.5,82.5,32.399902
19-10-2025,24.5,83.5,32.056564
19-10-2025,24.5,84.5,32.06573
20-10-2025,17.5,80.5,31.198915
20-10-2025,17.5,81.5,30.640596
20-10-2025,17.5,82.5,30.622934
20-10-2025,17.5,83.5,30.844395
20-10-2025,17.5,84.5,
20-10-2025,18.5,80.5,31.360342
20-10-2025,18.5,81.5,30.960941
20-10-2025,18.5,82.5,30.757263
20-10-2025,18.5,83.5,30.824095
20-10-2025,18.5,84.5,31.645086
20-10-2025,19.5,80.5,31.395636
20-10-2025,19.5,81.5,31.481003
20-10-2025,19.5,82.5,30.423767
20-10-2025,19.5,83.5,31.36563
20-10-2025,19.5,84.5,31.584732
20-10-2025,20.5,80.5,31.729052
20-10-2025,20.5,81.5,30.929821
20-10-2025,20.5,82.5,31.861166
20-10-2025,20.5,83.5,32.017574
20-10-2025,20.5,84.5,31.751827
20-10-2025,21.5,80.5,31.22454
20-10-2025,21.5,81.5,31.86914
20-10-2025,21.5,82.5,32.30906
20-10-2025,21.5,83.5,32.224396
20-10-2025,21.5,84.5,31.8172
20-10-2025,22.5,80.5,31.378374
20-10-2025,22.5,81.5,31.597736
20-10-2025,22.5,82.5,32.03796
20-10-2025,22.5,83.5,32.048817
20-10-2025,22.5,84.5,32.201298
20-10-2025,23.5,80.5,31.536442
20-10-2025,23.5,81.5,31.454037
20-10-2025,23.5,82.5,32.051704
20-10-2025,23.5,83.5,32.147774
20-10-2025,23.5,84.5,32.32338
20-10-2025,24.5,80.5,32.242435
20-10-2025,24.5,81.5,32.818047
20-10-2025,24.5,82.5,32.840504
20-10-2025,24.5,83.5,32.572445
20-10-2025,24.5,84.5,32.493732
21-10-2025,17.5,80.5,30.808144
21-10-2025,17.5,81.5,30.66256
21-10-2025,17.5,82.5,30.885063
21-10-2025,17.5,83.5,31.523808
21-10-2025,17.5,84.5,
21-10-2025,18.5,80.5,31.572481
21-10-2025,18.5,81.5,31.444586
21-10-2025,18.5,82.5,31.194351
21-10-2025,18.5,83.5,31.361599
21-10-2025,18.5,84.5,32.321323
21-10-2025,19.5,80.5,31.89971
21-10-2025,19.5,81.5,31.820318
21-10-2025,19.5,82.5,31.339607
21-10-2025,19.5,83.5,32.131744
21-10-2025,19.5,84.5,32.319305
21-10-2025,20.5,80.5,31.988235
21-10-2025,20.5,81.5,31.215239
21-10-2025,20.5,82.5,32.36468
21-10-2025,20.5,83.5,32.556816
21-10-2025,20.5,84.5,32.582905
21-10-2025,21.5,80.5,31.102642
21-10-2025,21.5,81.5,31.78169
21-10-2025,21.5,82.5,32.34384
21-10-2025,21.5,83.5,32.787025
21-10-2025,21.5,84.5,32.34271
21-10-2025,22.5,80.5,31.193092
21-10-2025,22.5,81.5,31.497187
21-10-2025,22.5,82.5,32.314728
21-10-2025,22.5,83.5,32.294945
21-10-2025,22.5,84.5,32.607937
21-10-2025,23.5,80.5,30.98194
21-10-2025,23.5,81.5,31.04358
21-10-2025,23.5,82.5,32.323715
21-10-2025,23.5,83.5,32.228992
21-10-2025,23.5,84.5,32.967323
21-10-2025,24.5,80.5,31.924597
21-10-2025,24.5,81.5,32.702614
21-10-2025,24.5,82.5,33.40927
21-10-2025,24.5,83.5,33.150505
21-10-2025,24.5,84.5,33.194523
22-10-2025,17.5,80.5,30.300802
22-10-2025,17.5,81.5,30.215614
22-10-2025,17.5,82.5,30.410263
22-10-2025,17.5,83.5,31.033413
22-10-2025,17.5,84.5,
22-10-2025,18.5,80.5,31.419697
22-10-2025,18.5,81.5,31.296957
22-10-2025,18.5,82.5,30.895073
22-10-2025,18.5,83.5,31.02975
22-10-2025,18.5,84.5,32.038704
22-10-2025,19.5,80.5,32.03222
22-10-2025,19.5,81.5,31.996733
22-10-2025,19.5,82.5,31.276932
22-10-2025,19.5,83.5,31.90944
22-10-2025,19.5,84.5,32.295715
22-10-2025,20.5,80.5,32.4752
22-10-2025,20.5,81.5,31.9304
22-10-2025,20.5,82.5,32.668724
22-10-2025,20.5,83.5,32.89344
22-10-2025,20.5,84.5,32.700356
22-10-2025,21.5,80.5,31.897087
22-10-2025,21.5,81.5,32.5549
22-10-2025,21.5,82.5,33.10744
22-10-2025,21.5,83.5,33.074158
22-10-2025,21.5,84.5,32.58846
22-10-2025,22.5,80.5,32.12692
22-10-2025,22.5,81.5,32.26618
22-10-2025,22.5,82.5,32.82681
22-10-2025,22.5,83.5,32.70107
22-10-2025,22.5,84.5,32.769
22-10-2025,23.5,80.5,32.07056
22-10-2025,23.5,81.5,31.99311
22-10-2025,23.5,82.5,32.92885
22-10-2025,23.5,83.5,32.869118
22-10-2025,23.5,84.5,33.117413
22-10-2025,24.5,80.5,32.89137
22-10-2025,24.5,81.5,33.492386
22-10-2025,24.5,82.5,33.658722
22-10-2025,24.5,83.5,33.16519
22-10-2025,24.5,84.5,33.02212
23-10-2025,17.5,80.5,28.751886
23-10-2025,17.5,81.5,28.820292
23-10-2025,17.5,82.5,29.072655
23-10-2025,17.5,83.5,30.327908
23-10-2025,17.5,84.5,
23-10-2025,18.5,80.5,30.023157
23-10-2025,18.5,81.5,30.174068
23-10-2025,18.5,82.5,29.905144
23-10-2025,18.5,83.5,30.566874
23-10-2025,18.5,84.5,32.01395
23-10-2025,19.5,80.5,31.662598
23-10-2025,19.5,81.5,31.167334
23-10-2025,19.5,82.5,31.146204
23-10-2025,19.5,83.5,32.002502
23-10-2025,19.5,84.5,32.3916
23-10-2025,20.5,80.5,32.015648
23-10-2025,20.5,81.5,31.842773
23-10-2025,20.5,82.5,32.406624
23-10-2025,20.5,83.5,32.89959
23-10-2025,20.5,84.5,32.86523
23-10-2025,21.5,80.5,31.441523
23-10-2025,21.5,81.5,32.153435
23-10-2025,21.5,82.5,32.658497
23-10-2025,21.5,83.5,32.94479
23-10-2025,21.5,84.5,32.712822
23-10-2025,22.5,80.5,31.51623
23-10-2025,22.5,81.5,31.785542
23-10-2025,22.5,82.5,32.08599
23-10-2025,22.5,83.5,31.735321
23-10-2025,22.5,84.5,31.961435
23-10-2025,23.5,80.5,31.777472
23-10-2025,23.5,81.5,31.578272
23-10-2025,23.5,82.5,32.56737
23-10-2025,23.5,83.5,31.987324
23-10-2025,23.5,84.5,32.263634
23-10-2025,24.5,80.5,32.534126
23-10-2025,24.5,81.5,33.080784
23-10-2025,24.5,82.5,32.743027
23-10-2025,24.5,83.5,32.25823
23-10-2025,24.5,84.5,32.160206
24-10-2025,17.5,80.5,28.176361
24-10-2025,17.5,81.5,28.620836
24-10-2025,17.5,82.5,29.048536
24-10-2025,17.5,83.5,30.352097
24-10-2025,17.5,84.5,
24-10-2025,18.5,80.5,28.887947
24-10-2025,18.5,81.5,29.525951
24-10-2025,18.5,82.5,29.51396
24-10-2025,18.5,83.5,30.617945
24-10-2025,18.5,84.5,31.879543
24-10-2025,19.5,80.5,30.86369
24-10-2025,19.5,81.5,30.495445
24-10-2025,19.5,82.5,30.489204
24-10-2025,19.5,83.5,31.849386
24-10-2025,19.5,84.5,32.565247
24-10-2025,20.5,80.5,31.64678
24-10-2025,20.5,81.5,31.554916
24-10-2025,20.5,82.5,32.493286
24-10-2025,20.5,83.5,33.17675
24-10-2025,20.5,84.5,32.93169
24-10-2025,21.5,80.5,31.418276
24-10-2025,21.5,81.5,32.798817
24-10-2025,21.5,82.5,33.1164
24-10-2025,21.5,83.5,33.30241
24-10-2025,21.5,84.5,33.020504
24-10-2025,22.5,80.5,31.95293
24-10-2025,22.5,81.5,32.349743
24-10-2025,22.5,82.5,32.824146
24-10-2025,22.5,83.5,32.616066
24-10-2025,22.5,84.5,32.82835
24-10-2025,23.5,80.5,31.99133
24-10-2025,23.5,81.5,31.955479
24-10-2025,23.5,82.5,32.870087
24-10-2025,23.5,83.5,32.843395
24-10-2025,23.5,84.5,33.2565
24-10-2025,24.5,80.5,32.859703
24-10-2025,24.5,81.5,33.525574
24-10-2025,24.5,82.5,33.51879
24-10-2025,24.5,83.5,33.285313
24-10-2025,24.5,84.5,33.315292
25-10-2025,17.5,80.5,30.512613
25-10-2025,17.5,81.5,30.541452
25-10-2025,17.5,82.5,30.874796
25-10-2025,17.5,83.5,31.658201
25-10-2025,17.5,84.5,
25-10-2025,18.5,80.5,30.466516
25-10-2025,18.5,81.5,31.088987
25-10-2025,18.5,82.5,30.9341
25-10-2025,18.5,83.5,31.658007
25-10-2025,18.5,84.5,32.56181
25-10-2025,19.5,80.5,30.280912
25-10-2025,19.5,81.5,30.892029
25-10-2025,19.5,82.5,31.176325
25-10-2025,19.5,83.5,32.50997
25-10-2025,19.5,84.5,32.648914
25-10-2025,20.5,80.5,30.627127
25-10-2025,20.5,81.5,30.547865
25-10-2025,20.5,82.5,32.23671
25-10-2025,20.5,83.5,32.867016
25-10-2025,20.5,84.5,33.045322
25-10-2025,21.5,80.5,29.391428
25-10-2025,21.5,81.5,31.017412
25-10-2025,21.5,82.5,32.007805
25-10-2025,21.5,83.5,32.74369
25-10-2025,21.5,84.5,32.629017
25-10-2025,22.5,80.5,29.182638
25-10-2025,22.5,81.5,30.441463
25-10-2025,22.5,82.5,31.478016
25-10-2025,22.5,83.5,31.632053
25-10-2025,22.5,84.5,32.249012
25-10-2025,23.5,80.5,30.31953
25-10-2025,23.5,81.5,30.533903
25-10-2025,23.5,82.5,31.435633
25-10-2025,23.5,83.5,31.71234
25-10-2025,23.5,84.5,32.672817
25-10-2025,24.5,80.5,31.515045
25-10-2025,24.5,81.5,32.031902
25-10-2025,24.5,82.5,32.47145
25-10-2025,24.5,83.5,32.548996
25-10-2025,24.5,84.5,32.58134
26-10-2025,17.5,80.5,31.587322
26-10-2025,17.5,81.5,31.444202
26-10-2025,17.5,82.5,31.38152
26-10-2025,17.5,83.5,32.076424
26-10-2025,17.5,84.5,
26-10-2025,18.5,80.5,31.78121
26-10-2025,18.5,81.5,31.731485
26-10-2025,18.5,82.5,31.350454
26-10-2025,18.5,83.5,31.960028
26-10-2025,18.5,84.5,32.78847
26-10-2025,19.5,80.5,31.45994
26-10-2025,19.5,81.5,31.78274
26-10-2025,19.5,82.5,31.522614
26-10-2025,19.5,83.5,32.64473
26-10-2025,19.5,84.5,32.910267
26-10-2025,20.5,80.5,30.93059
26-10-2025,20.5,81.5,30.70721
26-10-2025,20.5,82.5,32.58239
26-10-2025,20.5,83.5,33.012226
26-10-2025,20.5,84.5,33.216843
26-10-2025,21.5,80.5,29.389338
26-10-2025,21.5,81.5,30.982176
26-10-2025,21.5,82.5,31.5738
26-10-2025,21.5,83.5,32.808952
26-10-2025,21.5,84.5,32.705185
26-10-2025,22.5,80.5,28.131044
26-10-2025,22.5,81.5,29.96572
26-10-2025,22.5,82.5,30.632841
26-10-2025,22.5,83.5,31.483034
26-10-2025,22.5,84.5,32.122036
26-10-2025,23.5,80.5,28.33665
26-10-2025,23.5,81.5,29.162918
26-10-2025,23.5,82.5,30.37674
26-10-2025,23.5,83.5,31.256098
26-10-2025,23.5,84.5,32.305706
26-10-2025,24.5,80.5,29.765402
26-10-2025,24.5,81.5,30.916372
26-10-2025,24.5,82.5,31.680975
26-10-2025,24.5,83.5,31.913721
26-10-2025,24.5,84.5,32.138077
27-10-2025,17.5,80.5,29.799776
27-10-2025,17.5,81.5,29.370203
27-10-2025,17.5,82.5,29.31132
27-10-2025,17.5,83.5,29.899395
27-10-2025,17.5,84.5,
27-10-2025,18.5,80.5,30.571056
27-10-2025,18.5,81.5,30.076725
27-10-2025,18.5,82.5,29.467157
27-10-2025,18.5,83.5,30.073313
27-10-2025,18.5,84.5,31.403664
27-10-2025,19.5,80.5,31.401491
27-10-2025,19.5,81.5,30.688152
27-10-2025,19.5,82.5,30.369076
27-10-2025,19.5,83.5,31.217398
27-10-2025,19.5,84.5,31.944386
27-10-2025,20.5,80.5,31.423403
27-10-2025,20.5,81.5,31.122232
27-10-2025,20.5,82.5,31.800156
27-10-2025,20.5,83.5,32.124916
27-10-2025,20.5,84.5,32.298424
27-10-2025,21.5,80.5,30.803574
27-10-2025,21.5,81.5,31.643387
27-10-2025,21.5,82.5,32.129578
27-10-2025,21.5,83.5,32.428375
27-10-2025,21.5,84.5,32.39853
27-10-2025,22.5,80.5,30.271511
27-10-2025,22.5,81.5,30.937447
27-10-2025,22.5,82.5,31.530699
27-10-2025,22.5,83.5,31.48894
27-10-2025,22.5,84.5,31.789637
27-10-2025,23.5,80.5,29.568535
27-10-2025,23.5,81.5,29.148138
27-10-2025,23.5,82.5,30.758087
27-10-2025,23.5,83.5,30.90885
27-10-2025,23.5,84.5,32.49036
27-10-2025,24.5,80.5,28.612816
27-10-2025,24.5,81.5,29.801992
27-10-2025,24.5,82.5,30.7687
27-10-2025,24.5,83.5,31.106686
27-10-2025,24.5,84.5,32.544567
28-10-2025,17.5,80.5,27.548016
28-10-2025,17.5,81.5,27.823202
28-10-2025,17.5,82.5,27.804382
28-10-2025,17.5,83.5,28.437634
28-10-2025,17.5,84.5,
28-10-2025,18.5,80.5,28.568073
28-10-2025,18.5,81.5,28.519756
28-10-2025,18.5,82.5,28.183556
28-10-2025,18.5,83.5,28.310131
28-10-2025,18.5,84.5,28.97119
28-10-2025,19.5,80.5,29.329767
28-10-2025,19.5,81.5,29.074463
28-10-2025,19.5,82.5,28.599089
28-10-2025,19.5,83.5,29.148243
28-10-2025,19.5,84.5,28.970396
28-10-2025,20.5,80.5,29.363234
28-10-2025,20.5,81.5,28.896534
28-10-2025,20.5,82.5,29.816502
28-10-2025,20.5,83.5,29.837664
28-10-2025,20.5,84.5,29.238388
28-10-2025,21.5,80.5,28.988054
28-10-2025,21.5,81.5,29.304483
28-10-2025,21.5,82.5,29.515394
28-10-2025,21.5,83.5,30.127663
28-10-2025,21.5,84.5,29.753561
28-10-2025,22.5,80.5,28.207333
28-10-2025,22.5,81.5,28.617783
28-10-2025,22.5,82.5,29.007504
28-10-2025,22.5,83.5,29.65728
28-10-2025,22.5,84.5,30.16719
28-10-2025,23.5,80.5,27.86984
28-10-2025,23.5,81.5,27.803457
28-10-2025,23.5,82.5,28.703716
28-10-2025,23.5,83.5,29.493988
28-10-2025,23.5,84.5,30.923788
28-10-2025,24.5,80.5,26.659325
28-10-2025,24.5,81.5,28.278072
28-10-2025,24.5,82.5,29.1893
28-10-2025,24.5,83.5,29.94263
28-10-2025,24.5,84.5,31.097467
29-10-2025,17.5,80.5,25.530334
29-10-2025,17.5,81.5,26.190483
29-10-2025,17.5,82.5,26.773123
29-10-2025,17.5,83.5,28.086025
29-10-2025,17.5,84.5,
29-10-2025,18.5,80.5,25.670212
29-10-2025,18.5,81.5,26.943346
29-10-2025,18.5,82.5,27.177652
29-10-2025,18.5,83.5,28.300608
29-10-2025,18.5,84.5,29.365463
29-10-2025,19.5,80.5,27.175964
29-10-2025,19.5,81.5,27.335377
29-10-2025,19.5,82.5,27.74404
29-10-2025,19.5,83.5,28.886745
29-10-2025,19.5,84.5,29.54978
29-10-2025,20.5,80.5,27.961777
29-10-2025,20.5,81.5,27.77924
29-10-2025,20.5,82.5,29.197899
29-10-2025,20.5,83.5,29.647108
29-10-2025,20.5,84.5,29.93493
29-10-2025,21.5,80.5,28.33111
29-10-2025,21.5,81.5,28.811163
29-10-2025,21.5,82.5,28.80337
29-10-2025,21.5,83.5,28.870998
29-10-2025,21.5,84.5,29.225063
29-10-2025,22.5,80.5,28.016422
29-10-2025,22.5,81.5,27.913357
29-10-2025,22.5,82.5,27.750675
29-10-2025,22.5,83.5,27.533161
29-10-2025,22.5,84.5,27.820265
29-10-2025,23.5,80.5,27.629232
29-10-2025,23.5,81.5,26.792582
29-10-2025,23.5,82.5,27.166998
29-10-2025,23.5,83.5,26.713345
29-10-2025,23.5,84.5,27.731897
29-10-2025,24.5,80.5,27.792736
29-10-2025,24.5,81.5,28.40782
29-10-2025,24.5,82.5,27.582396
29-10-2025,24.5,83.5,27.149096
29-10-2025,24.5,84.5,28.05835
30-10-2025,17.5,80.5,30.65582
30-10-2025,17.5,81.5,30.316273
30-10-2025,17.5,82.5,29.942558
30-10-2025,17.5,83.5,30.141335
30-10-2025,17.5,84.5,
30-10-2025,18.5,80.5,30.022257
30-10-2025,18.5,81.5,29.908436
30-10-2025,18.5,82.5,29.950493
30-10-2025,18.5,83.5,30.198078
30-10-2025,18.5,84.5,30.725662
30-10-2025,19.5,80.5,28.444386
30-10-2025,19.5,81.5,29.561197
30-10-2025,19.5,82.5,29.594326
30-10-2025,19.5,83.5,30.330633
30-10-2025,19.5,84.5,30.295904
30-10-2025,20.5,80.5,28.488726
30-10-2025,20.5,81.5,28.14065
30-10-2025,20.5,82.5,29.897455
30-10-2025,20.5,83.5,30.111544
30-10-2025,20.5,84.5,30.445177
30-10-2025,21.5,80.5,27.386343
30-10-2025,21.5,81.5,28.529707
30-10-2025,21.5,82.5,29.008503
30-10-2025,21.5,83.5,30.011002
30-10-2025,21.5,84.5,30.0953
30-10-2025,22.5,80.5,26.40641
30-10-2025,22.5,81.5,27.495815
30-10-2025,22.5,82.5,28.451769
30-10-2025,22.5,83.5,28.628645
30-10-2025,22.5,84.5,28.872133
30-10-2025,23.5,80.5,25.79123
30-10-2025,23.5,81.5,25.350462
30-10-2025,23.5,82.5,27.397686
30-10-2025,23.5,83.5,27.439657
30-10-2025,23.5,84.5,28.228735
30-10-2025,24.5,80.5,25.060112
30-10-2025,24.5,81.5,25.931969
30-10-2025,24.5,82.5,26.166077
30-10-2025,24.5,83.5,26.279745
30-10-2025,24.5,84.5,27.535639
31-10-2025,17.5,80.5,32.278625
31-10-2025,17.5,81.5,32.071133
31-10-2025,17.5,82.5,31.750902
31-10-2025,17.5,83.5,32.12721
31-10-2025,17.5,84.5,
31-10-2025,18.5,80.5,31.924328
31-10-2025,18.5,81.5,31.725988
31-10-2025,18.5,82.5,31.658175
31-10-2025,18.5,83.5,31.643345
31-10-2025,18.5,84.5,32.242355
31-10-2025,19.5,80.5,30.806286
31-10-2025,19.5,81.5,31.72715
31-10-2025,19.5,82.5,30.553598
31-10-2025,19.5,83.5,31.367374
31-10-2025,19.5,84.5,31.438557
31-10-2025,20.5,80.5,30.297049
31-10-2025,20.5,81.5,28.82236
31-10-2025,20.5,82.5,30.506481
31-10-2025,20.5,83.5,30.659555
31-10-2025,20.5,84.5,31.417086
31-10-2025,21.5,80.5,28.360931
31-10-2025,21.5,81.5,28.139181
31-10-2025,21.5,82.5,28.22329
31-10-2025,21.5,83.5,29.721966
31-10-2025,21.5,84.5,30.227306
31-10-2025,22.5,80.5,26.296782
31-10-2025,22.5,81.5,26.970127
31-10-2025,22.5,82.5,26.881218
31-10-2025,22.5,83.5,27.469418
31-10-2025,22.5,84.5,28.235332
31-10-2025,23.5,80.5,25.269106
31-10-2025,23.5,81.5,24.741177
31-10-2025,23.5,82.5,25.70542
31-10-2025,23.5,83.5,26.170033
31-10-2025,23.5,84.5,27.449024
31-10-2025,24.5,80.5,24.566341
31-10-2025,24.5,81.5,25.450153
31-10-2025,24.5,82.5,25.391724
31-10-2025,24.5,83.5,25.614113
31-10-2025,24.5,84.5,26.825005
01-11-2025,17.5,80.5,32.083115
01-11-2025,17.5,81.5,31.906656
01-11-2025,17.5,82.5,31.998827
01-11-2025,17.5,83.5,32.23668
01-11-2025,17.5,84.5,
01-11-2025,18.5,80.5,32.370476
01-11-2025,18.5,81.5,32.220963
01-11-2025,18.5,82.5,31.90584
01-11-2025,18.5,83.5,31.96609
01-11-2025,18.5,84.5,32.632816
01-11-2025,19.5,80.5,31.918787
01-11-2025,19.5,81.5,32.205208
01-11-2025,19.5,82.5,31.87377
01-11-2025,19.5,83.5,32.251236
01-11-2025,19.5,84.5,32.407005
01-11-2025,20.5,80.5,31.537674
01-11-2025,20.5,81.5,30.351215
01-11-2025,20.5,82.5,31.49157
01-11-2025,20.5,83.5,31.431229
01-11-2025,20.5,84.5,32.512386
01-11-2025,21.5,80.5,29.418285
01-11-2025,21.5,81.5,29.688166
01-11-2025,21.5,82.5,29.415607
01-11-2025,21.5,83.5,30.334024
01-11-2025,21.5,84.5,30.779764
01-11-2025,22.5,80.5,27.644403
01-11-2025,22.5,81.5,28.626417
01-11-2025,22.5,82.5,28.209707
01-11-2025,22.5,83.5,28.142363
01-11-2025,22.5,84.5,28.652401
01-11-2025,23.5,80.5,27.398619
01-11-2025,23.5,81.5,26.644087
01-11-2025,23.5,82.5,27.39793
01-11-2025,23.5,83.5,27.089752
01-11-2025,23.5,84.5,27.39104
01-11-2025,24.5,80.5,28.067026
01-11-2025,24.5,81.5,28.136288
01-11-2025,24.5,82.5,26.414778
01-11-2025,24.5,83.5,26.15885
01-11-2025,24.5,84.5,26.424063
02-11-2025,17.5,80.5,32.080105
02-11-2025,17.5,81.5,32.23142
02-11-2025,17.5,82.5,32.123447
02-11-2025,17.5,83.5,32.37924
02-11-2025,17.5,84.5,
02-11-2025,18.5,80.5,31.933332
02-11-2025,18.5,81.5,32.199932
02-11-2025,18.5,82.5,31.817005
02-11-2025,18.5,83.5,32.198124
02-11-2025,18.5,84.5,32.68015
02-11-2025,19.5,80.5,31.398611
02-11-2025,19.5,81.5,31.548872
02-11-2025,19.5,82.5,31.765863
02-11-2025,19.5,83.5,32.55036
02-11-2025,19.5,84.5,32.42445
02-11-2025,20.5,80.5,31.640564
02-11-2025,20.5,81.5,30.24975
02-11-2025,20.5,82.5,31.491394
02-11-2025,20.5,83.5,31.753466
02-11-2025,20.5,84.5,32.508904
02-11-2025,21.5,80.5,30.606743
02-11-2025,21.5,81.5,30.636292
02-11-2025,21.5,82.5,30.417479
02-11-2025,21.5,83.5,30.788935
02-11-2025,21.5,84.5,31.590137
02-11-2025,22.5,80.5,29.657118
02-11-2025,22.5,81.5,29.846577
02-11-2025,22.5,82.5,29.6222
02-11-2025,22.5,83.5,29.577917
02-11-2025,22.5,84.5,29.974178
02-11-2025,23.5,80.5,29.65421
02-11-2025,23.5,81.5,29.484064
02-11-2025,23.5,82.5,29.561071
02-11-2025,23.5,83.5,28.91924
02-11-2025,23.5,84.5,29.80477
02-11-2025,24.5,80.5,30.284176
02-11-2025,24.5,81.5,30.730745
02-11-2025,24.5,82.5,29.912334
02-11-2025,24.5,83.5,29.296375
02-11-2025,24.5,84.5,29.85743
03-11-2025,17.5,80.5,32.163536
03-11-2025,17.5,81.5,31.851254
03-11-2025,17.5,82.5,31.691639
03-11-2025,17.5,83.5,31.751282
03-11-2025,17.5,84.5,
03-11-2025,18.5,80.5,32.24276
03-11-2025,18.5,81.5,31.886396
03-11-2025,18.5,82.5,31.238747
03-11-2025,18.5,83.5,31.58989
03-11-2025,18.5,84.5,32.153
03-11-2025,19.5,80.5,31.363281
03-11-2025,19.5,81.5,31.435507
03-11-2025,19.5,82.5,31.00104
03-11-2025,19.5,83.5,32.005936
03-11-2025,19.5,84.5,31.864174
03-11-2025,20.5,80.5,31.588566
03-11-2025,20.5,81.5,30.072193
03-11-2025,20.5,82.5,31.143623
03-11-2025,20.5,83.5,31.442383
03-11-2025,20.5,84.5,31.883345
03-11-2025,21.5,80.5,30.32426
03-11-2025,21.5,81.5,29.839495
03-11-2025,21.5,82.5,29.751768
03-11-2025,21.5,83.5,30.665314
03-11-2025,21.5,84.5,30.370087
03-11-2025,22.5,80.5,29.996368
03-11-2025,22.5,81.5,29.278568
03-11-2025,22.5,82.5,29.101952
03-11-2025,22.5,83.5,29.144186
03-11-2025,22.5,84.5,28.584078
03-11-2025,23.5,80.5,30.00406
03-11-2025,23.5,81.5,29.408703
03-11-2025,23.5,82.5,29.60417
03-11-2025,23.5,83.5,28.71372
03-11-2025,23.5,84.5,28.300604
03-11-2025,24.5,80.5,30.593
03-11-2025,24.5,81.5,30.578764
03-11-2025,24.5,82.5,29.71332
03-11-2025,24.5,83.5,29.374956
03-11-2025,24.5,84.5,29.422153
04-11-2025,17.5,80.5,30.389132
04-11-2025,17.5,81.5,30.220903
04-11-2025,17.5,82.5,30.196644
04-11-2025,17.5,83.5,30.713512
04-11-2025,17.5,84.5,
04-11-2025,18.5,80.5,30.637117
04-11-2025,18.5,81.5,30.584269
04-11-2025,18.5,82.5,30.093454
04-11-2025,18.5,83.5,30.780733
04-11-2025,18.5,84.5,31.325468
04-11-2025,19.5,80.5,30.398954
04-11-2025,19.5,81.5,30.561651
04-11-2025,19.5,82.5,30.355017
04-11-2025,19.5,83.5,31.098158
04-11-2025,19.5,84.5,31.058983
04-11-2025,20.5,80.5,31.237474
04-11-2025,20.5,81.5,29.771147
04-11-2025,20.5,82.5,30.679556
04-11-2025,20.5,83.5,30.937012
04-11-2025,20.5,84.5,31.319662
04-11-2025,21.5,80.5,30.481382
04-11-2025,21.5,81.5,30.18828
04-11-2025,21.5,82.5,30.260838
04-11-2025,21.5,83.5,30.308681
04-11-2025,21.5,84.5,30.28499
04-11-2025,22.5,80.5,30.532421
04-11-2025,22.5,81.5,29.873343
04-11-2025,22.5,82.5,29.791668
04-11-2025,22.5,83.5,29.229685
04-11-2025,22.5,84.5,29.522602
04-11-2025,23.5,80.5,30.814993
04-11-2025,23.5,81.5,30.416035
04-11-2025,23.5,82.5,30.13688
04-11-2025,23.5,83.5,29.333519
04-11-2025,23.5,84.5,29.745369
04-11-2025,24.5,80.5,31.829237
04-11-2025,24.5,81.5,31.752579
04-11-2025,24.5,82.5,31.038765
04-11-2025,24.5,83.5,30.28628
04-11-2025,24.5,84.5,30.327385
05-11-2025,17.5,80.5,31.558094
05-11-2025,17.5,81.5,31.393959
05-11-2025,17.5,82.5,31.575209
05-11-2025,17.5,83.5,31.731916
05-11-2025,17.5,84.5,
05-11-2025,18.5,80.5,31.860493
05-11-2025,18.5,81.5,32.039272
05-11-2025,18.5,82.5,31.305046
05-11-2025,18.5,83.5,31.427824
05-11-2025,18.5,84.5,31.85915
05-11-2025,19.5,80.5,31.669594
05-11-2025,19.5,81.5,31.646385
05-11-2025,19.5,82.5,30.935575
05-11-2025,19.5,83.5,31.855453
05-11-2025,19.5,84.5,31.72037
05-11-2025,20.5,80.5,31.692114
05-11-2025,20.5,81.5,30.411366
05-11-2025,20.5,82.5,31.585472
05-11-2025,20.5,83.5,31.873737
05-11-2025,20.5,84.5,31.877823
05-11-2025,21.5,80.5,30.474674
05-11-2025,21.5,81.5,30.753496
05-11-2025,21.5,82.5,31.012157
05-11-2025,21.5,83.5,31.381893
05-11-2025,21.5,84.5,31.174953
05-11-2025,22.5,80.5,30.253506
05-11-2025,22.5,81.5,30.211037
05-11-2025,22.5,82.5,30.461697
05-11-2025,22.5,83.5,30.207449
05-11-2025,22.5,84.5,30.62928
05-11-2025,23.5,80.5,30.652779
05-11-2025,23.5,81.5,30.338705
05-11-2025,23.5,82.5,30.910627
05-11-2025,23.5,83.5,30.502695
05-11-2025,23.5,84.5,31.07174
05-11-2025,24.5,80.5,31.518248
05-11-2025,24.5,81.5,31.8585
05-11-2025,24.5,82.5,31.76917
05-11-2025,24.5,83.5,31.370686
05-11-2025,24.5,84.5,31.410234
06-11-2025,17.5,80.5,31.39221
06-11-2025,17.5,81.5,31.221485
06-11-2025,17.5,82.5,31.075565
06-11-2025,17.5,83.5,31.478035
06-11-2025,17.5,84.5,
06-11-2025,18.5,80.5,31.307375
06-11-2025,18.5,81.5,31.448141
06-11-2025,18.5,82.5,30.980612
06-11-2025,18.5,83.5,31.268951
06-11-2025,18.5,84.5,31.786266
06-11-2025,19.5,80.5,31.079792
06-11-2025,19.5,81.5,31.466808
06-11-2025,19.5,82.5,30.877481
06-11-2025,19.5,83.5,31.649206
06-11-2025,19.5,84.5,31.606491
06-11-2025,20.5,80.5,31.453293
06-11-2025,20.5,81.5,30.43911
06-11-2025,20.5,82.5,31.586756
06-11-2025,20.5,83.5,31.68763
06-11-2025,20.5,84.5,31.681494
06-11-2025,21.5,80.5,30.464272
06-11-2025,21.5,81.5,30.960999
06-11-2025,21.5,82.5,31.113815
06-11-2025,21.5,83.5,31.261702
06-11-2025,21.5,84.5,31.124317
06-11-2025,22.5,80.5,30.049109
06-11-2025,22.5,81.5,30.474844
06-11-2025,22.5,82.5,30.602943
06-11-2025,22.5,83.5,30.39926
06-11-2025,22.5,84.5,30.609243
06-11-2025,23.5,80.5,30.193628
06-11-2025,23.5,81.5,29.990442
06-11-2025,23.5,82.5,30.920424
06-11-2025,23.5,83.5,30.560783
06-11-2025,23.5,84.5,31.12951
06-11-2025,24.5,80.5,30.665178
06-11-2025,24.5,81.5,31.23213
06-11-2025,24.5,82.5,31.35422
06-11-2025,24.5,83.5,30.88404
06-11-2025,24.5,84.5,31.185707
07-11-2025,17.5,80.5,30.981735
07-11-2025,17.5,81.5,30.785448
07-11-2025,17.5,82.5,30.201796
07-11-2025,17.5,83.5,30.477777
07-11-2025,17.5,84.5,
07-11-2025,18.5,80.5,30.846428
07-11-2025,18.5,81.5,30.576096
07-11-2025,18.5,82.5,30.225908
07-11-2025,18.5,83.5,30.288641
07-11-2025,18.5,84.5,30.864233
07-11-2025,19.5,80.5,30.599022
07-11-2025,19.5,81.5,30.594036
07-11-2025,19.5,82.5,29.908007
07-11-2025,19.5,83.5,30.630602
07-11-2025,19.5,84.5,30.777428
07-11-2025,20.5,80.5,30.5349
07-11-2025,20.5,81.5,29.571697
07-11-2025,20.5,82.5,30.719023
07-11-2025,20.5,83.5,30.863459
07-11-2025,20.5,84.5,30.919727
07-11-2025,21.5,80.5,29.460707
07-11-2025,21.5,81.5,29.894953
07-11-2025,21.5,82.5,29.889202
07-11-2025,21.5,83.5,30.6788
07-11-2025,21.5,84.5,30.827631
07-11-2025,22.5,80.5,28.78784
07-11-2025,22.5,81.5,29.21458
07-11-2025,22.5,82.5,29.558292
07-11-2025,22.5,83.5,29.678408
07-11-2025,22.5,84.5,30.179033
07-11-2025,23.5,80.5,28.570602
07-11-2025,23.5,81.5,28.20833
07-11-2025,23.5,82.5,29.455706
07-11-2025,23.5,83.5,29.220232
07-11-2025,23.5,84.5,30.183662
07-11-2025,24.5,80.5,29.226067
07-11-2025,24.5,81.5,29.609093
07-11-2025,24.5,82.5,29.414331
07-11-2025,24.5,83.5,29.453583
07-11-2025,24.5,84.5,30.23561
08-11-2025,17.5,80.5,30.771812
08-11-2025,17.5,81.5,30.53184
08-11-2025,17.5,82.5,30.420166
08-11-2025,17.5,83.5,30.582912
08-11-2025,17.5,84.5,
08-11-2025,18.5,80.5,30.700722
08-11-2025,18.5,81.5,30.749163
08-11-2025,18.5,82.5,30.503542
08-11-2025,18.5,83.5,30.487524
08-11-2025,18.5,84.5,30.939947
08-11-2025,19.5,80.5,30.445726
08-11-2025,19.5,81.5,30.716633
08-11-2025,19.5,82.5,30.029434
08-11-2025,19.5,83.5,30.807459
08-11-2025,19.5,84.5,30.81981
08-11-2025,20.5,80.5,30.163832
08-11-2025,20.5,81.5,29.313131
08-11-2025,20.5,82.5,30.721794
08-11-2025,20.5,83.5,30.80806
08-11-2025,20.5,84.5,30.916628
08-11-2025,21.5,80.5,28.776058
08-11-2025,21.5,81.5,29.343325
08-11-2025,21.5,82.5,29.382208
08-11-2025,21.5,83.5,30.14534
08-11-2025,21.5,84.5,30.290491
08-11-2025,22.5,80.5,27.85107
08-11-2025,22.5,81.5,28.373308
08-11-2025,22.5,82.5,28.477198
08-11-2025,22.5,83.5,28.62293
08-11-2025,22.5,84.5,29.233944
08-11-2025,23.5,80.5,27.824463
08-11-2025,23.5,81.5,27.325777
08-11-2025,23.5,82.5,28.604128
08-11-2025,23.5,83.5,28.698961
08-11-2025,23.5,84.5,29.419916
08-11-2025,24.5,80.5,28.69865
08-11-2025,24.5,81.5,28.957645
08-11-2025,24.5,82.5,28.917679
08-11-2025,24.5,83.5,28.82221
08-11-2025,24.5,84.5,29.254402
09-11-2025,17.5,80.5,30.657478
09-11-2025,17.5,81.5,30.251223
09-11-2025,17.5,82.5,29.91621
09-11-2025,17.5,83.5,30.029524
09-11-2025,17.5,84.5,
09-11-2025,18.5,80.5,30.339968
09-11-2025,18.5,81.5,30.215172
09-11-2025,18.5,82.5,29.729218
09-11-2025,18.5,83.5,29.843447
09-11-2025,18.5,84.5,30.13575
09-11-2025,19.5,80.5,29.896193
09-11-2025,19.5,81.5,30.219805
09-11-2025,19.5,82.5,29.154741
09-11-2025,19.5,83.5,29.878061
09-11-2025,19.5,84.5,29.805155
09-11-2025,20.5,80.5,29.690245
09-11-2025,20.5,81.5,28.288403
09-11-2025,20.5,82.5,29.669123
09-11-2025,20.5,83.5,29.6063
09-11-2025,20.5,84.5,29.824818
09-11-2025,21.5,80.5,28.563
09-11-2025,21.5,81.5,28.551495
09-11-2025,21.5,82.5,28.609035
09-11-2025,21.5,83.5,29.185093
09-11-2025,21.5,84.5,29.494625
09-11-2025,22.5,80.5,27.522371
09-11-2025,22.5,81.5,27.875462
09-11-2025,22.5,82.5,28.271376
09-11-2025,22.5,83.5,28.049364
09-11-2025,22.5,84.5,28.743841
09-11-2025,23.5,80.5,27.799128
09-11-2025,23.5,81.5,27.241371
09-11-2025,23.5,82.5,28.185543
09-11-2025,23.5,83.5,27.755226
09-11-2025,23.5,84.5,28.807604
09-11-2025,24.5,80.5,28.44308
09-11-2025,24.5,81.5,28.53783
09-11-2025,24.5,82.5,28.375807
09-11-2025,24.5,83.5,28.355488
09-11-2025,24.5,84.5,28.6704
10-11-2025,17.5,80.5,30.265572
10-11-2025,17.5,81.5,29.855145
10-11-2025,17.5,82.5,29.456705
10-11-2025,17.5,83.5,29.382479
10-11-2025,17.5,84.5,
10-11-2025,18.5,80.5,29.853668
10-11-2025,18.5,81.5,29.562727
10-11-2025,18.5,82.5,29.066357
10-11-2025,18.5,83.5,29.025764
10-11-2025,18.5,84.5,29.523592
10-11-2025,19.5,80.5,29.251247
10-11-2025,19.5,81.5,29.390406
10-11-2025,19.5,82.5,28.450287
10-11-2025,19.5,83.5,29.314722
10-11-2025,19.5,84.5,29.445393
10-11-2025,20.5,80.5,29.257048
10-11-2025,20.5,81.5,28.013288
10-11-2025,20.5,82.5,29.112253
10-11-2025,20.5,83.5,29.221357
10-11-2025,20.5,84.5,29.573027
10-11-2025,21.5,80.5,28.358994
10-11-2025,21.5,81.5,28.51751
10-11-2025,21.5,82.5,28.569891
10-11-2025,21.5,83.5,28.940466
10-11-2025,21.5,84.5,29.268368
10-11-2025,22.5,80.5,27.783812
10-11-2025,22.5,81.5,27.730469
10-11-2025,22.5,82.5,28.221409
10-11-2025,22.5,83.5,27.934582
10-11-2025,22.5,84.5,28.521215
10-11-2025,23.5,80.5,27.601198
10-11-2025,23.5,81.5,27.084171
10-11-2025,23.5,82.5,27.784468
10-11-2025,23.5,83.5,27.726421
10-11-2025,23.5,84.5,28.199455
10-11-2025,24.5,80.5,28.237307
10-11-2025,24.5,81.5,28.278194
10-11-2025,24.5,82.5,27.954763
10-11-2025,24.5,83.5,27.47831
10-11-2025,24.5,84.5,27.620836
11-11-2025,17.5,80.5,30.782972
11-11-2025,17.5,81.5,30.09363
11-11-2025,17.5,82.5,29.777666
11-11-2025,17.5,83.5,29.633694
11-11-2025,17.5,84.5,
11-11-2025,18.5,80.5,30.386997
11-11-2025,18.5,81.5,30.097826
11-11-2025,18.5,82.5,29.370981
11-11-2025,18.5,83.5,29.184868
11-11-2025,18.5,84.5,29.709291
11-11-2025,19.5,80.5,29.997417
11-11-2025,19.5,81.5,29.93782
11-11-2025,19.5,82.5,28.984335
11-11-2025,19.5,83.5,29.607882
11-11-2025,19.5,84.5,29.552105
11-11-2025,20.5,80.5,29.6581
11-11-2025,20.5,81.5,28.519249
11-11-2025,20.5,82.5,29.609936
11-11-2025,20.5,83.5,29.576674
11-11-2025,20.5,84.5,29.621359
11-11-2025,21.5,80.5,28.52903
11-11-2025,21.5,81.5,28.660557
11-11-2025,21.5,82.5,28.880476
11-11-2025,21.5,83.5,29.022175
11-11-2025,21.5,84.5,29.014666
11-11-2025,22.5,80.5,27.579742
11-11-2025,22.5,81.5,27.972233
11-11-2025,22.5,82.5,28.194149
11-11-2025,22.5,83.5,27.96287
11-11-2025,22.5,84.5,28.420618
11-11-2025,23.5,80.5,27.477451
11-11-2025,23.5,81.5,26.903353
11-11-2025,23.5,82.5,27.770912
11-11-2025,23.5,83.5,27.57587
11-11-2025,23.5,84.5,28.044827
11-11-2025,24.5,80.5,28.042452
11-11-2025,24.5,81.5,27.984407
11-11-2025,24.5,82.5,27.789858
11-11-2025,24.5,83.5,27.501001
11-11-2025,24.5,84.5,27.627497
12-11-2025,17.5,80.5,30.649267
12-11-2025,17.5,81.5,30.169743
12-11-2025,17.5,82.5,29.61475
12-11-2025,17.5,83.5,29.405798
12-11-2025,17.5,84.5,
12-11-2025,18.5,80.5,30.071262
12-11-2025,18.5,81.5,29.743788
12-11-2025,18.5,82.5,29.285812
12-11-2025,18.5,83.5,28.888613
12-11-2025,18.5,84.5,29.244705
12-11-2025,19.5,80.5,29.383564
12-11-2025,19.5,81.5,29.437716
12-11-2025,19.5,82.5,28.56914
12-11-2025,19.5,83.5,29.170992
12-11-2025,19.5,84.5,29.15121
12-11-2025,20.5,80.5,29.219732
12-11-2025,20.5,81.5,28.247078
12-11-2025,20.5,82.5,29.32744
12-11-2025,20.5,83.5,29.26542
12-11-2025,20.5,84.5,29.262753
12-11-2025,21.5,80.5,28.521166
12-11-2025,21.5,81.5,28.615837
12-11-2025,21.5,82.5,28.757454
12-11-2025,21.5,83.5,28.64033
12-11-2025,21.5,84.5,28.614286
12-11-2025,22.5,80.5,27.792013
12-11-2025,22.5,81.5,27.907457
12-11-2025,22.5,82.5,28.030508
12-11-2025,22.5,83.5,27.82955
12-11-2025,22.5,84.5,28.102318
12-11-2025,23.5,80.5,27.902023
12-11-2025,23.5,81.5,27.075344
12-11-2025,23.5,82.5,27.871517
12-11-2025,23.5,83.5,27.523018
12-11-2025,23.5,84.5,28.042036
12-11-2025,24.5,80.5,28.207794
12-11-2025,24.5,81.5,28.219793
12-11-2025,24.5,82.5,27.775324
12-11-2025,24.5,83.5,27.482246
12-11-2025,24.5,84.5,27.830242
13-11-2025,17.5,80.5,30.711044
13-11-2025,17.5,81.5,29.837309
13-11-2025,17.5,82.5,29.313501
13-11-2025,17.5,83.5,28.911535
13-11-2025,17.5,84.5,
13-11-2025,18.5,80.5,30.073874
13-11-2025,18.5,81.5,29.482275
13-11-2025,18.5,82.5,28.826797
13-11-2025,18.5,83.5,28.451523
13-11-2025,18.5,84.5,28.812254
13-11-2025,19.5,80.5,29.133194
13-11-2025,19.5,81.5,29.124607
13-11-2025,19.5,82.5,28.015652
13-11-2025,19.5,83.5,28.677843
13-11-2025,19.5,84.5,28.626041
13-11-2025,20.5,80.5,28.778711
13-11-2025,20.5,81.5,27.794445
13-11-2025,20.5,82.5,28.788069
13-11-2025,20.5,83.5,28.93056
13-11-2025,20.5,84.5,28.86496
13-11-2025,21.5,80.5,27.782688
13-11-2025,21.5,81.5,28.01833
13-11-2025,21.5,82.5,28.458328
13-11-2025,21.5,83.5,28.536343
13-11-2025,21.5,84.5,28.410368
13-11-2025,22.5,80.5,27.265
13-11-2025,22.5,81.5,27.419065
13-11-2025,22.5,82.5,27.957674
13-11-2025,22.5,83.5,27.957493
13-11-2025,22.5,84.5,27.961864
13-11-2025,23.5,80.5,27.582207
13-11-2025,23.5,81.5,26.913637
13-11-2025,23.5,82.5,27.915037
13-11-2025,23.5,83.5,27.75394
13-11-2025,23.5,84.5,28.222595
13-11-2025,24.5,80.5,28.19256
13-11-2025,24.5,81.5,28.260798
13-11-2025,24.5,82.5,28.186514
13-11-2025,24.5,83.5,27.755795
13-11-2025,24.5,84.5,27.899763
14-11-2025,17.5,80.5,29.907942
14-11-2025,17.5,81.5,29.234465
14-11-2025,17.5,82.5,28.55038
14-11-2025,17.5,83.5,28.495533
14-11-2025,17.5,84.5,
14-11-2025,18.5,80.5,29.387783
14-11-2025,18.5,81.5,29.100601
14-11-2025,18.5,82.5,28.496088
14-11-2025,18.5,83.5,28.071314
14-11-2025,18.5,84.5,28.551727
14-11-2025,19.5,80.5,29.019897
14-11-2025,19.5,81.5,28.847878
14-11-2025,19.5,82.5,28.147528
14-11-2025,19.5,83.5,28.484663
14-11-2025,19.5,84.5,28.553352
14-11-2025,20.5,80.5,28.865728
14-11-2025,20.5,81.5,28.163021
14-11-2025,20.5,82.5,28.801117
14-11-2025,20.5,83.5,28.707617
14-11-2025,20.5,84.5,28.72168
14-11-2025,21.5,80.5,27.723717
14-11-2025,21.5,81.5,28.315617
14-11-2025,21.5,82.5,28.430964
14-11-2025,21.5,83.5,28.351221
14-11-2025,21.5,84.5,28.371487
14-11-2025,22.5,80.5,27.252644
14-11-2025,22.5,81.5,27.567223
14-11-2025,22.5,82.5,27.778505
14-11-2025,22.5,83.5,27.767372
14-11-2025,22.5,84.5,27.81148
14-11-2025,23.5,80.5,27.291409
14-11-2025,23.5,81.5,26.764372
14-11-2025,23.5,82.5,27.736866
14-11-2025,23.5,83.5,27.03818
14-11-2025,23.5,84.5,27.480816
14-11-2025,24.5,80.5,27.693445
14-11-2025,24.5,81.5,27.76417
14-11-2025,24.5,82.5,27.470905
14-11-2025,24.5,83.5,27.070574
14-11-2025,24.5,84.5,27.17282
15-11-2025,17.5,80.5,29.208324
15-11-2025,17.5,81.5,28.652126
15-11-2025,17.5,82.5,28.096415
15-11-2025,17.5,83.5,28.296967
15-11-2025,17.5,84.5,
15-11-2025,18.5,80.5,28.802986
15-11-2025,18.5,81.5,28.460041
15-11-2025,18.5,82.5,27.76088
15-11-2025,18.5,83.5,28.039644
15-11-2025,18.5,84.5,28.486187
15-11-2025,19.5,80.5,28.546236
15-11-2025,19.5,81.5,28.286695
15-11-2025,19.5,82.5,27.612597
15-11-2025,19.5,83.5,28.3844
15-11-2025,19.5,84.5,28.41049
15-11-2025,20.5,80.5,28.567757
15-11-2025,20.5,81.5,27.521536
15-11-2025,20.5,82.5,28.349758
15-11-2025,20.5,83.5,28.490696
15-11-2025,20.5,84.5,28.580236
15-11-2025,21.5,80.5,27.744822
15-11-2025,21.5,81.5,27.902493
15-11-2025,21.5,82.5,27.804398
15-11-2025,21.5,83.5,28.019428
15-11-2025,21.5,84.5,28.159218
15-11-2025,22.5,80.5,26.963932
15-11-2025,22.5,81.5,27.161999
15-11-2025,22.5,82.5,27.274563
15-11-2025,22.5,83.5,27.209816
15-11-2025,22.5,84.5,27.347883
15-11-2025,23.5,80.5,26.755924
15-11-2025,23.5,81.5,26.250278
15-11-2025,23.5,82.5,27.24717
15-11-2025,23.5,83.5,26.922659
15-11-2025,23.5,84.5,27.820452
15-11-2025,24.5,80.5,27.469473
15-11-2025,24.5,81.5,27.573284
15-11-2025,24.5,82.5,27.214386
15-11-2025,24.5,83.5,26.98617
15-11-2025,24.5,84.5,27.723364
16-11-2025,17.5,80.5,28.553438
16-11-2025,17.5,81.5,27.721136
16-11-2025,17.5,82.5,27.358606
16-11-2025,17.5,83.5,28.056568
16-11-2025,17.5,84.5,
16-11-2025,18.5,80.5,27.977783
16-11-2025,18.5,81.5,27.857185
16-11-2025,18.5,82.5,27.30517
16-11-2025,18.5,83.5,27.89266
16-11-2025,18.5,84.5,28.409533
16-11-2025,19.5,80.5,27.81106
16-11-2025,19.5,81.5,27.860342
16-11-2025,19.5,82.5,27.45219
16-11-2025,19.5,83.5,28.345259
16-11-2025,19.5,84.5,28.397316
16-11-2025,20.5,80.5,27.941942
16-11-2025,20.5,81.5,27.160164
16-11-2025,20.5,82.5,28.294287
16-11-2025,20.5,83.5,28.52707
16-11-2025,20.5,84.5,28.603859
16-11-2025,21.5,80.5,27.283283
16-11-2025,21.5,81.5,27.633728
16-11-2025,21.5,82.5,27.708157
16-11-2025,21.5,83.5,27.871363
16-11-2025,21.5,84.5,27.93129
16-11-2025,22.5,80.5,26.883034
16-11-2025,22.5,81.5,26.9446
16-11-2025,22.5,82.5,26.972124
16-11-2025,22.5,83.5,27.036137
16-11-2025,22.5,84.5,26.851717
16-11-2025,23.5,80.5,26.837334
16-11-2025,23.5,81.5,26.151432
16-11-2025,23.5,82.5,26.982752
16-11-2025,23.5,83.5,26.493446
16-11-2025,23.5,84.5,27.2067
16-11-2025,24.5,80.5,27.381172
16-11-2025,24.5,81.5,27.53692
16-11-2025,24.5,82.5,26.903465
16-11-2025,24.5,83.5,26.412603
16-11-2025,24.5,84.5,27.185953
17-11-2025,17.5,80.5,28.650898
17-11-2025,17.5,81.5,28.144596
17-11-2025,17.5,82.5,28.153677
17-11-2025,17.5,83.5,28.501564
17-11-2025,17.5,84.5,
17-11-2025,18.5,80.5,28.081747
17-11-2025,18.5,81.5,28.356117
17-11-2025,18.5,82.5,27.977732
17-11-2025,18.5,83.5,28.255888
17-11-2025,18.5,84.5,28.977657
17-11-2025,19.5,80.5,27.60298
17-11-2025,19.5,81.5,28.109215
17-11-2025,19.5,82.5,27.741282
17-11-2025,19.5,83.5,28.75691
17-11-2025,19.5,84.5,28.91022
17-11-2025,20.5,80.5,27.623184
17-11-2025,20.5,81.5,27.147306
17-11-2025,20.5,82.5,28.973257
17-11-2025,20.5,83.5,29.11453
17-11-2025,20.5,84.5,29.009342
17-11-2025,21.5,80.5,27.384956
17-11-2025,21.5,81.5,27.775143
17-11-2025,21.5,82.5,28.086315
17-11-2025,21.5,83.5,28.698183
17-11-2025,21.5,84.5,28.531382
17-11-2025,22.5,80.5,27.100063
17-11-2025,22.5,81.5,27.092117
17-11-2025,22.5,82.5,27.502363
17-11-2025,22.5,83.5,27.651775
17-11-2025,22.5,84.5,27.534023
17-11-2025,23.5,80.5,27.017435
17-11-2025,23.5,81.5,26.111547
17-11-2025,23.5,82.5,27.090778
17-11-2025,23.5,83.5,27.057299
17-11-2025,23.5,84.5,27.431114
17-11-2025,24.5,80.5,27.236755
17-11-2025,24.5,81.5,27.55359
17-11-2025,24.5,82.5,27.257786
17-11-2025,24.5,83.5,27.435928
17-11-2025,24.5,84.5,28.120152
18-11-2025,17.5,80.5,28.93953
18-11-2025,17.5,81.5,28.097652
18-11-2025,17.5,82.5,27.837997
18-11-2025,17.5,83.5,28.33338
18-11-2025,17.5,84.5,
18-11-2025,18.5,80.5,28.36448
18-11-2025,18.5,81.5,27.995905
18-11-2025,18.5,82.5,27.652758
18-11-2025,18.5,83.5,28.135809
18-11-2025,18.5,84.5,28.705778
18-11-2025,19.5,80.5,27.708134
18-11-2025,19.5,81.5,27.740719
18-11-2025,19.5,82.5,27.558651
18-11-2025,19.5,83.5,28.449839
18-11-2025,19.5,84.5,28.551714
18-11-2025,20.5,80.5,27.80161
18-11-2025,20.5,81.5,27.271282
18-11-2025,20.5,82.5,28.662611
18-11-2025,20.5,83.5,28.73241
18-11-2025,20.5,84.5,28.67135
18-11-2025,21.5,80.5,27.549007
18-11-2025,21.5,81.5,27.630562
18-11-2025,21.5,82.5,28.104336
18-11-2025,21.5,83.5,28.39973
18-11-2025,21.5,84.5,28.238447
18-11-2025,22.5,80.5,26.784473
18-11-2025,22.5,81.5,26.927876
18-11-2025,22.5,82.5,27.22453
18-11-2025,22.5,83.5,27.497051
18-11-2025,22.5,84.5,27.556095
18-11-2025,23.5,80.5,26.894289
18-11-2025,23.5,81.5,26.433676
18-11-2025,23.5,82.5,27.136297
18-11-2025,23.5,83.5,27.498602
18-11-2025,23.5,84.5,28.215496
18-11-2025,24.5,80.5,27.581232
18-11-2025,24.5,81.5,28.03384
18-11-2025,24.5,82.5,27.502134
18-11-2025,24.5,83.5,27.855808
18-11-2025,24.5,84.5,28.455479
19-11-2025,17.5,80.5,29.47478
19-11-2025,17.5,81.5,28.949394
19-11-2025,17.5,82.5,28.776312
19-11-2025,17.5,83.5,29.034681
19-11-2025,17.5,84.5,
19-11-2025,18.5,80.5,28.975641
19-11-2025,18.5,81.5,28.627811
19-11-2025,18.5,82.5,28.339659
19-11-2025,18.5,83.5,28.829662
19-11-2025,18.5,84.5,29.56989
19-11-2025,19.5,80.5,28.033197
19-11-2025,19.5,81.5,28.062218
19-11-2025,19.5,82.5,27.84996
19-11-2025,19.5,83.5,29.051022
19-11-2025,19.5,84.5,29.26223
19-11-2025,20.5,80.5,27.95557
19-11-2025,20.5,81.5,27.386925
19-11-2025,20.5,82.5,28.915098
19-11-2025,20.5,83.5,29.298485
19-11-2025,20.5,84.5,29.446812
19-11-2025,21.5,80.5,27.426569
19-11-2025,21.5,81.5,27.648502
19-11-2025,21.5,82.5,28.302864
19-11-2025,21.5,83.5,28.992258
19-11-2025,21.5,84.5,28.888985
19-11-2025,22.5,80.5,26.690563
19-11-2025,22.5,81.5,27.09199
19-11-2025,22.5,82.5,27.64396
19-11-2025,22.5,83.5,27.781927
19-11-2025,22.5,84.5,28.052319
19-11-2025,23.5,80.5,26.79882
19-11-2025,23.5,81.5,26.788029
19-11-2025,23.5,82.5,27.5026
19-11-2025,23.5,83.5,27.921963
19-11-2025,23.5,84.5,28.728048
19-11-2025,24.5,80.5,27.450623
19-11-2025,24.5,81.5,27.9794
19-11-2025,24.5,82.5,27.82601
19-11-2025,24.5,83.5,28.161919
19-11-2025,24.5,84.5,28.672838
20-11-2025,17.5,80.5,30.537113
20-11-2025,17.5,81.5,30.413155
20-11-2025,17.5,82.5,30.058208
20-11-2025,17.5,83.5,30.343157
20-11-2025,17.5,84.5,
20-11-2025,18.5,80.5,30.001566
20-11-2025,18.5,81.5,30.078043
20-11-2025,18.5,82.5,29.769058
20-11-2025,18.5,83.5,30.06113
20-11-2025,18.5,84.5,30.5763
20-11-2025,19.5,80.5,29.348894
20-11-2025,19.5,81.5,29.404705
20-11-2025,19.5,82.5,29.006567
20-11-2025,19.5,83.5,30.38013
20-11-2025,19.5,84.5,30.554173
20-11-2025,20.5,80.5,29.00832
20-11-2025,20.5,81.5,28.632795
20-11-2025,20.5,82.5,30.03007
20-11-2025,20.5,83.5,30.582624
20-11-2025,20.5,84.5,30.639715
20-11-2025,21.5,80.5,28.483957
20-11-2025,21.5,81.5,28.936592
20-11-2025,21.5,82.5,29.325167
20-11-2025,21.5,83.5,29.993296
20-11-2025,21.5,84.5,29.867737
20-11-2025,22.5,80.5,27.833462
20-11-2025,22.5,81.5,28.094217
20-11-2025,22.5,82.5,28.369421
20-11-2025,22.5,83.5,28.384958
20-11-2025,22.5,84.5,28.697174
20-11-2025,23.5,80.5,27.725214
20-11-2025,23.5,81.5,27.139904
20-11-2025,23.5,82.5,28.098577
20-11-2025,23.5,83.5,28.828901
20-11-2025,23.5,84.5,29.47825
20-11-2025,24.5,80.5,28.010292
20-11-2025,24.5,81.5,28.381733
20-11-2025,24.5,82.5,28.694035
20-11-2025,24.5,83.5,28.833616
20-11-2025,24.5,84.5,29.411812
21-11-2025,17.5,80.5,31.077805
21-11-2025,17.5,81.5,30.94703
21-11-2025,17.5,82.5,30.629244
21-11-2025,17.5,83.5,30.877766
21-11-2025,17.5,84.5,
21-11-2025,18.5,80.5,30.788887
21-11-2025,18.5,81.5,30.99775
21-11-2025,18.5,82.5,30.483927
21-11-2025,18.5,83.5,30.638405
21-11-2025,18.5,84.5,31.109978
21-11-2025,19.5,80.5,30.768871
21-11-2025,19.5,81.5,30.555037
21-11-2025,19.5,82.5,30.12605
21-11-2025,19.5,83.5,31.037127
21-11-2025,19.5,84.5,31.061218
21-11-2025,20.5,80.5,30.42609
21-11-2025,20.5,81.5,29.97203
21-11-2025,20.5,82.5,31.1059
21-11-2025,20.5,83.5,31.317778
21-11-2025,20.5,84.5,31.185066
21-11-2025,21.5,80.5,29.672028
21-11-2025,21.5,81.5,30.424578
21-11-2025,21.5,82.5,30.51289
21-11-2025,21.5,83.5,30.647886
21-11-2025,21.5,84.5,30.266012
21-11-2025,22.5,80.5,28.971031
21-11-2025,22.5,81.5,29.464573
21-11-2025,22.5,82.5,29.516415
21-11-2025,22.5,83.5,29.184374
21-11-2025,22.5,84.5,29.012825
21-11-2025,23.5,80.5,28.385046
21-11-2025,23.5,81.5,27.55412
21-11-2025,23.5,82.5,28.73641
21-11-2025,23.5,83.5,28.554317
21-11-2025,23.5,84.5,28.902716
21-11-2025,24.5,80.5,28.215895
21-11-2025,24.5,81.5,28.40203
21-11-2025,24.5,82.5,28.228748
21-11-2025,24.5,83.5,28.178656
21-11-2025,24.5,84.5,28.92526
22-11-2025,17.5,80.5,31.044312
22-11-2025,17.5,81.5,30.72745
22-11-2025,17.5,82.5,30.307802
22-11-2025,17.5,83.5,30.149036
22-11-2025,17.5,84.5,
22-11-2025,18.5,80.5,31.08676
22-11-2025,18.5,81.5,30.859352
22-11-2025,18.5,82.5,30.14573
22-11-2025,18.5,83.5,29.90536
22-11-2025,18.5,84.5,30.378233
22-11-2025,19.5,80.5,31.08769
22-11-2025,19.5,81.5,30.346786
22-11-2025,19.5,82.5,29.706408
22-11-2025,19.5,83.5,30.301632
22-11-2025,19.5,84.5,30.293804
22-11-2025,20.5,80.5,30.62041
22-11-2025,20.5,81.5,29.924221
22-11-2025,20.5,82.5,30.799543
22-11-2025,20.5,83.5,30.843904
22-11-2025,20.5,84.5,30.527905
22-11-2025,21.5,80.5,29.793877
22-11-2025,21.5,81.5,30.10365
22-11-2025,21.5,82.5,30.289225
22-11-2025,21.5,83.5,30.416624
22-11-2025,21.5,84.5,29.99893
22-11-2025,22.5,80.5,28.87982
22-11-2025,22.5,81.5,29.199488
22-11-2025,22.5,82.5,29.384272
22-11-2025,22.5,83.5,29.239433
22-11-2025,22.5,84.5,29.111326
22-11-2025,23.5,80.5,28.615318
22-11-2025,23.5,81.5,27.780445
22-11-2025,23.5,82.5,28.800987
22-11-2025,23.5,83.5,28.839533
22-11-2025,23.5,84.5,28.743713
22-11-2025,24.5,80.5,28.392061
22-11-2025,24.5,81.5,28.633745
22-11-2025,24.5,82.5,28.120792
22-11-2025,24.5,83.5,27.801487
22-11-2025,24.5,84.5,28.032442
23-11-2025,17.5,80.5,31.202633
23-11-2025,17.5,81.5,30.692799
23-11-2025,17.5,82.5,30.149801
23-11-2025,17.5,83.5,29.977615
23-11-2025,17.5,84.5,
23-11-2025,18.5,80.5,31.181456
23-11-2025,18.5,81.5,30.704237
23-11-2025,18.5,82.5,30.014896
23-11-2025,18.5,83.5,29.644808
23-11-2025,18.5,84.5,30.148737
23-11-2025,19.5,80.5,31.15586
23-11-2025,19.5,81.5,30.371977
23-11-2025,19.5,82.5,29.54411
23-11-2025,19.5,83.5,30.003517
23-11-2025,19.5,84.5,30.089703
23-11-2025,20.5,80.5,30.499805
23-11-2025,20.5,81.5,30.035782
23-11-2025,20.5,82.5,30.51436
23-11-2025,20.5,83.5,30.52676
23-11-2025,20.5,84.5,30.250938
23-11-2025,21.5,80.5,29.90969
23-11-2025,21.5,81.5,30.230862
23-11-2025,21.5,82.5,30.176228
23-11-2025,21.5,83.5,29.926888
23-11-2025,21.5,84.5,29.565435
23-11-2025,22.5,80.5,28.814537
23-11-2025,22.5,81.5,29.311745
23-11-2025,22.5,82.5,29.143333
23-11-2025,22.5,83.5,28.867443
23-11-2025,22.5,84.5,28.609915
23-11-2025,23.5,80.5,28.377804
23-11-2025,23.5,81.5,27.829096
23-11-2025,23.5,82.5,28.708284
23-11-2025,23.5,83.5,28.388386
23-11-2025,23.5,84.5,28.063715
23-11-2025,24.5,80.5,28.06392
23-11-2025,24.5,81.5,28.375116
23-11-2025,24.5,82.5,27.697187
23-11-2025,24.5,83.5,27.187607
23-11-2025,24.5,84.5,27.498316
24-11-2025,17.5,80.5,30.855469
24-11-2025,17.5,81.5,30.533428
24-11-2025,17.5,82.5,29.796616
24-11-2025,17.5,83.5,29.444296
24-11-2025,17.5,84.5,
24-11-2025,18.5,80.5,30.946163
24-11-2025,18.5,81.5,30.341555
24-11-2025,18.5,82.5,29.493284
24-11-2025,18.5,83.5,28.954388
24-11-2025,18.5,84.5,29.204285
24-11-2025,19.5,80.5,30.662838
24-11-2025,19.5,81.5,29.892282
24-11-2025,19.5,82.5,28.734987
24-11-2025,19.5,83.5,29.131386
24-11-2025,19.5,84.5,28.914206
24-11-2025,20.5,80.5,29.786505
24-11-2025,20.5,81.5,29.086973
24-11-2025,20.5,82.5,29.538496
24-11-2025,20.5,83.5,29.344572
24-11-2025,20.5,84.5,28.908363
24-11-2025,21.5,80.5,29.314556
24-11-2025,21.5,81.5,29.080978
24-11-2025,21.5,82.5,29.078918
24-11-2025,21.5,83.5,28.620579
24-11-2025,21.5,84.5,28.077492
24-11-2025,22.5,80.5,28.136963
24-11-2025,22.5,81.5,28.204578
24-11-2025,22.5,82.5,27.924135
24-11-2025,22.5,83.5,27.530294
24-11-2025,22.5,84.5,27.305866
24-11-2025,23.5,80.5,27.465416
24-11-2025,23.5,81.5,26.750776
24-11-2025,23.5,82.5,27.614641
24-11-2025,23.5,83.5,27.2464
24-11-2025,23.5,84.5,27.049288
24-11-2025,24.5,80.5,27.210602
24-11-2025,24.5,81.5,27.577602
24-11-2025,24.5,82.5,26.699427
24-11-2025,24.5,83.5,26.201565
24-11-2025,24.5,84.5,26.311184
25-11-2025,17.5,80.5,29.579308
25-11-2025,17.5,81.5,29.295246
25-11-2025,17.5,82.5,28.544205
25-11-2025,17.5,83.5,28.232382
25-11-2025,17.5,84.5,
25-11-2025,18.5,80.5,29.661043
25-11-2025,18.5,81.5,29.13853
25-11-2025,18.5,82.5,28.257044
25-11-2025,18.5,83.5,28.021479
25-11-2025,18.5,84.5,28.427706
25-11-2025,19.5,80.5,29.589754
25-11-2025,19.5,81.5,28.642542
25-11-2025,19.5,82.5,27.645012
25-11-2025,19.5,83.5,28.219946
25-11-2025,19.5,84.5,28.183308
25-11-2025,20.5,80.5,29.072163
25-11-2025,20.5,81.5,28.02327
25-11-2025,20.5,82.5,28.49227
25-11-2025,20.5,83.5,28.45017
25-11-2025,20.5,84.5,28.193127
25-11-2025,21.5,80.5,28.534391
25-11-2025,21.5,81.5,28.036858
25-11-2025,21.5,82.5,28.111738
25-11-2025,21.5,83.5,27.838554
25-11-2025,21.5,84.5,27.444693
25-11-2025,22.5,80.5,27.19622
25-11-2025,22.5,81.5,27.342047
25-11-2025,22.5,82.5,27.118223
25-11-2025,22.5,83.5,27.013725
25-11-2025,22.5,84.5,26.85857
25-11-2025,23.5,80.5,26.48064
25-11-2025,23.5,81.5,25.979294
25-11-2025,23.5,82.5,26.853432
25-11-2025,23.5,83.5,26.78995
25-11-2025,23.5,84.5,26.911684
25-11-2025,24.5,80.5,26.153502
25-11-2025,24.5,81.5,26.433167
25-11-2025,24.5,82.5,26.408546
25-11-2025,24.5,83.5,26.087132
25-11-2025,24.5,84.5,26.201458
26-11-2025,17.5,80.5,29.605795
26-11-2025,17.5,81.5,29.162306
26-11-2025,17.5,82.5,28.57383
26-11-2025,17.5,83.5,28.3557
26-11-2025,17.5,84.5,
26-11-2025,18.5,80.5,29.48305
26-11-2025,18.5,81.5,29.039057
26-11-2025,18.5,82.5,28.398767
26-11-2025,18.5,83.5,27.935207
26-11-2025,18.5,84.5,28.30298
26-11-2025,19.5,80.5,29.444902
26-11-2025,19.5,81.5,28.835552
26-11-2025,19.5,82.5,27.505999
26-11-2025,19.5,83.5,28.145588
26-11-2025,19.5,84.5,28.01112
26-11-2025,20.5,80.5,28.946388
26-11-2025,20.5,81.5,27.593729
26-11-2025,20.5,82.5,28.206238
26-11-2025,20.5,83.5,28.204603
26-11-2025,20.5,84.5,27.98701
26-11-2025,21.5,80.5,27.956522
26-11-2025,21.5,81.5,27.57254
26-11-2025,21.5,82.5,27.74202
26-11-2025,21.5,83.5,27.530321
26-11-2025,21.5,84.5,26.881952
26-11-2025,22.5,80.5,26.734848
26-11-2025,22.5,81.5,26.791014
26-11-2025,22.5,82.5,26.48612
26-11-2025,22.5,83.5,26.431448
26-11-2025,22.5,84.5,26.168497
26-11-2025,23.5,80.5,25.893015
26-11-2025,23.5,81.5,25.567867
26-11-2025,23.5,82.5,26.304201
26-11-2025,23.5,83.5,26.213318
26-11-2025,23.5,84.5,26.5652
26-11-2025,24.5,80.5,25.776493
26-11-2025,24.5,81.5,26.055637
26-11-2025,24.5,82.5,26.048105
26-11-2025,24.5,83.5,25.736225
26-11-2025,24.5,84.5,26.611134
27-11-2025,17.5,80.5,28.263546
27-11-2025,17.5,81.5,28.033087
27-11-2025,17.5,82.5,27.335728
27-11-2025,17.5,83.5,27.646551
27-11-2025,17.5,84.5,
27-11-2025,18.5,80.5,28.445187
27-11-2025,18.5,81.5,27.931534
27-11-2025,18.5,82.5,27.69326
27-11-2025,18.5,83.5,27.329874
27-11-2025,18.5,84.5,27.799566
27-11-2025,19.5,80.5,28.466085
27-11-2025,19.5,81.5,28.009983
27-11-2025,19.5,82.5,26.911592
27-11-2025,19.5,83.5,27.390392
27-11-2025,19.5,84.5,27.525599
27-11-2025,20.5,80.5,28.545399
27-11-2025,20.5,81.5,27.411491
27-11-2025,20.5,82.5,27.497206
27-11-2025,20.5,83.5,27.402733
27-11-2025,20.5,84.5,27.616322
27-11-2025,21.5,80.5,27.670435
27-11-2025,21.5,81.5,26.864082
27-11-2025,21.5,82.5,27.30416
27-11-2025,21.5,83.5,27.179056
27-11-2025,21.5,84.5,26.374535
27-11-2025,22.5,80.5,26.721977
27-11-2025,22.5,81.5,26.162035
27-11-2025,22.5,82.5,26.099531
27-11-2025,22.5,83.5,26.005547
27-11-2025,22.5,84.5,25.945236
27-11-2025,23.5,80.5,26.291206
27-11-2025,23.5,81.5,25.59364
27-11-2025,23.5,82.5,25.859804
27-11-2025,23.5,83.5,25.961002
27-11-2025,23.5,84.5,26.579216
27-11-2025,24.5,80.5,26.134474
27-11-2025,24.5,81.5,26.221104
27-11-2025,24.5,82.5,26.136402
27-11-2025,24.5,83.5,26.13457
27-11-2025,24.5,84.5,26.599092
28-11-2025,17.5,80.5,28.565914
28-11-2025,17.5,81.5,28.413485
28-11-2025,17.5,82.5,28.29158
28-11-2025,17.5,83.5,28.668804
28-11-2025,17.5,84.5,
28-11-2025,18.5,80.5,28.357384
28-11-2025,18.5,81.5,28.336597
28-11-2025,18.5,82.5,28.016722
28-11-2025,18.5,83.5,28.392195
28-11-2025,18.5,84.5,28.757185
28-11-2025,19.5,80.5,27.960363
28-11-2025,19.5,81.5,27.846643
28-11-2025,19.5,82.5,27.615154
28-11-2025,19.5,83.5,28.568615
28-11-2025,19.5,84.5,28.52763
28-11-2025,20.5,80.5,27.928392
28-11-2025,20.5,81.5,27.17598
28-11-2025,20.5,82.5,28.44204
28-11-2025,20.5,83.5,28.592598
28-11-2025,20.5,84.5,28.607943
28-11-2025,21.5,80.5,27.218449
28-11-2025,21.5,81.5,27.644497
28-11-2025,21.5,82.5,27.84655
28-11-2025,21.5,83.5,28.325697
28-11-2025,21.5,84.5,27.996721
28-11-2025,22.5,80.5,26.681898
28-11-2025,22.5,81.5,26.946924
28-11-2025,22.5,82.5,27.283741
28-11-2025,22.5,83.5,27.308342
28-11-2025,22.5,84.5,27.161861
28-11-2025,23.5,80.5,26.548105
28-11-2025,23.5,81.5,26.064337
28-11-2025,23.5,82.5,26.934162
28-11-2025,23.5,83.5,27.307877
28-11-2025,23.5,84.5,27.647612
28-11-2025,24.5,80.5,26.542866
28-11-2025,24.5,81.5,26.834175
28-11-2025,24.5,82.5,27.067053
28-11-2025,24.5,83.5,27.014767
28-11-2025,24.5,84.5,27.367863
29-11-2025,17.5,80.5,28.690695
29-11-2025,17.5,81.5,28.9135
29-11-2025,17.5,82.5,28.687603
29-11-2025,17.5,83.5,28.863205
29-11-2025,17.5,84.5,
29-11-2025,18.5,80.5,28.538685
29-11-2025,18.5,81.5,28.676683
29-11-2025,18.5,82.5,28.274178
29-11-2025,18.5,83.5,28.53228
29-11-2025,18.5,84.5,28.924864
29-11-2025,19.5,80.5,28.043243
29-11-2025,19.5,81.5,28.029558
29-11-2025,19.5,82.5,27.734194
29-11-2025,19.5,83.5,28.725616
29-11-2025,19.5,84.5,28.748066
29-11-2025,20.5,80.5,28.014072
29-11-2025,20.5,81.5,27.234648
29-11-2025,20.5,82.5,28.746859
29-11-2025,20.5,83.5,28.979916
29-11-2025,20.5,84.5,28.932148
29-11-2025,21.5,80.5,27.206789
29-11-2025,21.5,81.5,27.850735
29-11-2025,21.5,82.5,27.954178
29-11-2025,21.5,83.5,28.480091
29-11-2025,21.5,84.5,28.223726
29-11-2025,22.5,80.5,26.530664
29-11-2025,22.5,81.5,26.984022
29-11-2025,22.5,82.5,27.314241
29-11-2025,22.5,83.5,27.478174
29-11-2025,22.5,84.5,27.4171
29-11-2025,23.5,80.5,26.310535
29-11-2025,23.5,81.5,25.819769
29-11-2025,23.5,82.5,26.817463
29-11-2025,23.5,83.5,27.216505
29-11-2025,23.5,84.5,27.387129
29-11-2025,24.5,80.5,26.597641
29-11-2025,24.5,81.5,26.936218
29-11-2025,24.5,82.5,26.824226
29-11-2025,24.5,83.5,26.563423
29-11-2025,24.5,84.5,26.982567
30-11-2025,17.5,80.5,27.225325
30-11-2025,17.5,81.5,26.966513
30-11-2025,17.5,82.5,27.03099
30-11-2025,17.5,83.5,27.260336
30-11-2025,17.5,84.5,
30-11-2025,18.5,80.5,27.406725
30-11-2025,18.5,81.5,27.440567
30-11-2025,18.5,82.5,26.76294
30-11-2025,18.5,83.5,27.000113
30-11-2025,18.5,84.5,27.821613
30-11-2025,19.5,80.5,27.834646
30-11-2025,19.5,81.5,27.417017
30-11-2025,19.5,82.5,26.71389
30-11-2025,19.5,83.5,27.620937
30-11-2025,19.5,84.5,27.892448
30-11-2025,20.5,80.5,27.636564
30-11-2025,20.5,81.5,26.84197
30-11-2025,20.5,82.5,27.916378
30-11-2025,20.5,83.5,28.162333
30-11-2025,20.5,84.5,28.03507
30-11-2025,21.5,80.5,27.028
30-11-2025,21.5,81.5,27.502386
30-11-2025,21.5,82.5,27.483646
30-11-2025,21.5,83.5,27.948914
30-11-2025,21.5,84.5,27.83841
30-11-2025,22.5,80.5,26.618488
30-11-2025,22.5,81.5,27.032066
30-11-2025,22.5,82.5,27.238102
30-11-2025,22.5,83.5,27.298244
30-11-2025,22.5,84.5,27.055157
30-11-2025,23.5,80.5,26.834074
30-11-2025,23.5,81.5,26.445303
30-11-2025,23.5,82.5,27.20862
30-11-2025,23.5,83.5,27.210503
30-11-2025,23.5,84.5,27.444475
30-11-2025,24.5,80.5,26.868574
30-11-2025,24.5,81.5,27.026072
30-11-2025,24.5,82.5,26.960604
30-11-2025,24.5,83.5,26.694815
30-11-2025,24.5,84.5,27.099312
01-12-2025,17.5,80.5,27.265917
01-12-2025,17.5,81.5,26.138391
01-12-2025,17.5,82.5,25.810472
01-12-2025,17.5,83.5,25.766062
01-12-2025,17.5,84.5,
01-12-2025,18.5,80.5,27.608215
01-12-2025,18.5,81.5,26.401348
01-12-2025,18.5,82.5,25.705145
01-12-2025,18.5,83.5,25.107933
01-12-2025,18.5,84.5,26.042526
01-12-2025,19.5,80.5,27.996365
01-12-2025,19.5,81.5,26.727186
01-12-2025,19.5,82.5,24.92199
01-12-2025,19.5,83.5,25.575518
01-12-2025,19.5,84.5,25.983812
01-12-2025,20.5,80.5,27.731043
01-12-2025,20.5,81.5,26.181347
01-12-2025,20.5,82.5,26.205881
01-12-2025,20.5,83.5,26.632412
01-12-2025,20.5,84.5,26.280754
01-12-2025,21.5,80.5,27.167984
01-12-2025,21.5,81.5,26.56437
01-12-2025,21.5,82.5,26.526066
01-12-2025,21.5,83.5,26.427956
01-12-2025,21.5,84.5,25.413671
01-12-2025,22.5,80.5,26.879871
01-12-2025,22.5,81.5,26.255304
01-12-2025,22.5,82.5,26.045713
01-12-2025,22.5,83.5,24.963736
01-12-2025,22.5,84.5,24.713032
01-12-2025,23.5,80.5,26.870415
01-12-2025,23.5,81.5,26.2301
01-12-2025,23.5,82.5,26.253147
01-12-2025,23.5,83.5,25.919535
01-12-2025,23.5,84.5,24.950535
01-12-2025,24.5,80.5,26.632141
01-12-2025,24.5,81.5,26.782537
01-12-2025,24.5,82.5,26.446507
01-12-2025,24.5,83.5,26.02721
01-12-2025,24.5,84.5,25.257256
02-12-2025,17.5,80.5,27.767538
02-12-2025,17.5,81.5,26.892916
02-12-2025,17.5,82.5,26.797173
02-12-2025,17.5,83.5,26.908125
02-12-2025,17.5,84.5,
02-12-2025,18.5,80.5,27.735682
02-12-2025,18.5,81.5,27.193193
02-12-2025,18.5,82.5,26.729986
02-12-2025,18.5,83.5,26.570597
02-12-2025,18.5,84.5,27.546572
02-12-2025,19.5,80.5,28.20105
02-12-2025,19.5,81.5,27.743057
02-12-2025,19.5,82.5,26.70526
02-12-2025,19.5,83.5,27.415218
02-12-2025,19.5,84.5,27.805365
02-12-2025,20.5,80.5,28.04362
02-12-2025,20.5,81.5,27.213829
02-12-2025,20.5,82.5,27.876776
02-12-2025,20.5,83.5,28.180372
02-12-2025,20.5,84.5,28.165022
02-12-2025,21.5,80.5,26.874542
02-12-2025,21.5,81.5,27.33209
02-12-2025,21.5,82.5,27.754541
02-12-2025,21.5,83.5,27.98015
02-12-2025,21.5,84.5,27.691618
02-12-2025,22.5,80.5,26.27596
02-12-2025,22.5,81.5,26.596533
02-12-2025,22.5,82.5,27.194637
02-12-2025,22.5,83.5,26.952097
02-12-2025,22.5,84.5,27.141834
02-12-2025,23.5,80.5,26.249
02-12-2025,23.5,81.5,25.739721
02-12-2025,23.5,82.5,26.829308
02-12-2025,23.5,83.5,26.895124
02-12-2025,23.5,84.5,27.183031
02-12-2025,24.5,80.5,26.50178
02-12-2025,24.5,81.5,26.17918
02-12-2025,24.5,82.5,26.161709
02-12-2025,24.5,83.5,26.04113
02-12-2025,24.5,84.5,25.990791
03-12-2025,17.5,80.5,27.890293
03-12-2025,17.5,81.5,27.396786
03-12-2025,17.5,82.5,27.479511
03-12-2025,17.5,83.5,27.735603
03-12-2025,17.5,84.5,
03-12-2025,18.5,80.5,28.118107
03-12-2025,18.5,81.5,27.876665
03-12-2025,18.5,82.5,27.320024
03-12-2025,18.5,83.5,27.473564
03-12-2025,18.5,84.5,28.256475
03-12-2025,19.5,80.5,28.315645
03-12-2025,19.5,81.5,27.772215
03-12-2025,19.5,82.5,27.3681
03-12-2025,19.5,83.5,28.24524
03-12-2025,19.5,84.5,28.320616
03-12-2025,20.5,80.5,28.260435
03-12-2025,20.5,81.5,27.44677
03-12-2025,20.5,82.5,28.096157
03-12-2025,20.5,83.5,28.428415
03-12-2025,20.5,84.5,28.452866
03-12-2025,21.5,80.5,27.210058
03-12-2025,21.5,81.5,27.789923
03-12-2025,21.5,82.5,28.162973
03-12-2025,21.5,83.5,28.357315
03-12-2025,21.5,84.5,28.014568
03-12-2025,22.5,80.5,26.796053
03-12-2025,22.5,81.5,27.032644
03-12-2025,22.5,82.5,27.572882
03-12-2025,22.5,83.5,27.218456
03-12-2025,22.5,84.5,27.266273
03-12-2025,23.5,80.5,26.759302
03-12-2025,23.5,81.5,26.369078
03-12-2025,23.5,82.5,27.165108
03-12-2025,23.5,83.5,27.202858
03-12-2025,23.5,84.5,27.347536
03-12-2025,24.5,80.5,26.799345
03-12-2025,24.5,81.5,26.80973
03-12-2025,24.5,82.5,26.7146
03-12-2025,24.5,83.5,26.354673
03-12-2025,24.5,84.5,26.249142
04-12-2025,17.5,80.5,29.258514
04-12-2025,17.5,81.5,28.781836
04-12-2025,17.5,82.5,28.361015
04-12-2025,17.5,83.5,28.030748
04-12-2025,17.5,84.5,
04-12-2025,18.5,80.5,29.307802
04-12-2025,18.5,81.5,28.778101
04-12-2025,18.5,82.5,27.913818
04-12-2025,18.5,83.5,27.575724
04-12-2025,18.5,84.5,27.926435
04-12-2025,19.5,80.5,28.614285
04-12-2025,19.5,81.5,28.274307
04-12-2025,19.5,82.5,27.18013
04-12-2025,19.5,83.5,27.764172
04-12-2025,19.5,84.5,27.749771
04-12-2025,20.5,80.5,28.154139
04-12-2025,20.5,81.5,27.152464
04-12-2025,20.5,82.5,27.949234
04-12-2025,20.5,83.5,27.91122
04-12-2025,20.5,84.5,27.866495
04-12-2025,21.5,80.5,27.015636
04-12-2025,21.5,81.5,27.421715
04-12-2025,21.5,82.5,27.536789
04-12-2025,21.5,83.5,27.467999
04-12-2025,21.5,84.5,27.102983
04-12-2025,22.5,80.5,25.98548
04-12-2025,22.5,81.5,26.438297
04-12-2025,22.5,82.5,26.651567
04-12-2025,22.5,83.5,26.575008
04-12-2025,22.5,84.5,26.284367
04-12-2025,23.5,80.5,25.696003
04-12-2025,23.5,81.5,25.345388
04-12-2025,23.5,82.5,26.316938
04-12-2025,23.5,83.5,26.283487
04-12-2025,23.5,84.5,26.251455
04-12-2025,24.5,80.5,25.229673
04-12-2025,24.5,81.5,25.49261
04-12-2025,24.5,82.5,25.630928
04-12-2025,24.5,83.5,25.242104
04-12-2025,24.5,84.5,25.244978
05-12-2025,17.5,80.5,28.447062
05-12-2025,17.5,81.5,27.908138
05-12-2025,17.5,82.5,27.294912
05-12-2025,17.5,83.5,27.340622
05-12-2025,17.5,84.5,
05-12-2025,18.5,80.5,28.435955
05-12-2025,18.5,81.5,27.788109
05-12-2025,18.5,82.5,27.14351
05-12-2025,18.5,83.5,27.079
05-12-2025,18.5,84.5,27.56163
05-12-2025,19.5,80.5,28.021704
05-12-2025,19.5,81.5,27.58447
05-12-2025,19.5,82.5,26.573532
05-12-2025,19.5,83.5,27.357769
05-12-2025,19.5,84.5,27.506777
05-12-2025,20.5,80.5,27.607004
05-12-2025,20.5,81.5,26.920885
05-12-2025,20.5,82.5,27.471018
05-12-2025,20.5,83.5,27.68747
05-12-2025,20.5,84.5,27.727163
05-12-2025,21.5,80.5,26.662994
05-12-2025,21.5,81.5,27.07088
05-12-2025,21.5,82.5,27.168282
05-12-2025,21.5,83.5,27.339783
05-12-2025,21.5,84.5,26.86916
05-12-2025,22.5,80.5,25.810358
05-12-2025,22.5,81.5,26.12684
05-12-2025,22.5,82.5,26.222944
05-12-2025,22.5,83.5,26.18103
05-12-2025,22.5,84.5,25.830214
05-12-2025,23.5,80.5,25.33442
05-12-2025,23.5,81.5,24.725945
05-12-2025,23.5,82.5,25.770275
05-12-2025,23.5,83.5,25.814585
05-12-2025,23.5,84.5,25.7698
05-12-2025,24.5,80.5,25.092857
05-12-2025,24.5,81.5,25.10173
05-12-2025,24.5,82.5,25.27308
05-12-2025,24.5,83.5,24.91646
05-12-2025,24.5,84.5,25.26904
06-12-2025,17.5,80.5,28.75026
06-12-2025,17.5,81.5,28.055895
06-12-2025,17.5,82.5,27.703888
06-12-2025,17.5,83.5,27.716175
06-12-2025,17.5,84.5,
06-12-2025,18.5,80.5,28.361864
06-12-2025,18.5,81.5,28.002726
06-12-2025,18.5,82.5,27.540524
06-12-2025,18.5,83.5,27.57058
06-12-2025,18.5,84.5,27.922335
06-12-2025,19.5,80.5,27.915176
06-12-2025,19.5,81.5,27.836187
06-12-2025,19.5,82.5,27.157671
06-12-2025,19.5,83.5,27.905386
06-12-2025,19.5,84.5,27.931189
06-12-2025,20.5,80.5,27.426138
06-12-2025,20.5,81.5,27.098495
06-12-2025,20.5,82.5,27.831089
06-12-2025,20.5,83.5,28.016758
06-12-2025,20.5,84.5,28.050814
06-12-2025,21.5,80.5,26.370935
06-12-2025,21.5,81.5,27.21329
06-12-2025,21.5,82.5,27.302761
06-12-2025,21.5,83.5,27.483347
06-12-2025,21.5,84.5,27.103035
06-12-2025,22.5,80.5,25.691013
06-12-2025,22.5,81.5,26.33016
06-12-2025,22.5,82.5,26.375036
06-12-2025,22.5,83.5,26.318298
06-12-2025,22.5,84.5,26.092295
06-12-2025,23.5,80.5,25.304796
06-12-2025,23.5,81.5,24.58022
06-12-2025,23.5,82.5,25.918793
06-12-2025,23.5,83.5,25.800383
06-12-2025,23.5,84.5,26.08103
06-12-2025,24.5,80.5,25.11526
06-12-2025,24.5,81.5,24.97013
06-12-2025,24.5,82.5,25.190617
06-12-2025,24.5,83.5,24.688242
06-12-2025,24.5,84.5,25.249523
07-12-2025,17.5,80.5,29.119019
07-12-2025,17.5,81.5,28.240555
07-12-2025,17.5,82.5,27.81674
07-12-2025,17.5,83.5,27.510744
07-12-2025,17.5,84.5,
07-12-2025,18.5,80.5,28.736595
07-12-2025,18.5,81.5,28.248098
07-12-2025,18.5,82.5,27.581244
07-12-2025,18.5,83.5,27.373379
07-12-2025,18.5,84.5,27.705269
07-12-2025,19.5,80.5,28.735374
07-12-2025,19.5,81.5,28.349047
07-12-2025,19.5,82.5,27.407242
07-12-2025,19.5,83.5,27.783989
07-12-2025,19.5,84.5,27.74681
07-12-2025,20.5,80.5,28.59176
07-12-2025,20.5,81.5,27.962296
07-12-2025,20.5,82.5,28.500454
07-12-2025,20.5,83.5,28.32761
07-12-2025,20.5,84.5,27.801538
07-12-2025,21.5,80.5,27.689196
07-12-2025,21.5,81.5,28.399292
07-12-2025,21.5,82.5,28.27432
07-12-2025,21.5,83.5,27.988672
07-12-2025,21.5,84.5,27.16279
07-12-2025,22.5,80.5,26.95129
07-12-2025,22.5,81.5,27.42539
07-12-2025,22.5,82.5,27.352587
07-12-2025,22.5,83.5,27.008106
07-12-2025,22.5,84.5,26.584837
07-12-2025,23.5,80.5,26.113075
07-12-2025,23.5,81.5,25.601109
07-12-2025,23.5,82.5,26.792902
07-12-2025,23.5,83.5,26.634823
07-12-2025,23.5,84.5,26.413887
07-12-2025,24.5,80.5,25.770712
07-12-2025,24.5,81.5,25.670126
07-12-2025,24.5,82.5,25.617237
07-12-2025,24.5,83.5,25.017885
07-12-2025,24.5,84.5,25.286264
08-12-2025,17.5,80.5,29.140644
08-12-2025,17.5,81.5,28.507597
08-12-2025,17.5,82.5,28.220987
08-12-2025,17.5,83.5,28.412579
08-12-2025,17.5,84.5,
08-12-2025,18.5,80.5,28.887331
08-12-2025,18.5,81.5,28.502506
08-12-2025,18.5,82.5,28.192444
08-12-2025,18.5,83.5,28.184456
08-12-2025,18.5,84.5,28.438446
08-12-2025,19.5,80.5,28.99394
08-12-2025,19.5,81.5,28.854538
08-12-2025,19.5,82.5,27.927822
08-12-2025,19.5,83.5,28.616787
08-12-2025,19.5,84.5,28.447214
08-12-2025,20.5,80.5,29.065039
08-12-2025,20.5,81.5,28.767908
08-12-2025,20.5,82.5,29.013031
08-12-2025,20.5,83.5,29.055437
08-12-2025,20.5,84.5,28.51729
08-12-2025,21.5,80.5,28.636957
08-12-2025,21.5,81.5,29.027004
08-12-2025,21.5,82.5,29.070272
08-12-2025,21.5,83.5,28.554047
08-12-2025,21.5,84.5,27.640472
08-12-2025,22.5,80.5,28.14368
08-12-2025,22.5,81.5,28.268898
08-12-2025,22.5,82.5,27.90909
08-12-2025,22.5,83.5,27.133694
08-12-2025,22.5,84.5,26.673328
08-12-2025,23.5,80.5,27.706753
08-12-2025,23.5,81.5,26.829222
08-12-2025,23.5,82.5,27.433372
08-12-2025,23.5,83.5,26.77908
08-12-2025,23.5,84.5,25.958918
08-12-2025,24.5,80.5,27.486044
08-12-2025,24.5,81.5,26.921125
08-12-2025,24.5,82.5,25.932907
08-12-2025,24.5,83.5,24.880636
08-12-2025,24.5,84.5,24.352942
09-12-2025,17.5,80.5,29.70577
09-12-2025,17.5,81.5,28.806261
09-12-2025,17.5,82.5,28.392624
09-12-2025,17.5,83.5,28.196909
09-12-2025,17.5,84.5,
09-12-2025,18.5,80.5,29.284025
09-12-2025,18.5,81.5,28.80238
09-12-2025,18.5,82.5,28.143314
09-12-2025,18.5,83.5,27.724922
09-12-2025,18.5,84.5,27.950724
09-12-2025,19.5,80.5,29.334263
09-12-2025,19.5,81.5,29.00734
09-12-2025,19.5,82.5,27.78566
09-12-2025,19.5,83.5,28.199646
09-12-2025,19.5,84.5,28.112583
09-12-2025,20.5,80.5,29.030987
09-12-2025,20.5,81.5,28.551586
09-12-2025,20.5,82.5,28.856297
09-12-2025,20.5,83.5,28.739328
09-12-2025,20.5,84.5,28.232292
09-12-2025,21.5,80.5,28.26996
09-12-2025,21.5,81.5,28.824902
09-12-2025,21.5,82.5,28.77363
09-12-2025,21.5,83.5,28.548069
09-12-2025,21.5,84.5,27.651953
09-12-2025,22.5,80.5,27.701311
09-12-2025,22.5,81.5,27.973213
09-12-2025,22.5,82.5,27.915922
09-12-2025,22.5,83.5,27.6077
09-12-2025,22.5,84.5,27.100315
09-12-2025,23.5,80.5,27.31765
09-12-2025,23.5,81.5,26.591196
09-12-2025,23.5,82.5,27.379623
09-12-2025,23.5,83.5,27.268785
09-12-2025,23.5,84.5,26.880245
09-12-2025,24.5,80.5,27.331219
09-12-2025,24.5,81.5,26.835978
09-12-2025,24.5,82.5,26.210785
09-12-2025,24.5,83.5,25.416195
09-12-2025,24.5,84.5,25.196104
10-12-2025,17.5,80.5,29.096348
10-12-2025,17.5,81.5,28.592527
10-12-2025,17.5,82.5,28.36199
10-12-2025,17.5,83.5,28.134909
10-12-2025,17.5,84.5,
10-12-2025,18.5,80.5,28.992903
10-12-2025,18.5,81.5,28.714985
10-12-2025,18.5,82.5,28.279049
10-12-2025,18.5,83.5,27.905167
10-12-2025,18.5,84.5,28.177395
10-12-2025,19.5,80.5,29.182566
10-12-2025,19.5,81.5,28.766747
10-12-2025,19.5,82.5,27.890272
10-12-2025,19.5,83.5,28.258408
10-12-2025,19.5,84.5,28.244522
10-12-2025,20.5,80.5,28.829035
10-12-2025,20.5,81.5,28.241966
10-12-2025,20.5,82.5,28.79901
10-12-2025,20.5,83.5,28.620216
10-12-2025,20.5,84.5,28.334742
10-12-2025,21.5,80.5,28.038807
10-12-2025,21.5,81.5,28.352026
10-12-2025,21.5,82.5,28.436283
10-12-2025,21.5,83.5,28.314863
10-12-2025,21.5,84.5,27.457012
10-12-2025,22.5,80.5,27.39156
10-12-2025,22.5,81.5,27.590292
10-12-2025,22.5,82.5,27.626596
10-12-2025,22.5,83.5,27.438135
10-12-2025,22.5,84.5,27.040943
10-12-2025,23.5,80.5,27.003128
10-12-2025,23.5,81.5,26.227678
10-12-2025,23.5,82.5,27.069122
10-12-2025,23.5,83.5,27.18581
10-12-2025,23.5,84.5,26.921062
10-12-2025,24.5,80.5,27.211739
10-12-2025,24.5,81.5,26.38571
10-12-2025,24.5,82.5,26.22299
10-12-2025,24.5,83.5,25.436
10-12-2025,24.5,84.5,25.280975
11-12-2025,17.5,80.5,29.358656
11-12-2025,17.5,81.5,28.50338
11-12-2025,17.5,82.5,28.213741
11-12-2025,17.5,83.5,28.179403
11-12-2025,17.5,84.5,
11-12-2025,18.5,80.5,28.80457
11-12-2025,18.5,81.5,28.207973
11-12-2025,18.5,82.5,27.988066
11-12-2025,18.5,83.5,27.889528
11-12-2025,18.5,84.5,28.224243
11-12-2025,19.5,80.5,28.51512
11-12-2025,19.5,81.5,28.469486
11-12-2025,19.5,82.5,27.48345
11-12-2025,19.5,83.5,28.297712
11-12-2025,19.5,84.5,28.26229
11-12-2025,20.5,80.5,28.35625
11-12-2025,20.5,81.5,27.759361
11-12-2025,20.5,82.5,28.514864
11-12-2025,20.5,83.5,28.68418
11-12-2025,20.5,84.5,28.413828
11-12-2025,21.5,80.5,27.826717
11-12-2025,21.5,81.5,28.179346
11-12-2025,21.5,82.5,28.355774
11-12-2025,21.5,83.5,28.292772
11-12-2025,21.5,84.5,27.368595
11-12-2025,22.5,80.5,27.4388
11-12-2025,22.5,81.5,27.534212
11-12-2025,22.5,82.5,27.533407
11-12-2025,22.5,83.5,26.993584
11-12-2025,22.5,84.5,26.716204
11-12-2025,23.5,80.5,27.039541
11-12-2025,23.5,81.5,26.230116
11-12-2025,23.5,82.5,27.145842
11-12-2025,23.5,83.5,26.855387
11-12-2025,23.5,84.5,26.487175
11-12-2025,24.5,80.5,27.313448
11-12-2025,24.5,81.5,26.588951
11-12-2025,24.5,82.5,26.035955
11-12-2025,24.5,83.5,25.151796
11-12-2025,24.5,84.5,25.114042
12-12-2025,17.5,80.5,29.318047
12-12-2025,17.5,81.5,28.696178
12-12-2025,17.5,82.5,28.370874
12-12-2025,17.5,83.5,28.268785
12-12-2025,17.5,84.5,
12-12-2025,18.5,80.5,29.078772
12-12-2025,18.5,81.5,28.564653
12-12-2025,18.5,82.5,28.116282
12-12-2025,18.5,83.5,28.031286
12-12-2025,18.5,84.5,28.415146
12-12-2025,19.5,80.5,28.968473
12-12-2025,19.5,81.5,28.434137
12-12-2025,19.5,82.5,27.887375
12-12-2025,19.5,83.5,28.568443
12-12-2025,19.5,84.5,28.566774
12-12-2025,20.5,80.5,28.875713
12-12-2025,20.5,81.5,28.172825
12-12-2025,20.5,82.5,28.671638
12-12-2025,20.5,83.5,28.73351
12-12-2025,20.5,84.5,28.64238
12-12-2025,21.5,80.5,28.379467
12-12-2025,21.5,81.5,28.22253
12-12-2025,21.5,82.5,28.185293
12-12-2025,21.5,83.5,28.125103
12-12-2025,21.5,84.5,27.479185
12-12-2025,22.5,80.5,27.660141
12-12-2025,22.5,81.5,27.549507
12-12-2025,22.5,82.5,27.165352
12-12-2025,22.5,83.5,26.696653
12-12-2025,22.5,84.5,26.462618
12-12-2025,23.5,80.5,27.172632
12-12-2025,23.5,81.5,26.250273
12-12-2025,23.5,82.5,26.904001
12-12-2025,23.5,83.5,26.960495
12-12-2025,23.5,84.5,26.467659
12-12-2025,24.5,80.5,27.430384
12-12-2025,24.5,81.5,26.401644
12-12-2025,24.5,82.5,26.08992
12-12-2025,24.5,83.5,25.174763
12-12-2025,24.5,84.5,25.033623
13-12-2025,17.5,80.5,29.147263
13-12-2025,17.5,81.5,28.713985
13-12-2025,17.5,82.5,28.223305
13-12-2025,17.5,83.5,28.094683
13-12-2025,17.5,84.5,
13-12-2025,18.5,80.5,28.971336
13-12-2025,18.5,81.5,28.577782
13-12-2025,18.5,82.5,28.083628
13-12-2025,18.5,83.5,27.924202
13-12-2025,18.5,84.5,28.371153
13-12-2025,19.5,80.5,29.057531
13-12-2025,19.5,81.5,28.412771
13-12-2025,19.5,82.5,27.723118
13-12-2025,19.5,83.5,28.300354
13-12-2025,19.5,84.5,28.2676
13-12-2025,20.5,80.5,28.880733
13-12-2025,20.5,81.5,27.932104
13-12-2025,20.5,82.5,28.239136
13-12-2025,20.5,83.5,28.19422
13-12-2025,20.5,84.5,28.229708
13-12-2025,21.5,80.5,28.387924
13-12-2025,21.5,81.5,27.967628
13-12-2025,21.5,82.5,27.892258
13-12-2025,21.5,83.5,27.690601
13-12-2025,21.5,84.5,27.126629
13-12-2025,22.5,80.5,27.402948
13-12-2025,22.5,81.5,27.052889
13-12-2025,22.5,82.5,26.77986
13-12-2025,22.5,83.5,26.355797
13-12-2025,22.5,84.5,26.51037
13-12-2025,23.5,80.5,26.666126
13-12-2025,23.5,81.5,25.6906
13-12-2025,23.5,82.5,26.190863
13-12-2025,23.5,83.5,26.04467
13-12-2025,23.5,84.5,26.309198
13-12-2025,24.5,80.5,26.432962
13-12-2025,24.5,81.5,25.672087
13-12-2025,24.5,82.5,25.125254
13-12-2025,24.5,83.5,24.688423
13-12-2025,24.5,84.5,24.898561
14-12-2025,17.5,80.5,29.113546
14-12-2025,17.5,81.5,28.492918
14-12-2025,17.5,82.5,28.03521
14-12-2025,17.5,83.5,27.617405
14-12-2025,17.5,84.5,
14-12-2025,18.5,80.5,28.97916
14-12-2025,18.5,81.5,28.388317
14-12-2025,18.5,82.5,27.68176
14-12-2025,18.5,83.5,27.171095
14-12-2025,18.5,84.5,27.35717
14-12-2025,19.5,80.5,28.657598
14-12-2025,19.5,81.5,27.994543
14-12-2025,19.5,82.5,26.830986
14-12-2025,19.5,83.5,27.380758
14-12-2025,19.5,84.5,27.209005
14-12-2025,20.5,80.5,28.831118
14-12-2025,20.5,81.5,27.2773
14-12-2025,20.5,82.5,27.42556
14-12-2025,20.5,83.5,27.387571
14-12-2025,20.5,84.5,27.324213
14-12-2025,21.5,80.5,27.829298
14-12-2025,21.5,81.5,27.405277
14-12-2025,21.5,82.5,27.32582
14-12-2025,21.5,83.5,27.147001
14-12-2025,21.5,84.5,26.767279
14-12-2025,22.5,80.5,26.967113
14-12-2025,22.5,81.5,26.358625
14-12-2025,22.5,82.5,26.375713
14-12-2025,22.5,83.5,26.328447
14-12-2025,22.5,84.5,26.299757
14-12-2025,23.5,80.5,26.007318
14-12-2025,23.5,81.5,25.087214
14-12-2025,23.5,82.5,25.699198
14-12-2025,23.5,83.5,25.951845
14-12-2025,23.5,84.5,26.456024
14-12-2025,24.5,80.5,25.58979
14-12-2025,24.5,81.5,25.458813
14-12-2025,24.5,82.5,25.279776
14-12-2025,24.5,83.5,25.175322
14-12-2025,24.5,84.5,25.612595
15-12-2025,17.5,80.5,28.787083
15-12-2025,17.5,81.5,28.227268
15-12-2025,17.5,82.5,27.788157
15-12-2025,17.5,83.5,28.029776
15-12-2025,17.5,84.5,
15-12-2025,18.5,80.5,28.552341
15-12-2025,18.5,81.5,28.128624
15-12-2025,18.5,82.5,27.651396
15-12-2025,18.5,83.5,27.531002
15-12-2025,18.5,84.5,27.894646
15-12-2025,19.5,80.5,28.187092
15-12-2025,19.5,81.5,27.539888
15-12-2025,19.5,82.5,26.96271
15-12-2025,19.5,83.5,27.811455
15-12-2025,19.5,84.5,27.810802
15-12-2025,20.5,80.5,28.212952
15-12-2025,20.5,81.5,27.44571
15-12-2025,20.5,82.5,27.731447
15-12-2025,20.5,83.5,28.14141
15-12-2025,20.5,84.5,28.137596
15-12-2025,21.5,80.5,27.402567
15-12-2025,21.5,81.5,27.423717
15-12-2025,21.5,82.5,27.716818
15-12-2025,21.5,83.5,27.80481
15-12-2025,21.5,84.5,27.254728
15-12-2025,22.5,80.5,26.717941
15-12-2025,22.5,81.5,26.385885
15-12-2025,22.5,82.5,26.508554
15-12-2025,22.5,83.5,26.357113
15-12-2025,22.5,84.5,26.533379
15-12-2025,23.5,80.5,26.113579
15-12-2025,23.5,81.5,25.136492
15-12-2025,23.5,82.5,25.904713
15-12-2025,23.5,83.5,26.00098
15-12-2025,23.5,84.5,25.906965
15-12-2025,24.5,80.5,25.85288
15-12-2025,24.5,81.5,25.435707
15-12-2025,24.5,82.5,24.946873
15-12-2025,24.5,83.5,24.960064
15-12-2025,24.5,84.5,25.052078
16-12-2025,17.5,80.5,29.287565
16-12-2025,17.5,81.5,28.759415
16-12-2025,17.5,82.5,28.386452
16-12-2025,17.5,83.5,28.28328
16-12-2025,17.5,84.5,
16-12-2025,18.5,80.5,29.114204
16-12-2025,18.5,81.5,28.572853
16-12-2025,18.5,82.5,28.147099
16-12-2025,18.5,83.5,27.875162
16-12-2025,18.5,84.5,28.1162
16-12-2025,19.5,80.5,29.001951
16-12-2025,19.5,81.5,28.165466
16-12-2025,19.5,82.5,27.570278
16-12-2025,19.5,83.5,28.24534
16-12-2025,19.5,84.5,28.144289
16-12-2025,20.5,80.5,29.050432
16-12-2025,20.5,81.5,28.3914
16-12-2025,20.5,82.5,28.51337
16-12-2025,20.5,83.5,28.747808
16-12-2025,20.5,84.5,28.327417
16-12-2025,21.5,80.5,28.431957
16-12-2025,21.5,81.5,28.68517
16-12-2025,21.5,82.5,28.814178
16-12-2025,21.5,83.5,28.55332
16-12-2025,21.5,84.5,27.70005
16-12-2025,22.5,80.5,27.923021
16-12-2025,22.5,81.5,27.73879
16-12-2025,22.5,82.5,27.714176
16-12-2025,22.5,83.5,27.220387
16-12-2025,22.5,84.5,26.924385
16-12-2025,23.5,80.5,27.44317
16-12-2025,23.5,81.5,26.316433
16-12-2025,23.5,82.5,27.130987
16-12-2025,23.5,83.5,26.94873
16-12-2025,23.5,84.5,26.142578
16-12-2025,24.5,80.5,25.95831
16-12-2025,24.5,81.5,25.401518
16-12-2025,24.5,82.5,25.14882
16-12-2025,24.5,83.5,24.52432
16-12-2025,24.5,84.5,24.52683
17-12-2025,17.5,80.5,29.553902
17-12-2025,17.5,81.5,28.69968
17-12-2025,17.5,82.5,28.297243
17-12-2025,17.5,83.5,28.48283
17-12-2025,17.5,84.5,
17-12-2025,18.5,80.5,29.207687
17-12-2025,18.5,81.5,28.637255
17-12-2025,18.5,82.5,28.048616
17-12-2025,18.5,83.5,28.088482
17-12-2025,18.5,84.5,28.313316
17-12-2025,19.5,80.5,29.20491
17-12-2025,19.5,81.5,28.321262
17-12-2025,19.5,82.5,27.898571
17-12-2025,19.5,83.5,28.464394
17-12-2025,19.5,84.5,28.352684
17-12-2025,20.5,80.5,29.40977
17-12-2025,20.5,81.5,28.61643
17-12-2025,20.5,82.5,28.396915
17-12-2025,20.5,83.5,28.548262
17-12-2025,20.5,84.5,28.436214
17-12-2025,21.5,80.5,28.769472
17-12-2025,21.5,81.5,28.634129
17-12-2025,21.5,82.5,28.576912
17-12-2025,21.5,83.5,28.225183
17-12-2025,21.5,84.5,27.588636
17-12-2025,22.5,80.5,28.214632
17-12-2025,22.5,81.5,27.716026
17-12-2025,22.5,82.5,27.55532
17-12-2025,22.5,83.5,26.59744
17-12-2025,22.5,84.5,26.475622
17-12-2025,23.5,80.5,27.768644
17-12-2025,23.5,81.5,26.050938
17-12-2025,23.5,82.5,26.510584
17-12-2025,23.5,83.5,25.81814
17-12-2025,23.5,84.5,25.40264
17-12-2025,24.5,80.5,26.298653
17-12-2025,24.5,81.5,24.913584
17-12-2025,24.5,82.5,24.409288
17-12-2025,24.5,83.5,23.287792
17-12-2025,24.5,84.5,23.753527
18-12-2025,17.5,80.5,29.223715
18-12-2025,17.5,81.5,28.361849
18-12-2025,17.5,82.5,27.947714
18-12-2025,17.5,83.5,27.702053
18-12-2025,17.5,84.5,
18-12-2025,18.5,80.5,29.10872
18-12-2025,18.5,81.5,28.376488
18-12-2025,18.5,82.5,27.662247
18-12-2025,18.5,83.5,27.314543
18-12-2025,18.5,84.5,27.686821
18-12-2025,19.5,80.5,29.327497
18-12-2025,19.5,81.5,28.108725
18-12-2025,19.5,82.5,27.458755
18-12-2025,19.5,83.5,27.690868
18-12-2025,19.5,84.5,27.651354
18-12-2025,20.5,80.5,29.359629
18-12-2025,20.5,81.5,28.280125
18-12-2025,20.5,82.5,27.77957
18-12-2025,20.5,83.5,27.613537
18-12-2025,20.5,84.5,27.932135
18-12-2025,21.5,80.5,28.704926
18-12-2025,21.5,81.5,28.096466
18-12-2025,21.5,82.5,27.68981
18-12-2025,21.5,83.5,27.269009
18-12-2025,21.5,84.5,26.961205
18-12-2025,22.5,80.5,27.762867
18-12-2025,22.5,81.5,27.125607
18-12-2025,22.5,82.5,26.54641
18-12-2025,22.5,83.5,25.352238
18-12-2025,22.5,84.5,25.464634
18-12-2025,23.5,80.5,25.976572
18-12-2025,23.5,81.5,23.610533
18-12-2025,23.5,82.5,24.151678
18-12-2025,23.5,83.5,23.200191
18-12-2025,23.5,84.5,23.370996
18-12-2025,24.5,80.5,24.098139
18-12-2025,24.5,81.5,22.204731
18-12-2025,24.5,82.5,20.712883
18-12-2025,24.5,83.5,19.510397
18-12-2025,24.5,84.5,21.265087
19-12-2025,17.5,80.5,28.325285
19-12-2025,17.5,81.5,27.73008
19-12-2025,17.5,82.5,27.419989
19-12-2025,17.5,83.5,27.527885
19-12-2025,17.5,84.5,
19-12-2025,18.5,80.5,28.116024
19-12-2025,18.5,81.5,27.57794
19-12-2025,18.5,82.5,27.080994
19-12-2025,18.5,83.5,27.121893
19-12-2025,18.5,84.5,27.652721
19-12-2025,19.5,80.5,28.216982
19-12-2025,19.5,81.5,27.423254
19-12-2025,19.5,82.5,26.793287
19-12-2025,19.5,83.5,27.504974
19-12-2025,19.5,84.5,27.429153
19-12-2025,20.5,80.5,27.678532
19-12-2025,20.5,81.5,26.400322
19-12-2025,20.5,82.5,26.662106
19-12-2025,20.5,83.5,26.860367
19-12-2025,20.5,84.5,27.610022
19-12-2025,21.5,80.5,26.991549
19-12-2025,21.5,81.5,25.815556
19-12-2025,21.5,82.5,24.823702
19-12-2025,21.5,83.5,25.6227
19-12-2025,21.5,84.5,26.615067
19-12-2025,22.5,80.5,25.59423
19-12-2025,22.5,81.5,24.544983
19-12-2025,22.5,82.5,23.297562
19-12-2025,22.5,83.5,22.789932
19-12-2025,22.5,84.5,23.477806
19-12-2025,23.5,80.5,24.295078
19-12-2025,23.5,81.5,21.710365
19-12-2025,23.5,82.5,21.945509
19-12-2025,23.5,83.5,21.654335
19-12-2025,23.5,84.5,21.671719
19-12-2025,24.5,80.5,21.7924
19-12-2025,24.5,81.5,20.894989
19-12-2025,24.5,82.5,19.255238
19-12-2025,24.5,83.5,18.790388
19-12-2025,24.5,84.5,18.851587
20-12-2025,17.5,80.5,28.45554
20-12-2025,17.5,81.5,27.891016
20-12-2025,17.5,82.5,27.526808
20-12-2025,17.5,83.5,27.469376
20-12-2025,17.5,84.5,
20-12-2025,18.5,80.5,28.190533
20-12-2025,18.5,81.5,27.672604
20-12-2025,18.5,82.5,27.21275
20-12-2025,18.5,83.5,27.043493
20-12-2025,18.5,84.5,27.405666
20-12-2025,19.5,80.5,27.930574
20-12-2025,19.5,81.5,27.549383
20-12-2025,19.5,82.5,26.728348
20-12-2025,19.5,83.5,27.362627
20-12-2025,19.5,84.5,27.337399
20-12-2025,20.5,80.5,27.509838
20-12-2025,20.5,81.5,26.389626
20-12-2025,20.5,82.5,26.868855
20-12-2025,20.5,83.5,26.966887
20-12-2025,20.5,84.5,27.215916
20-12-2025,21.5,80.5,26.915543
20-12-2025,21.5,81.5,26.090818
20-12-2025,21.5,82.5,25.861385
20-12-2025,21.5,83.5,26.142921
20-12-2025,21.5,84.5,25.975367
20-12-2025,22.5,80.5,25.712254
20-12-2025,22.5,81.5,25.151737
20-12-2025,22.5,82.5,24.817152
20-12-2025,22.5,83.5,23.784178
20-12-2025,22.5,84.5,23.975286
20-12-2025,23.5,80.5,24.817894
20-12-2025,23.5,81.5,22.822697
20-12-2025,23.5,82.5,23.309965
20-12-2025,23.5,83.5,22.834862
20-12-2025,23.5,84.5,22.444792
20-12-2025,24.5,80.5,23.422022
20-12-2025,24.5,81.5,22.092527
20-12-2025,24.5,82.5,20.674835
20-12-2025,24.5,83.5,19.685986
20-12-2025,24.5,84.5,19.590275
21-12-2025,17.5,80.5,28.424648
21-12-2025,17.5,81.5,27.873962
21-12-2025,17.5,82.5,27.523458
21-12-2025,17.5,83.5,27.272356
21-12-2025,17.5,84.5,
21-12-2025,18.5,80.5,28.238663
21-12-2025,18.5,81.5,27.926912
21-12-2025,18.5,82.5,27.198719
21-12-2025,18.5,83.5,26.93851
21-12-2025,18.5,84.5,27.165108
21-12-2025,19.5,80.5,28.352808
21-12-2025,19.5,81.5,27.865204
21-12-2025,19.5,82.5,26.536064
21-12-2025,19.5,83.5,27.06922
21-12-2025,19.5,84.5,26.944569
21-12-2025,20.5,80.5,27.931046
21-12-2025,20.5,81.5,26.5745
21-12-2025,20.5,82.5,26.625206
21-12-2025,20.5,83.5,26.678654
21-12-2025,20.5,84.5,26.830605
21-12-2025,21.5,80.5,27.239977
21-12-2025,21.5,81.5,26.268366
21-12-2025,21.5,82.5,25.723095
21-12-2025,21.5,83.5,25.86389
21-12-2025,21.5,84.5,25.955416
21-12-2025,22.5,80.5,25.456665
21-12-2025,22.5,81.5,24.637072
21-12-2025,22.5,82.5,24.119043
21-12-2025,22.5,83.5,23.521994
21-12-2025,22.5,84.5,23.517046
21-12-2025,23.5,80.5,23.624413
21-12-2025,23.5,81.5,21.40178
21-12-2025,23.5,82.5,22.397171
21-12-2025,23.5,83.5,22.519873
21-12-2025,23.5,84.5,22.217278
21-12-2025,24.5,80.5,21.622948
21-12-2025,24.5,81.5,21.016973
21-12-2025,24.5,82.5,19.625591
21-12-2025,24.5,83.5,19.5555
21-12-2025,24.5,84.5,19.823608
22-12-2025,17.5,80.5,28.587221
22-12-2025,17.5,81.5,27.852533
22-12-2025,17.5,82.5,27.129692
22-12-2025,17.5,83.5,26.756794
22-12-2025,17.5,84.5,
22-12-2025,18.5,80.5,28.5631
22-12-2025,18.5,81.5,27.774862
22-12-2025,18.5,82.5,26.997297
22-12-2025,18.5,83.5,26.32394
22-12-2025,18.5,84.5,26.351318
22-12-2025,19.5,80.5,28.411583
22-12-2025,19.5,81.5,27.74824
22-12-2025,19.5,82.5,26.281818
22-12-2025,19.5,83.5,26.56741
22-12-2025,19.5,84.5,26.35546
22-12-2025,20.5,80.5,27.173544
22-12-2025,20.5,81.5,26.147593
22-12-2025,20.5,82.5,26.248417
22-12-2025,20.5,83.5,26.16111
22-12-2025,20.5,84.5,26.525934
22-12-2025,21.5,80.5,26.506397
22-12-2025,21.5,81.5,25.527094
22-12-2025,21.5,82.5,24.917698
22-12-2025,21.5,83.5,25.530024
22-12-2025,21.5,84.5,25.85605
22-12-2025,22.5,80.5,24.692387
22-12-2025,22.5,81.5,24.18705
22-12-2025,22.5,82.5,23.740622
22-12-2025,22.5,83.5,23.473778
22-12-2025,22.5,84.5,23.67738
22-12-2025,23.5,80.5,23.283142
22-12-2025,23.5,81.5,21.229761
22-12-2025,23.5,82.5,22.009153
22-12-2025,23.5,83.5,22.180393
22-12-2025,23.5,84.5,22.477365
22-12-2025,24.5,80.5,21.654669
22-12-2025,24.5,81.5,20.84362
22-12-2025,24.5,82.5,19.740711
22-12-2025,24.5,83.5,19.609753
22-12-2025,24.5,84.5,20.002087
23-12-2025,17.5,80.5,28.671988
23-12-2025,17.5,81.5,27.848583
23-12-2025,17.5,82.5,27.39955
23-12-2025,17.5,83.5,27.186607
23-12-2025,17.5,84.5,
23-12-2025,18.5,80.5,28.39027
23-12-2025,18.5,81.5,27.81717
23-12-2025,18.5,82.5,27.031399
23-12-2025,18.5,83.5,26.802677
23-12-2025,18.5,84.5,26.94215
23-12-2025,19.5,80.5,28.18374
23-12-2025,19.5,81.5,27.666855
23-12-2025,19.5,82.5,26.734983
23-12-2025,19.5,83.5,27.268686
23-12-2025,19.5,84.5,27.118559
23-12-2025,20.5,80.5,27.859257
23-12-2025,20.5,81.5,27.020735
23-12-2025,20.5,82.5,27.190128
23-12-2025,20.5,83.5,27.208979
23-12-2025,20.5,84.5,27.247202
23-12-2025,21.5,80.5,27.499865
23-12-2025,21.5,81.5,27.005278
23-12-2025,21.5,82.5,26.76094
23-12-2025,21.5,83.5,26.94761
23-12-2025,21.5,84.5,26.716045
23-12-2025,22.5,80.5,26.957508
23-12-2025,22.5,81.5,26.228449
23-12-2025,22.5,82.5,26.055706
23-12-2025,22.5,83.5,25.469486
23-12-2025,22.5,84.5,25.168133
23-12-2025,23.5,80.5,26.332693
23-12-2025,23.5,81.5,24.47136
23-12-2025,23.5,82.5,24.728739
23-12-2025,23.5,83.5,24.458122
23-12-2025,23.5,84.5,23.462126
23-12-2025,24.5,80.5,25.056353
23-12-2025,24.5,81.5,23.384708
23-12-2025,24.5,82.5,21.70868
23-12-2025,24.5,83.5,20.590487
23-12-2025,24.5,84.5,20.867027
24-12-2025,17.5,80.5,28.727285
24-12-2025,17.5,81.5,28.476076
24-12-2025,17.5,82.5,27.93605
24-12-2025,17.5,83.5,27.585339
24-12-2025,17.5,84.5,
24-12-2025,18.5,80.5,28.50997
24-12-2025,18.5,81.5,28.137547
24-12-2025,18.5,82.5,27.627523
24-12-2025,18.5,83.5,27.195616
24-12-2025,18.5,84.5,27.516077
24-12-2025,19.5,80.5,27.95535
24-12-2025,19.5,81.5,28.07294
24-12-2025,19.5,82.5,27.021559
24-12-2025,19.5,83.5,27.515938
24-12-2025,19.5,84.5,27.515087
24-12-2025,20.5,80.5,27.680986
24-12-2025,20.5,81.5,27.102676
24-12-2025,20.5,82.5,27.64398
24-12-2025,20.5,83.5,27.521803
24-12-2025,20.5,84.5,27.486784
24-12-2025,21.5,80.5,27.23718
24-12-2025,21.5,81.5,27.141314
24-12-2025,21.5,82.5,27.14452
24-12-2025,21.5,83.5,27.230953
24-12-2025,21.5,84.5,26.656487
24-12-2025,22.5,80.5,26.687305
24-12-2025,22.5,81.5,26.37998
24-12-2025,22.5,82.5,26.406668
24-12-2025,22.5,83.5,25.452942
24-12-2025,22.5,84.5,25.145935
24-12-2025,23.5,80.5,25.145895
24-12-2025,23.5,81.5,23.586765
24-12-2025,23.5,82.5,24.402594
24-12-2025,23.5,83.5,24.06703
24-12-2025,23.5,84.5,23.53814
24-12-2025,24.5,80.5,23.329927
24-12-2025,24.5,81.5,22.186016
24-12-2025,24.5,82.5,21.222137
24-12-2025,24.5,83.5,20.519062
24-12-2025,24.5,84.5,21.177483
25-12-2025,17.5,80.5,28.851582
25-12-2025,17.5,81.5,28.344946
25-12-2025,17.5,82.5,27.705532
25-12-2025,17.5,83.5,27.2045
25-12-2025,17.5,84.5,
25-12-2025,18.5,80.5,28.587934
25-12-2025,18.5,81.5,28.131834
25-12-2025,18.5,82.5,27.461906
25-12-2025,18.5,83.5,26.943707
25-12-2025,18.5,84.5,26.955307
25-12-2025,19.5,80.5,28.193687
25-12-2025,19.5,81.5,27.931265
25-12-2025,19.5,82.5,27.045033
25-12-2025,19.5,83.5,27.466597
25-12-2025,19.5,84.5,27.13913
25-12-2025,20.5,80.5,27.787405
25-12-2025,20.5,81.5,27.234291
25-12-2025,20.5,82.5,27.665249
25-12-2025,20.5,83.5,27.54271
25-12-2025,20.5,84.5,26.98787
25-12-2025,21.5,80.5,27.144064
25-12-2025,21.5,81.5,27.090801
25-12-2025,21.5,82.5,27.290598
25-12-2025,21.5,83.5,27.110727
25-12-2025,21.5,84.5,26.243628
25-12-2025,22.5,80.5,25.90902
25-12-2025,22.5,81.5,25.972403
25-12-2025,22.5,82.5,26.06391
25-12-2025,22.5,83.5,25.19752
25-12-2025,22.5,84.5,24.017437
25-12-2025,23.5,80.5,24.954996
25-12-2025,23.5,81.5,23.24752
25-12-2025,23.5,82.5,24.185558
25-12-2025,23.5,83.5,24.150423
25-12-2025,23.5,84.5,22.994678
25-12-2025,24.5,80.5,23.646992
25-12-2025,24.5,81.5,22.51251
25-12-2025,24.5,82.5,21.5898
25-12-2025,24.5,83.5,21.192825
25-12-2025,24.5,84.5,21.027723
26-12-2025,17.5,80.5,28.518986
26-12-2025,17.5,81.5,27.968357
26-12-2025,17.5,82.5,27.502323
26-12-2025,17.5,83.5,27.107058
26-12-2025,17.5,84.5,
26-12-2025,18.5,80.5,28.126612
26-12-2025,18.5,81.5,27.960188
26-12-2025,18.5,82.5,27.311361
26-12-2025,18.5,83.5,26.95824
26-12-2025,18.5,84.5,27.06649
26-12-2025,19.5,80.5,28.090113
26-12-2025,19.5,81.5,27.7863
26-12-2025,19.5,82.5,27.085875
26-12-2025,19.5,83.5,27.406515
26-12-2025,19.5,84.5,27.092384
26-12-2025,20.5,80.5,27.717781
26-12-2025,20.5,81.5,27.260145
26-12-2025,20.5,82.5,27.629187
26-12-2025,20.5,83.5,27.368284
26-12-2025,20.5,84.5,26.907759
26-12-2025,21.5,80.5,26.723917
26-12-2025,21.5,81.5,26.916142
26-12-2025,21.5,82.5,27.103281
26-12-2025,21.5,83.5,26.814156
26-12-2025,21.5,84.5,26.02944
26-12-2025,22.5,80.5,25.535131
26-12-2025,22.5,81.5,25.724976
26-12-2025,22.5,82.5,25.510101
26-12-2025,22.5,83.5,25.01316
26-12-2025,22.5,84.5,24.497145
26-12-2025,23.5,80.5,24.901045
26-12-2025,23.5,81.5,23.758703
26-12-2025,23.5,82.5,24.450474
26-12-2025,23.5,83.5,24.590519
26-12-2025,23.5,84.5,22.78881
26-12-2025,24.5,80.5,22.982344
26-12-2025,24.5,81.5,22.24997
26-12-2025,24.5,82.5,21.464489
26-12-2025,24.5,83.5,20.65147
26-12-2025,24.5,84.5,20.439484
27-12-2025,17.5,80.5,28.263334
27-12-2025,17.5,81.5,27.765896
27-12-2025,17.5,82.5,27.39669
27-12-2025,17.5,83.5,27.348993
27-12-2025,17.5,84.5,
27-12-2025,18.5,80.5,28.020805
27-12-2025,18.5,81.5,27.865313
27-12-2025,18.5,82.5,27.189335
27-12-2025,18.5,83.5,27.090261
27-12-2025,18.5,84.5,27.306055
27-12-2025,19.5,80.5,27.844748
27-12-2025,19.5,81.5,27.566675
27-12-2025,19.5,82.5,26.984783
27-12-2025,19.5,83.5,27.574669
27-12-2025,19.5,84.5,27.351076
27-12-2025,20.5,80.5,27.637617
27-12-2025,20.5,81.5,27.191072
27-12-2025,20.5,82.5,27.71682
27-12-2025,20.5,83.5,27.737537
27-12-2025,20.5,84.5,27.373758
27-12-2025,21.5,80.5,26.429838
27-12-2025,21.5,81.5,26.868622
27-12-2025,21.5,82.5,27.112741
27-12-2025,21.5,83.5,27.373165
27-12-2025,21.5,84.5,26.46519
27-12-2025,22.5,80.5,25.228798
27-12-2025,22.5,81.5,25.842995
27-12-2025,22.5,82.5,25.87515
27-12-2025,22.5,83.5,25.204226
27-12-2025,22.5,84.5,24.462254
27-12-2025,23.5,80.5,23.93555
27-12-2025,23.5,81.5,22.86644
27-12-2025,23.5,82.5,23.908537
27-12-2025,23.5,83.5,23.507473
27-12-2025,23.5,84.5,22.241274
27-12-2025,24.5,80.5,22.844152
27-12-2025,24.5,81.5,21.662033
27-12-2025,24.5,82.5,20.153397
27-12-2025,24.5,83.5,19.459316
27-12-2025,24.5,84.5,20.000557
28-12-2025,17.5,80.5,28.667759
28-12-2025,17.5,81.5,28.347126
28-12-2025,17.5,82.5,27.855644
28-12-2025,17.5,83.5,27.440203
28-12-2025,17.5,84.5,
28-12-2025,18.5,80.5,28.68979
28-12-2025,18.5,81.5,28.366919
28-12-2025,18.5,82.5,27.704151
28-12-2025,18.5,83.5,27.113201
28-12-2025,18.5,84.5,27.374098
28-12-2025,19.5,80.5,28.416346
28-12-2025,19.5,81.5,28.136875
28-12-2025,19.5,82.5,27.123867
28-12-2025,19.5,83.5,27.511486
28-12-2025,19.5,84.5,27.338652
28-12-2025,20.5,80.5,27.739824
28-12-2025,20.5,81.5,27.35022
28-12-2025,20.5,82.5,27.858732
28-12-2025,20.5,83.5,27.653963
28-12-2025,20.5,84.5,27.394209
28-12-2025,21.5,80.5,26.41374
28-12-2025,21.5,81.5,27.070122
28-12-2025,21.5,82.5,26.51082
28-12-2025,21.5,83.5,26.716778
28-12-2025,21.5,84.5,26.543627
28-12-2025,22.5,80.5,25.378172
28-12-2025,22.5,81.5,26.08789
28-12-2025,22.5,82.5,25.335127
28-12-2025,22.5,83.5,24.687836
28-12-2025,22.5,84.5,24.072865
28-12-2025,23.5,80.5,23.505552
28-12-2025,23.5,81.5,21.673494
28-12-2025,23.5,82.5,22.61619
28-12-2025,23.5,83.5,22.581976
28-12-2025,23.5,84.5,21.566383
28-12-2025,24.5,80.5,21.753298
28-12-2025,24.5,81.5,20.536457
28-12-2025,24.5,82.5,19.044233
28-12-2025,24.5,83.5,17.944675
28-12-2025,24.5,84.5,18.325268
29-12-2025,17.5,80.5,28.60746
29-12-2025,17.5,81.5,28.070751
29-12-2025,17.5,82.5,27.487476
29-12-2025,17.5,83.5,27.266596
29-12-2025,17.5,84.5,
29-12-2025,18.5,80.5,28.589247
29-12-2025,18.5,81.5,28.442165
29-12-2025,18.5,82.5,27.420574
29-12-2025,18.5,83.5,27.10484
29-12-2025,18.5,84.5,27.01424
29-12-2025,19.5,80.5,28.775398
29-12-2025,19.5,81.5,28.275307
29-12-2025,19.5,82.5,27.285358
29-12-2025,19.5,83.5,27.530405
29-12-2025,19.5,84.5,27.08467
29-12-2025,20.5,80.5,28.205072
29-12-2025,20.5,81.5,27.675066
29-12-2025,20.5,82.5,28.118517
29-12-2025,20.5,83.5,27.763277
29-12-2025,20.5,84.5,26.908539
29-12-2025,21.5,80.5,27.111809
29-12-2025,21.5,81.5,27.42537
29-12-2025,21.5,82.5,26.734316
29-12-2025,21.5,83.5,26.613192
29-12-2025,21.5,84.5,26.44208
29-12-2025,22.5,80.5,25.912798
29-12-2025,22.5,81.5,26.100441
29-12-2025,22.5,82.5,25.36756
29-12-2025,22.5,83.5,24.54387
29-12-2025,22.5,84.5,23.818527
29-12-2025,23.5,80.5,23.823654
29-12-2025,23.5,81.5,21.41025
29-12-2025,23.5,82.5,22.84449
29-12-2025,23.5,83.5,22.897127
29-12-2025,23.5,84.5,21.419197
29-12-2025,24.5,80.5,21.407259
29-12-2025,24.5,81.5,20.646496
29-12-2025,24.5,82.5,19.017605
29-12-2025,24.5,83.5,18.12556
29-12-2025,24.5,84.5,18.14886
30-12-2025,17.5,80.5,29.328909
30-12-2025,17.5,81.5,28.337166
30-12-2025,17.5,82.5,27.57329
30-12-2025,17.5,83.5,26.790956
30-12-2025,17.5,84.5,
30-12-2025,18.5,80.5,29.18377
30-12-2025,18.5,81.5,28.410461
30-12-2025,18.5,82.5,27.523714
30-12-2025,18.5,83.5,26.579079
30-12-2025,18.5,84.5,26.39304
30-12-2025,19.5,80.5,29.241386
30-12-2025,19.5,81.5,28.631817
30-12-2025,19.5,82.5,27.302088
30-12-2025,19.5,83.5,27.302622
30-12-2025,19.5,84.5,26.612408
30-12-2025,20.5,80.5,29.196022
30-12-2025,20.5,81.5,28.467712
30-12-2025,20.5,82.5,28.372345
30-12-2025,20.5,83.5,27.851809
30-12-2025,20.5,84.5,26.167097
30-12-2025,21.5,80.5,28.033817
30-12-2025,21.5,81.5,28.588385
30-12-2025,21.5,82.5,28.464388
30-12-2025,21.5,83.5,27.267998
30-12-2025,21.5,84.5,26.183054
30-12-2025,22.5,80.5,27.320564
30-12-2025,22.5,81.5,27.659369
30-12-2025,22.5,82.5,27.39807
30-12-2025,22.5,83.5,25.813059
30-12-2025,22.5,84.5,24.428408
30-12-2025,23.5,80.5,26.059504
30-12-2025,23.5,81.5,24.365025
30-12-2025,23.5,82.5,25.255032
30-12-2025,23.5,83.5,24.906916
30-12-2025,23.5,84.5,22.451225
30-12-2025,24.5,80.5,24.581427
30-12-2025,24.5,81.5,23.135273
30-12-2025,24.5,82.5,21.403011
30-12-2025,24.5,83.5,19.873257
30-12-2025,24.5,84.5,18.7339
31-12-2025,17.5,80.5,29.02633
31-12-2025,17.5,81.5,28.28257
31-12-2025,17.5,82.5,27.483158
31-12-2025,17.5,83.5,26.772072
31-12-2025,17.5,84.5,
31-12-2025,18.5,80.5,28.86825
31-12-2025,18.5,81.5,28.19459
31-12-2025,18.5,82.5,27.378153
31-12-2025,18.5,83.5,26.625048
31-12-2025,18.5,84.5,26.616364
31-12-2025,19.5,80.5,28.776653
31-12-2025,19.5,81.5,28.244446
31-12-2025,19.5,82.5,27.068562
31-12-2025,19.5,83.5,27.233778
31-12-2025,19.5,84.5,26.725962
31-12-2025,20.5,80.5,28.856613
31-12-2025,20.5,81.5,28.334177
31-12-2025,20.5,82.5,28.29061
31-12-2025,20.5,83.5,27.778027
31-12-2025,20.5,84.5,26.571846
31-12-2025,21.5,80.5,27.686323
31-12-2025,21.5,81.5,28.464806
31-12-2025,21.5,82.5,28.483278
31-12-2025,21.5,83.5,27.710232
31-12-2025,21.5,84.5,26.443346
31-12-2025,22.5,80.5,27.303064
31-12-2025,22.5,81.5,27.660677
31-12-2025,22.5,82.5,27.83605
31-12-2025,22.5,83.5,26.789274
31-12-2025,22.5,84.5,25.526415
31-12-2025,23.5,80.5,25.696402
31-12-2025,23.5,81.5,24.786951
31-12-2025,23.5,82.5,25.587006
31-12-2025,23.5,83.5,25.549362
31-12-2025,23.5,84.5,24.440062
31-12-2025,24.5,80.5,23.80201
31-12-2025,24.5,81.5,22.888601
31-12-2025,24.5,82.5,21.957682
31-12-2025,24.5,83.5,21.105658
31-12-2025,24.5,84.5,20.729912
